species,model,rating,std_err,ci_lower,ci_upper,domain
Acetivibrio thermocellus,proteinmpnn_score,1656.5856469883822,8.766794287831749,1522.507051178357,1773.653326503637,Bacteria
Acidianus ambivalens,proteinmpnn_score,1793.3251248831543,8.283752691335785,1681.4897292606224,1894.36941814536,Archaea
Acidiphilium cryptum,proteinmpnn_score,1780.5221459818072,23.276977353948116,1575.589714384858,2004.8895791639027,Bacteria
Acidithiobacillus ferrooxidans,proteinmpnn_score,1463.215722296126,2.781185681811388,1414.26538540494,1497.2433627690598,Bacteria
Acinetobacter baumannii,proteinmpnn_score,1367.043808641465,47.27055755565378,979.2818680762591,1890.70389751489,Bacteria
Acinetobacter baylyi,proteinmpnn_score,1408.8999854706808,50.00821744330433,816.859428034395,2012.8537646215561,Bacteria
Acorus calamus var. americanus,proteinmpnn_score,1175.8130616725432,14.647924709375095,1031.463911828174,1343.6928814118846,Eukaryota
Actinobacillus pleuropneumoniae serotype 5b,proteinmpnn_score,1610.054908442392,2.737832511028097,1577.2642763859465,1648.917282415799,Bacteria
Actinobacillus pleuropneumoniae serotype 7,proteinmpnn_score,1442.7728313780751,1.3817625592539196,1422.317401684757,1459.3934580278096,Bacteria
Adiantum capillus-veneris,proteinmpnn_score,1638.445419626216,20.011047422798732,1445.3452557511407,1830.736889779038,Eukaryota
Aedes aegypti,proteinmpnn_score,1129.286304235217,30.912744574635514,774.8031121722909,1597.2410765313168,Eukaryota
Aeromonas hydrophila,proteinmpnn_score,1548.0905162513207,42.99662793429068,1020.1554780837432,2077.4797627195035,Bacteria
Aeromonas hydrophila subsp. hydrophila,proteinmpnn_score,1840.451049102096,8.539541836860012,1758.2813883887168,1945.6912325650035,Bacteria
Aeromonas salmonicida,proteinmpnn_score,1618.2647770260187,8.473456592107484,1524.3581118013274,1737.5180997204018,Bacteria
Aeropyrum pernix,proteinmpnn_score,1999.495226728371,18.77041671425331,1779.7367703967989,2247.1375882073867,Archaea
Agrobacterium fabrum,proteinmpnn_score,1413.3263200883466,37.375816761048945,956.9879158299315,1950.2409546284257,Bacteria
Agrostis stolonifera,proteinmpnn_score,1135.018634168931,11.665348913380683,1011.332849900775,1274.1580758303614,Eukaryota
Ajellomyces capsulatus,proteinmpnn_score,1438.8954477943514,35.02801815698636,1150.981398781142,1760.595021245608,Eukaryota
Alcanivorax borkumensis,proteinmpnn_score,1593.7504736996623,6.076219018575194,1502.2429870068286,1689.7717118341932,Bacteria
Aliivibrio fischeri,proteinmpnn_score,1481.703189501063,35.632702436679644,1076.625403549621,1929.0765551932873,Bacteria
Alkalihalobacillus clausii,proteinmpnn_score,1608.6497192706963,44.8638898739784,899.8078851053333,2092.0507307684784,Bacteria
Alkalihalophilus pseudofirmus,proteinmpnn_score,2031.864205088008,4.754328927158797,1976.5845503629168,2084.750931124112,Bacteria
Alligator mississippiensis,proteinmpnn_score,1474.9669517369712,42.84777076197582,886.1232285016661,1741.6826819002897,Eukaryota
Allochromatium vinosum,proteinmpnn_score,1475.3491512360315,4.4152054523155515,1423.196842555909,1521.3821543130935,Bacteria
Anas platyrhynchos,proteinmpnn_score,1457.5094573033741,53.33607147148084,874.233805810892,1972.1283892878018,Eukaryota
Anopheles gambiae,proteinmpnn_score,1131.501680898437,28.625232033979053,714.9087943252681,1489.5610626932723,Eukaryota
Anopheles quadrimaculatus,proteinmpnn_score,1115.9560870254013,38.888602537162356,823.7314724235788,1550.542688763737,Eukaryota
Anthoceros angustus,proteinmpnn_score,1504.2131286282195,26.107605296031323,1289.8535679108224,1750.4163949723093,Eukaryota
Apis mellifera,proteinmpnn_score,970.3929660285482,28.338914186772627,687.8923409863247,1410.2926316404514,Eukaryota
Aquifex aeolicus,proteinmpnn_score,1868.6506093893936,54.14074911109378,1204.1174714258743,2381.257014661817,Bacteria
Arabidopsis thaliana,proteinmpnn_score,1171.2964738550033,43.58882864724364,794.0486196342741,1855.5975719496546,Eukaryota
Archaeoglobus fulgidus,proteinmpnn_score,2123.6160165253154,36.750905362459186,1560.8973986149908,2489.365759384775,Archaea
Ashbya gossypii,proteinmpnn_score,1263.3624045486988,35.32793583500367,836.9708363742099,1717.0073588876724,Eukaryota
Aspergillus clavatus,proteinmpnn_score,1360.6334839931574,30.671935059683154,961.6593326882913,1648.829321763302,Eukaryota
Aspergillus flavus,proteinmpnn_score,1709.7606692790503,10.107305381897238,1568.7268334986866,1821.2222984850928,Eukaryota
Aspergillus fumigatus,proteinmpnn_score,1300.1957714986595,36.00334141303702,824.5549494214687,1648.4639408903092,Eukaryota
Aspergillus niger,proteinmpnn_score,1376.7369934597837,22.018315101458132,1049.1121709976994,1565.8348425459687,Eukaryota
Aspergillus oryzae,proteinmpnn_score,1358.807276103107,40.84041447209574,917.9615091735152,1767.421658846383,Eukaryota
Azoarcus sp.,proteinmpnn_score,1457.0358224146707,26.57240206724349,1190.8899997452843,1667.4550908643103,Bacteria
Azospirillum brasilense,proteinmpnn_score,1364.4745108279358,12.490747832797641,1225.3354871731985,1474.6779584670653,Bacteria
Bacillus anthracis,proteinmpnn_score,1594.3784008365976,40.03091654280109,1061.532643790322,2149.4293590937887,Bacteria
Bacillus cereus,proteinmpnn_score,1565.5220813337219,27.64929313662935,1159.1504879183206,1885.3587692946521,Bacteria
Bacillus cytotoxicus,proteinmpnn_score,1740.7088944388568,12.152797221051225,1632.2522348087984,1881.6566769033025,Bacteria
Bacillus licheniformis,proteinmpnn_score,1702.3891481093146,38.24157864639359,1100.8470594479,2102.8357733015196,Bacteria
Bacillus sp,proteinmpnn_score,1729.4347113633512,9.728068713190087,1623.40266263643,1869.5236498963975,Bacteria
Bacillus sp.,proteinmpnn_score,1753.881327151049,26.925155513163396,1512.3650140468112,2062.5448515196567,Bacteria
Bacillus spizizenii,proteinmpnn_score,1398.8133768130645,33.7093521054618,1021.5731743398713,1758.9156567797445,Bacteria
Bacillus subtilis,proteinmpnn_score,1627.2024547718609,44.22825969766025,1061.83596013542,2205.7465688588045,Bacteria
Bacillus thuringiensis,proteinmpnn_score,1614.2238560750827,7.447442433972157,1514.406923842118,1707.8223771973117,Bacteria
Bacillus thuringiensis serovar kurstaki,proteinmpnn_score,1281.3681069171791,5.56491164828572,1205.46823669333,1350.399192588047,Bacteria
Bacillus thuringiensis subsp. israelensis,proteinmpnn_score,1276.5284876840537,5.040056443177232,1220.3392682543272,1341.533136555775,Bacteria
Bacillus thuringiensis subsp. konkukian,proteinmpnn_score,1571.947152677814,4.113770236388206,1519.1179243789902,1619.8698653969134,Bacteria
Balaenoptera musculus,proteinmpnn_score,1520.6491283945227,12.322954352368399,1345.8057071253902,1674.9076183044376,Eukaryota
Balaenoptera physalus,proteinmpnn_score,1404.334738601493,28.075504024181345,1053.2354987777937,1667.993072407734,Eukaryota
Barbarea verna,proteinmpnn_score,1313.4575270678456,20.591927418716732,1061.325377784813,1610.8288225233584,Eukaryota
Bartonella bacilliformis,proteinmpnn_score,1276.2563835503756,7.89953693017566,1186.5815524583477,1377.6441781473443,Bacteria
Bifidobacterium longum,proteinmpnn_score,1486.8099787797871,5.2767065694791535,1419.5684718573052,1558.1605219976857,Bacteria
Bifidobacterium longum subsp. infantis,proteinmpnn_score,1550.4702309042596,5.582648886431959,1460.9877867506639,1615.4085617641604,Bacteria
Blastochloris viridis,proteinmpnn_score,1602.3346530226825,24.88957491451567,1291.9197805739266,1829.4179692308921,Bacteria
Blastomyces gilchristii,proteinmpnn_score,914.0966484737077,8.639896966940382,799.0457496743127,1013.4650170688639,Eukaryota
Bordetella pertussis,proteinmpnn_score,1515.1852064321608,49.08248948295924,1011.9030789120922,2077.5461031877885,Bacteria
Borreliella burgdorferi,proteinmpnn_score,1449.4231737039552,48.312729743105955,1085.1385485393473,1993.609803645391,Bacteria
Bos mutus grunniens,proteinmpnn_score,1197.808554081341,29.214975648749014,851.4214727809564,1455.0688704558056,Eukaryota
Bos taurus,proteinmpnn_score,1300.1079179317223,35.483121907787314,927.6447884428324,1814.266880017527,Eukaryota
Bradyrhizobium diazoefficiens,proteinmpnn_score,1443.9207577251755,42.11295024112545,1084.898699126346,2019.254809778891,Bacteria
Branchiostoma floridae,proteinmpnn_score,1231.8149060697508,36.15834913392808,807.1425460647781,1641.544995925482,Eukaryota
Brucella canis,proteinmpnn_score,1651.2774206505323,6.36826663281609,1547.7962024395372,1719.5856907104476,Bacteria
Brucella melitensis,proteinmpnn_score,1503.7081085222528,36.34316881117594,1055.5429608214083,1877.5276072339702,Bacteria
Brucella melitensis biotype 1,proteinmpnn_score,1228.9258878215028,4.5433483417217895,1178.2472152999235,1286.48650086663,Bacteria
Brucella melitensis biotype 2,proteinmpnn_score,1160.3007586990993,5.20657313964637,1090.8698582496954,1220.6470183174752,Bacteria
Brucella ovis,proteinmpnn_score,1828.7970167072729,8.253539171408274,1721.0872098856628,1940.388032550084,Bacteria
Brucella suis biovar 1,proteinmpnn_score,1243.2414710420358,8.711089243420515,1129.4672898680712,1327.396969291145,Bacteria
Brugia malayi,proteinmpnn_score,1035.155704774953,26.330756516867368,740.1672992861716,1369.1819133009324,Eukaryota
Buchnera aphidicola,proteinmpnn_score,1155.2370494721251,38.52162555594985,820.1786457968732,1883.2120631545217,Bacteria
Buchnera aphidicola subsp. Acyrthosiphon pisum,proteinmpnn_score,1134.527165378458,28.485651322603815,818.1904519479609,1478.8221406001514,Bacteria
Buchnera aphidicola subsp. Baizongia pistaciae,proteinmpnn_score,894.3251497346631,13.66345457680366,720.549936271649,1062.0047457952544,Bacteria
Buchnera aphidicola subsp. Schizaphis graminum,proteinmpnn_score,1207.343157503984,28.558386012350475,961.530208020288,1525.3429399183894,Bacteria
Burkholderia cenocepacia,proteinmpnn_score,1587.9938475347433,31.868127760661128,1281.185169177266,1857.9354364072888,Bacteria
Burkholderia mallei,proteinmpnn_score,1571.9631079605433,50.279238365902245,989.6454338435005,2140.220883231629,Bacteria
Burkholderia multivorans,proteinmpnn_score,1913.4768144393518,10.68853895483733,1783.7970664360676,2032.593499629572,Bacteria
Buxus microphylla,proteinmpnn_score,1343.6853932334539,7.15676696421801,1254.3084349012095,1438.5520571885106,Eukaryota
Caenorhabditis briggsae,proteinmpnn_score,1132.083163033076,28.04623528527626,819.9283874536916,1465.567429160567,Eukaryota
Caenorhabditis elegans,proteinmpnn_score,1099.1934724766052,32.27118434531601,731.227893465307,1509.9208278713595,Eukaryota
Caldanaerobacter subterraneus,proteinmpnn_score,2102.0290818676203,38.1710408430823,1591.4174412564705,2486.019858972364,Bacteria
Caldivirga maquilingensis,proteinmpnn_score,1953.2535724761203,10.488289301788607,1843.8086631375725,2083.268806432183,Archaea
Calycanthus floridus var. glaucus,proteinmpnn_score,1466.2191611639155,7.609010051695609,1388.7593813561189,1575.493023724427,Eukaryota
Campylobacter fetus subsp. fetus,proteinmpnn_score,1933.2162697415863,10.122557215172618,1780.4415682274014,2021.963239240776,Bacteria
Campylobacter jejuni,proteinmpnn_score,1529.0811026667807,57.3277460380406,895.9070855848286,2120.5804831438104,Bacteria
Campylobacter jejuni subsp. doylei,proteinmpnn_score,1616.108075756085,6.78433600551517,1532.3331611884576,1703.6417852045877,Bacteria
Campylobacter jejuni subsp. jejuni serotype O:2,proteinmpnn_score,1432.6592997258754,9.64737171725509,1316.3501656425278,1562.2810131504116,Bacteria
Campylobacter jejuni subsp. jejuni serotype O:23/36,proteinmpnn_score,1579.2943179427039,6.598847881351159,1498.3697673736808,1664.6524397901535,Bacteria
Candida albicans,proteinmpnn_score,1299.4692403625622,36.424298869675766,957.5790300210138,1828.9065610774835,Eukaryota
Candida glabrata,proteinmpnn_score,1484.5009439870698,12.515633301872192,1350.0609830346111,1626.4861468593012,Eukaryota
Canis lupus,proteinmpnn_score,1317.5967956061465,28.531442562597412,894.0578469782962,1722.2764273768544,Eukaryota
Capra hircus,proteinmpnn_score,1140.41226617304,7.452834984864992,1043.6337643697043,1248.920941261846,Eukaryota
Capsella bursa-pastoris,proteinmpnn_score,1452.185357703236,21.376146452108074,1186.3008144541875,1688.3779978235011,Eukaryota
Carassius auratus,proteinmpnn_score,1543.7711182742285,26.148580802446,1276.0114888635114,1828.9842815097225,Eukaryota
Carica papaya,proteinmpnn_score,1473.9856591853813,34.17914530161011,1038.567991992339,1770.1460894099089,Eukaryota
Caulobacter vibrioides,proteinmpnn_score,1584.7673225690182,53.00465961050966,929.0709137992662,2171.8610463487416,Bacteria
Cenarchaeum symbiosum,proteinmpnn_score,1676.1532382722091,9.005518055137628,1569.476332360593,1765.4505421372198,Archaea
Ceratotherium simum,proteinmpnn_score,1277.0092960591965,27.215304504272034,866.8347331940898,1549.1647144969852,Eukaryota
Cereibacter sphaeroides,proteinmpnn_score,1620.9125546024206,42.121920063616,985.0590845632981,2043.116746217728,Bacteria
Chaetosphaeridium globosum,proteinmpnn_score,1678.586373688009,15.24980322258119,1535.7229615870488,1843.9266635175948,Eukaryota
Chlamydia pneumoniae,proteinmpnn_score,969.2156778963475,6.726809975208904,891.4167310187105,1083.0853043190948,Bacteria
Chlamydia trachomatis serovar D,proteinmpnn_score,1348.4602550509649,29.57944653845574,1082.2495368564087,1612.5372805342306,Bacteria
Chlamydia trachomatis serovar L2,proteinmpnn_score,1134.0476602102985,4.774786736165005,1070.7130372067425,1202.531882189354,Bacteria
Chlamydomonas reinhardtii,proteinmpnn_score,1077.1300796461417,30.02877995993933,784.4891005513537,1468.673122470363,Eukaryota
Chlorobaculum tepidum,proteinmpnn_score,1369.584481313696,20.25441902812799,1178.720636144125,1601.539417242221,Bacteria
Chlorobaculum thiosulfatiphilum,proteinmpnn_score,1463.9737157633863,10.257487498496772,1363.9800287006847,1580.7881542354426,Bacteria
Chlorobium phaeobacteroides,proteinmpnn_score,1037.5604365291028,5.146543125798989,975.3217375669228,1106.018384049621,Bacteria
Chloroflexus aurantiacus,proteinmpnn_score,1783.875412425936,7.263870105756311,1692.446818383667,1858.4230672483197,Bacteria
Chromobacterium violaceum,proteinmpnn_score,1571.1047148734394,45.133698172347366,1011.4553508456013,2059.9007082204826,Bacteria
Citrobacter koseri,proteinmpnn_score,1650.2266938898633,40.82347524772419,1164.7843659869889,2061.148376413132,Bacteria
Clostridium acetobutylicum,proteinmpnn_score,1761.4595859599276,45.9421024262008,1156.669768562773,2261.9748680376215,Bacteria
Clostridium beijerinckii,proteinmpnn_score,1377.3605077107727,6.756465169412236,1299.9512624160545,1459.429701029593,Bacteria
Clostridium botulinum,proteinmpnn_score,1652.3690424383346,8.039189244557715,1558.0124493132594,1761.0377643420925,Bacteria
Clostridium kluyveri,proteinmpnn_score,1593.068285919764,30.128547783921427,1270.8480072114069,1849.2657418742062,Bacteria
Clostridium perfringens,proteinmpnn_score,1996.6976542486602,5.4431067858060835,1928.3598490359543,2088.9377826951377,Bacteria
Coffea arabica,proteinmpnn_score,1613.1025246559047,5.8461830292200565,1552.7294332709885,1701.9442481086362,Eukaryota
Corynebacterium efficiens,proteinmpnn_score,1397.1034958335817,11.508226361563779,1257.3144390088967,1543.0695913191917,Bacteria
Corynebacterium glutamicum,proteinmpnn_score,1514.7651527979597,44.045735133548106,1014.4063555857537,2029.8515608439232,Bacteria
Coturnix japonica,proteinmpnn_score,1523.0027965489248,25.676289402425517,1282.7921919143114,1782.887958121763,Eukaryota
Cricetulus griseus,proteinmpnn_score,1268.1121118896906,32.453093258144136,990.3468020517558,1718.9057331186225,Eukaryota
Cronobacter sakazakii,proteinmpnn_score,1587.5015207798372,33.45018681226743,1198.7485953993894,1970.6651965349852,Bacteria
Crucihimalaya wallichii,proteinmpnn_score,1598.0634191677614,10.900534116150347,1457.1549310188257,1722.1108780718614,Eukaryota
Cryptococcus deneoformans,proteinmpnn_score,1456.9042653947135,22.61415323980964,1198.9027442951774,1644.2129573208133,Eukaryota
Cucumis sativus,proteinmpnn_score,1650.8513531136655,7.616249798104991,1559.6648897103346,1738.594568832769,Eukaryota
Culex quinquefasciatus,proteinmpnn_score,1133.768354702263,22.686223005403964,832.4209193888566,1379.233074973309,Eukaryota
Cupriavidus necator,proteinmpnn_score,1520.979578665212,39.64262155426684,971.3628748893915,1992.7798603814633,Bacteria
Cycas taitungensis,proteinmpnn_score,1434.0066774537231,27.01159665109753,1189.74715480362,1678.933630011677,Eukaryota
Cytophaga hutchinsonii,proteinmpnn_score,1356.2773116845146,4.600148574716761,1312.7386027434472,1413.1325763117015,Bacteria
Danio rerio,proteinmpnn_score,1251.7812400970276,37.459724049965324,818.2853719709601,1746.4816409910256,Eukaryota
Dasypus novemcinctus,proteinmpnn_score,1324.5112435952728,17.494532157231212,1060.8872079071368,1492.6471421299068,Eukaryota
Daucus carota,proteinmpnn_score,1368.57028100274,27.734843345092322,1140.3772667689889,1641.120618356665,Eukaryota
Debaryomyces hansenii,proteinmpnn_score,1185.8202901554403,34.068569485001866,850.660447355202,1721.6169308307003,Eukaryota
Deinococcus radiodurans,proteinmpnn_score,1565.6272275922322,47.53670692157912,986.559857274665,2127.8218009768734,Bacteria
Dictyostelium discoideum,proteinmpnn_score,1138.0919231715202,29.644732506230728,793.6956112846226,1524.2057902712916,Eukaryota
Didelphis virginiana,proteinmpnn_score,1077.5794324560384,38.80309982600313,746.2523972322383,1593.54089405132,Eukaryota
Drimys granadensis,proteinmpnn_score,1555.6107469535461,11.03082187414814,1429.5369014004286,1683.6913082506637,Eukaryota
Drosophila melanogaster,proteinmpnn_score,1167.620262756768,32.253667600987484,807.6495861877229,1651.103855974599,Eukaryota
Drosophila persimilis,proteinmpnn_score,878.5405981605344,9.483652692275847,777.7585150504467,1010.2907990007559,Eukaryota
Drosophila sechellia,proteinmpnn_score,1085.9874720062073,32.950102386676605,780.7069274605037,1456.328501950692,Eukaryota
Drosophila simulans,proteinmpnn_score,1110.4247980052135,18.686238306999957,932.6716759559812,1340.485990507923,Eukaryota
Drosophila willistoni,proteinmpnn_score,1187.9965761350345,26.78156690390117,953.4372566762494,1489.4640490792424,Eukaryota
Drosophila yakuba,proteinmpnn_score,1191.325960122089,22.858166493866378,983.133350900906,1461.3667374859506,Eukaryota
Dugong dugon,proteinmpnn_score,1455.4763681651705,12.754627791992764,1286.2824032885092,1580.5431924796521,Eukaryota
Emericella nidulans,proteinmpnn_score,1302.1786155387372,34.30681401924489,891.8053288017999,1777.897719931318,Eukaryota
Encephalitozoon cuniculi,proteinmpnn_score,1092.8859698134215,32.06950363928788,824.0646039705928,1458.7774069757284,Eukaryota
Entamoeba histolytica,proteinmpnn_score,1277.9269781684502,50.78500355272577,780.2319852034115,1968.1118933582409,Eukaryota
Enterobacter sp.,proteinmpnn_score,1511.384960815273,35.43918104491667,1075.4649550060471,1975.0916948064448,Bacteria
Enterococcus faecalis,proteinmpnn_score,1653.306553341445,47.32599800381278,983.5510818768474,2116.7178629146847,Bacteria
Enterococcus hirae,proteinmpnn_score,1336.148946213193,3.8433624929733496,1280.6535765202727,1379.2235495021184,Bacteria
Equus caballus,proteinmpnn_score,1218.063020377666,16.715947494995255,964.1737060671255,1388.8914967854614,Eukaryota
Erwinia tasmaniensis,proteinmpnn_score,1620.9184034307086,35.71694935739017,1162.3829679569683,2080.181626097477,Bacteria
Escherichia coli,proteinmpnn_score,1745.149129731673,28.52032200710624,1366.3955644098528,2045.7534611540289,Bacteria
Escherichia coli O139:H28,proteinmpnn_score,1553.078533489551,2.6002646066691146,1518.1451964118578,1583.343554770829,Bacteria
Escherichia coli O157:H7,proteinmpnn_score,1820.0591371268697,21.067525833468466,1460.8060903193941,1998.2036059361944,Bacteria
Escherichia coli O17:K52:H18,proteinmpnn_score,1533.4608418482635,2.5781547069611643,1497.5217659779769,1562.7166656506647,Bacteria
Escherichia coli O1:K1 / APEC,proteinmpnn_score,1750.9391838700947,17.023886663207143,1597.406031134267,1942.1197680639136,Bacteria
Escherichia coli O45:K1,proteinmpnn_score,1564.965755505159,17.806841243931952,1344.9525628726985,1755.1392734581002,Bacteria
Escherichia coli O6:H1,proteinmpnn_score,1577.5384495343728,26.877826299337347,1232.9721018649977,1849.3290429883282,Bacteria
Escherichia coli O7:K1,proteinmpnn_score,1660.4555297087095,6.875487677327145,1560.3186780554568,1735.8751956750455,Bacteria
Escherichia coli O81,proteinmpnn_score,1579.5882123066463,2.6771806968045193,1544.1154732270961,1609.7357647159988,Bacteria
Escherichia coli O9:H4,proteinmpnn_score,992.5540694375521,5.134799954202886,921.1778012393452,1050.4584109444415,Bacteria
Eucalyptus globulus subsp. globulus,proteinmpnn_score,1389.903605418702,31.163804445685397,1143.4782731879839,1689.680091992737,Eukaryota
Fagopyrum esculentum subsp. ancestrale,proteinmpnn_score,1301.604577897192,31.552386820753462,1016.6805107523542,1578.067581028742,Eukaryota
Felis catus,proteinmpnn_score,1422.4108999744203,21.99239149781712,1111.1594437019198,1681.8105060537575,Eukaryota
Formosania lacustris,proteinmpnn_score,1113.5018950173253,22.93514901599913,888.1825131543193,1333.439264924172,Eukaryota
Francisella tularensis subsp. holarctica,proteinmpnn_score,1571.1633892957166,5.4107969624960175,1506.9463435128248,1639.1367365184435,Bacteria
Francisella tularensis subsp. tularensis,proteinmpnn_score,1728.737163508533,5.057608250864261,1658.5322292957967,1788.732308738219,Bacteria
Gadus morhua,proteinmpnn_score,1627.097589313242,15.755798141648382,1450.13478174649,1811.0680882425202,Eukaryota
Gallus gallus,proteinmpnn_score,1403.243653072986,35.10609904932036,1015.16475125085,1932.6573471322001,Eukaryota
Geobacillus kaustophilus,proteinmpnn_score,1898.4485960079735,49.38120672972662,1066.5433660912981,2331.873678697113,Bacteria
Geobacillus stearothermophilus,proteinmpnn_score,1873.547589766342,28.098396523375783,1551.6418269554067,2240.3895283840748,Bacteria
Gibberella zeae,proteinmpnn_score,1304.2636524069221,9.823519215947302,1197.889531034013,1434.5192444349611,Eukaryota
Gorilla gorilla,proteinmpnn_score,1263.901206737238,29.580597522990875,984.8722265567205,1655.6907428659285,Eukaryota
Gorilla gorilla gorilla,proteinmpnn_score,1612.024491345701,9.04349918595028,1524.1898896903667,1761.5579442455369,Eukaryota
Gossypium barbadense,proteinmpnn_score,1253.2570260686223,41.68286841359687,910.4687230431351,1702.7017946716983,Eukaryota
Haemophilus ducreyi,proteinmpnn_score,1539.107150936278,11.522943685875191,1415.3554463864414,1663.6642070372998,Bacteria
Haemophilus influenzae,proteinmpnn_score,1683.8110113683456,41.63121643998571,1005.6769128819892,2033.7492759162326,Bacteria
Halalkalibacterium halodurans,proteinmpnn_score,1672.7945075861874,41.8401161667243,1045.6573265187824,2093.7242574495567,Bacteria
Haloarcula hispanica,proteinmpnn_score,1123.609799852213,3.7236358056684264,1082.6010030996881,1175.4565867707902,Archaea
Haloarcula marismortui,proteinmpnn_score,1688.8032261494147,30.158462102050926,1210.4788842156279,2024.6584563637612,Archaea
Halobacterium salinarum,proteinmpnn_score,1519.1065122245097,51.62843965024674,913.6944954604207,2104.571108752092,Archaea
Haloferax mediterranei,proteinmpnn_score,1279.8254693517465,15.741277844022715,1085.196568809334,1450.2366986898708,Archaea
Haloferax volcanii,proteinmpnn_score,1434.7063962968311,25.56614130502736,932.1136453274976,1691.4596837995741,Archaea
Halopiger xanaduensis,proteinmpnn_score,1730.917881249277,22.94824777258202,1517.4119806812064,1930.4909927189162,Archaea
Haloquadratum walsbyi,proteinmpnn_score,1304.1538006429141,45.065186632114134,751.9593948980475,1976.2626260802265,Archaea
Halorhodospira halophila,proteinmpnn_score,1854.1146790322123,16.755607705910545,1687.1480129653619,2021.33896608858,Bacteria
Halorubrum lacusprofundi,proteinmpnn_score,1627.1719198113656,19.553386972221805,1354.12414399076,1816.3644897034349,Archaea
Helianthus annuus,proteinmpnn_score,1511.564479930476,7.408591934053332,1428.5080736288057,1618.4194878116766,Eukaryota
Helicobacter pylori,proteinmpnn_score,1367.654626814772,46.631154284164175,867.1222751162361,1954.7626710081229,Bacteria
Homo sapiens,proteinmpnn_score,1208.3735212554543,31.962708308080465,832.9352932807632,1735.2236486111824,Eukaryota
Hordeum vulgare,proteinmpnn_score,1540.5885161966037,16.851708474106577,1376.9698103452217,1693.2935421195054,Eukaryota
Huperzia lucidula,proteinmpnn_score,1682.5949953682814,15.183746973759044,1565.34631262996,1881.7623297826797,Eukaryota
Hydra vulgaris,proteinmpnn_score,1176.1463980799351,11.308224444233256,1016.6360666693308,1313.5392824718706,Eukaryota
Hydrogenobacter thermophilus,proteinmpnn_score,1573.3253637749356,2.4381310796192492,1549.7333482335262,1610.5145439383934,Bacteria
Hylobates lar,proteinmpnn_score,1315.5052450757908,7.5272145114218345,1234.0163001895223,1419.523980179121,Eukaryota
Hyperthermus butylicus,proteinmpnn_score,2046.6956047848705,14.189049808404148,1880.6757131007105,2223.409842371259,Archaea
Ignicoccus hospitalis,proteinmpnn_score,2120.433287591396,6.062351669987038,2036.3343885153636,2191.4228532229204,Archaea
Ipomoea purpurea,proteinmpnn_score,1545.4558133582043,12.994774747463312,1428.1901881472697,1692.6491634616877,Eukaryota
Jasminum nudiflorum,proteinmpnn_score,1512.7057342339228,7.9177003953434175,1425.8737056649395,1631.709239480652,Eukaryota
Klebsiella aerogenes,proteinmpnn_score,1457.5713112554088,4.1690308098479125,1397.5359868832893,1507.375320270296,Bacteria
Klebsiella pneumoniae,proteinmpnn_score,1630.1663245323796,34.56598070383691,1211.0633007623987,2034.9065907730017,Bacteria
Klebsiella pneumoniae subsp. pneumoniae,proteinmpnn_score,1699.8226238724571,5.915476535455538,1632.2817957421769,1791.2769434067598,Bacteria
Kluyveromyces lactis,proteinmpnn_score,1285.560415881394,35.286765370774134,940.9896605573385,1865.9443369266385,Eukaryota
Korarchaeum cryptofilum,proteinmpnn_score,1652.3742334653475,7.822309414315842,1561.089006342951,1751.8719798410434,Archaea
Lactiplantibacillus plantarum,proteinmpnn_score,1633.8844576742256,40.734993831733675,1187.9835017150172,2075.7064569691756,Bacteria
Lactococcus lactis,proteinmpnn_score,1558.2676473788963,39.53852830647746,1174.4758283865074,2092.146146082571,Bacteria
Lactococcus lactis subsp. cremoris,proteinmpnn_score,1258.3924431257742,4.287955972076156,1212.6137134156795,1309.2494121563234,Bacteria
Lactococcus lactis subsp. lactis,proteinmpnn_score,1767.0214266136134,23.854383160391162,1509.9802224373402,2029.5967981870413,Bacteria
Latimeria chalumnae,proteinmpnn_score,1039.4171940717001,27.293597647798233,766.5166662095606,1335.7690432609622,Eukaryota
Legionella pneumophila,proteinmpnn_score,1395.6543457239002,25.647915936542127,1178.6421995152698,1618.6568853784815,Bacteria
Legionella pneumophila subsp. pneumophila,proteinmpnn_score,1490.9009158744934,6.650528187230693,1407.3964104334157,1569.0418813670362,Bacteria
Leifsonia xyli subsp. xyli,proteinmpnn_score,1469.7758664979506,5.03614786667648,1398.3211593075837,1525.2059205166438,Bacteria
Lemna minor,proteinmpnn_score,1304.5371043516743,13.898637024187078,1177.0924813718266,1466.168552402013,Eukaryota
Lemur catta,proteinmpnn_score,1230.7474445740745,19.007030128469406,999.3814087064458,1435.0852436657874,Eukaryota
Lepidium virginicum,proteinmpnn_score,1271.2639935382372,23.14438944757211,1078.3664614498825,1542.7314412164644,Eukaryota
Levilactobacillus brevis,proteinmpnn_score,1216.1264901210682,3.803066660965164,1170.5371127799085,1265.2388878509448,Bacteria
Liriodendron tulipifera,proteinmpnn_score,1349.5515377703516,34.51179314722026,963.1363313990156,1782.6267622206112,Eukaryota
Listeria monocytogenes,proteinmpnn_score,1614.1131831843325,48.12790432188469,948.298653705564,2072.6113931844898,Bacteria
Listeria monocytogenes serotype 1/2a,proteinmpnn_score,1784.3857652309441,8.064066103901682,1677.2988842138498,1879.172739563531,Bacteria
Listeria monocytogenes serovar 1/2a,proteinmpnn_score,1434.1622051684417,3.879931298326381,1376.896998850044,1476.9878269024193,Bacteria
Lobularia maritima,proteinmpnn_score,1599.4444324628028,14.250564530513016,1456.6469599637649,1776.432795936307,Eukaryota
Lodderomyces elongisporus,proteinmpnn_score,1155.537512488901,23.706780367079247,883.3688437447387,1422.8079691040045,Eukaryota
Lotus japonicus,proteinmpnn_score,1005.0711126830488,12.835956935174766,848.5719642292397,1146.5098110952151,Eukaryota
Loxodonta africana,proteinmpnn_score,1227.1422335787654,20.112998044813313,963.0182541663212,1409.5454391808757,Eukaryota
Lumbricus terrestris,proteinmpnn_score,1130.4713509198948,22.385293056956456,898.3311420521065,1344.5480541940685,Eukaryota
Lycodon semicarinatus,proteinmpnn_score,1022.2221543601174,27.33821450711099,782.3270325641685,1391.0191968437475,Eukaryota
Macaca fascicularis,proteinmpnn_score,1162.3051741819606,30.307056363050403,808.1684478542567,1532.637154633823,Eukaryota
Mammuthus primigenius,proteinmpnn_score,1431.2137307595958,25.237060310390643,1207.4025751339304,1705.7976994871774,Eukaryota
Mannheimia succiniciproducens,proteinmpnn_score,1628.3343756458403,42.48329432243321,1000.7835058190788,2035.9353792431748,Bacteria
Marchantia polymorpha,proteinmpnn_score,1605.3710337071432,37.77181363624296,1254.9988428586112,1954.3638864549582,Eukaryota
Marinobacter nauticus,proteinmpnn_score,1622.5469130616123,12.6589387586285,1485.852273062099,1745.1211681101092,Bacteria
Mesocricetus auratus,proteinmpnn_score,802.2975435088824,9.750304853362877,696.6239515995045,913.224910894919,Eukaryota
Mesorhizobium japonicum,proteinmpnn_score,1458.4577867360642,39.991927703163455,982.8120164344715,1893.7360747608031,Bacteria
Mesostigma viride,proteinmpnn_score,1571.3083752196585,31.029605140940404,1341.1318589537,1899.7250833676096,Eukaryota
Metallosphaera sedula,proteinmpnn_score,1650.1606803512896,31.293553164664242,1309.2528878203939,1970.494208300392,Archaea
Methanobacterium formicicum,proteinmpnn_score,1123.9945131320774,11.339464619330917,1004.4788121493827,1267.7855625212592,Archaea
Methanobrevibacter smithii,proteinmpnn_score,1579.8011510600838,17.222473770360665,1321.4572914958535,1723.241350653379,Archaea
Methanocaldococcus jannaschii,proteinmpnn_score,2135.7479186383152,32.4263591054922,1615.3916378424728,2436.0127822307372,Archaea
Methanocella arvoryzae,proteinmpnn_score,1686.9777909670368,5.3542226852891055,1614.5394629092852,1747.6407727121873,Archaea
Methanococcoides burtonii,proteinmpnn_score,1750.922868853458,15.054844557403865,1559.114241858617,1935.9970255832347,Archaea
Methanococcus aeolicus,proteinmpnn_score,1849.6736243809473,20.203138608340282,1613.9992573767536,2075.87343973068,Archaea
Methanococcus maripaludis,proteinmpnn_score,1630.6817504680967,27.74155928579664,1165.4928406861684,1961.0153843590233,Archaea
Methanococcus vannielii,proteinmpnn_score,1532.5334919387294,32.794834132141474,1039.276275773089,1874.6496057411566,Archaea
Methanocorpusculum labreanum,proteinmpnn_score,1616.8122380680104,13.322022253968763,1429.4533300398757,1789.8847206437251,Archaea
Methanoculleus marisnigri,proteinmpnn_score,1566.1132812236194,13.10891517897113,1417.5819370249917,1713.796319898211,Archaea
Methanopyrus kandleri,proteinmpnn_score,2126.6145940042265,21.889153356873962,1840.39924197088,2366.5218660701826,Archaea
Methanoregula boonei,proteinmpnn_score,1845.9597105214284,32.03593661003067,1506.6218091414203,2186.5587686061085,Archaea
Methanosarcina acetivorans,proteinmpnn_score,1729.5541539199517,43.77490859628359,1070.7901667772016,2139.785265509201,Archaea
Methanosarcina barkeri,proteinmpnn_score,1673.4888076104596,29.225890146903534,1053.6609105134573,1908.876982250857,Archaea
Methanosarcina mazei,proteinmpnn_score,1683.3323234726608,30.323379912247326,1168.5401402318216,1959.5112718934502,Archaea
Methanosphaera stadtmanae,proteinmpnn_score,1594.7795773703792,14.738499416837126,1409.0148280403967,1753.2688673735483,Archaea
Methanosphaerula palustris,proteinmpnn_score,1475.8475968535038,12.777767758618614,1338.762833884317,1648.3747456713174,Archaea
Methanospirillum hungatei JF-1,proteinmpnn_score,1725.1287832289383,24.818417943616772,1483.1949685447835,2065.1670309319966,Archaea
Methanothermobacter marburgensis,proteinmpnn_score,1544.7328782906902,23.282847107781578,1250.5639764167374,1757.7690475517356,Archaea
Methanothermobacter thermautotrophicus,proteinmpnn_score,1885.9081498589835,45.96125409538123,1314.6514371251671,2366.0494604818086,Archaea
Methanothermus fervidus,proteinmpnn_score,1995.9889133881222,12.17525192546694,1863.5154940548339,2117.648416731375,Archaea
Methanothrix thermoacetophila,proteinmpnn_score,1759.3773849203023,8.97928748562424,1649.6492744417726,1878.3498391132955,Archaea
Methylococcus capsulatus,proteinmpnn_score,1602.2397431762722,34.621155269822424,1212.0401876952283,2031.0292976093854,Bacteria
Meyerozyma guilliermondii,proteinmpnn_score,1126.9931533666909,18.561793277419515,869.8663688577399,1275.9252110708733,Eukaryota
Micrococcus luteus,proteinmpnn_score,1487.9247449485629,2.734926827770546,1449.9279261953552,1516.7535638077877,Bacteria
Microcystis aeruginosa,proteinmpnn_score,1852.3952409644305,8.043630634805806,1751.0885948868051,1930.4822509392989,Bacteria
Micromonas commoda,proteinmpnn_score,1589.391855775441,6.282515408237378,1496.2754743472226,1675.3988964723214,Eukaryota
Monodelphis domestica,proteinmpnn_score,1323.5233991837763,29.304011160684464,898.0694281396502,1652.5942760094574,Eukaryota
Mus musculus,proteinmpnn_score,1255.5308426674765,34.35809152697759,900.5919690237947,1742.8879584921933,Eukaryota
Mycobacterium bovis,proteinmpnn_score,1871.661217844042,19.58598779561063,1595.898143621069,2072.3905201868192,Bacteria
Mycobacterium leprae,proteinmpnn_score,1252.3502348193604,11.397980182065574,1137.1178306476627,1388.8543665770235,Bacteria
Mycobacterium sp.,proteinmpnn_score,1821.8661052634313,53.579800373715464,1340.5124667295831,2283.3338685302415,Bacteria
Mycobacterium tuberculosis,proteinmpnn_score,1510.231466436261,43.33078754897823,872.7930122950632,1995.8444653745817,Bacteria
Mycobacteroides abscessus,proteinmpnn_score,1510.4120830272122,3.627929100468282,1470.8281928220047,1552.4959473514668,Bacteria
Mycolicibacterium gilvum,proteinmpnn_score,1249.8442875316223,11.602399965321748,1143.4448535419986,1392.4496098699813,Bacteria
Mycolicibacterium paratuberculosis,proteinmpnn_score,1630.6598399299355,2.7600689258176803,1591.265688159264,1663.9295223006256,Bacteria
Mycolicibacterium smegmatis,proteinmpnn_score,1670.9252954738895,48.80730885951978,1027.4886052151523,2141.3619092532194,Bacteria
Mycolicibacterium smegmatis155),proteinmpnn_score,1789.6134430774543,13.195640788707172,1622.345979148497,1956.5251913493046,Bacteria
Mycoplasma genitalium,proteinmpnn_score,1447.3259181202275,21.267762119393787,1261.4879532997115,1706.7317836958905,Bacteria
Mycoplasma pneumoniae,proteinmpnn_score,1263.6917521170112,49.28558377652525,777.610787439449,1885.0324929639537,Bacteria
Mycosarcoma maydis,proteinmpnn_score,1195.7999758991537,38.50399939537365,788.5110655092993,1549.9706890223065,Eukaryota
Myxococcus xanthus,proteinmpnn_score,1564.1036061828318,13.35232746701098,1405.0855616771146,1720.4885566341516,Bacteria
Nanoarchaeum equitans,proteinmpnn_score,2155.3365196381765,34.279418230252226,1631.7155390632076,2458.3832328618055,Archaea
Nasturtium officinale,proteinmpnn_score,1532.7907622780172,8.016338754599209,1436.3467825787577,1614.0693678723646,Eukaryota
Natrialba magadii,proteinmpnn_score,1420.9283713659574,8.09288604494727,1331.4483932555072,1564.3840675556917,Archaea
Natronomonas pharaonis,proteinmpnn_score,1468.4105987106298,9.946204712703095,1333.569214136181,1590.8416958616394,Archaea
Neisseria gonorrhoeae,proteinmpnn_score,1782.4960490877115,8.905421513175586,1664.1204013044087,1869.6966651563248,Bacteria
Neisseria meningitidis,proteinmpnn_score,1595.011416431298,40.64731034546232,1041.6336583290313,2115.218917106214,Bacteria
Nematostella vectensis,proteinmpnn_score,1116.3694869342635,25.045839851230618,827.9955734788983,1461.758233250276,Eukaryota
Neosartorya fischeri,proteinmpnn_score,1295.8804560773374,36.73787413666844,871.1661869932211,1535.8831135021505,Eukaryota
Neurospora crassa,proteinmpnn_score,1280.7921171573114,39.05860337748591,930.1147119307714,1811.0944362542818,Eukaryota
Nicotiana sylvestris,proteinmpnn_score,1437.2964546525743,24.872258615833367,1154.1371357110104,1660.2028096682304,Eukaryota
Nicotiana tabacum,proteinmpnn_score,1168.5884086285005,37.645558349570244,796.293907834243,1743.5191421572642,Eukaryota
Nitratidesulfovibrio vulgaris,proteinmpnn_score,1515.9131842813547,59.32250962210238,875.5695172118775,2162.5530900215663,Bacteria
Nitrosomonas europaea,proteinmpnn_score,1137.320025733106,15.723547429694188,941.3571625739667,1291.206033437107,Bacteria
Nitrosopumilus maritimus,proteinmpnn_score,1578.2149601364754,7.643445726705971,1497.2143630800172,1679.7776158955014,Archaea
Nocardia farcinica,proteinmpnn_score,1851.8096816781815,15.336976588633,1693.3370407522718,2025.500085675239,Bacteria
Nocardioides sp.,proteinmpnn_score,1720.2000912029366,6.357647528587383,1636.0834053376204,1798.3342043992852,Bacteria
Nostoc punctiforme,proteinmpnn_score,1404.5563760395564,40.20041610551269,1020.7499027870923,1709.41857299885,Bacteria
Nostoc sp.,proteinmpnn_score,1412.1472463853174,42.361688318001654,957.5732543395349,2116.8905976020533,Bacteria
Notamacropus eugenii,proteinmpnn_score,1068.7320923993145,19.2977646115134,838.5542962938507,1283.3165210541313,Eukaryota
Oceanobacillus iheyensis,proteinmpnn_score,1569.8444087560406,53.69654123208324,904.4895197643523,2156.3173450981776,Bacteria
Oenothera berteroana,proteinmpnn_score,1727.1118725291014,10.955500824527311,1614.5271816195625,1874.2771967001527,Eukaryota
Oenothera elata subsp. hookeri,proteinmpnn_score,1340.9458478770925,50.29414347099329,928.7632362263337,1751.030125659977,Eukaryota
Ogataea parapolymorpha,proteinmpnn_score,1456.9497942292032,27.574807538047697,1224.8577371010558,1748.9462883039375,Eukaryota
Olimarabidopsis pumila,proteinmpnn_score,1423.2510215853101,34.44383118000934,1071.3279214847084,1728.8489214267995,Eukaryota
Oncorhynchus mykiss,proteinmpnn_score,1465.6480886527645,29.818973695644555,1014.2998576856022,1831.4893585655727,Eukaryota
Ornithorhynchus anatinus,proteinmpnn_score,1363.829637950367,28.367524115196755,965.4056215116229,1673.714480093161,Eukaryota
Oryctolagus cuniculus,proteinmpnn_score,1384.774663376195,37.29494714962235,945.5819551545432,1777.7325291182267,Eukaryota
Oryza sativa,proteinmpnn_score,1151.903558154655,36.23550893906744,731.606475303658,1650.2219100338727,Eukaryota
Oryza sativa subsp. indica,proteinmpnn_score,1314.2263233562487,24.245208405798344,1027.0932449637128,1569.2341938131112,Eukaryota
Oryza sativa subsp. japonica,proteinmpnn_score,1295.1689851088965,44.561427492420336,647.0256514478586,1705.704816101656,Eukaryota
Ostreococcus lucimarinus,proteinmpnn_score,1470.9462151186005,24.96417278241554,1220.745245414972,1723.8584627284934,Eukaryota
Ostreococcus tauri,proteinmpnn_score,1387.3804329265365,10.815129934231392,1248.4191075712529,1515.3918928297012,Eukaryota
Ovis aries,proteinmpnn_score,1305.2496559081644,34.847290557295814,865.8196123552526,1781.0451627366303,Eukaryota
Paenarthrobacter aurescens,proteinmpnn_score,1493.1744478133394,14.83351006421246,1341.9718329084455,1648.3859523155436,Bacteria
Paenarthrobacter nicotinovorans,proteinmpnn_score,1736.3897494624707,7.2027420403826845,1660.3936625981867,1829.5418767561307,Bacteria
Pan paniscus,proteinmpnn_score,1157.047571762126,19.045721815239304,980.4743772856756,1404.3674986460358,Eukaryota
Pan troglodytes,proteinmpnn_score,1273.8656928024227,21.084105633824347,953.1252759299248,1556.276755508887,Eukaryota
Papio hamadryas,proteinmpnn_score,1555.7769761502047,6.567382684147227,1471.6285352530394,1646.7561642902524,Eukaryota
Paracoccidioides brasiliensis,proteinmpnn_score,1148.5955851952438,7.772111604018123,1034.6651163781426,1226.1485048732013,Eukaryota
Paracoccidioides lutzii,proteinmpnn_score,1446.0809710467008,24.571399051901174,1252.6884940560822,1695.8066000505444,Eukaryota
Paracoccus denitrificans,proteinmpnn_score,2007.74405590456,14.986359701971146,1826.707905061172,2169.2912097835597,Bacteria
Paramagnetospirillum magneticum,proteinmpnn_score,1554.2223711644529,4.321119603543183,1497.7119986249018,1608.2879556963896,Bacteria
Paramecium tetraurelia,proteinmpnn_score,1039.5252760995636,42.761614323302936,592.0422222601408,1584.0153061570127,Eukaryota
Pasteurella multocida,proteinmpnn_score,1645.9369468393568,44.19690662389401,971.7303898977561,2074.561331872536,Bacteria
Paulinella chromatophora,proteinmpnn_score,1971.5976820639585,7.442106946107944,1868.0946988620456,2091.336002794763,Eukaryota
Pectobacterium atrosepticum,proteinmpnn_score,1510.5311631726167,37.36771438910798,1016.0499048420312,2105.3313729264332,Bacteria
Pelotomaculum thermopropionicum,proteinmpnn_score,1981.5019099683861,35.613789348511574,1697.593836090017,2304.0120823918205,Bacteria
Penicillium rubens,proteinmpnn_score,939.6598734366257,14.139849646846706,782.9970662212231,1107.6665303829823,Eukaryota
Persephonella marina,proteinmpnn_score,1757.8077655065954,10.921353767079665,1654.1844518507064,1888.3042022585269,Bacteria
Petromyzon marinus,proteinmpnn_score,1301.744122696674,33.36193883959591,935.9243641998437,1742.5524820911746,Eukaryota
Phaseolus vulgaris,proteinmpnn_score,1244.0916199937196,14.349635919598411,1111.4929967202154,1401.150978756091,Eukaryota
Phoca vitulina,proteinmpnn_score,1420.929021751016,17.614118987591883,1235.1676853402225,1595.3272526590492,Eukaryota
Photobacterium profundum,proteinmpnn_score,1420.2732032846836,45.656837286380096,941.8029244975464,1967.8111876733676,Bacteria
Photorhabdus laumondii,proteinmpnn_score,1494.4015475610054,39.4541200797629,1104.5988546046146,2073.4007090847267,Bacteria
Photorhabdus laumondii subsp. laumondii,proteinmpnn_score,1486.2556571430455,5.833999574280786,1417.6389338156323,1573.0608549684034,Bacteria
Physcomitrium patens,proteinmpnn_score,1448.0190032217354,33.392503603073294,1076.076051530588,1680.5803677156528,Eukaryota
Phytophthora infestans,proteinmpnn_score,1314.550754140162,55.499526558252775,683.4648187691154,1962.7038589479637,Eukaryota
Pichia angusta,proteinmpnn_score,1760.562693671394,38.49354386825846,1366.6192161906204,2102.9520402185076,Eukaryota
Picosynechococcus sp.,proteinmpnn_score,1378.6325764982255,8.246686378602169,1276.8157291359446,1468.707989759493,Bacteria
Picrophilus torridus,proteinmpnn_score,1415.3314144838105,24.448230056269896,1192.0643564206052,1738.9287340761991,Archaea
Pisum sativum,proteinmpnn_score,1276.0020454875457,34.46271544511499,878.6999900826833,1548.7480131610491,Eukaryota
Plasmodium falciparum,proteinmpnn_score,956.7817042124761,35.888664252671184,596.0000716162824,1670.1126766985099,Eukaryota
Platanus occidentalis,proteinmpnn_score,1561.8772668129009,13.717373092272357,1429.260671594,1709.8011499849017,Eukaryota
Polaromonas naphthalenivorans,proteinmpnn_score,1512.4303721122376,36.53546041111821,1142.0307385556946,1787.815796642092,Bacteria
Pongo abelii,proteinmpnn_score,1279.0947171493501,35.2335334867751,853.075258527896,1713.9054980088647,Eukaryota
Pongo pygmaeus,proteinmpnn_score,1280.8792161633892,22.953521997293155,1066.995686641966,1577.2052589473485,Eukaryota
Populus trichocarpa,proteinmpnn_score,1385.6113925668596,33.64537397244705,982.5205224072902,1649.859618419471,Eukaryota
Porphyromonas gingivalis,proteinmpnn_score,1232.982615997977,4.998893700713196,1166.4247605802702,1293.4855256325218,Bacteria
Prochlorococcus marinus,proteinmpnn_score,1396.3208213746484,31.908488846453633,1116.2039386299482,1858.8215059346703,Bacteria
Proteus mirabilis,proteinmpnn_score,1585.7548147348089,44.14347634183475,1089.6485002463496,2040.4281105433695,Bacteria
Pseudomonas aeruginosa,proteinmpnn_score,1517.4936150301135,35.7054813528211,995.3254524424262,1957.1666429481904,Bacteria
Pseudomonas fluorescens,proteinmpnn_score,1759.0651295310415,8.77087425970144,1637.7308484760397,1868.0894176374145,Bacteria
Pseudomonas paraeruginosa,proteinmpnn_score,1723.6473848304022,18.25260478654676,1551.8516840162072,1909.9163052104464,Bacteria
Pseudomonas putida,proteinmpnn_score,1653.4751691586039,38.23081558665948,1116.9650598762073,1987.8435934297988,Bacteria
Pseudomonas sp,proteinmpnn_score,1788.2773999724432,9.548043168542575,1687.1644824979774,1899.9462573939607,Bacteria
Pseudomonas sp.,proteinmpnn_score,1283.6860188484661,6.908613477267018,1207.0053227893263,1378.3018173128971,Bacteria
Pseudomonas syringae pv. tomato,proteinmpnn_score,1757.8221484148924,11.907354277384373,1651.782165981734,1884.8432637605254,Bacteria
Pseudomonas taetrolens,proteinmpnn_score,1664.3739889965013,5.791512757181003,1584.5899053577841,1741.8710318080898,Bacteria
Pyricularia oryzae,proteinmpnn_score,1135.9160645955665,14.147550523050212,968.7491132806439,1306.6635648713623,Eukaryota
Pyrobaculum aerophilum,proteinmpnn_score,2163.6028864546047,26.805607450126224,1668.6466438552147,2388.482041214582,Archaea
Pyrobaculum arsenaticum,proteinmpnn_score,1856.0891750455944,8.995624980590124,1760.6608483447958,1964.3285912101846,Archaea
Pyrobaculum calidifontis,proteinmpnn_score,1999.5630963219833,39.588012677186875,1558.9298697524268,2378.5446149760214,Archaea
Pyrobaculum islandicum,proteinmpnn_score,2072.7370660162087,17.164105523281535,1809.538000139596,2246.9615114018206,Archaea
Pyrobaculum neutrophilum,proteinmpnn_score,1517.522074070364,6.0602782645413535,1436.6613205650938,1597.176395243502,Archaea
Pyrococcus abyssi,proteinmpnn_score,2331.6188484879585,10.25125490624881,2190.493168367747,2453.4073913800053,Archaea
Pyrococcus furiosus,proteinmpnn_score,2284.73001422304,39.489787936138015,1457.1893718458475,2556.7831163078795,Archaea
Pyrococcus horikoshii,proteinmpnn_score,2338.2690057849004,41.93714466994444,1357.687964504434,2583.0155324995676,Archaea
Pyrococcus woesei,proteinmpnn_score,2179.115681211775,16.530776947526686,1958.1044008248045,2326.1298610333993,Archaea
Ralstonia solanacearum,proteinmpnn_score,1553.490768555869,41.65480759867385,1021.0814184415876,1982.4586687365706,Bacteria
Rattus norvegicus,proteinmpnn_score,1230.0485876991224,38.324201905516816,898.0377459372442,1755.415983994582,Eukaryota
Rhinoceros unicornis,proteinmpnn_score,1406.2683969953391,34.6140938927056,1037.939259800194,1736.2816298169448,Eukaryota
Rhipicephalus sanguineus,proteinmpnn_score,1149.4137669566785,32.369674296824186,851.3132627377448,1431.2846959851968,Eukaryota
Rhizobium meliloti,proteinmpnn_score,1522.7368393095362,44.785555676197916,1020.6400743482213,2136.7667629781263,Bacteria
Rhodobacter capsulatus,proteinmpnn_score,1833.6226198108645,42.34370963240607,1098.7409506587824,2110.2494860336196,Bacteria
Rhodococcus erythropolis,proteinmpnn_score,1568.2232404841313,8.948025763580814,1460.6635729282193,1706.1915859557787,Bacteria
Rhodococcus jostii,proteinmpnn_score,1875.2663368933624,5.047056921624583,1799.628457973411,1935.9709407708315,Bacteria
Rhodococcus sp,proteinmpnn_score,1501.2539800460459,3.0816126690758163,1460.4699379572128,1539.200497627218,Bacteria
Rhodopseudomonas palustris,proteinmpnn_score,1411.8468637183657,38.248775951354254,957.860975697071,1870.6294977634013,Bacteria
Rhodospirillum rubrum,proteinmpnn_score,1692.4501051552488,14.937218343047418,1502.5002256517355,1872.3690929798013,Bacteria
Rhodovulum sulfidophilum,proteinmpnn_score,1434.0539822971623,2.901187075147757,1399.169117142805,1474.876074574803,Bacteria
Ricinus communis,proteinmpnn_score,1328.1403505233561,10.816133915655485,1203.6398695127523,1458.443148598982,Eukaryota
Rickettsia conorii,proteinmpnn_score,1922.9346762761859,6.339957490101141,1854.547584189378,2016.4389220344046,Bacteria
Rickettsia felis,proteinmpnn_score,1449.8899249912567,38.80490812356196,1054.1307805920262,1849.8419749938842,Bacteria
Rickettsia prowazekii,proteinmpnn_score,1305.6854871620585,49.13252038446356,848.8122959948319,1883.689097333965,Bacteria
Ruegeria pomeroyi,proteinmpnn_score,1591.3293458337016,3.5799130013239715,1549.1799170502807,1637.9629426247739,Bacteria
Saccharolobus islandicus,proteinmpnn_score,1904.7067452221,18.8104541958399,1633.210376093701,2088.621953367987,Archaea
Saccharolobus shibatae,proteinmpnn_score,1797.3965724766642,8.993877940383555,1692.2909710806605,1900.6748281175187,Archaea
Saccharolobus solfataricus,proteinmpnn_score,1841.5666850864814,44.39374662912733,1189.7804388677398,2261.319737429974,Archaea
Saccharomyces cerevisiae,proteinmpnn_score,1259.7506550148757,31.183763128233437,964.8094091446071,1746.214705044598,Eukaryota
Saccharopolyspora erythraea,proteinmpnn_score,1653.563877905701,13.844427773539508,1510.7453142297759,1816.7010322183103,Bacteria
Salmo salar,proteinmpnn_score,1486.625127315879,47.723313837810196,857.7989196215942,1854.9652091463731,Eukaryota
Salmo trutta,proteinmpnn_score,1034.3256568468364,27.700284198742608,785.7792537059647,1284.1473683766203,Eukaryota
Salmonella paratyphi B,proteinmpnn_score,1660.783184704295,15.706931563085485,1451.9744979496234,1833.5194118984098,Bacteria
Salmonella typhi,proteinmpnn_score,1599.685727330133,10.738473874968145,1432.7339737541365,1715.502612255772,Bacteria
Salmonella typhimurium,proteinmpnn_score,1680.4760888138128,33.68086430656484,1252.2446488313917,2121.863789762372,Bacteria
Scheffersomyces stipitis,proteinmpnn_score,1135.0616434780234,13.33419525285261,977.2401724284741,1332.7922806078682,Eukaryota
Schistosoma japonicum,proteinmpnn_score,1042.314898585989,32.89861872558334,742.5338050527,1490.6013258463397,Eukaryota
Schistosoma mansoni,proteinmpnn_score,1244.9288803548748,30.610551765305786,985.4453666998094,1606.0488212599964,Eukaryota
Schizosaccharomyces pombe,proteinmpnn_score,1306.7303985017836,31.523767550510527,967.3220528641303,1748.3440321411051,Eukaryota
Scyliorhinus canicula,proteinmpnn_score,1428.9365296459355,18.652323766096895,1270.2025789362915,1654.7297272835315,Eukaryota
Serratia proteamaculans,proteinmpnn_score,1547.261689504436,39.9434035950133,969.0443270344763,2038.371549724412,Bacteria
Shewanella baltica,proteinmpnn_score,1674.2813239370466,22.09834714002674,1403.9665511410897,1927.0816992729585,Bacteria
Shewanella frigidimarina,proteinmpnn_score,1596.085924126075,5.727190739458437,1508.1810130743147,1659.7522076559121,Bacteria
Shewanella oneidensis,proteinmpnn_score,1464.7282028473794,40.305933730172825,965.4984585286896,1970.8321434838047,Bacteria
Shewanella putrefaciens,proteinmpnn_score,1590.4491606830666,50.56581766314073,1194.9761065866123,2071.9657686185683,Bacteria
Shewanella sp.,proteinmpnn_score,1622.7467231608234,50.81939413515853,1148.5616611130117,2057.891748952667,Bacteria
Shigella boydii serotype 18,proteinmpnn_score,1677.0322555833138,8.627477775241347,1559.694990860761,1778.328511703685,Bacteria
Shigella flexneri,proteinmpnn_score,1669.8824948536162,29.47551300506543,1191.1120606880459,1971.070958085129,Bacteria
Sigmodon hispidus,proteinmpnn_score,890.0562856385255,10.76887591988794,750.2387827440303,1009.0720379261247,Eukaryota
Sinorhizobium fredii,proteinmpnn_score,1591.2090862469233,37.399176073074926,1174.5940136184583,2139.0953414880846,Bacteria
Sodalis glossinidius,proteinmpnn_score,1434.697708600694,38.52476455927034,1031.520160236514,1976.2500690138766,Bacteria
Solanum lycopersicum,proteinmpnn_score,1224.6803783987632,41.37950942152503,857.3514922528668,1856.3944279535156,Eukaryota
Solanum tuberosum,proteinmpnn_score,960.1647821413815,16.3910429090896,811.8530929178959,1180.9789379699032,Eukaryota
Sordaria macrospora / K-hell),proteinmpnn_score,1195.5809818241605,15.049866505228056,1017.3181675027395,1398.065722015854,Eukaryota
Sorghum bicolor,proteinmpnn_score,1270.9439445479998,22.929071946709374,1083.663656466057,1621.6435824261077,Eukaryota
Spinacia oleracea,proteinmpnn_score,1212.9887388555499,26.536424897247354,906.1301246040822,1472.3793439374017,Eukaryota
Staphylococcus aureus,proteinmpnn_score,1595.8453697924797,46.53171702239671,905.1584618820605,2071.7282647068673,Bacteria
Staphylococcus epidermidis,proteinmpnn_score,1176.0424255762605,31.474599160223924,911.3102824421392,1441.6289232263603,Bacteria
Staphylococcus haemolyticus,proteinmpnn_score,1280.0465692011499,40.547111458376236,976.4244046131282,1678.585047217186,Bacteria
Staurastrum punctulatum,proteinmpnn_score,1649.3483228345933,21.69435909563827,1427.3466090218592,1834.2295339779957,Eukaryota
Stenotrophomonas maltophilia,proteinmpnn_score,1962.7177825263916,21.40015893810187,1711.665101172662,2186.8381793618605,Bacteria
Streptococcus gordonii,proteinmpnn_score,1660.9728419175487,15.587417041845537,1475.7005065864532,1864.7283224701648,Bacteria
Streptococcus pneumoniae,proteinmpnn_score,1721.6546433267495,20.95662582004069,1467.9322080399904,1915.456038125111,Bacteria
Streptococcus pneumoniae serotype 2,proteinmpnn_score,1686.194927376293,8.519278006305948,1585.677950267583,1779.1536501268847,Bacteria
Streptococcus pneumoniae serotype 4,proteinmpnn_score,1466.1658090882495,29.048105603077776,1156.254125808765,1781.8675359385695,Bacteria
Streptococcus pyogenes,proteinmpnn_score,1757.9997095773533,4.784199341729778,1704.9845103942853,1822.4793745902198,Bacteria
Streptococcus pyogenes serotype M1,proteinmpnn_score,1116.5829729094162,4.474232311101478,1051.8522276856263,1172.1046134727171,Bacteria
Streptococcus pyogenes serotype M3,proteinmpnn_score,1318.6277923094865,5.238064504537439,1233.888833399055,1373.6880381446138,Bacteria
Streptococcus pyogenes serotype M6,proteinmpnn_score,1374.6109749515986,4.052434254287808,1317.59480647977,1426.0441512164934,Bacteria
Streptococcus suis,proteinmpnn_score,1768.7250979509151,9.591755022206451,1652.4084642478633,1881.6878222186801,Bacteria
Streptomyces arenae,proteinmpnn_score,1692.4701784171668,4.635621471070922,1640.3145236016305,1752.688818121924,Bacteria
Streptomyces avermitilis,proteinmpnn_score,1482.1766335523207,30.16303362356712,1228.2569115276692,1752.2014956623075,Bacteria
Streptomyces coelicolor,proteinmpnn_score,1582.113109358279,51.078360455297414,1026.7661577497354,2195.8078176566855,Bacteria
Streptomyces coelicolor / M145),proteinmpnn_score,1559.4636312924215,41.77695095344002,1021.7795180528736,2001.338887244148,Bacteria
Streptomyces glaucescens,proteinmpnn_score,1652.6102791845667,40.638940390807946,1353.8873149259575,1990.0886372416107,Bacteria
Streptomyces griseus subsp. griseus,proteinmpnn_score,1724.2672598391928,5.709648086084441,1668.0961550065335,1802.5961638585347,Bacteria
Streptomyces lavendulae,proteinmpnn_score,1722.5513054868818,43.889293084540896,1170.8814411341104,2029.9121647149645,Bacteria
Struthio camelus,proteinmpnn_score,1581.5148074818298,14.7404916250592,1424.7539016373412,1737.338137313541,Eukaryota
Stutzerimonas stutzeri,proteinmpnn_score,1540.6136865872124,17.92654690112714,1372.0010477434698,1746.675355928055,Bacteria
Sulfolobus acidocaldarius,proteinmpnn_score,1809.349162660768,41.089721851201205,1186.3816334961846,2204.5653803962855,Archaea
Sulfurisphaera tokodaii,proteinmpnn_score,2054.738776021875,21.74132043472042,1775.8266379101426,2265.1604738646547,Archaea
Sus scrofa,proteinmpnn_score,1292.1057520931297,40.01105927885184,860.3007839028206,1765.1595826469252,Eukaryota
Synechococcus elongatus,proteinmpnn_score,1579.758206711687,42.24114422505357,1072.4002357929578,2039.461438264121,Bacteria
Synechococcus sp.,proteinmpnn_score,1400.5862528577586,11.598058997624143,1276.411642356511,1548.1639478945056,Bacteria
Synechocystis sp.,proteinmpnn_score,1446.7496466417372,46.56183500919506,922.4201786653473,1993.544831594412,Bacteria
Syntrophobacter fumaroxidans,proteinmpnn_score,1132.4751525847523,34.117834492925596,894.3314366786523,1497.4912484724418,Bacteria
Tachyglossus aculeatus aculeatus,proteinmpnn_score,1169.492620706022,25.457647271445023,898.902069854535,1372.3478718597135,Eukaryota
Taeniopygia guttata,proteinmpnn_score,1434.2636342842595,20.244231793596096,1284.5016866859473,1677.381960134775,Eukaryota
Takifugu rubripes,proteinmpnn_score,1269.9599253937986,15.836742195547588,1035.950642012915,1474.972994222316,Eukaryota
Talaromyces stipitatus,proteinmpnn_score,1163.4752144484999,9.252212745841772,1049.433855309174,1267.5975868427436,Eukaryota
Tetraodon nigroviridis,proteinmpnn_score,1654.0540734683336,37.28372723125215,1190.5888692383637,1944.6554862086862,Eukaryota
Thermococcus gammatolerans,proteinmpnn_score,2305.3037954357364,11.623958545618848,2163.073859828467,2420.121910046683,Archaea
Thermococcus kodakarensis,proteinmpnn_score,2303.7913178719386,24.451042715654506,2018.7038842122513,2566.0645158088814,Archaea
Thermococcus litoralis,proteinmpnn_score,2129.552276079289,14.719899945503967,1974.0744041836751,2295.9602853265023,Archaea
Thermococcus onnurineus,proteinmpnn_score,1879.6291125089356,5.432471918354503,1813.2311182903181,1950.2917179942588,Archaea
Thermococcus sibiricus,proteinmpnn_score,2078.556567214413,6.524050576301901,1987.3353678836766,2146.781911553543,Archaea
Thermococcus sp.,proteinmpnn_score,1883.4081667977755,6.706132816338306,1785.3009542873087,1969.4201227774981,Archaea
Thermofilum pendens,proteinmpnn_score,1983.46102161016,6.644661126834677,1892.7366262978817,2052.212347041137,Archaea
Thermoplasma acidophilum,proteinmpnn_score,1763.906042615583,36.535891025100284,1335.3589916033316,2230.4062056795865,Archaea
Thermoplasma volcanium,proteinmpnn_score,1738.837371356543,24.359561517701255,1494.2979211724855,2059.022173634533,Archaea
Thermoproteus tenax,proteinmpnn_score,1924.8106299930075,15.039006103261267,1774.7038884863512,2083.9405842269425,Archaea
Thermostichus vulcanus,proteinmpnn_score,1571.2506031337946,33.49600084089206,1161.6681857277483,1972.5449677314157,Bacteria
Thermosynechococcus vestitus,proteinmpnn_score,1670.8909479562865,43.96532644829949,1083.0331424160142,2290.205933020879,Bacteria
Thermotoga maritima,proteinmpnn_score,2198.4238811008427,26.569659790927272,1709.8934749028683,2412.456859957642,Bacteria
Thermus thermophilus,proteinmpnn_score,2358.9922654953184,10.051668482771007,2212.3187534742246,2506.600432846472,Bacteria
Toxoplasma gondii,proteinmpnn_score,811.7289840211782,11.892645329944262,684.2410280065654,997.2180881669249,Eukaryota
Treponema pallidum,proteinmpnn_score,1142.6246311232983,36.35254029550006,707.1997747163725,1627.6130363650875,Bacteria
Treponema pallidum subsp. pallidum,proteinmpnn_score,1464.8222207053989,1.6426032004889295,1441.8145021536554,1483.5501483505902,Bacteria
Trichoderma koningii,proteinmpnn_score,1610.8284161350439,4.5264559289182085,1553.8338971747417,1665.7225332343178,Eukaryota
Trichoplax adhaerens,proteinmpnn_score,1049.4041970991027,25.164127705542903,770.4051314959571,1468.0911581988041,Eukaryota
Trichormus variabilis,proteinmpnn_score,1396.0207845645436,46.18266047736822,975.1062023037687,2129.1015938530218,Bacteria
Triticum aestivum,proteinmpnn_score,1040.106387942856,40.94852344024555,660.3742506744536,1509.8260895450742,Eukaryota
Trypanosoma brucei brucei,proteinmpnn_score,1045.797107113989,22.613266382924273,788.1208479832768,1246.5130354761561,Eukaryota
Verminephrobacter eiseniae,proteinmpnn_score,1803.9317438056335,53.96300904068672,1187.012829573068,2196.224589855951,Bacteria
Vibrio cholerae,proteinmpnn_score,1563.542355049706,35.27160566564956,1045.6869104586738,1987.8411171639716,Bacteria
Vibrio cholerae serotype O1,proteinmpnn_score,1787.8081855123992,21.813355151331148,1558.1314570985046,2055.2354313179358,Bacteria
Vibrio parahaemolyticus serotype O3:K6,proteinmpnn_score,1815.6362717809454,25.68919856268385,1613.3958418587733,2072.859305765322,Bacteria
Vibrio vulnificus,proteinmpnn_score,1461.6256280680127,7.646707774644525,1342.4792032554064,1542.6089761919106,Bacteria
Vitis vinifera,proteinmpnn_score,1079.8078732997817,28.334610423567266,803.7044424248227,1404.4608329152886,Eukaryota
Xanthobacter autotrophicus,proteinmpnn_score,1792.8503224124547,16.31342792663086,1637.252435915228,1967.0768094129714,Bacteria
Xanthomonas campestris,proteinmpnn_score,1486.9943520261177,44.06471920853463,984.6728480449169,2027.5744507649058,Bacteria
Xanthomonas campestris pv. campestris,proteinmpnn_score,1823.0201066474665,5.118291839229082,1752.8582373973163,1893.5610554684843,Bacteria
Xenopus laevis,proteinmpnn_score,1185.4092215872865,35.585351049376335,729.7208041538385,1577.2411940746513,Eukaryota
Xenopus tropicalis,proteinmpnn_score,1147.1811476626942,25.85413934850654,815.0055595734568,1493.568929571433,Eukaryota
Xylella fastidiosa,proteinmpnn_score,1254.7645046979437,44.99117651824549,874.4449496443798,2062.4154126199014,Bacteria
Yarrowia lipolytica,proteinmpnn_score,1341.9824474086386,37.55554410561121,779.0156195478191,1975.4162575961323,Eukaryota
Yersinia enterocolitica,proteinmpnn_score,1812.4372292094786,5.3616521539290956,1747.123928658163,1893.7691560531741,Bacteria
Yersinia enterocolitica serotype O:8 / biotype 1B,proteinmpnn_score,1821.4231575403976,10.075352806691036,1722.8526071439471,1948.3994057137118,Bacteria
Yersinia pestis,proteinmpnn_score,1583.6241477426447,46.07043577976696,1000.7111193241517,2130.546671126634,Bacteria
Yersinia pseudotuberculosis serotype IB,proteinmpnn_score,1621.0479966026958,6.387156556642991,1546.6568646044345,1703.1736133401716,Bacteria
Yersinia pseudotuberculosis serotype O:1b,proteinmpnn_score,1486.71050879664,6.4261407074637065,1387.8231543250984,1561.3933663361802,Bacteria
Yersinia pseudotuberculosis serotype O:3,proteinmpnn_score,1352.4510503384524,46.91871171252693,1002.8313502979494,1746.7259677399902,Bacteria
Zea mays,proteinmpnn_score,1221.961598766794,36.03594774337629,759.1339122170918,1607.47526624242,Eukaryota
Zygnema circumcarinatum,proteinmpnn_score,1796.6925627674025,7.4793340087086655,1719.3911328087586,1913.7902033620987,Eukaryota
Zygosaccharomyces rouxii,proteinmpnn_score,1231.419181914556,29.3936082382865,967.9695011490356,1526.8797416210891,Eukaryota
Acetivibrio thermocellus,solublempnn_score,1678.5523958956421,6.71799488397023,1566.646351180532,1756.7169607540905,Bacteria
Acidianus ambivalens,solublempnn_score,1599.3632930713165,7.068932874178134,1491.6608008117676,1680.302571805126,Archaea
Acidiphilium cryptum,solublempnn_score,1857.607868650314,26.115950661662435,1621.6556268125275,2084.5068595185726,Bacteria
Acidithiobacillus ferrooxidans,solublempnn_score,1460.2411708696393,2.976210674505355,1413.9677116593095,1491.9723258329896,Bacteria
Acinetobacter baumannii,solublempnn_score,1287.3928363032687,26.050952827780687,1035.923510976969,1570.5381049251796,Bacteria
Acinetobacter baylyi,solublempnn_score,1414.0444137061102,44.79269154375631,877.4066777835037,1937.3743766913497,Bacteria
Acorus calamus var. americanus,solublempnn_score,1192.0120778619143,16.855003720975493,967.2402021901754,1344.8809468340548,Eukaryota
Actinobacillus pleuropneumoniae serotype 5b,solublempnn_score,1641.8395952747953,2.383923849010069,1610.894221838458,1672.8839878517322,Bacteria
Actinobacillus pleuropneumoniae serotype 7,solublempnn_score,1443.578422120334,1.6071909803784241,1422.7705328040643,1462.7607831558057,Bacteria
Adiantum capillus-veneris,solublempnn_score,1492.583834065898,34.4928490326348,1196.6819804937575,1803.7755466285487,Eukaryota
Aedes aegypti,solublempnn_score,1142.2182541283523,32.334981821057376,763.5875899851619,1535.2803098324237,Eukaryota
Aeromonas hydrophila,solublempnn_score,1528.094121334803,42.26399143468784,1012.30209130553,2087.950018842204,Bacteria
Aeromonas hydrophila subsp. hydrophila,solublempnn_score,1739.985206156289,8.42552212712257,1654.2009840057792,1841.1444201531106,Bacteria
Aeromonas salmonicida,solublempnn_score,1677.9432099899193,18.63244366280173,1458.7152613046474,1849.5972706377513,Bacteria
Aeropyrum pernix,solublempnn_score,1953.3583040880997,12.65732016802271,1765.948110099083,2078.635864183009,Archaea
Agrobacterium fabrum,solublempnn_score,1430.0716315335612,45.179550096710244,1026.9406508523107,2108.963996281768,Bacteria
Agrostis stolonifera,solublempnn_score,967.0294707878382,7.50019218651182,884.5874615013673,1088.5239316715426,Eukaryota
Ajellomyces capsulatus,solublempnn_score,1464.3379802801073,31.43539396298839,1195.268968989053,1770.444914457507,Eukaryota
Alcanivorax borkumensis,solublempnn_score,1762.8613641277482,6.864440525243887,1684.783006974279,1850.2247781825547,Bacteria
Aliivibrio fischeri,solublempnn_score,1442.0982405366997,31.609067384599197,1049.2936308487792,1825.7670377539837,Bacteria
Alkalihalobacillus clausii,solublempnn_score,1642.9763791039886,50.47254247205012,913.5945859862635,2096.53504149047,Bacteria
Alkalihalophilus pseudofirmus,solublempnn_score,2034.5888042210083,5.947417161055912,1964.84174537103,2110.173511885448,Bacteria
Alligator mississippiensis,solublempnn_score,1600.2857882193307,26.413761435117728,1244.523820573753,1836.5705517890844,Eukaryota
Allochromatium vinosum,solublempnn_score,1475.307057064065,3.9069949384863056,1426.842171683425,1522.4116202153537,Bacteria
Anas platyrhynchos,solublempnn_score,1465.8405585814273,47.55177126647512,906.4194896105071,1894.6423242644696,Eukaryota
Anopheles gambiae,solublempnn_score,1129.289511795718,29.62808524400206,817.1472535223655,1550.1093412650905,Eukaryota
Anopheles quadrimaculatus,solublempnn_score,1069.5474979092685,39.33733468853116,757.8639606320688,1498.3041707072646,Eukaryota
Anthoceros angustus,solublempnn_score,1560.0492096221901,23.523158057573358,1364.4477883908469,1775.4528033774693,Eukaryota
Apis mellifera,solublempnn_score,877.0904284610478,27.507485185116863,556.5064573640118,1305.1891944151348,Eukaryota
Aquifex aeolicus,solublempnn_score,1977.5585949917172,47.27053448711169,1311.9269475073959,2422.1913625915186,Bacteria
Arabidopsis thaliana,solublempnn_score,1139.5597930616373,38.411789754686936,741.8391657232328,1748.7203180599379,Eukaryota
Archaeoglobus fulgidus,solublempnn_score,2119.6403529288054,38.984804256976126,1319.2301820187038,2465.5724802719446,Archaea
Ashbya gossypii,solublempnn_score,1280.0207411614122,35.92631020454574,866.1116287353685,1719.1919117687678,Eukaryota
Aspergillus clavatus,solublempnn_score,1453.7119950034812,35.24858982357025,968.3436266039431,1698.6702282705285,Eukaryota
Aspergillus flavus,solublempnn_score,1730.5919535271012,8.389087947552573,1608.1420683845688,1816.6442422408145,Eukaryota
Aspergillus fumigatus,solublempnn_score,1258.7759823655826,34.360684555848465,803.3715785978457,1647.3921223619957,Eukaryota
Aspergillus niger,solublempnn_score,1452.063104070267,20.863160453236198,1087.0047285268365,1603.8017046586224,Eukaryota
Aspergillus oryzae,solublempnn_score,1323.119270270652,31.70883545190777,928.69454963549,1634.994627101693,Eukaryota
Azoarcus sp.,solublempnn_score,1297.6763335383719,10.558541870264403,1174.0069551578176,1405.219594900589,Bacteria
Azospirillum brasilense,solublempnn_score,1342.4502457057836,10.06459317483831,1231.361803858003,1449.3573941618545,Bacteria
Bacillus anthracis,solublempnn_score,1659.409156126393,44.26665720343333,1101.4489324622803,2051.185482346276,Bacteria
Bacillus cereus,solublempnn_score,1624.9743684270961,25.7527022231163,1207.302333027323,1870.6332324832917,Bacteria
Bacillus cytotoxicus,solublempnn_score,1741.3569375757634,22.786650548391947,1565.0707937029222,1988.5245428721505,Bacteria
Bacillus licheniformis,solublempnn_score,1672.2186078858629,38.969199110466285,1177.5421749634131,2067.5674926417887,Bacteria
Bacillus sp,solublempnn_score,1716.7328187691153,10.069702794914269,1597.7461006648966,1863.5101746021485,Bacteria
Bacillus sp.,solublempnn_score,1739.5086095895156,30.25607548756214,1448.030367440924,2047.392440333648,Bacteria
Bacillus spizizenii,solublempnn_score,1345.5762482293594,25.44468580378222,1126.9177997921095,1704.9964589935487,Bacteria
Bacillus subtilis,solublempnn_score,1715.4344923301999,38.45759131545535,1184.0409633070592,2246.338295934793,Bacteria
Bacillus thuringiensis,solublempnn_score,1710.593611672088,14.50215350757623,1524.4483102460508,1851.4728043765924,Bacteria
Bacillus thuringiensis serovar kurstaki,solublempnn_score,1306.3601598474459,5.608868712713373,1228.5433569107279,1373.389918556925,Bacteria
Bacillus thuringiensis subsp. israelensis,solublempnn_score,1254.6166140606517,4.724620550166169,1194.5674512472538,1309.7856358902911,Bacteria
Bacillus thuringiensis subsp. konkukian,solublempnn_score,1460.3598595501762,3.7869721933697025,1410.1192280551452,1501.2725133758922,Bacteria
Balaenoptera musculus,solublempnn_score,1720.2818358201437,13.76768669367629,1557.062141081375,1886.360260143308,Eukaryota
Balaenoptera physalus,solublempnn_score,1537.8763637752106,34.24652609110872,1105.5709317535127,1818.8215323232364,Eukaryota
Barbarea verna,solublempnn_score,1308.9507959568712,18.201217779870134,1073.4290572454447,1475.8590398992203,Eukaryota
Bartonella bacilliformis,solublempnn_score,1140.9809237319444,13.327834033340046,1022.8418798562956,1297.964809274064,Bacteria
Bifidobacterium longum,solublempnn_score,1442.0026670922296,5.084111842113286,1376.0336306942734,1502.1885805895624,Bacteria
Bifidobacterium longum subsp. infantis,solublempnn_score,1513.5024869271829,5.377450505297648,1443.0431723662907,1584.018679771248,Bacteria
Blastochloris viridis,solublempnn_score,1635.7039142001292,26.739409358557506,1291.0278933171949,1877.0221848350388,Bacteria
Blastomyces gilchristii,solublempnn_score,918.2636097096942,8.101232139749127,829.026974612768,1021.9095938018982,Eukaryota
Bordetella pertussis,solublempnn_score,1519.9280134066958,49.35820726937609,1027.3774293119393,2074.0407907512167,Bacteria
Borreliella burgdorferi,solublempnn_score,1381.8180831646316,35.653977902196075,1114.7003858914973,1809.9294818032854,Bacteria
Bos mutus grunniens,solublempnn_score,1278.8810175040253,32.35917799515935,912.469434269223,1557.6966903843506,Eukaryota
Bos taurus,solublempnn_score,1303.3976939287986,31.22799585268336,880.1294441769232,1641.4958902944302,Eukaryota
Bradyrhizobium diazoefficiens,solublempnn_score,1445.1293636612336,39.045754619566814,1073.6290181078718,1884.088210924594,Bacteria
Branchiostoma floridae,solublempnn_score,1163.618333610556,32.74527186796124,762.6011017138102,1577.4713534783402,Eukaryota
Brucella canis,solublempnn_score,1880.9980371937265,23.418762722394035,1620.9517112691897,2068.7374483627746,Bacteria
Brucella melitensis,solublempnn_score,1545.085776316664,37.806231266075656,1077.9375435135887,2018.539184056849,Bacteria
Brucella melitensis biotype 1,solublempnn_score,1297.5794810064135,4.753583214944865,1238.2190755702472,1355.3481180522776,Bacteria
Brucella melitensis biotype 2,solublempnn_score,1167.6822474069313,4.9232074003119894,1108.3278206669786,1227.8009624601664,Bacteria
Brucella ovis,solublempnn_score,1758.3271242009207,19.59835742514341,1561.789067453908,1985.5731842243981,Bacteria
Brucella suis biovar 1,solublempnn_score,1167.442407422565,5.295988037310429,1092.7528992944037,1223.1236783590691,Bacteria
Brugia malayi,solublempnn_score,988.1148452121578,22.45038360824768,741.8477272958179,1282.8022461759376,Eukaryota
Buchnera aphidicola,solublempnn_score,1101.6164223532533,35.42571742855954,793.9507093395672,1699.7541054142544,Bacteria
Buchnera aphidicola subsp. Acyrthosiphon pisum,solublempnn_score,1115.5176586627056,28.02808329845644,820.0738640842643,1501.9373508719557,Bacteria
Buchnera aphidicola subsp. Baizongia pistaciae,solublempnn_score,906.8048349458452,13.385476562951416,743.9323232883696,1057.1613819717522,Bacteria
Buchnera aphidicola subsp. Schizaphis graminum,solublempnn_score,1176.2686979519456,23.439321890185674,926.0804649796523,1429.7022906775264,Bacteria
Burkholderia cenocepacia,solublempnn_score,1688.0755718026637,38.63996725870974,1332.4817131981656,2049.15582413621,Bacteria
Burkholderia mallei,solublempnn_score,1566.4087373420573,49.4488244786751,963.8947401119917,2163.522000544475,Bacteria
Burkholderia multivorans,solublempnn_score,1942.835753881804,8.325153305675972,1846.375458145572,2040.7661473197347,Bacteria
Buxus microphylla,solublempnn_score,1077.0752518944055,8.37346339604082,977.2719249100253,1169.2326645100238,Eukaryota
Caenorhabditis briggsae,solublempnn_score,1106.1223021600863,35.20078727626993,756.5526739963799,1552.7135675080162,Eukaryota
Caenorhabditis elegans,solublempnn_score,1100.0769544897462,33.910409143067774,741.8362358793315,1640.8897848193958,Eukaryota
Caldanaerobacter subterraneus,solublempnn_score,2121.5151199588713,37.60763493447211,1599.2469573622457,2477.5796231932013,Bacteria
Caldivirga maquilingensis,solublempnn_score,2012.7705839702367,14.479007710045469,1850.8458102636316,2207.4623185565933,Archaea
Calycanthus floridus var. glaucus,solublempnn_score,1499.0787415295517,7.20301550964631,1403.9447107287756,1594.019724360155,Eukaryota
Campylobacter fetus subsp. fetus,solublempnn_score,1846.162520701448,8.567707974960301,1711.9432580706732,1926.724762293071,Bacteria
Campylobacter jejuni,solublempnn_score,1576.1662297938806,54.481484951741464,928.9263050785224,2104.543168781044,Bacteria
Campylobacter jejuni subsp. doylei,solublempnn_score,1523.7846125536505,6.218009402893883,1448.5893648382958,1604.773171326594,Bacteria
Campylobacter jejuni subsp. jejuni serotype O:2,solublempnn_score,1410.86167063455,9.57968514746214,1299.2098405014992,1566.1001805791243,Bacteria
Campylobacter jejuni subsp. jejuni serotype O:23/36,solublempnn_score,1725.7700669002809,7.058813387820881,1629.1499247559263,1817.2078084021816,Bacteria
Candida albicans,solublempnn_score,1311.702582561106,35.37973446487752,971.3735596653152,1840.2952609936244,Eukaryota
Candida glabrata,solublempnn_score,1375.4736335594564,12.23675608214378,1241.5379332158013,1509.7081610512917,Eukaryota
Canis lupus,solublempnn_score,1358.320038374915,26.15595063583845,1023.2518932277782,1613.8562965792453,Eukaryota
Capra hircus,solublempnn_score,1275.0636395879137,19.833357456716488,1065.2634832878675,1477.7127659203427,Eukaryota
Capsella bursa-pastoris,solublempnn_score,1323.9901054571603,25.39343610593209,1049.329447029498,1636.6690440864509,Eukaryota
Carassius auratus,solublempnn_score,1429.2983566262892,33.31452266332122,1031.9442680964119,1733.4060766067807,Eukaryota
Carica papaya,solublempnn_score,1370.9438364050563,27.985706064121647,982.662358508315,1566.852452697049,Eukaryota
Caulobacter vibrioides,solublempnn_score,1602.369673235191,52.258206601975736,926.7668563353204,2212.1447289528146,Bacteria
Cenarchaeum symbiosum,solublempnn_score,1749.2324383406324,10.70277675786119,1620.0491619084905,1866.535647356222,Archaea
Ceratotherium simum,solublempnn_score,1351.240366305103,28.600627954076725,1054.4093967357837,1675.7789695653246,Eukaryota
Cereibacter sphaeroides,solublempnn_score,1596.3969784680985,39.24070378322767,1039.0976284113715,2012.7875417039309,Bacteria
Chaetosphaeridium globosum,solublempnn_score,1838.4584591999128,5.765297971946011,1778.0892474926163,1914.087835801315,Eukaryota
Chlamydia pneumoniae,solublempnn_score,998.5367813572706,10.248025935165959,884.1629852800606,1130.9604296889534,Bacteria
Chlamydia trachomatis serovar D,solublempnn_score,1209.7315368724092,16.951787025805984,1038.4936120285872,1382.3656267384413,Bacteria
Chlamydia trachomatis serovar L2,solublempnn_score,1109.1062880645122,4.915840374259375,1035.9128017987214,1158.2310850810084,Bacteria
Chlamydomonas reinhardtii,solublempnn_score,1119.3110753942292,32.89808514582549,845.3690471810295,1636.2893485788559,Eukaryota
Chlorobaculum tepidum,solublempnn_score,1361.6470717449963,17.547975515374556,1187.6655320949199,1580.4671335999528,Bacteria
Chlorobaculum thiosulfatiphilum,solublempnn_score,1455.8952748948975,10.836560575001522,1333.689187453511,1591.7166845984593,Bacteria
Chlorobium phaeobacteroides,solublempnn_score,987.7863509288168,7.587326268782617,902.0735861457134,1083.244247813459,Bacteria
Chloroflexus aurantiacus,solublempnn_score,1851.3596846592734,6.37047664155492,1779.6180638825258,1930.8171941392632,Bacteria
Chromobacterium violaceum,solublempnn_score,1546.856381339072,48.15880086833052,951.6793564986059,2064.8101327686395,Bacteria
Citrobacter koseri,solublempnn_score,1612.313254123596,36.26236999311483,1107.688574577005,2038.9906234108503,Bacteria
Clostridium acetobutylicum,solublempnn_score,1775.9232950159928,37.38605085890403,1279.5729029451772,2202.1335528483887,Bacteria
Clostridium beijerinckii,solublempnn_score,1480.7096530006668,11.618547425245636,1356.9830212203992,1594.3054713766946,Bacteria
Clostridium botulinum,solublempnn_score,1473.1157618148954,11.655168619715118,1376.5326499545401,1633.012766466016,Bacteria
Clostridium kluyveri,solublempnn_score,1570.0744112406285,31.06521164210533,1264.8001019430176,1855.3788486586884,Bacteria
Clostridium perfringens,solublempnn_score,2061.865828150206,5.741420988688164,1980.6617319621207,2146.473791095138,Bacteria
Coffea arabica,solublempnn_score,1512.9614593422257,18.346474107449403,1354.8305210240014,1714.1999412631012,Eukaryota
Corynebacterium efficiens,solublempnn_score,1461.8587125954298,18.56455153808219,1247.5208427856314,1659.2678734588917,Bacteria
Corynebacterium glutamicum,solublempnn_score,1584.3240610840503,39.90065664973705,1159.6484468971025,2063.270010499643,Bacteria
Coturnix japonica,solublempnn_score,1700.7301036208798,14.606584581692474,1495.7777231884425,1844.364336589251,Eukaryota
Cricetulus griseus,solublempnn_score,1258.3197252051932,32.19102073281363,873.7080115921295,1547.7658156663106,Eukaryota
Cronobacter sakazakii,solublempnn_score,1624.8045616142906,37.58171161966354,1168.9060787625863,2078.9838674641956,Bacteria
Crucihimalaya wallichii,solublempnn_score,1478.1529320534735,12.991817147549785,1318.998399645624,1617.8146536057611,Eukaryota
Cryptococcus deneoformans,solublempnn_score,1395.573867552148,19.245708455377073,1152.7105510429585,1560.3936335489955,Eukaryota
Cucumis sativus,solublempnn_score,1404.0333123004273,26.6457582493674,1155.6121191848054,1653.1700523493994,Eukaryota
Culex quinquefasciatus,solublempnn_score,1174.0109424767033,21.25164119530624,890.2417689934251,1409.678136983304,Eukaryota
Cupriavidus necator,solublempnn_score,1567.6321241881847,42.84694477582123,990.4401614607823,2122.3072758692456,Bacteria
Cycas taitungensis,solublempnn_score,1442.234677125711,32.29117188404112,1158.4005008124811,1724.9697312325322,Eukaryota
Cytophaga hutchinsonii,solublempnn_score,1245.3218012272296,3.4732359755850353,1207.4458943299765,1295.5077844973155,Bacteria
Danio rerio,solublempnn_score,1198.4280901443628,30.56353246889807,822.6676490068478,1544.3792643253503,Eukaryota
Dasypus novemcinctus,solublempnn_score,1476.5970084411179,27.553181148223935,1106.3293513702956,1719.2167261505815,Eukaryota
Daucus carota,solublempnn_score,1394.569210817527,26.79731259158708,1174.116765115695,1679.7928753350675,Eukaryota
Debaryomyces hansenii,solublempnn_score,1255.2434807922375,34.65403894379838,893.1015485081508,1711.3124848070224,Eukaryota
Deinococcus radiodurans,solublempnn_score,1604.2327836931604,46.27781468207588,1067.869305448761,2195.928929573395,Bacteria
Dictyostelium discoideum,solublempnn_score,1157.5917609902258,33.194254343842815,802.6857274654102,1639.4494360305669,Eukaryota
Didelphis virginiana,solublempnn_score,1094.7218275907817,42.614213011683184,694.5936449422073,1666.9663575873994,Eukaryota
Drimys granadensis,solublempnn_score,1357.6299442758093,31.97765438946471,1074.371576257323,1661.1625019663875,Eukaryota
Drosophila melanogaster,solublempnn_score,1136.1100962052053,26.50911226733776,783.3938953507719,1490.1978852429163,Eukaryota
Drosophila persimilis,solublempnn_score,834.8324029942254,6.089215736802267,763.1622317966686,911.2839452173617,Eukaryota
Drosophila sechellia,solublempnn_score,1160.4196010732808,29.695394994203788,923.9195971441374,1487.7447074254478,Eukaryota
Drosophila simulans,solublempnn_score,967.2245256409271,9.253226719427246,851.7399025578994,1091.391008719505,Eukaryota
Drosophila willistoni,solublempnn_score,1202.8502520511563,29.7245009382191,953.8063570245217,1538.9752811657786,Eukaryota
Drosophila yakuba,solublempnn_score,1127.3846797001922,18.80655815836476,954.4748542926278,1377.7642798636239,Eukaryota
Dugong dugon,solublempnn_score,1504.3689886352815,16.197261191547465,1333.3428956435846,1703.1818576247135,Eukaryota
Emericella nidulans,solublempnn_score,1255.8034671527212,32.38897065010088,904.8550990471475,1664.9465419419748,Eukaryota
Encephalitozoon cuniculi,solublempnn_score,1090.8428513587417,31.656773050805107,832.3501463531353,1451.7533661167251,Eukaryota
Entamoeba histolytica,solublempnn_score,1271.4334553747344,43.720342192781665,814.3194143986096,1842.629670484658,Eukaryota
Enterobacter sp.,solublempnn_score,1532.2920085417543,34.24548023919742,1148.5172391431609,2074.7937406646674,Bacteria
Enterococcus faecalis,solublempnn_score,1685.0641154474763,39.276074585261206,1010.2472196142251,2108.1794833325453,Bacteria
Enterococcus hirae,solublempnn_score,1337.646525388835,3.975819555761677,1273.407898487455,1389.4194949767887,Bacteria
Equus caballus,solublempnn_score,1246.8965263836287,29.64981545284689,1010.3335853501378,1601.5077564284,Eukaryota
Erwinia tasmaniensis,solublempnn_score,1564.0069782732107,36.78930702127909,1156.3186666740849,2121.129118306778,Bacteria
Escherichia coli,solublempnn_score,1666.0966558136072,29.842192602487735,1166.0772968434478,1968.6996309346969,Bacteria
Escherichia coli O139:H28,solublempnn_score,1513.0039287496202,3.0074144104110268,1476.6785252797044,1550.5552702412124,Bacteria
Escherichia coli O157:H7,solublempnn_score,1792.808066861489,22.842531740516627,1529.3253903364055,2039.256592865031,Bacteria
Escherichia coli O17:K52:H18,solublempnn_score,1645.7451422210204,3.3864313653359415,1601.6605977339548,1689.541005210815,Bacteria
Escherichia coli O1:K1 / APEC,solublempnn_score,1707.0266601158446,19.177956741823003,1542.9588642851925,1914.9278546328655,Bacteria
Escherichia coli O45:K1,solublempnn_score,1567.7411422309867,16.627556836834152,1368.9373451859983,1748.2732944427255,Bacteria
Escherichia coli O6:H1,solublempnn_score,1524.2189561854293,39.249666343713685,1054.5977867774632,1897.5529573875747,Bacteria
Escherichia coli O7:K1,solublempnn_score,1780.4550258176348,12.01048035239183,1651.851836525453,1934.9545097355026,Bacteria
Escherichia coli O81,solublempnn_score,1582.3552027826152,3.39410894941935,1537.7614846942881,1625.8773296700256,Bacteria
Escherichia coli O9:H4,solublempnn_score,1021.4098003792282,4.794874726731195,956.1687237337713,1077.385214506346,Bacteria
Eucalyptus globulus subsp. globulus,solublempnn_score,1459.2432130312002,16.893223960574204,1313.6144164406248,1668.8053867923074,Eukaryota
Fagopyrum esculentum subsp. ancestrale,solublempnn_score,1304.2393868104286,39.63254882653767,960.8605529106934,1647.5215612234565,Eukaryota
Felis catus,solublempnn_score,1464.3332472872173,24.98398884137786,1098.4818920813173,1725.8743054537435,Eukaryota
Formosania lacustris,solublempnn_score,1036.1938704954978,16.408665373580313,860.2863081546134,1207.6924401500955,Eukaryota
Francisella tularensis subsp. holarctica,solublempnn_score,1299.2941308647792,4.285874794829453,1253.7936900945574,1364.021790534834,Bacteria
Francisella tularensis subsp. tularensis,solublempnn_score,1911.4968867029324,5.698705581801571,1832.3600001322227,1974.615352330931,Bacteria
Gadus morhua,solublempnn_score,1682.0504941600739,14.818762839259213,1535.8391307985348,1853.1127488875559,Eukaryota
Gallus gallus,solublempnn_score,1433.254345282313,31.108101838030635,962.7906334398192,1795.98755034609,Eukaryota
Geobacillus kaustophilus,solublempnn_score,1883.6152761889314,50.386117826643265,1105.217747279479,2292.2875300292203,Bacteria
Geobacillus stearothermophilus,solublempnn_score,1892.0336219867272,32.858807155988025,1525.5774665855981,2242.0543331841654,Bacteria
Gibberella zeae,solublempnn_score,1204.4651717672316,10.113977952899667,1089.57907303558,1345.7439951927292,Eukaryota
Gorilla gorilla,solublempnn_score,1326.4169534506239,31.491756455767355,954.6293976601587,1718.794345715683,Eukaryota
Gorilla gorilla gorilla,solublempnn_score,1653.5716803562484,9.377497023137948,1563.0448636672268,1808.5427334867643,Eukaryota
Gossypium barbadense,solublempnn_score,1278.9008662180888,36.551767913567026,901.7417740047295,1621.5832520424806,Eukaryota
Haemophilus ducreyi,solublempnn_score,1687.8203381942426,11.572221011489411,1554.7498750768223,1806.920288099822,Bacteria
Haemophilus influenzae,solublempnn_score,1626.4808246625441,39.80323589259158,935.0291581320472,2035.0726181467694,Bacteria
Halalkalibacterium halodurans,solublempnn_score,1768.904702519838,40.69773848047278,1113.7719506428102,2096.9025091509184,Bacteria
Haloarcula hispanica,solublempnn_score,1116.093990272302,3.272129188943481,1081.1545610136532,1170.369311389211,Archaea
Haloarcula marismortui,solublempnn_score,1648.6162738719704,30.353569069879903,1194.4211218560456,1982.9820785765532,Archaea
Halobacterium salinarum,solublempnn_score,1547.3017869426587,50.64639909301974,936.5662760533904,2100.323611870808,Archaea
Haloferax mediterranei,solublempnn_score,1436.674646291307,28.708170794086044,1107.6975157416264,1789.8505982679012,Archaea
Haloferax volcanii,solublempnn_score,1479.5728323655785,31.89861203485175,934.9983343065339,1751.301611448699,Archaea
Halopiger xanaduensis,solublempnn_score,1780.6897057871174,19.21479161191487,1588.2035316040453,1960.7374373554646,Archaea
Haloquadratum walsbyi,solublempnn_score,1278.0147347001807,39.01669182363936,759.2693175140703,1810.933361336967,Archaea
Halorhodospira halophila,solublempnn_score,1923.5323406629745,7.987763991491673,1835.351526574587,2025.93111101593,Bacteria
Halorubrum lacusprofundi,solublempnn_score,1608.8257254429993,25.16152745416349,1285.6470308050805,1853.7184953340427,Archaea
Helianthus annuus,solublempnn_score,1285.415542336713,8.473126339088722,1182.6191051969233,1420.8895483955637,Eukaryota
Helicobacter pylori,solublempnn_score,1357.3148428369977,45.16918976848322,905.469410759054,1897.593411920758,Bacteria
Homo sapiens,solublempnn_score,1240.9882736523243,31.64906047254112,885.6322770887122,1729.6667137477814,Eukaryota
Hordeum vulgare,solublempnn_score,1588.7497796382356,16.738868157992684,1417.3746678522648,1746.016954391341,Eukaryota
Huperzia lucidula,solublempnn_score,1845.4218820267392,8.961708066480197,1724.9884622560512,1952.7764421896693,Eukaryota
Hydra vulgaris,solublempnn_score,1223.9102750741508,11.316800807197886,1064.087575521642,1359.2499759890707,Eukaryota
Hydrogenobacter thermophilus,solublempnn_score,1544.5803900041988,2.5661259155792453,1508.8718553716874,1578.7383614688838,Bacteria
Hylobates lar,solublempnn_score,1466.4493917012553,9.862923489171216,1346.4223344689433,1564.4969962581697,Eukaryota
Hyperthermus butylicus,solublempnn_score,2064.7354441166735,12.88831009651521,1873.7485646991627,2197.504903624639,Archaea
Ignicoccus hospitalis,solublempnn_score,2113.716556512282,6.133059761735868,2023.554467889801,2175.400383927387,Archaea
Ipomoea purpurea,solublempnn_score,1630.7110718883473,13.787091088347719,1508.4275141170451,1804.7526757439027,Eukaryota
Jasminum nudiflorum,solublempnn_score,1607.5579129500393,14.892518911648235,1463.1842480401228,1793.8493115995611,Eukaryota
Klebsiella aerogenes,solublempnn_score,1399.9866558885874,4.074155922299404,1343.2267976824726,1450.2439391577527,Bacteria
Klebsiella pneumoniae,solublempnn_score,1591.6453267352751,37.10894422565463,1070.352856475244,2002.1047372270368,Bacteria
Klebsiella pneumoniae subsp. pneumoniae,solublempnn_score,1693.6678666152247,5.98762163940833,1618.7443026330359,1770.1859384551606,Bacteria
Kluyveromyces lactis,solublempnn_score,1280.6721903097446,35.46317792270213,956.1967434503663,1839.9133788256663,Eukaryota
Korarchaeum cryptofilum,solublempnn_score,1685.8548561131051,7.357946996145142,1591.3178395825403,1798.2224133761583,Archaea
Lactiplantibacillus plantarum,solublempnn_score,1709.382714108017,36.97902516552112,1242.129877622192,2091.963694148664,Bacteria
Lactococcus lactis,solublempnn_score,1648.1854669423994,34.80309717798133,1273.1396558430656,2154.262479372701,Bacteria
Lactococcus lactis subsp. cremoris,solublempnn_score,1227.6979892301017,3.7476698629668777,1189.2116369888754,1284.3967479052926,Bacteria
Lactococcus lactis subsp. lactis,solublempnn_score,1788.3645090651235,23.68989010127822,1543.619832673119,2046.9222233644455,Bacteria
Latimeria chalumnae,solublempnn_score,1066.446642170122,35.9251949926438,754.7755382038093,1514.4468740980265,Eukaryota
Legionella pneumophila,solublempnn_score,1304.558511984624,40.878539228439216,987.2987556629884,1652.4073390463884,Bacteria
Legionella pneumophila subsp. pneumophila,solublempnn_score,1447.4753388225736,7.378064076787395,1364.7744216561246,1538.8643629134724,Bacteria
Leifsonia xyli subsp. xyli,solublempnn_score,1669.9717481985772,5.227854513404122,1599.1036366581147,1733.1507319258315,Bacteria
Lemna minor,solublempnn_score,1243.3716449557185,12.680137588391604,1104.3855904264215,1410.673298715534,Eukaryota
Lemur catta,solublempnn_score,1352.5390259487824,31.971119618435903,950.6138837307764,1629.348712740017,Eukaryota
Lepidium virginicum,solublempnn_score,1248.660732633278,25.594958777192556,1044.8877449936977,1529.7459414024333,Eukaryota
Levilactobacillus brevis,solublempnn_score,1283.7198453253332,3.73599034019102,1234.780484513071,1333.017489910912,Bacteria
Liriodendron tulipifera,solublempnn_score,1349.1973888292375,26.378084615144893,1093.8859702381399,1750.669185711839,Eukaryota
Listeria monocytogenes,solublempnn_score,1640.8409213339298,44.05127731624265,954.9096537252613,2150.7061290836223,Bacteria
Listeria monocytogenes serotype 1/2a,solublempnn_score,1750.8111645537608,6.554640314139711,1665.006156954067,1837.2724789304323,Bacteria
Listeria monocytogenes serovar 1/2a,solublempnn_score,1438.6195874690422,4.173985171120065,1377.275080661683,1495.5631314461239,Bacteria
Lobularia maritima,solublempnn_score,1529.9624563595012,35.10484188878132,1045.7028897731493,1843.9423498694696,Eukaryota
Lodderomyces elongisporus,solublempnn_score,1343.6187687071633,21.841441210042557,1157.2085655391825,1599.1349479351222,Eukaryota
Lotus japonicus,solublempnn_score,1079.634535138426,7.0037911204305034,991.7125929387793,1191.8958686863593,Eukaryota
Loxodonta africana,solublempnn_score,1332.8603798123297,12.846122023579143,1138.6121362182244,1455.0392961089985,Eukaryota
Lumbricus terrestris,solublempnn_score,1144.1977807898177,23.259589891744394,909.7647850727071,1357.3431737606513,Eukaryota
Lycodon semicarinatus,solublempnn_score,1192.2065953429292,22.40877585541243,974.492783645853,1455.9756881567894,Eukaryota
Macaca fascicularis,solublempnn_score,1201.5597939742122,35.07691317264482,831.5346393149663,1679.3444343073686,Eukaryota
Mammuthus primigenius,solublempnn_score,1325.0142141926844,10.775944574496604,1205.7141578854844,1467.8789506912112,Eukaryota
Mannheimia succiniciproducens,solublempnn_score,1588.369497985762,46.53255223005998,977.638354225753,2095.284787373386,Bacteria
Marchantia polymorpha,solublempnn_score,1770.175497088643,18.03061008042022,1618.201765522172,1986.6550354137917,Eukaryota
Marinobacter nauticus,solublempnn_score,1532.660106004111,17.783197341514736,1352.6576419855448,1694.0371790991612,Bacteria
Mesocricetus auratus,solublempnn_score,877.2293516690504,17.220570571721865,702.8801313021281,1058.0932361285206,Eukaryota
Mesorhizobium japonicum,solublempnn_score,1498.9401484859181,35.8333334611783,1069.9027148162277,1980.712142713352,Bacteria
Mesostigma viride,solublempnn_score,1782.1752435276137,18.027031651098344,1635.3314646026508,1992.9061237175865,Eukaryota
Metallosphaera sedula,solublempnn_score,1613.6908619287967,23.3080980743199,1371.2106514432066,1850.3851547806235,Archaea
Methanobacterium formicicum,solublempnn_score,1366.3565984121153,9.302649856243319,1264.6334911273175,1476.9023004511726,Archaea
Methanobrevibacter smithii,solublempnn_score,1557.189958325363,11.20281198949414,1443.6668653188265,1690.45852120285,Archaea
Methanocaldococcus jannaschii,solublempnn_score,2126.888233179726,34.82795982853148,1627.8003716931946,2425.6060774780226,Archaea
Methanocella arvoryzae,solublempnn_score,1649.9469318556025,5.78131084696541,1576.970507002976,1727.9017510206443,Archaea
Methanococcoides burtonii,solublempnn_score,1641.037276916862,19.950988094671597,1435.8957461911043,1886.513912819979,Archaea
Methanococcus aeolicus,solublempnn_score,1822.3243712473784,15.692905317288341,1658.0400584611584,2013.796304312503,Archaea
Methanococcus maripaludis,solublempnn_score,1582.5145553278346,26.468670548412497,1166.237366751916,1918.426757604848,Archaea
Methanococcus vannielii,solublempnn_score,1478.4132654128439,26.469326916011617,1138.3970619842582,1774.8479962665938,Archaea
Methanocorpusculum labreanum,solublempnn_score,1479.3835029934148,8.973952363752725,1379.5571828659179,1587.2222276790221,Archaea
Methanoculleus marisnigri,solublempnn_score,1435.6771154628723,11.778181444730562,1301.3874578371058,1566.1332169347568,Archaea
Methanopyrus kandleri,solublempnn_score,2077.917333918305,15.346381071914731,1898.6499821962173,2276.8636800779855,Archaea
Methanoregula boonei,solublempnn_score,1825.7077720834748,33.51207505042491,1507.5521555276157,2196.0564763869584,Archaea
Methanosarcina acetivorans,solublempnn_score,1733.1334686687815,42.259214791177726,1131.2283997834127,2163.912998257284,Archaea
Methanosarcina barkeri,solublempnn_score,1763.2599342251558,19.73952290015186,1435.0754454795983,1988.0907201985765,Archaea
Methanosarcina mazei,solublempnn_score,1691.0235512612992,27.68591105888283,1273.96125417404,1984.7339546755088,Archaea
Methanosphaera stadtmanae,solublempnn_score,1566.9225237631658,18.578235306860012,1344.1468987008218,1779.6468575584847,Archaea
Methanosphaerula palustris,solublempnn_score,1536.7362884609104,8.358464395710794,1453.7292600112703,1651.646046785577,Archaea
Methanospirillum hungatei JF-1,solublempnn_score,1746.5604811874568,21.180398936111327,1492.4084612454608,2004.466943669686,Archaea
Methanothermobacter marburgensis,solublempnn_score,1599.9591824958816,20.586998589467665,1361.0098005837963,1789.5641816406812,Archaea
Methanothermobacter thermautotrophicus,solublempnn_score,1868.4335714194258,41.43682885540666,1424.9205520558203,2341.1976925656786,Archaea
Methanothermus fervidus,solublempnn_score,1903.0591524236902,7.156389399203872,1824.5880085397102,1993.3538032607164,Archaea
Methanothrix thermoacetophila,solublempnn_score,1767.7096885723306,7.093108503482039,1671.1877265578473,1871.2055086894163,Archaea
Methylococcus capsulatus,solublempnn_score,1622.1998570944331,34.09486582376199,1302.0143565954202,2030.5248221732263,Bacteria
Meyerozyma guilliermondii,solublempnn_score,1137.6512424787431,17.763942556704407,898.8058077721776,1275.3675076892002,Eukaryota
Micrococcus luteus,solublempnn_score,1432.861679899546,2.506324452559324,1393.313745578808,1462.3264773907697,Bacteria
Microcystis aeruginosa,solublempnn_score,1879.4200769691515,6.582119626994106,1791.0850792418105,1946.0271795613476,Bacteria
Micromonas commoda,solublempnn_score,1542.4028020123453,6.47778275717202,1444.9774952847713,1620.6491388403092,Eukaryota
Monodelphis domestica,solublempnn_score,1326.605293613949,19.20773965610272,1049.4119687687864,1582.5291166204668,Eukaryota
Mus musculus,solublempnn_score,1250.2871919483366,33.663074381476505,870.873824827805,1733.5829962792252,Eukaryota
Mycobacterium bovis,solublempnn_score,1822.9826347250173,25.068124188932938,1560.3268690279278,2219.405061151166,Bacteria
Mycobacterium leprae,solublempnn_score,1199.9884189399695,8.027112172783356,1113.0333469186055,1295.6405591827754,Bacteria
Mycobacterium sp.,solublempnn_score,1914.630180677163,30.227528434186667,1619.7533644032799,2195.901022407108,Bacteria
Mycobacterium tuberculosis,solublempnn_score,1573.2089912663712,41.766263768459055,927.4355986821164,2053.956327230984,Bacteria
Mycobacteroides abscessus,solublempnn_score,1536.209434345107,3.809324237963507,1488.1542046164875,1582.2047250735975,Bacteria
Mycolicibacterium gilvum,solublempnn_score,1357.5449571081706,5.4945711210109645,1274.9083192166147,1421.5845684506833,Bacteria
Mycolicibacterium paratuberculosis,solublempnn_score,1633.1223234751392,2.4914941068670395,1601.7358919439696,1661.4386416966197,Bacteria
Mycolicibacterium smegmatis,solublempnn_score,1695.150915130841,45.47677410807995,1026.028967503997,2224.7946246472297,Bacteria
Mycolicibacterium smegmatis155),solublempnn_score,1779.8194382202412,11.561868911920287,1646.9344446072412,1935.099731629425,Bacteria
Mycoplasma genitalium,solublempnn_score,1421.1146503544137,24.809155270262462,1201.9566076225676,1723.7037889703304,Bacteria
Mycoplasma pneumoniae,solublempnn_score,1258.825786920982,45.32056258132952,806.0224361539581,1838.0138082798082,Bacteria
Mycosarcoma maydis,solublempnn_score,1218.326221490802,40.19731578707404,827.3909758406254,1574.3896028598017,Eukaryota
Myxococcus xanthus,solublempnn_score,1573.5891990748778,12.704659465570526,1428.9157823882883,1713.9130014414773,Bacteria
Nanoarchaeum equitans,solublempnn_score,2166.5735263279807,31.528515583407554,1672.4276939518827,2465.245828103195,Archaea
Nasturtium officinale,solublempnn_score,1511.8635788527429,10.323277424520304,1392.8028591790628,1663.9372730968944,Eukaryota
Natrialba magadii,solublempnn_score,1541.2442009007611,7.643183933857693,1464.660287386433,1685.1317084628552,Archaea
Natronomonas pharaonis,solublempnn_score,1547.3670669319451,13.122560824997153,1366.9242469872845,1680.1031840293656,Archaea
Neisseria gonorrhoeae,solublempnn_score,1785.1301848641162,10.214425874212408,1663.2081130863983,1874.8296475370576,Bacteria
Neisseria meningitidis,solublempnn_score,1604.4024208724027,40.59202647930213,1032.5178228757206,2152.7254368450594,Bacteria
Nematostella vectensis,solublempnn_score,1149.3150635172196,25.793629425242592,812.2562906348444,1469.7930813098164,Eukaryota
Neosartorya fischeri,solublempnn_score,1227.1036661711755,34.90254056979849,819.8226283188463,1508.6091372786643,Eukaryota
Neurospora crassa,solublempnn_score,1279.5379700729054,37.213586086776054,901.845297425209,1854.4141617418627,Eukaryota
Nicotiana sylvestris,solublempnn_score,1440.7160386834762,21.996170734369283,1189.8520658171421,1635.514238275679,Eukaryota
Nicotiana tabacum,solublempnn_score,1127.6574572491202,33.394316458749294,780.6749289612263,1552.0556856677645,Eukaryota
Nitratidesulfovibrio vulgaris,solublempnn_score,1401.9970460128718,48.07832280532481,853.0167665391962,1910.6615232475765,Bacteria
Nitrosomonas europaea,solublempnn_score,1123.8218366726762,15.502489240482785,945.4829515021437,1276.6371892042441,Bacteria
Nitrosopumilus maritimus,solublempnn_score,1651.611921596504,10.613117793140617,1519.435533963733,1791.6903290559953,Archaea
Nocardia farcinica,solublempnn_score,1847.5250832015902,24.958406239115813,1534.0963835391804,2111.4920496672016,Bacteria
Nocardioides sp.,solublempnn_score,1781.3136084149137,9.030716705813676,1681.2583280970885,1891.723707401095,Bacteria
Nostoc punctiforme,solublempnn_score,1452.5074794973657,37.73779129019063,1077.0845205122182,1737.4108915702036,Bacteria
Nostoc sp.,solublempnn_score,1461.8920281914873,39.63930141133975,978.651515222689,2009.3598593885229,Bacteria
Notamacropus eugenii,solublempnn_score,1109.4687564545989,19.442152264154018,950.8658437665764,1339.860949583113,Eukaryota
Oceanobacillus iheyensis,solublempnn_score,1589.5371763933151,51.81619252788947,908.423611175607,2088.6448888309005,Bacteria
Oenothera berteroana,solublempnn_score,1566.4883247493904,19.19839595826209,1403.8907762835704,1786.6045132466481,Eukaryota
Oenothera elata subsp. hookeri,solublempnn_score,1375.0915527284114,48.42340282790524,965.8267651473993,1777.0512033129066,Eukaryota
Ogataea parapolymorpha,solublempnn_score,1544.9816749261915,20.33654758386556,1360.205789378753,1793.6240422382962,Eukaryota
Olimarabidopsis pumila,solublempnn_score,1264.4356270121314,32.375316224341056,988.3057215240813,1621.3224161346188,Eukaryota
Oncorhynchus mykiss,solublempnn_score,1596.5546853082938,27.865788308541894,1068.439531771589,1905.404650161054,Eukaryota
Ornithorhynchus anatinus,solublempnn_score,1453.2013381552931,30.19805939593571,1105.5448553966223,1740.9218067273557,Eukaryota
Oryctolagus cuniculus,solublempnn_score,1390.1024885391264,31.348920382333233,997.8593851491802,1747.133069812279,Eukaryota
Oryza sativa,solublempnn_score,1146.5119788157833,34.44773305966013,717.1417519820416,1593.309895258097,Eukaryota
Oryza sativa subsp. indica,solublempnn_score,1371.6306848727888,20.24198289148287,1182.9247044040026,1658.362838758247,Eukaryota
Oryza sativa subsp. japonica,solublempnn_score,1281.5963503237565,48.14226906390838,636.5148439322891,1731.061663478049,Eukaryota
Ostreococcus lucimarinus,solublempnn_score,1461.8071378499994,28.077939884806263,1168.7435750024956,1718.597915331211,Eukaryota
Ostreococcus tauri,solublempnn_score,1477.0943715539952,10.201612317642603,1346.3685620833935,1604.0775049589809,Eukaryota
Ovis aries,solublempnn_score,1289.883854900993,37.93007297462777,846.5288981506253,1784.4039992303954,Eukaryota
Paenarthrobacter aurescens,solublempnn_score,1540.0848739539745,6.502901867900236,1459.6991954930534,1616.049912879203,Bacteria
Paenarthrobacter nicotinovorans,solublempnn_score,1746.602138863332,6.749954074555936,1663.9054937782505,1829.7031425295436,Bacteria
Pan paniscus,solublempnn_score,1374.879996257233,27.56287247606156,1016.0337153250451,1592.702649563016,Eukaryota
Pan troglodytes,solublempnn_score,1365.567550037379,28.915742116030593,1023.2455263502898,1855.7792026456304,Eukaryota
Papio hamadryas,solublempnn_score,1669.254374090628,4.543126898921065,1612.5666968261485,1729.967732892038,Eukaryota
Paracoccidioides brasiliensis,solublempnn_score,1185.9691891063164,7.582922936645319,1068.7085444178838,1269.4081349246746,Eukaryota
Paracoccidioides lutzii,solublempnn_score,1347.0732461017617,33.50749376555477,1081.9401611469796,1667.1587942896047,Eukaryota
Paracoccus denitrificans,solublempnn_score,1980.5873149102931,13.385988288372884,1800.0626293924606,2129.0861815386697,Bacteria
Paramagnetospirillum magneticum,solublempnn_score,1493.8374037033182,4.0748372018588315,1439.1517836722862,1543.9848736939143,Bacteria
Paramecium tetraurelia,solublempnn_score,1015.7946167647663,41.83548763550704,584.2332927185196,1525.6013401960136,Eukaryota
Pasteurella multocida,solublempnn_score,1621.7115545021547,42.30766819210782,984.1452655760028,2135.260420704092,Bacteria
Paulinella chromatophora,solublempnn_score,1958.0379242348756,6.690058741266645,1857.7836699527465,2033.1281899719888,Eukaryota
Pectobacterium atrosepticum,solublempnn_score,1483.9410138906105,43.983839180265676,999.7807498269957,2082.446866747146,Bacteria
Pelotomaculum thermopropionicum,solublempnn_score,2239.8100923619572,11.573829609798592,2098.833529798339,2370.21389562091,Bacteria
Penicillium rubens,solublempnn_score,958.443234082324,14.580940252003282,791.3030989131108,1132.9141111531837,Eukaryota
Persephonella marina,solublempnn_score,1752.717221902652,12.714760731740725,1635.4484654872779,1898.0890905206675,Bacteria
Petromyzon marinus,solublempnn_score,1284.8673216486004,28.512821522316017,952.0285413158061,1788.5423910304748,Eukaryota
Phaseolus vulgaris,solublempnn_score,1096.040074750591,10.134438167790623,956.9235429121778,1188.5554103202599,Eukaryota
Phoca vitulina,solublempnn_score,1486.6088051334505,26.93100624350342,1236.321608407636,1719.9641765730905,Eukaryota
Photobacterium profundum,solublempnn_score,1460.1110562240751,49.60527875110242,926.0060216633785,2007.4714871814888,Bacteria
Photorhabdus laumondii,solublempnn_score,1522.5525826271491,40.79746850774311,1076.5663950711648,1949.4148851741177,Bacteria
Photorhabdus laumondii subsp. laumondii,solublempnn_score,1405.8106290672038,6.0400467835085765,1324.3695111422296,1474.0886552282473,Bacteria
Physcomitrium patens,solublempnn_score,1497.4467499224609,40.1477324235503,1063.384386774552,1768.6933864454516,Eukaryota
Phytophthora infestans,solublempnn_score,1341.1416689844948,55.4561507850803,688.7469361258779,2049.672486519509,Eukaryota
Pichia angusta,solublempnn_score,1748.7368224347279,39.8643685229643,1339.626245975904,2113.3707428268563,Eukaryota
Picosynechococcus sp.,solublempnn_score,1507.10799447796,7.5502912219258524,1409.993398328234,1599.4094848555967,Bacteria
Picrophilus torridus,solublempnn_score,1489.6609961734355,22.888107517022174,1153.04154848469,1699.0325753037405,Archaea
Pisum sativum,solublempnn_score,1184.7080652715767,31.106276114875556,839.369416574878,1532.2271043056612,Eukaryota
Plasmodium falciparum,solublempnn_score,1005.0364581803307,40.54917308973982,578.2570324542453,1747.620253124183,Eukaryota
Platanus occidentalis,solublempnn_score,1686.1113766310775,23.75681773851866,1489.8951212637473,1909.4338887509793,Eukaryota
Polaromonas naphthalenivorans,solublempnn_score,1584.6475577127928,34.6014751604091,1233.6293382629076,1852.3799538383353,Bacteria
Pongo abelii,solublempnn_score,1331.5706962492923,39.32429711655958,906.681284494616,1819.7419503381236,Eukaryota
Pongo pygmaeus,solublempnn_score,1417.659191999385,34.8214500139404,1089.2187275806452,1832.0545400533485,Eukaryota
Populus trichocarpa,solublempnn_score,1230.913352173392,22.497094581891396,928.1553695453783,1404.0107976385234,Eukaryota
Porphyromonas gingivalis,solublempnn_score,1271.8794861564127,4.759005334891698,1216.3674750408973,1333.2518585464377,Bacteria
Prochlorococcus marinus,solublempnn_score,1470.0320054267734,28.503581828818735,1181.8355020187096,1880.262397432511,Bacteria
Proteus mirabilis,solublempnn_score,1556.1577996151398,45.74705903231479,1053.5117494984995,2089.114579929983,Bacteria
Pseudomonas aeruginosa,solublempnn_score,1505.6640917701004,42.041596242664625,978.5987803854816,1984.9947796119745,Bacteria
Pseudomonas fluorescens,solublempnn_score,1676.4499714162773,9.098537637880419,1558.0485071635726,1767.2366368559815,Bacteria
Pseudomonas paraeruginosa,solublempnn_score,1792.8781936734435,19.995217144116445,1616.622120529545,1985.8765795327677,Bacteria
Pseudomonas putida,solublempnn_score,1561.0272707819938,38.723313839858605,1179.4461536887918,1978.3226364078707,Bacteria
Pseudomonas sp,solublempnn_score,1811.720990472909,8.523306526602545,1703.5925962521742,1903.7303122947847,Bacteria
Pseudomonas sp.,solublempnn_score,1250.834308456031,6.930653181548327,1155.4738933276494,1332.208212528741,Bacteria
Pseudomonas syringae pv. tomato,solublempnn_score,1449.701233556674,23.895298851517673,1249.8394671433766,1710.4910637146781,Bacteria
Pseudomonas taetrolens,solublempnn_score,1508.6074349724718,7.6492751533458145,1403.3152845387535,1607.9212593254515,Bacteria
Pyricularia oryzae,solublempnn_score,1096.2338882737267,8.521843418322192,992.2230305566274,1206.4724092143047,Eukaryota
Pyrobaculum aerophilum,solublempnn_score,2104.710427815042,27.20501971127488,1625.5980199756452,2367.398559890345,Archaea
Pyrobaculum arsenaticum,solublempnn_score,1943.3088740398891,10.800699769938118,1804.1793498027753,2072.348995768895,Archaea
Pyrobaculum calidifontis,solublempnn_score,1977.1593490149812,41.38077393717452,1522.0469455804948,2361.0221588227155,Archaea
Pyrobaculum islandicum,solublempnn_score,2052.1452963049155,21.06141417233282,1674.17370561995,2237.9774546148456,Archaea
Pyrobaculum neutrophilum,solublempnn_score,1512.5874304842084,6.027997834797805,1443.3603445943368,1587.8588554148625,Archaea
Pyrococcus abyssi,solublempnn_score,2364.2741653510775,11.094472829703605,2218.905584929391,2522.9649891884515,Archaea
Pyrococcus furiosus,solublempnn_score,2295.2976643343895,40.66991168402328,1441.0666700569923,2653.1531682540162,Archaea
Pyrococcus horikoshii,solublempnn_score,2303.4273383845425,41.807614690096614,1346.2383355893999,2580.274680209174,Archaea
Pyrococcus woesei,solublempnn_score,2290.3221799024386,8.43702107247911,2161.9065620139772,2378.2637336061193,Archaea
Ralstonia solanacearum,solublempnn_score,1498.0638567123494,41.88258945627482,980.391384904721,2075.282723475073,Bacteria
Rattus norvegicus,solublempnn_score,1224.3132779424013,38.50562465545089,800.3873162407975,1679.83188335136,Eukaryota
Rhinoceros unicornis,solublempnn_score,1569.7327976852332,28.600400325113103,1242.9435006533975,1843.1354492170256,Eukaryota
Rhipicephalus sanguineus,solublempnn_score,1180.1101729139739,31.82723904613163,883.9828947853523,1449.5797255812115,Eukaryota
Rhizobium meliloti,solublempnn_score,1516.8799458554704,44.64130997602205,939.3534620338231,2092.40068614987,Bacteria
Rhodobacter capsulatus,solublempnn_score,1823.4144218740942,47.04898765346746,999.7193844064179,2129.270825447426,Bacteria
Rhodococcus erythropolis,solublempnn_score,1601.4804930504476,9.297925052284272,1497.8490788456827,1729.0858852569556,Bacteria
Rhodococcus jostii,solublempnn_score,1894.7419150147286,5.489602916908664,1813.7982116569644,1955.1426184852178,Bacteria
Rhodococcus sp,solublempnn_score,1498.3941966231632,2.8730006714562486,1459.3883323945427,1533.0973008204032,Bacteria
Rhodopseudomonas palustris,solublempnn_score,1395.7384038181406,35.280404931592834,946.4728266563792,1844.5038569884723,Bacteria
Rhodospirillum rubrum,solublempnn_score,1663.8362608427674,20.737784257105425,1434.8047861416228,1901.5417362021474,Bacteria
Rhodovulum sulfidophilum,solublempnn_score,1414.7223480196653,3.0042253578232723,1373.5160747059765,1455.316275252741,Bacteria
Ricinus communis,solublempnn_score,1359.6609318642177,9.979934932977383,1235.6902381096413,1505.4110156297152,Eukaryota
Rickettsia conorii,solublempnn_score,1644.5170654262374,18.953396851735363,1437.8475026620572,1841.4919944988715,Bacteria
Rickettsia felis,solublempnn_score,1389.9390857544245,36.0669328620379,1007.225303535668,1716.7542528883569,Bacteria
Rickettsia prowazekii,solublempnn_score,1285.2042643415912,44.40960359706666,856.5849297080013,1869.0750544877765,Bacteria
Ruegeria pomeroyi,solublempnn_score,1562.8235642347242,3.3038748935317157,1523.726924463144,1604.1785032216167,Bacteria
Saccharolobus islandicus,solublempnn_score,1882.688842634795,19.69906752395472,1626.0273881427584,2107.887531622152,Archaea
Saccharolobus shibatae,solublempnn_score,1732.97771752385,9.406880335341409,1635.328657465412,1833.6286519187613,Archaea
Saccharolobus solfataricus,solublempnn_score,1833.0152852708272,43.814751041570936,1167.914738652389,2244.6792704855548,Archaea
Saccharomyces cerevisiae,solublempnn_score,1246.5838506324064,30.531634067334288,924.5505428150622,1642.6197403118579,Eukaryota
Saccharopolyspora erythraea,solublempnn_score,1567.5653797654709,15.633698331594452,1419.8633641085983,1752.3101763861034,Bacteria
Salmo salar,solublempnn_score,1523.4447647972338,50.75340896690133,797.0614563484118,1858.1318448505845,Eukaryota
Salmo trutta,solublempnn_score,1011.4364322519199,26.456704611307117,762.6453753356564,1241.3117438308182,Eukaryota
Salmonella paratyphi B,solublempnn_score,1591.2509276738556,11.417276128926074,1434.9495468868035,1714.8462565953746,Bacteria
Salmonella typhi,solublempnn_score,1562.4392148466845,28.496546168151685,1268.4109789029194,1852.5200570946583,Bacteria
Salmonella typhimurium,solublempnn_score,1639.7473187026624,30.061335472477698,1201.789240976797,1986.9922721189755,Bacteria
Scheffersomyces stipitis,solublempnn_score,1153.2978636418175,22.60168373123582,921.7918747549312,1421.80388545201,Eukaryota
Schistosoma japonicum,solublempnn_score,978.7603976670221,22.96360462513529,772.3035712183439,1329.8005866610245,Eukaryota
Schistosoma mansoni,solublempnn_score,1098.981975946302,6.1216063000843555,1022.8974470185356,1172.2744487277328,Eukaryota
Schizosaccharomyces pombe,solublempnn_score,1280.1572485262939,30.383086315722153,971.8481830898475,1742.8341038545125,Eukaryota
Scyliorhinus canicula,solublempnn_score,1392.4286551449236,24.004797131455238,1079.7695838274124,1614.2069969545737,Eukaryota
Serratia proteamaculans,solublempnn_score,1523.3434349350334,42.29340227149633,980.2286175505536,2140.621795403664,Bacteria
Shewanella baltica,solublempnn_score,1533.5568611368653,17.534987956849015,1211.07575096683,1659.1025043973466,Bacteria
Shewanella frigidimarina,solublempnn_score,1651.895121744281,5.854957077634138,1585.813987877552,1730.5149297258024,Bacteria
Shewanella oneidensis,solublempnn_score,1411.9797982310934,39.01501409423783,1032.6199173050009,2012.2112183278414,Bacteria
Shewanella putrefaciens,solublempnn_score,1615.8933284245159,48.18611712757776,1237.0947460000166,2077.096037060354,Bacteria
Shewanella sp.,solublempnn_score,1614.5326971305324,43.34659136402128,1166.490775842852,1976.4699812214678,Bacteria
Shigella boydii serotype 18,solublempnn_score,1755.2661893057186,6.377259229116925,1672.1947686760652,1829.911889661128,Bacteria
Shigella flexneri,solublempnn_score,1660.96477610258,36.76168973215937,1197.9507788355675,2050.5351106979692,Bacteria
Sigmodon hispidus,solublempnn_score,914.6860952810515,13.542115007194779,756.8582905399063,1044.2086513725305,Eukaryota
Sinorhizobium fredii,solublempnn_score,1634.0969943396433,38.18984296703469,1205.7232866950735,2048.0363187950775,Bacteria
Sodalis glossinidius,solublempnn_score,1430.6374967214342,43.25621712951785,983.7160968089836,1938.7299983471075,Bacteria
Solanum lycopersicum,solublempnn_score,1212.3051743502535,37.46458669371746,884.9276225795285,1820.4922318864267,Eukaryota
Solanum tuberosum,solublempnn_score,1006.6165204751976,19.16102340627012,833.2604635379233,1284.390283328307,Eukaryota
Sordaria macrospora / K-hell),solublempnn_score,1198.1457163184702,19.296694944804894,963.7114569133406,1448.3602879277923,Eukaryota
Sorghum bicolor,solublempnn_score,1153.8437260974742,32.17890760902786,835.8900653209027,1532.5641357814773,Eukaryota
Spinacia oleracea,solublempnn_score,1192.7343246341502,27.192685352680872,877.3986301157447,1486.6267772920423,Eukaryota
Staphylococcus aureus,solublempnn_score,1605.655336247034,52.72702614729967,895.2273124217214,2079.8048469535324,Bacteria
Staphylococcus epidermidis,solublempnn_score,992.9541224080934,16.66028821267202,838.1031715266987,1144.701343992233,Bacteria
Staphylococcus haemolyticus,solublempnn_score,1286.3111318945762,40.4629999481749,978.7050177074021,1683.520247708229,Bacteria
Staurastrum punctulatum,solublempnn_score,1732.0806118894982,13.302208111143221,1581.170689105493,1855.579702877577,Eukaryota
Stenotrophomonas maltophilia,solublempnn_score,1932.9257784170436,10.933801782514903,1792.4438794775351,2049.1158438646653,Bacteria
Streptococcus gordonii,solublempnn_score,1688.7063421871292,8.245855506614706,1593.567900279112,1798.1408568989907,Bacteria
Streptococcus pneumoniae,solublempnn_score,1700.1788304225288,16.855964164189324,1514.515404758294,1897.59518576107,Bacteria
Streptococcus pneumoniae serotype 2,solublempnn_score,1669.0484994473125,8.432136869078692,1571.7887561434115,1758.9292850773563,Bacteria
Streptococcus pneumoniae serotype 4,solublempnn_score,1430.2894761277485,36.25498690679182,1050.1323923674079,1835.7820611827979,Bacteria
Streptococcus pyogenes,solublempnn_score,1698.5777147107242,4.793708643087161,1649.5951841896856,1769.3560718698595,Bacteria
Streptococcus pyogenes serotype M1,solublempnn_score,1047.4705774618112,4.462052593389564,982.1624325796271,1105.4704207662862,Bacteria
Streptococcus pyogenes serotype M3,solublempnn_score,1312.706850584732,5.0354646913326295,1250.8808414860189,1376.6799761749214,Bacteria
Streptococcus pyogenes serotype M6,solublempnn_score,1244.11768509025,3.8746735601295343,1186.6665179722577,1298.9863554113203,Bacteria
Streptococcus suis,solublempnn_score,1810.977461695776,26.622712207434603,1568.0121523485711,2052.8006264804667,Bacteria
Streptomyces arenae,solublempnn_score,1568.5202510833885,4.562461993429883,1516.4699327356416,1631.02530416141,Bacteria
Streptomyces avermitilis,solublempnn_score,1373.0382227475102,27.3995066986175,1116.4216974592339,1626.251323919014,Bacteria
Streptomyces coelicolor,solublempnn_score,1611.747287646417,53.41715032472427,1027.5008054098084,2193.8911722933176,Bacteria
Streptomyces coelicolor / M145),solublempnn_score,1645.056448848203,39.9543536344591,1082.9683853403014,2011.574089829126,Bacteria
Streptomyces glaucescens,solublempnn_score,1640.2995623906704,38.59807889373919,1348.6826021275265,1967.0034124713652,Bacteria
Streptomyces griseus subsp. griseus,solublempnn_score,1692.1125342105752,5.020359258853866,1640.8844644237747,1760.3577269468615,Bacteria
Streptomyces lavendulae,solublempnn_score,1685.7204639959623,47.98233481628198,1081.6133711037596,2020.0355742396891,Bacteria
Struthio camelus,solublempnn_score,1625.544911200741,17.16656477045828,1443.071756090901,1800.3677954899308,Eukaryota
Stutzerimonas stutzeri,solublempnn_score,1307.084009088511,32.323619156166124,1014.4717048502056,1609.4286230389305,Bacteria
Sulfolobus acidocaldarius,solublempnn_score,1806.4582336123804,38.6728610407179,1217.4863460825413,2225.1353016203134,Archaea
Sulfurisphaera tokodaii,solublempnn_score,1971.9868381345568,29.11155099634877,1610.2423023904298,2327.598057117359,Archaea
Sus scrofa,solublempnn_score,1306.43891655771,36.315215357809265,872.4250780072574,1752.2989226185296,Eukaryota
Synechococcus elongatus,solublempnn_score,1577.7793317302453,36.86031430886386,1074.003264821862,2011.9118055559554,Bacteria
Synechococcus sp.,solublempnn_score,1535.1762995342824,11.200009142018722,1426.8914412897745,1681.7716942285467,Bacteria
Synechocystis sp.,solublempnn_score,1465.4646802966024,50.03030280397425,901.2472263108908,1939.89599302238,Bacteria
Syntrophobacter fumaroxidans,solublempnn_score,1348.2604943492695,21.583225749147918,1188.101536259901,1611.8003211014873,Bacteria
Tachyglossus aculeatus aculeatus,solublempnn_score,1131.4780551653696,20.52411175781423,892.5153129047592,1298.2553290911146,Eukaryota
Taeniopygia guttata,solublempnn_score,1476.3250651899198,18.486631996908184,1334.0616536429357,1694.064267174312,Eukaryota
Takifugu rubripes,solublempnn_score,1188.7352895449073,17.38287647225602,944.5945514059745,1450.9305141099676,Eukaryota
Talaromyces stipitatus,solublempnn_score,1161.0162137290674,8.258698195321356,1047.5773186330634,1259.8349973564623,Eukaryota
Tetraodon nigroviridis,solublempnn_score,1694.6778513725474,30.55235206227521,1325.398692346506,1934.3887282693763,Eukaryota
Thermococcus gammatolerans,solublempnn_score,2297.8739451214547,11.787035212659434,2137.584757662931,2414.0858722406538,Archaea
Thermococcus kodakarensis,solublempnn_score,2267.8202244631952,24.914613864330963,1933.9143470179324,2531.429160509331,Archaea
Thermococcus litoralis,solublempnn_score,2141.6842756602273,17.92635287019391,1930.0036339769222,2308.621059419539,Archaea
Thermococcus onnurineus,solublempnn_score,1896.5325888970933,5.004040721050575,1842.850233601138,1967.901020322141,Archaea
Thermococcus sibiricus,solublempnn_score,1995.4395247892817,8.026757871441184,1887.0320218045752,2098.2696533917824,Archaea
Thermococcus sp.,solublempnn_score,1897.1799340303694,5.944301688986415,1810.3755803973493,1972.6360750686297,Archaea
Thermofilum pendens,solublempnn_score,1997.4339292056998,6.055751525479065,1920.100049095329,2073.0758899781913,Archaea
Thermoplasma acidophilum,solublempnn_score,1735.9528988834584,32.1807465077112,1336.8074565556178,2106.894992653325,Archaea
Thermoplasma volcanium,solublempnn_score,1787.748543306736,27.158816352203228,1432.0734119533824,2080.792698307573,Archaea
Thermoproteus tenax,solublempnn_score,1892.3469490773725,16.340774934042024,1738.3017099191877,2058.44388761386,Archaea
Thermostichus vulcanus,solublempnn_score,1508.9832092062718,25.89933368428695,1133.5496736179007,1729.3228004620707,Bacteria
Thermosynechococcus vestitus,solublempnn_score,1658.065846249322,42.87382601817514,1131.534016896031,2151.4307682356593,Bacteria
Thermotoga maritima,solublempnn_score,2191.694204847362,35.16357673426514,1527.1907826520464,2473.051057533642,Bacteria
Thermus thermophilus,solublempnn_score,2367.756591635234,9.882900393406027,2243.918246881447,2491.2543310155625,Bacteria
Toxoplasma gondii,solublempnn_score,799.4651908269911,16.35398434243856,653.7025534269646,1036.4910523236997,Eukaryota
Treponema pallidum,solublempnn_score,1211.6603916572656,40.86146257275084,829.1470979079901,1817.3533639150044,Bacteria
Treponema pallidum subsp. pallidum,solublempnn_score,1462.5269656156129,1.4242926607492945,1443.569129216698,1481.5791067876764,Bacteria
Trichoderma koningii,solublempnn_score,1731.4340588487414,4.71189274777481,1681.9999586467322,1802.2681724028341,Eukaryota
Trichoplax adhaerens,solublempnn_score,1014.6613276273065,26.264345217017382,783.8035654317813,1446.7609964222147,Eukaryota
Trichormus variabilis,solublempnn_score,1366.883580048426,43.55818307080605,972.0588090960691,2061.6714533897225,Bacteria
Triticum aestivum,solublempnn_score,1122.2816276118592,50.15354535859552,684.424994625461,1757.1678506518847,Eukaryota
Trypanosoma brucei brucei,solublempnn_score,962.9201876691216,17.45285133878033,743.6108726995734,1164.2962241953824,Eukaryota
Verminephrobacter eiseniae,solublempnn_score,1852.4181927754842,55.92070027650151,1210.304628286745,2237.8535781489395,Bacteria
Vibrio cholerae,solublempnn_score,1560.0736832327818,40.14695119999756,1058.598651392605,2095.545531748866,Bacteria
Vibrio cholerae serotype O1,solublempnn_score,1777.0407954916009,26.325716421387707,1521.9065692158442,2095.4283528417673,Bacteria
Vibrio parahaemolyticus serotype O3:K6,solublempnn_score,1572.4540531983546,19.479890709951672,1408.216359841827,1771.7549206881042,Bacteria
Vibrio vulnificus,solublempnn_score,1460.2024404772287,9.626066679762756,1339.3163954723525,1563.1837900134199,Bacteria
Vitis vinifera,solublempnn_score,1001.8369726353591,20.011636255374686,780.2782305986664,1233.285382010202,Eukaryota
Xanthobacter autotrophicus,solublempnn_score,1544.8952049352488,12.13902866091369,1365.0456600071027,1676.8011017896506,Bacteria
Xanthomonas campestris,solublempnn_score,1484.7701639717372,38.66301401097384,1040.9117254096163,1954.286959035358,Bacteria
Xanthomonas campestris pv. campestris,solublempnn_score,1804.501379511449,5.3160127027301405,1740.4917361815833,1881.5389053454217,Bacteria
Xenopus laevis,solublempnn_score,1175.2952406680745,30.456720212829943,755.7350411520445,1510.2553863994028,Eukaryota
Xenopus tropicalis,solublempnn_score,1174.578470996122,27.60103661443251,868.0937669696971,1499.3441626019012,Eukaryota
Xylella fastidiosa,solublempnn_score,1262.625565995576,39.76702385722529,897.2020529669951,2029.4197768263323,Bacteria
Yarrowia lipolytica,solublempnn_score,1331.8787124667517,38.224963943681296,768.0268933789949,1902.806793140754,Eukaryota
Yersinia enterocolitica,solublempnn_score,1865.6433133731393,5.585345576783738,1798.5677399238252,1950.5701516980612,Bacteria
Yersinia enterocolitica serotype O:8 / biotype 1B,solublempnn_score,1846.6434735120795,11.928215064768663,1730.9184012497587,1987.379476312406,Bacteria
Yersinia pestis,solublempnn_score,1536.9983590013778,48.06512792004983,1014.3094271980781,2144.6178982305837,Bacteria
Yersinia pseudotuberculosis serotype IB,solublempnn_score,1748.040794467324,5.9570530792355925,1675.5773142407795,1822.2463842752024,Bacteria
Yersinia pseudotuberculosis serotype O:1b,solublempnn_score,1292.01359882428,7.475202511875396,1182.4987418939868,1387.1993129596742,Bacteria
Yersinia pseudotuberculosis serotype O:3,solublempnn_score,1357.2699099123618,49.41737885317424,987.319620566769,1779.053096201605,Bacteria
Zea mays,solublempnn_score,1215.38641939087,36.15472652302294,757.371789642186,1675.7515071188475,Eukaryota
Zygnema circumcarinatum,solublempnn_score,1748.7773170452408,6.187243574369133,1679.6132081640108,1839.299185446951,Eukaryota
Zygosaccharomyces rouxii,solublempnn_score,1255.1551572435744,21.61721240738526,1040.3349263235027,1488.3884969904564,Eukaryota
Acetivibrio thermocellus,caliby_score,1623.6689219909574,11.187998086895012,1467.693062278341,1776.9923206531425,Bacteria
Acidianus ambivalens,caliby_score,1350.8919160514083,6.186502063821933,1282.6547580346678,1430.998703673637,Archaea
Acidiphilium cryptum,caliby_score,1735.7819354731714,7.808922117973307,1612.279020963332,1822.2568808629,Bacteria
Acidithiobacillus ferrooxidans,caliby_score,1460.7056629376427,3.0447214416354518,1406.017431500839,1498.8892180853811,Bacteria
Acinetobacter baumannii,caliby_score,1443.1752195543447,36.498678707077985,908.9639846598843,1782.6445998333731,Bacteria
Acinetobacter baylyi,caliby_score,1490.1288981083055,47.595516994934805,937.147261233458,2066.1512280760894,Bacteria
Acorus calamus var. americanus,caliby_score,1153.4948567220736,8.509747370456813,1054.9150989725456,1265.1801735076353,Eukaryota
Actinobacillus pleuropneumoniae serotype 5b,caliby_score,1619.7502037228787,2.870260692481218,1588.571982860943,1660.5317550347418,Bacteria
Actinobacillus pleuropneumoniae serotype 7,caliby_score,1473.405968065043,1.4662108362309008,1455.9833413879476,1491.0679654125322,Bacteria
Adiantum capillus-veneris,caliby_score,1796.2846011675456,9.248071526766438,1710.4305356693624,1910.5853195176737,Eukaryota
Aedes aegypti,caliby_score,1119.389463182437,31.716896716803404,710.5432239637399,1507.533242141345,Eukaryota
Aeromonas hydrophila,caliby_score,1545.799425365504,46.14853009673585,983.1343305115377,2055.5391528445425,Bacteria
Aeromonas hydrophila subsp. hydrophila,caliby_score,1845.8468639545797,5.5925358513250965,1791.2741134540888,1917.323680435265,Bacteria
Aeromonas salmonicida,caliby_score,1700.5567259529414,34.37357414286527,1314.3296226652371,1972.6481014101048,Bacteria
Aeropyrum pernix,caliby_score,2139.940542045652,19.1566733910887,1887.637676342602,2333.1015562573807,Archaea
Agrobacterium fabrum,caliby_score,1511.9276449068263,36.24040099133399,1128.156600434522,1971.4193718400404,Bacteria
Agrostis stolonifera,caliby_score,1049.880619668097,17.75906414685281,871.3026921808415,1217.5618095965483,Eukaryota
Ajellomyces capsulatus,caliby_score,1412.1995991469341,34.83803780608886,1130.9152296879959,1755.2475286689937,Eukaryota
Alcanivorax borkumensis,caliby_score,1630.3466445938823,6.4176794985106955,1543.6291287415634,1715.7464025757774,Bacteria
Aliivibrio fischeri,caliby_score,1546.8609408630196,33.7117995026293,1098.8294274575005,1942.4448116427702,Bacteria
Alkalihalobacillus clausii,caliby_score,1655.2209932822575,49.66391352058481,980.241966150846,2162.6230309898124,Bacteria
Alkalihalophilus pseudofirmus,caliby_score,2024.8642485881746,5.118125838469736,1966.977903641056,2094.989912671409,Bacteria
Alligator mississippiensis,caliby_score,1585.5317309779537,33.844473113661984,1149.718196202684,1878.9416206432188,Eukaryota
Allochromatium vinosum,caliby_score,1526.998516345477,4.429765240723819,1469.0361596101973,1582.5959435162297,Bacteria
Anas platyrhynchos,caliby_score,1374.2138534876162,60.89942478239801,732.4485095792147,1960.9311361827154,Eukaryota
Anopheles gambiae,caliby_score,1126.8206847894721,28.462528171255023,805.106396920416,1418.8175404957847,Eukaryota
Anopheles quadrimaculatus,caliby_score,1091.2504470759663,38.08214050977642,786.8496227017422,1516.1335554399686,Eukaryota
Anthoceros angustus,caliby_score,1350.986249559112,38.16935536971153,1061.5201312352053,1702.3031096780092,Eukaryota
Apis mellifera,caliby_score,876.3256831761286,24.69347699533084,622.4080996067258,1343.241616356801,Eukaryota
Aquifex aeolicus,caliby_score,1874.9172361417266,51.80402896761664,1198.9324235446488,2392.8998539409777,Bacteria
Arabidopsis thaliana,caliby_score,1159.5244339461074,38.12196109801251,775.0871232383028,1740.8997708165073,Eukaryota
Archaeoglobus fulgidus,caliby_score,2051.3687687163233,45.78204950585881,1178.9122689615365,2428.6350316154503,Archaea
Ashbya gossypii,caliby_score,1295.490562673176,34.79993259041538,928.4506926243093,1908.8813379439616,Eukaryota
Aspergillus clavatus,caliby_score,1405.3790301228992,32.159304429112396,981.630545318209,1644.8709045823298,Eukaryota
Aspergillus flavus,caliby_score,1682.2229176490353,7.04202818911345,1581.583209524953,1776.9784835372964,Eukaryota
Aspergillus fumigatus,caliby_score,1287.1389986312033,32.343048537348004,834.4263041657715,1635.9452123301862,Eukaryota
Aspergillus niger,caliby_score,1504.5336480891203,10.860671474043645,1370.6511904701822,1654.3407863832667,Eukaryota
Aspergillus oryzae,caliby_score,1435.3987285966155,39.28807093907297,934.5307597110166,1734.325694241909,Eukaryota
Azoarcus sp.,caliby_score,1371.5530976285,6.822561804318977,1266.1808029543554,1451.4606329810779,Bacteria
Azospirillum brasilense,caliby_score,1348.6266430399542,9.558687453197322,1237.7276023626023,1439.452641945558,Bacteria
Bacillus anthracis,caliby_score,1638.1832695535863,48.910774784460216,1099.7515777191118,2107.168622542095,Bacteria
Bacillus cereus,caliby_score,1671.2223666217508,26.99135081125944,1318.895206892452,1952.3494562839744,Bacteria
Bacillus cytotoxicus,caliby_score,1631.0346220775127,26.126225319336246,1427.2800745349248,1895.674000095957,Bacteria
Bacillus licheniformis,caliby_score,1688.369949248421,41.558619723024236,1134.0360437537004,2131.733604218627,Bacteria
Bacillus sp,caliby_score,1656.2419907761805,8.08661978480264,1552.7890912236771,1769.393483583781,Bacteria
Bacillus sp.,caliby_score,1675.0104937677875,33.77760976826514,1325.4255891223715,2051.3835849773777,Bacteria
Bacillus spizizenii,caliby_score,1359.9139151080826,33.564308157721506,1027.6749517359208,1763.321811493339,Bacteria
Bacillus subtilis,caliby_score,1664.8574141668616,39.86757020198654,1150.2193819849597,2119.608458959079,Bacteria
Bacillus thuringiensis,caliby_score,1571.5024550086464,7.718690853842306,1469.943126482707,1670.5696688266808,Bacteria
Bacillus thuringiensis serovar kurstaki,caliby_score,1267.5428707943015,6.416174888963524,1187.0607972109958,1344.6251693499667,Bacteria
Bacillus thuringiensis subsp. israelensis,caliby_score,1227.0514868134658,4.682567760317839,1174.787480668112,1289.5729825291849,Bacteria
Bacillus thuringiensis subsp. konkukian,caliby_score,1574.9241136046703,4.548596249341732,1523.0840698487173,1633.7244978590056,Bacteria
Balaenoptera musculus,caliby_score,1554.8185242463746,27.432913134034624,1242.2613263107596,1785.4046282330035,Eukaryota
Balaenoptera physalus,caliby_score,1417.742639467087,40.10442173131277,929.4302397806238,1790.0121348171763,Eukaryota
Barbarea verna,caliby_score,1269.1663386636787,29.976562812619218,1040.1778459829864,1614.3757497195802,Eukaryota
Bartonella bacilliformis,caliby_score,1207.993542460755,13.654269575370714,1065.177274387143,1377.5727146636389,Bacteria
Bifidobacterium longum,caliby_score,1522.8486232801536,5.776660544761235,1445.7809510129714,1585.3967475752781,Bacteria
Bifidobacterium longum subsp. infantis,caliby_score,1391.1245999511514,5.702760753272411,1299.3748151284644,1449.7075948861818,Bacteria
Blastochloris viridis,caliby_score,1657.4849630523954,23.635860838784357,1370.9838041481748,1878.7792972238738,Bacteria
Blastomyces gilchristii,caliby_score,917.0768892543086,8.053233594996685,828.6742148093217,1019.7053948016542,Eukaryota
Bordetella pertussis,caliby_score,1640.082548703645,51.35794987959147,981.5134224865242,2162.1536211638027,Bacteria
Borreliella burgdorferi,caliby_score,1509.1749317431975,26.73880761755988,1263.3662436464292,1849.864322712885,Bacteria
Bos mutus grunniens,caliby_score,1132.3686402471697,28.82391593557798,811.188875890953,1394.6267279694132,Eukaryota
Bos taurus,caliby_score,1316.5434428980611,35.97247944964964,922.6611819188214,1865.0411363199055,Eukaryota
Bradyrhizobium diazoefficiens,caliby_score,1466.5778259050487,37.810358978959144,1087.4680662915634,1962.4186865067056,Bacteria
Branchiostoma floridae,caliby_score,1199.2432712435389,35.281874140344414,769.5879940941905,1596.0361012172991,Eukaryota
Brucella canis,caliby_score,1951.724567636724,6.44302675169647,1861.5208987803921,2021.5920703699032,Bacteria
Brucella melitensis,caliby_score,1544.483194942115,38.34663143854357,1081.7490601594798,2038.4213354004755,Bacteria
Brucella melitensis biotype 1,caliby_score,1341.3871552164524,5.535627061867308,1280.7594853663709,1415.4347309341779,Bacteria
Brucella melitensis biotype 2,caliby_score,1125.5993947922743,4.885297100688444,1067.0977367243772,1192.0991163628694,Bacteria
Brucella ovis,caliby_score,1786.4039889816559,21.164546107579273,1539.0703777271958,1980.886349668963,Bacteria
Brucella suis biovar 1,caliby_score,1434.3834391147484,8.269343055926399,1319.4001366473617,1529.5963536133597,Bacteria
Brugia malayi,caliby_score,1045.391928683038,23.81929050708516,789.0827200321681,1417.5100061821,Eukaryota
Buchnera aphidicola,caliby_score,1156.584501637117,33.07406451757769,864.7084526264125,1704.6218039178088,Bacteria
Buchnera aphidicola subsp. Acyrthosiphon pisum,caliby_score,1157.3832327529576,27.488658489304523,887.5314470916344,1528.0261689407898,Bacteria
Buchnera aphidicola subsp. Baizongia pistaciae,caliby_score,965.2564652907336,13.044076614376568,835.9440647548503,1121.187322205886,Bacteria
Buchnera aphidicola subsp. Schizaphis graminum,caliby_score,1169.7157307065563,25.882370624928107,969.2619343379813,1552.363863190187,Bacteria
Burkholderia cenocepacia,caliby_score,1667.180504102965,31.1851870123813,1376.4697525632728,1948.3972568121887,Bacteria
Burkholderia mallei,caliby_score,1619.519837042043,52.44285104441164,1006.2510729506815,2248.3860497946675,Bacteria
Burkholderia multivorans,caliby_score,1953.6812886461332,7.970425025848731,1841.7007949030522,2057.421247154862,Bacteria
Buxus microphylla,caliby_score,1270.3882086773149,21.956820165034376,1087.9922516946103,1501.5321104674904,Eukaryota
Caenorhabditis briggsae,caliby_score,1118.2285527166978,28.941299648657324,809.4320307585634,1471.330157571331,Eukaryota
Caenorhabditis elegans,caliby_score,1129.923315166361,34.88476568533487,739.9484606762279,1565.903725875156,Eukaryota
Caldanaerobacter subterraneus,caliby_score,2016.3157747817868,44.714291964765856,1377.9491138174542,2429.574326056806,Bacteria
Caldivirga maquilingensis,caliby_score,1881.9692863330638,14.001688170903801,1736.2494853245678,2060.668005040193,Archaea
Calycanthus floridus var. glaucus,caliby_score,1602.3890913889727,6.631895512066869,1533.974066395456,1713.9361736795402,Eukaryota
Campylobacter fetus subsp. fetus,caliby_score,1700.4394669268818,7.283217117616817,1604.4326095612832,1778.7082720968092,Bacteria
Campylobacter jejuni,caliby_score,1540.7997687643458,53.82128101173833,921.2914731579283,2095.3989914309163,Bacteria
Campylobacter jejuni subsp. doylei,caliby_score,1643.8151584899042,7.209508214698029,1556.3462769144178,1733.374725568098,Bacteria
Campylobacter jejuni subsp. jejuni serotype O:2,caliby_score,1459.1431469226206,9.499173089962223,1343.4787161327495,1597.6634168923138,Bacteria
Campylobacter jejuni subsp. jejuni serotype O:23/36,caliby_score,1663.0636626178377,7.241586816165605,1573.7342745879412,1752.4472287047997,Bacteria
Candida albicans,caliby_score,1331.6369220229194,34.50507480518648,906.0372286397278,1875.6235018881641,Eukaryota
Candida glabrata,caliby_score,1372.220546886188,21.803348607315737,1233.423438986183,1740.9541417935968,Eukaryota
Canis lupus,caliby_score,1289.6446836556806,27.41556319719597,980.2417629998737,1668.8853925516398,Eukaryota
Capra hircus,caliby_score,1141.5310771621816,13.557247365598398,971.0981993753177,1270.1775462648739,Eukaryota
Capsella bursa-pastoris,caliby_score,1422.2552965289715,21.887117525627872,1141.5536111219753,1624.7742103934622,Eukaryota
Carassius auratus,caliby_score,1491.4863087460815,26.39688503464906,1186.5357684582355,1784.9652998054694,Eukaryota
Carica papaya,caliby_score,1344.155609530854,22.95282559305,1104.2205272562023,1640.36315571428,Eukaryota
Caulobacter vibrioides,caliby_score,1652.7258236256687,49.78390465262887,1035.1910656336872,2217.547418755052,Bacteria
Cenarchaeum symbiosum,caliby_score,1802.771202553497,18.49000182824517,1630.4584225078634,2023.3033391670979,Archaea
Ceratotherium simum,caliby_score,1217.3392790671555,22.644256265775766,999.4988138738162,1540.0067529680462,Eukaryota
Cereibacter sphaeroides,caliby_score,1634.4263285879163,37.52022834985516,1043.1280935620705,1974.8103392965043,Bacteria
Chaetosphaeridium globosum,caliby_score,1626.2183139896456,18.691208597929986,1476.1989993477503,1833.5242128537604,Eukaryota
Chlamydia pneumoniae,caliby_score,1077.665601517376,13.604765174584728,933.0550944992056,1230.3171397433089,Bacteria
Chlamydia trachomatis serovar D,caliby_score,1354.0013439711963,35.385769374721285,1045.0897498313195,1657.4119404046387,Bacteria
Chlamydia trachomatis serovar L2,caliby_score,1116.7194322907367,4.907083259085074,1044.9378306829647,1168.7433459628487,Bacteria
Chlamydomonas reinhardtii,caliby_score,1119.8478501700943,40.00794242368333,713.2581540141729,1603.393745828284,Eukaryota
Chlorobaculum tepidum,caliby_score,1325.260382514007,18.3514654265336,1137.5545819359647,1551.3827704125463,Bacteria
Chlorobaculum thiosulfatiphilum,caliby_score,1176.6252720876182,11.714400985162627,1051.083044506598,1331.2128791931532,Bacteria
Chlorobium phaeobacteroides,caliby_score,987.3544410236228,4.769210751983219,920.2168595547148,1050.4367447494474,Bacteria
Chloroflexus aurantiacus,caliby_score,2096.9371840426707,8.572385558960413,1997.5183980998513,2228.1908958555327,Bacteria
Chromobacterium violaceum,caliby_score,1570.0379429638592,47.53890799329816,967.1598399803438,2112.339514204565,Bacteria
Citrobacter koseri,caliby_score,1632.7907248187516,32.74457725849705,1300.8677344246848,2117.161279319252,Bacteria
Clostridium acetobutylicum,caliby_score,1748.1851931509073,35.19917182631411,1259.5051601956616,2103.9056418788537,Bacteria
Clostridium beijerinckii,caliby_score,1392.5479809790675,13.886447939932893,1240.4235749134386,1536.5670462844298,Bacteria
Clostridium botulinum,caliby_score,1537.7945279406451,10.833429880250005,1380.4858542755917,1646.713586108038,Bacteria
Clostridium kluyveri,caliby_score,1511.0846318462523,22.746083230555705,1321.942850379482,1801.5919859831347,Bacteria
Clostridium perfringens,caliby_score,2139.188519351128,6.606000953587283,2031.9344631662311,2242.117880964541,Bacteria
Coffea arabica,caliby_score,1449.5080815346053,25.44549362604147,1256.5685750694577,1709.5120917824984,Eukaryota
Corynebacterium efficiens,caliby_score,1298.4803169217857,13.51588045085629,1105.6423419907974,1436.083964153099,Bacteria
Corynebacterium glutamicum,caliby_score,1622.8144952700231,44.80343359457284,1061.530636311914,2102.6317750992166,Bacteria
Coturnix japonica,caliby_score,1579.353608276594,21.235277750759664,1319.316357218762,1783.4169759435936,Eukaryota
Cricetulus griseus,caliby_score,1262.4033566186906,31.79894323414019,920.7066773380357,1614.3333770144823,Eukaryota
Cronobacter sakazakii,caliby_score,1633.612387015317,30.263102498225425,1282.9413785961374,2042.2669972643341,Bacteria
Crucihimalaya wallichii,caliby_score,1541.1428723344618,8.463883704093567,1424.6691175754631,1642.6958538834451,Eukaryota
Cryptococcus deneoformans,caliby_score,1485.9551514760924,27.364871861983417,1188.9451939271448,1719.5656307728962,Eukaryota
Cucumis sativus,caliby_score,1668.0998651215727,8.29577348698506,1561.7524905659282,1759.6378634220466,Eukaryota
Culex quinquefasciatus,caliby_score,1232.0975986396227,29.979346028163665,881.7043376272067,1742.5640599220096,Eukaryota
Cupriavidus necator,caliby_score,1599.8584259622646,43.41214877411679,1023.5165472465469,2149.0418572923813,Bacteria
Cycas taitungensis,caliby_score,1390.294847159186,25.63336826360367,1150.9871431448946,1618.3206053655772,Eukaryota
Cytophaga hutchinsonii,caliby_score,1247.6142584960885,4.874560998652615,1195.365571690157,1308.873580759799,Bacteria
Danio rerio,caliby_score,1256.5663778447974,36.11273378565999,832.8106712310068,1786.5292704458632,Eukaryota
Dasypus novemcinctus,caliby_score,1380.5782892689294,31.7158299901936,1137.5414407462645,1810.3499099706205,Eukaryota
Daucus carota,caliby_score,1515.7039011307847,16.036125864239583,1377.8597154023362,1709.1489105872404,Eukaryota
Debaryomyces hansenii,caliby_score,1201.7404038885013,34.693889022489536,862.2470757234782,1738.344942037696,Eukaryota
Deinococcus radiodurans,caliby_score,1603.9847070005483,48.462613192677196,1091.9863594813378,2219.310168302907,Bacteria
Dictyostelium discoideum,caliby_score,1141.2019758525284,35.93356189824735,765.5661548446342,1686.9741767557664,Eukaryota
Didelphis virginiana,caliby_score,1159.982568548766,31.966218045830782,916.322650526805,1647.835578466217,Eukaryota
Drimys granadensis,caliby_score,1480.558468949911,17.853066073475706,1295.7374453520047,1683.2123244817578,Eukaryota
Drosophila melanogaster,caliby_score,1169.4796039178116,31.36538979075141,818.4696423950229,1664.9635171185562,Eukaryota
Drosophila persimilis,caliby_score,821.7276719509699,6.855662045828673,744.5723697596459,910.7639528440905,Eukaryota
Drosophila sechellia,caliby_score,1163.9939291567398,26.717166307202888,929.1467848662717,1450.8301865619917,Eukaryota
Drosophila simulans,caliby_score,952.4835039287146,7.192539559376187,871.560838997922,1036.5470607614295,Eukaryota
Drosophila willistoni,caliby_score,1193.1337325350698,26.079121317083587,971.2203264866984,1495.049333714247,Eukaryota
Drosophila yakuba,caliby_score,1186.0633831940302,19.548182025079438,1009.557631710377,1435.6892089290234,Eukaryota
Dugong dugon,caliby_score,1450.9837693213403,24.123220667193404,1159.2305652905281,1660.5695657756478,Eukaryota
Emericella nidulans,caliby_score,1309.9198323260855,36.526414422060945,878.1328555592752,1779.291737583407,Eukaryota
Encephalitozoon cuniculi,caliby_score,1162.5439182374141,31.32535100332216,921.6428408023613,1530.7895199739066,Eukaryota
Entamoeba histolytica,caliby_score,1276.38223028664,45.9899058996708,822.7602536298101,1897.0366839208534,Eukaryota
Enterobacter sp.,caliby_score,1559.4933212626522,34.15288039447097,1236.408672568557,2073.918826978398,Bacteria
Enterococcus faecalis,caliby_score,1630.6235095874342,45.350244850242355,985.0088748414707,2141.4852486985747,Bacteria
Enterococcus hirae,caliby_score,1344.9272071522428,4.131498135048694,1292.5295288897848,1397.4157638301706,Bacteria
Equus caballus,caliby_score,1263.5333576436249,20.443512633999287,1011.3200219651408,1526.6945373662718,Eukaryota
Erwinia tasmaniensis,caliby_score,1634.4386824146588,33.36092767038111,1251.9258698051576,2110.5757924591157,Bacteria
Escherichia coli,caliby_score,1751.0112866322916,23.95667169758982,1404.3388149827765,2015.769980488326,Bacteria
Escherichia coli O139:H28,caliby_score,1576.3854487596027,2.887987060167148,1540.0029923839606,1615.9804529166345,Bacteria
Escherichia coli O157:H7,caliby_score,1713.585603844544,34.62122860389048,1284.6671964312397,2083.5549901544355,Bacteria
Escherichia coli O17:K52:H18,caliby_score,1501.551891615415,2.7592107845705587,1469.2504418920362,1539.638836214015,Bacteria
Escherichia coli O1:K1 / APEC,caliby_score,1442.177197251586,52.22099321959643,1066.6347608929955,1934.2132154087676,Bacteria
Escherichia coli O45:K1,caliby_score,1398.0168189176036,20.38607792772348,1145.1589630292276,1627.3746039444577,Bacteria
Escherichia coli O6:H1,caliby_score,1553.6706556155636,30.462688953245813,1286.6717118899767,1878.1798077927222,Bacteria
Escherichia coli O7:K1,caliby_score,1553.7385166814004,10.068908191369262,1431.3633881480125,1664.058663836726,Bacteria
Escherichia coli O81,caliby_score,1528.6346018822985,2.708755789063713,1498.088617787573,1568.6995429426358,Bacteria
Escherichia coli O9:H4,caliby_score,1150.451233765152,5.296161773827313,1076.95063310686,1226.8747422826789,Bacteria
Eucalyptus globulus subsp. globulus,caliby_score,1464.8100582783973,28.642669028221217,1236.6653269819876,1758.674200072128,Eukaryota
Fagopyrum esculentum subsp. ancestrale,caliby_score,1212.762346035009,36.60666361965502,883.2741432625443,1527.3821562085875,Eukaryota
Felis catus,caliby_score,1392.7640777555548,27.51771832106851,1082.1154685262175,1738.2394612101302,Eukaryota
Formosania lacustris,caliby_score,1128.2618502915675,24.541056486817595,904.9569257811676,1363.1212300885074,Eukaryota
Francisella tularensis subsp. holarctica,caliby_score,1789.999009712073,6.75551953037412,1699.7155184380476,1867.0472283963966,Bacteria
Francisella tularensis subsp. tularensis,caliby_score,1853.5265935186058,5.5899157506649155,1782.5156540891865,1914.3420430493752,Bacteria
Gadus morhua,caliby_score,1526.866574479724,16.27932397224831,1345.563845807225,1720.2717438507793,Eukaryota
Gallus gallus,caliby_score,1421.1012506273996,34.570201133046176,1012.0477844348635,1873.7102270431249,Eukaryota
Geobacillus kaustophilus,caliby_score,1866.114903337687,51.71803432883921,1160.5460589990737,2287.7405107978757,Bacteria
Geobacillus stearothermophilus,caliby_score,1755.5404861887866,30.9828674534082,1425.8517725340082,2107.914006591772,Bacteria
Gibberella zeae,caliby_score,1221.7763346427848,10.810242748585596,1118.4639539180396,1370.1333384851587,Eukaryota
Gorilla gorilla,caliby_score,1248.3759230945166,26.991114533837127,912.2109653487861,1570.7879646006168,Eukaryota
Gorilla gorilla gorilla,caliby_score,1592.0153350728758,9.824860019088279,1491.5131836632183,1730.0106226415994,Eukaryota
Gossypium barbadense,caliby_score,1381.8652752431985,35.973198224606826,1043.4120449698726,1751.0109387701068,Eukaryota
Haemophilus ducreyi,caliby_score,1613.9558523865019,5.114496489196579,1541.3942269086394,1672.7326572938866,Bacteria
Haemophilus influenzae,caliby_score,1682.761435524819,39.35930775359761,1091.7839582574184,2042.1508084533386,Bacteria
Halalkalibacterium halodurans,caliby_score,1713.6661288905912,44.00374694168808,1104.1567382739136,2116.1759736599784,Bacteria
Haloarcula hispanica,caliby_score,1150.8159663130589,4.00215314391587,1104.2478998955578,1204.5660478244995,Archaea
Haloarcula marismortui,caliby_score,1647.6692758460347,33.147165588457256,1224.5577187485828,2052.3050516100534,Archaea
Halobacterium salinarum,caliby_score,1577.3375278907379,51.35785733664159,989.476528995124,2194.004060541097,Archaea
Haloferax mediterranei,caliby_score,1641.1525528408924,19.410739075689303,1410.7480865313778,1864.0137345872827,Archaea
Haloferax volcanii,caliby_score,1604.9124374440269,27.352548145215945,1033.3398031620231,1888.4898802118576,Archaea
Halopiger xanaduensis,caliby_score,1789.6281952287384,18.246039020141083,1608.4600246993548,1962.2745799276347,Archaea
Haloquadratum walsbyi,caliby_score,1301.1024943381983,41.285061582625794,807.0376647974213,1931.3140414985987,Archaea
Halorhodospira halophila,caliby_score,1973.985497552488,11.041286405342388,1840.9403334468052,2100.902191729535,Bacteria
Halorubrum lacusprofundi,caliby_score,1681.9041085487174,30.893073869846013,1317.53336503965,1965.3976099057782,Archaea
Helianthus annuus,caliby_score,1538.3807611705372,7.1476938506403815,1444.3413174338837,1640.8097188040622,Eukaryota
Helicobacter pylori,caliby_score,1392.5327737912532,47.668722277946856,969.0953539013324,2035.3895710424645,Bacteria
Homo sapiens,caliby_score,1222.3007969353368,32.6450654489344,907.7551963645876,1711.4559052385987,Eukaryota
Hordeum vulgare,caliby_score,1678.8813695473173,13.385722199170866,1510.3632171924767,1807.263993453427,Eukaryota
Huperzia lucidula,caliby_score,1777.6236104653651,11.115272706714155,1640.751181613317,1910.927333477226,Eukaryota
Hydra vulgaris,caliby_score,1191.52975029495,10.908957365399662,1041.1659189824288,1305.306928548276,Eukaryota
Hydrogenobacter thermophilus,caliby_score,1511.9393329250465,2.9073717567822803,1460.2473881480219,1548.4445984352187,Bacteria
Hylobates lar,caliby_score,1254.2789951023237,8.895809592675038,1152.4890314795844,1365.8491718599375,Eukaryota
Hyperthermus butylicus,caliby_score,2050.5085065874,17.060916721950203,1816.8294570122953,2262.400755420755,Archaea
Ignicoccus hospitalis,caliby_score,2021.9873173653198,6.4588697612938555,1928.4164574745116,2090.420897658845,Archaea
Ipomoea purpurea,caliby_score,1659.5670741290428,15.003030928142936,1530.2920791635822,1828.4206125505264,Eukaryota
Jasminum nudiflorum,caliby_score,1483.806170137048,27.37127853695849,1246.0216873093461,1795.5103254300789,Eukaryota
Klebsiella aerogenes,caliby_score,1476.3574153718798,4.397769220872093,1426.05015488557,1530.1353168285448,Bacteria
Klebsiella pneumoniae,caliby_score,1600.9620479799848,29.885136388381728,1177.8652984042537,2006.4590579555013,Bacteria
Klebsiella pneumoniae subsp. pneumoniae,caliby_score,1706.9283772855924,6.222158482180061,1631.385356810111,1785.215729324796,Bacteria
Kluyveromyces lactis,caliby_score,1264.551818031992,32.97152537211632,926.1992832054049,1782.0140557830352,Eukaryota
Korarchaeum cryptofilum,caliby_score,1556.7429051530041,8.701073136038756,1445.7359718819039,1668.4833592449706,Archaea
Lactiplantibacillus plantarum,caliby_score,1607.823158149585,40.47158906907194,1179.6222616745265,2166.2970463308166,Bacteria
Lactococcus lactis,caliby_score,1609.8729479761203,35.16435209489895,1200.003627710627,2048.8769943668767,Bacteria
Lactococcus lactis subsp. cremoris,caliby_score,1295.5429478432388,4.536283886749602,1240.9264732163092,1350.099198330365,Bacteria
Lactococcus lactis subsp. lactis,caliby_score,1728.1804165976448,23.740308283724303,1479.5223060749142,1974.1231627549612,Bacteria
Latimeria chalumnae,caliby_score,1106.7547124373145,41.37167750034869,745.5222125847371,1651.7233148033,Eukaryota
Legionella pneumophila,caliby_score,1521.4165739265038,25.409775553407858,1295.3330786607473,1766.2152116852276,Bacteria
Legionella pneumophila subsp. pneumophila,caliby_score,1386.5462494002807,5.6792265685217735,1306.6464377383984,1468.0685735439486,Bacteria
Leifsonia xyli subsp. xyli,caliby_score,1353.2126499924607,4.763732661433528,1286.764621266842,1413.9746947344574,Bacteria
Lemna minor,caliby_score,1279.748947723824,11.269142685394053,1166.436465404756,1428.717355532111,Eukaryota
Lemur catta,caliby_score,1185.907449932298,28.426924163132878,845.1808424396716,1501.9750052278562,Eukaryota
Lepidium virginicum,caliby_score,1273.5995242517097,25.880318585488908,1063.5404990382415,1541.3489151683375,Eukaryota
Levilactobacillus brevis,caliby_score,1356.0450079054365,4.377423616215799,1303.7973502138461,1405.5298986305656,Bacteria
Liriodendron tulipifera,caliby_score,1435.3937366576165,32.74989735689789,1095.7820867576988,1828.5743461546906,Eukaryota
Listeria monocytogenes,caliby_score,1628.796408530339,48.97991917857255,989.4981084563133,2093.705176808621,Bacteria
Listeria monocytogenes serotype 1/2a,caliby_score,1792.6227356312966,6.670259251064361,1695.4289176296254,1872.4890491406495,Bacteria
Listeria monocytogenes serovar 1/2a,caliby_score,1362.8448746823392,4.04738938115218,1316.6306209755896,1416.234739489141,Bacteria
Lobularia maritima,caliby_score,1619.1761480436232,12.513348501511988,1444.2575576599797,1771.1965585403648,Eukaryota
Lodderomyces elongisporus,caliby_score,1173.3312288889779,20.809214634834753,965.1956639584399,1419.8962869493182,Eukaryota
Lotus japonicus,caliby_score,1108.6424661809458,6.826863417814511,1016.7063969529546,1217.9022165579547,Eukaryota
Loxodonta africana,caliby_score,1318.1766272291163,28.467603994168318,1035.1720537768597,1596.6044653168096,Eukaryota
Lumbricus terrestris,caliby_score,1191.2377998479433,24.054891972046825,946.3044035900513,1404.9017790219584,Eukaryota
Lycodon semicarinatus,caliby_score,1144.1571323421017,25.145926015949133,868.1913237549584,1429.7493363232752,Eukaryota
Macaca fascicularis,caliby_score,1136.6703710762645,29.079139694913682,769.3385701602547,1451.3277636513171,Eukaryota
Mammuthus primigenius,caliby_score,1377.3642190610426,13.587210637191452,1242.3792857594037,1571.7122770380881,Eukaryota
Mannheimia succiniciproducens,caliby_score,1654.011971573444,48.066612611837186,960.7022590320776,2110.5787169636033,Bacteria
Marchantia polymorpha,caliby_score,1712.6748761740712,38.78855269135411,1371.5726220168876,2113.361852359173,Eukaryota
Marinobacter nauticus,caliby_score,1510.432170698335,7.412657178713385,1404.1100246887556,1579.851274744571,Bacteria
Mesocricetus auratus,caliby_score,892.4941521380763,19.534108717162184,697.7492367705594,1091.5071419250237,Eukaryota
Mesorhizobium japonicum,caliby_score,1555.227666896859,35.23548562911208,1168.4330626024648,1971.7185904870412,Bacteria
Mesostigma viride,caliby_score,1636.6559246533877,27.732430477433056,1431.1996624960932,1912.5699993045275,Eukaryota
Metallosphaera sedula,caliby_score,1606.2425805214814,43.09876136809065,1138.6499276255283,2066.3201202302707,Archaea
Methanobacterium formicicum,caliby_score,1078.3116426467716,10.48192963731557,972.4880008378185,1198.2209604703728,Archaea
Methanobrevibacter smithii,caliby_score,1389.8057170737989,28.641496909097164,951.2760268514457,1610.412617199479,Archaea
Methanocaldococcus jannaschii,caliby_score,2059.9739731127625,43.23696480479515,1442.030105996164,2448.4641248880507,Archaea
Methanocella arvoryzae,caliby_score,1625.0188824252807,5.94109188351279,1549.514808889669,1715.7959797985784,Archaea
Methanococcoides burtonii,caliby_score,1785.258911148635,22.77712802800199,1521.812378555163,2051.00502262083,Archaea
Methanococcus aeolicus,caliby_score,1826.0230783512402,12.131162163323731,1704.294100195181,1978.4805388050715,Archaea
Methanococcus maripaludis,caliby_score,1568.3712846759,23.77178052021521,1213.261781252211,1840.3926119441583,Archaea
Methanococcus vannielii,caliby_score,1444.3053569457177,31.760698752285773,966.315688626081,1784.3647664780815,Archaea
Methanocorpusculum labreanum,caliby_score,1628.2970267914934,17.675759064947712,1410.81954735526,1855.4748239401335,Archaea
Methanoculleus marisnigri,caliby_score,1790.5294520314922,8.907021219932368,1678.1596031092438,1901.673789247168,Archaea
Methanopyrus kandleri,caliby_score,2152.962119779337,16.271560179105943,1966.81970259269,2369.0008615250536,Archaea
Methanoregula boonei,caliby_score,1884.1732201454477,32.54909759035895,1534.7876641599805,2223.004418709416,Archaea
Methanosarcina acetivorans,caliby_score,1722.8619135806796,43.38112951920511,1030.601029087611,2202.0208669279396,Archaea
Methanosarcina barkeri,caliby_score,1665.2804538129049,29.36411789438654,1028.0917797697834,1955.0984568114145,Archaea
Methanosarcina mazei,caliby_score,1640.8692139749423,27.911880121385618,1138.7832592026887,1901.5151925855296,Archaea
Methanosphaera stadtmanae,caliby_score,1664.7871770772724,12.566633460040345,1483.5559384565233,1819.5234312472046,Archaea
Methanosphaerula palustris,caliby_score,1709.0599083136945,12.943793826031436,1574.6732768744575,1862.4698949159624,Archaea
Methanospirillum hungatei JF-1,caliby_score,1722.6401717790532,25.608690915370353,1445.9623432533765,2058.9567636555907,Archaea
Methanothermobacter marburgensis,caliby_score,1569.2815842247621,14.935654858388334,1361.6204916505742,1705.7875651678646,Archaea
Methanothermobacter thermautotrophicus,caliby_score,1852.868921757857,47.25639759718886,1156.7664459305734,2343.972040999722,Archaea
Methanothermus fervidus,caliby_score,1519.2197545601784,42.45369408021181,1127.0193350098132,1841.3593270663914,Archaea
Methanothrix thermoacetophila,caliby_score,1701.9049999496594,8.361169673527657,1596.2993389653736,1802.6571946389302,Archaea
Methylococcus capsulatus,caliby_score,1646.7044072677156,38.06430925195963,1208.2328106327445,2147.4099925312003,Bacteria
Meyerozyma guilliermondii,caliby_score,1083.240163514616,10.472239671183644,926.7642069974876,1184.3822546477988,Eukaryota
Micrococcus luteus,caliby_score,1494.1065513005453,2.5163320503568567,1454.6080164098541,1521.1599369839973,Bacteria
Microcystis aeruginosa,caliby_score,1684.1615930057108,7.596408368859072,1592.758050175117,1784.5683411005307,Bacteria
Micromonas commoda,caliby_score,1475.2539606784994,6.206709799734377,1376.2429405194787,1556.8689995071036,Eukaryota
Monodelphis domestica,caliby_score,1268.5695668360831,22.88425901790415,958.3021824682625,1560.2898516279126,Eukaryota
Mus musculus,caliby_score,1251.0449919980797,34.49464215291452,882.9974455943636,1703.4183541294967,Eukaryota
Mycobacterium bovis,caliby_score,1924.35292421033,22.805329564818564,1604.306052344313,2117.075475980692,Bacteria
Mycobacterium leprae,caliby_score,1244.9862536875376,7.132453216543962,1159.4404767206681,1327.295322102769,Bacteria
Mycobacterium sp.,caliby_score,1759.161929790723,67.11862154567201,1155.7535548065052,2317.402644873197,Bacteria
Mycobacterium tuberculosis,caliby_score,1629.2249280711153,44.99192147799986,916.7180644504414,2100.2266175910613,Bacteria
Mycobacteroides abscessus,caliby_score,1530.2790734547737,4.258565475606326,1471.8728955414554,1580.453650814799,Bacteria
Mycolicibacterium gilvum,caliby_score,1427.2184520893975,5.2783804616337955,1347.7152362208944,1482.1868453331188,Bacteria
Mycolicibacterium paratuberculosis,caliby_score,1630.6253550857143,2.8215660777197935,1589.1354519983447,1660.2375014630702,Bacteria
Mycolicibacterium smegmatis,caliby_score,1734.0027724560457,49.845767387335215,996.5124283580052,2178.049138504856,Bacteria
Mycolicibacterium smegmatis155),caliby_score,1807.4818789944643,8.189768328534534,1685.4170000444587,1912.3483146099113,Bacteria
Mycoplasma genitalium,caliby_score,1488.4337698996208,17.271276535628257,1316.2102523249307,1691.7756414851779,Bacteria
Mycoplasma pneumoniae,caliby_score,1245.6534513638853,42.70211557372886,807.4604421331776,1876.9225479532506,Bacteria
Mycosarcoma maydis,caliby_score,1350.2660309362518,52.45664078248812,836.2874594141509,1824.323595847134,Eukaryota
Myxococcus xanthus,caliby_score,1711.895570691342,9.232882298593085,1608.877963913411,1829.4603012192579,Bacteria
Nanoarchaeum equitans,caliby_score,2055.734820888345,39.568052528080734,1322.4042869623868,2427.0325638872,Archaea
Nasturtium officinale,caliby_score,1475.3984842573127,8.049928188937939,1393.236972442312,1608.3737378589992,Eukaryota
Natrialba magadii,caliby_score,1567.674393143332,6.967276103267761,1492.7825722397297,1682.287519834609,Archaea
Natronomonas pharaonis,caliby_score,1564.013371762779,14.657672846141994,1387.8032869743029,1754.5925929555403,Archaea
Neisseria gonorrhoeae,caliby_score,1698.6656669482636,7.936649637015664,1590.8071844145102,1779.181527568055,Bacteria
Neisseria meningitidis,caliby_score,1643.8034985651382,43.68211269703008,1051.0158330656611,2088.3789385963364,Bacteria
Nematostella vectensis,caliby_score,1145.723521665941,28.106406761461148,782.5745166013587,1524.052368208293,Eukaryota
Neosartorya fischeri,caliby_score,1189.5864756007052,30.346637638119,865.1581079589982,1475.297994993994,Eukaryota
Neurospora crassa,caliby_score,1274.361192518227,41.72141703876636,857.3914056534305,1899.1342180696329,Eukaryota
Nicotiana sylvestris,caliby_score,1473.8188129380587,30.249176319005272,1135.5114503836837,1723.018915183432,Eukaryota
Nicotiana tabacum,caliby_score,1101.0676624444354,31.561822260700236,793.7726471549478,1489.7114875956258,Eukaryota
Nitratidesulfovibrio vulgaris,caliby_score,1430.0816237032818,52.92006115359231,853.4540222232033,2052.8753890957555,Bacteria
Nitrosomonas europaea,caliby_score,1119.1846424458147,15.861555816914406,932.1687932760706,1292.4959220104606,Bacteria
Nitrosopumilus maritimus,caliby_score,1503.753155607875,10.332633170369265,1377.6838587207405,1644.3763936828273,Archaea
Nocardia farcinica,caliby_score,1753.6908718500306,41.064013165857716,1261.3272601463175,2139.9069330359334,Bacteria
Nocardioides sp.,caliby_score,1613.5945694122604,6.550697248571007,1537.724725088375,1702.4231304061839,Bacteria
Nostoc punctiforme,caliby_score,1391.9504695190308,31.80569038367431,1073.8398591260445,1646.4911407180384,Bacteria
Nostoc sp.,caliby_score,1474.3235129864893,40.85516552603959,1078.957819514265,2070.643508426017,Bacteria
Notamacropus eugenii,caliby_score,1052.2898658448476,14.68207501935526,909.0366256093848,1223.612702484973,Eukaryota
Oceanobacillus iheyensis,caliby_score,1564.143100896378,54.0355108900687,911.3972545192579,2150.036247780406,Bacteria
Oenothera berteroana,caliby_score,1549.1631095568748,17.764022282290217,1384.817175996652,1741.8371640575565,Eukaryota
Oenothera elata subsp. hookeri,caliby_score,1305.0158423385467,49.945242710771076,884.1947864407865,1715.8080173092937,Eukaryota
Ogataea parapolymorpha,caliby_score,1747.0301568343214,5.661344035329013,1679.7484780582888,1822.3799277121216,Eukaryota
Olimarabidopsis pumila,caliby_score,1358.2591890771353,34.441704747385266,993.0766303614373,1640.9333800063766,Eukaryota
Oncorhynchus mykiss,caliby_score,1548.0880854162378,37.914356583144276,1019.9098350698296,1910.674021168822,Eukaryota
Ornithorhynchus anatinus,caliby_score,1449.9351750763258,30.121187356587612,1076.8831101115475,1807.5680214096728,Eukaryota
Oryctolagus cuniculus,caliby_score,1394.6620010299196,34.00837277662255,977.6899688633561,1830.648885359498,Eukaryota
Oryza sativa,caliby_score,1206.9392433756561,38.32539752503319,801.4539759885864,1665.5370304422242,Eukaryota
Oryza sativa subsp. indica,caliby_score,1470.0199520068675,17.47163133486945,1258.0462703323308,1666.4321417282563,Eukaryota
Oryza sativa subsp. japonica,caliby_score,1273.0598916077377,44.0016504441545,655.476200010032,1694.2859159595744,Eukaryota
Ostreococcus lucimarinus,caliby_score,1451.6645542208926,26.91899207385669,1163.0488036835823,1702.6508572109387,Eukaryota
Ostreococcus tauri,caliby_score,1361.7228158279386,19.94884103072527,1144.5840323358882,1574.880549707985,Eukaryota
Ovis aries,caliby_score,1278.1256061762433,29.92958259205175,857.629549242893,1606.1976217034899,Eukaryota
Paenarthrobacter aurescens,caliby_score,1658.6611186930552,17.940243077845793,1477.027645979363,1832.5815480886274,Bacteria
Paenarthrobacter nicotinovorans,caliby_score,1750.578622895805,9.141027494847807,1644.667243180271,1857.9413965696924,Bacteria
Pan paniscus,caliby_score,1298.2877065830176,30.720661861452452,1006.5965589910655,1635.778795816422,Eukaryota
Pan troglodytes,caliby_score,1317.6507331052678,22.13113260428269,1080.4581909404405,1626.4995193244165,Eukaryota
Papio hamadryas,caliby_score,1621.8797153351882,5.436438381508239,1559.566819322913,1710.2647461252536,Eukaryota
Paracoccidioides brasiliensis,caliby_score,1100.6472869482677,7.639262105131389,981.9602437276617,1186.0999411922835,Eukaryota
Paracoccidioides lutzii,caliby_score,1395.2823072876172,25.72426455311064,1189.6242944338853,1658.2408555345028,Eukaryota
Paracoccus denitrificans,caliby_score,1793.2532590334959,29.992395570337717,1453.8872825980877,2077.559361971822,Bacteria
Paramagnetospirillum magneticum,caliby_score,1598.6063451775437,4.5742883374042504,1551.1773975030662,1663.055866705534,Bacteria
Paramecium tetraurelia,caliby_score,1081.1640972106045,47.24574110029587,594.5834325076901,1741.1044077007436,Eukaryota
Pasteurella multocida,caliby_score,1671.211767634297,44.06656552650304,972.6246343772783,2087.31921725767,Bacteria
Paulinella chromatophora,caliby_score,1887.8519970933569,7.363657742856864,1772.1325492414817,1957.2055241925602,Eukaryota
Pectobacterium atrosepticum,caliby_score,1510.2352188146244,34.80763755569879,1013.5700396751429,1922.2808977827058,Bacteria
Pelotomaculum thermopropionicum,caliby_score,2000.515391815484,32.66851291944267,1733.0924929367065,2316.3338742795468,Bacteria
Penicillium rubens,caliby_score,845.1426616814803,9.77693894257367,738.9335278639867,974.5687556235303,Eukaryota
Persephonella marina,caliby_score,1775.3554968360352,18.28559075039802,1612.1588934022022,1979.192358114955,Bacteria
Petromyzon marinus,caliby_score,1324.8786971193642,38.08414263927809,954.6053319348995,1845.6161561159206,Eukaryota
Phaseolus vulgaris,caliby_score,1240.6893079409178,31.156351260010265,997.5727129088825,1549.960204827817,Eukaryota
Phoca vitulina,caliby_score,1409.8766783526162,36.964277184825306,1088.658265621112,1720.7900813991682,Eukaryota
Photobacterium profundum,caliby_score,1500.8217968402578,50.986036055392454,993.6466572078127,2012.6018307688178,Bacteria
Photorhabdus laumondii,caliby_score,1578.4445209056107,38.320773611338865,1111.4778644492842,2066.0487196188787,Bacteria
Photorhabdus laumondii subsp. laumondii,caliby_score,1391.018611715769,5.867840016288517,1313.3440788470093,1463.4351754892753,Bacteria
Physcomitrium patens,caliby_score,1564.4064193200925,33.711009223073134,1198.4237337723093,1801.8106584908458,Eukaryota
Phytophthora infestans,caliby_score,1299.5232785830358,53.66306037370804,698.7503222250668,1978.0872137728666,Eukaryota
Pichia angusta,caliby_score,1728.1042086852506,29.039089034713665,1405.0673562565387,1995.7892440113662,Eukaryota
Picosynechococcus sp.,caliby_score,1497.3416445753219,9.018320110570803,1383.3747802737971,1598.4539815756095,Bacteria
Picrophilus torridus,caliby_score,1402.4913637475374,29.504989951618203,1096.3612671934573,1725.6232629837102,Archaea
Pisum sativum,caliby_score,1104.483184817739,31.558552526573656,810.321313372651,1450.1999390901822,Eukaryota
Plasmodium falciparum,caliby_score,952.2936464358303,37.501594589995015,564.4386915553812,1656.4609493207558,Eukaryota
Platanus occidentalis,caliby_score,1668.1346052752083,10.231753176635719,1561.3590488438738,1789.2368245876894,Eukaryota
Polaromonas naphthalenivorans,caliby_score,1715.1925043870401,19.95080608529063,1483.624569319468,1876.868499152543,Bacteria
Pongo abelii,caliby_score,1318.7256515652928,39.890668097010526,912.5912176266802,1967.990317579368,Eukaryota
Pongo pygmaeus,caliby_score,1325.1870369787005,33.23996520022612,969.7141469289287,1697.1794497877,Eukaryota
Populus trichocarpa,caliby_score,1284.841734419143,26.990322269220783,982.3920332570447,1531.3917301474644,Eukaryota
Porphyromonas gingivalis,caliby_score,1272.3853134495728,5.451032508138483,1214.9127522914046,1356.9386078673788,Bacteria
Prochlorococcus marinus,caliby_score,1511.7266178356201,27.742114242438586,1255.9008580659345,1873.2865938498535,Bacteria
Proteus mirabilis,caliby_score,1615.8796260226802,44.6564298428559,1059.6296211189472,2105.0049179002576,Bacteria
Pseudomonas aeruginosa,caliby_score,1599.517226983681,40.06383406907793,948.5646081973516,2072.3752659299157,Bacteria
Pseudomonas fluorescens,caliby_score,1780.0897989028358,8.807818358817945,1657.919484935371,1863.1869568900283,Bacteria
Pseudomonas paraeruginosa,caliby_score,1949.1970467693632,28.123239816861716,1699.4120840034207,2203.959390190297,Bacteria
Pseudomonas putida,caliby_score,1650.198539718069,36.049672699852565,1252.453396694748,2092.2711986073946,Bacteria
Pseudomonas sp,caliby_score,1818.4561861253137,10.464299572078149,1703.6666883857126,1940.567471914126,Bacteria
Pseudomonas sp.,caliby_score,1227.564549250543,5.907438363503619,1139.33438714954,1292.837789206826,Bacteria
Pseudomonas syringae pv. tomato,caliby_score,1710.4395703853672,12.16855307268293,1586.5662687129989,1844.1752251489972,Bacteria
Pseudomonas taetrolens,caliby_score,1577.7044177617622,4.9813796212707775,1508.173564190897,1637.587814700251,Bacteria
Pyricularia oryzae,caliby_score,1051.4377993923786,14.834329469932452,850.5930917084955,1211.8547339788781,Eukaryota
Pyrobaculum aerophilum,caliby_score,2096.154121501213,33.634230025342816,1673.2411220734186,2468.763082264046,Archaea
Pyrobaculum arsenaticum,caliby_score,1818.8048611251388,8.98943713431264,1696.5771544063725,1930.7004607071883,Archaea
Pyrobaculum calidifontis,caliby_score,1974.22853984385,38.745523050642525,1555.806224591254,2335.25852239695,Archaea
Pyrobaculum islandicum,caliby_score,1965.0446776296105,22.649857382167166,1659.040264094107,2219.98029658867,Archaea
Pyrobaculum neutrophilum,caliby_score,1487.3107152190612,6.086936134323723,1409.3293800531515,1571.1672876213963,Archaea
Pyrococcus abyssi,caliby_score,2216.0498793762645,11.42211920881886,2066.0716027564317,2366.4546504909777,Archaea
Pyrococcus furiosus,caliby_score,2189.068667336345,49.03573997367874,1271.7511900707186,2548.562361236801,Archaea
Pyrococcus horikoshii,caliby_score,2201.1012247164686,49.358472733808924,1318.8957089540743,2563.483833644333,Archaea
Pyrococcus woesei,caliby_score,1835.2559366716255,55.53101718154448,1181.694749722874,2211.3065319734987,Archaea
Ralstonia solanacearum,caliby_score,1603.7692961792359,48.348317784244145,1038.4847676300496,2117.5572780947355,Bacteria
Rattus norvegicus,caliby_score,1260.7491794184011,37.16572458672176,895.4303541356871,1768.8517804532362,Eukaryota
Rhinoceros unicornis,caliby_score,1551.3930466876357,29.169003609917375,1229.6952478244627,1839.8575584224022,Eukaryota
Rhipicephalus sanguineus,caliby_score,1163.265368789315,31.621832745317022,865.1375954997139,1427.7178818793611,Eukaryota
Rhizobium meliloti,caliby_score,1643.3029140625129,43.23062363215457,1137.3474449148698,2153.080698726251,Bacteria
Rhodobacter capsulatus,caliby_score,1834.8045335961783,43.066170526316256,1091.7796105929742,2138.789271143873,Bacteria
Rhodococcus erythropolis,caliby_score,1597.5050459032784,8.60872534604977,1490.7672682989478,1741.0377235299366,Bacteria
Rhodococcus jostii,caliby_score,1923.6839427810678,5.38221588548436,1854.3057704920534,2000.823446875096,Bacteria
Rhodococcus sp,caliby_score,1500.7545426123115,3.291170527956796,1456.7926956001618,1543.4737752710803,Bacteria
Rhodopseudomonas palustris,caliby_score,1458.0336629697451,38.214682386295785,1008.1836344995942,1869.1717505117501,Bacteria
Rhodospirillum rubrum,caliby_score,1478.72126941547,29.20544516646355,1171.5454665258826,1745.4794834123477,Bacteria
Rhodovulum sulfidophilum,caliby_score,1357.1189080990264,3.0155509272023098,1312.521124131031,1386.8107963596349,Bacteria
Ricinus communis,caliby_score,1272.1928045056138,8.358065729013681,1176.3369913551624,1384.135302717068,Eukaryota
Rickettsia conorii,caliby_score,1803.588885751511,7.811325850246591,1723.5500801794738,1935.858759073598,Bacteria
Rickettsia felis,caliby_score,1476.6959921768128,35.338776286172774,1187.6735480457783,1861.8222281371711,Bacteria
Rickettsia prowazekii,caliby_score,1296.5529754487957,42.31971221075623,809.8498889663322,1852.5517768573793,Bacteria
Ruegeria pomeroyi,caliby_score,1555.288647601431,4.0818019683802,1510.078311558339,1603.1571452937249,Bacteria
Saccharolobus islandicus,caliby_score,1942.4061774614975,17.02140648669005,1728.0409755480616,2155.5795387590306,Archaea
Saccharolobus shibatae,caliby_score,1764.7974451959844,8.399771064707979,1655.9734054795106,1868.8385136315921,Archaea
Saccharolobus solfataricus,caliby_score,1794.832050195702,44.72762543387331,1169.6998703850022,2260.339282471475,Archaea
Saccharomyces cerevisiae,caliby_score,1279.7846879738056,34.91187733290952,915.7995644121365,1760.7739877354331,Eukaryota
Saccharopolyspora erythraea,caliby_score,1519.1674691902424,17.53459404545553,1341.9731397159858,1726.9937836294603,Bacteria
Salmo salar,caliby_score,1354.5473166509778,53.11018907975616,903.3434231044307,1827.7357776530905,Eukaryota
Salmo trutta,caliby_score,970.181348675866,23.539159689709006,745.891746169537,1179.6860336856098,Eukaryota
Salmonella paratyphi B,caliby_score,1537.4828257123413,6.899997262739425,1462.390102706305,1625.899931187106,Bacteria
Salmonella typhi,caliby_score,1768.733963691982,11.15766665170435,1565.2133664693968,1896.435217242629,Bacteria
Salmonella typhimurium,caliby_score,1712.6799266945102,27.909960988626448,1300.1758496760485,2032.544343651983,Bacteria
Scheffersomyces stipitis,caliby_score,1181.8611689390514,23.144827568460983,971.1518670775697,1431.7575626996934,Eukaryota
Schistosoma japonicum,caliby_score,930.6512746177752,20.928162167209184,732.498638864964,1261.2592038064863,Eukaryota
Schistosoma mansoni,caliby_score,1100.7209920822363,31.3322636777335,834.1884220838089,1477.2302242375251,Eukaryota
Schizosaccharomyces pombe,caliby_score,1323.3088715203403,31.16075052060502,942.2305527874747,1768.1351570157565,Eukaryota
Scyliorhinus canicula,caliby_score,1552.5661019973109,7.7839968418710015,1471.276719339423,1677.2770787556256,Eukaryota
Serratia proteamaculans,caliby_score,1576.329174101626,34.476986490990555,1022.6356348455143,1968.8337605179208,Bacteria
Shewanella baltica,caliby_score,1574.711749320718,35.878385662732946,1056.0436443624776,1883.8690325870703,Bacteria
Shewanella frigidimarina,caliby_score,1500.314462467031,7.839263992700006,1421.8076785316991,1641.2469387360172,Bacteria
Shewanella oneidensis,caliby_score,1502.3174082272837,38.55958435607232,1068.6800536167375,2093.5894807760005,Bacteria
Shewanella putrefaciens,caliby_score,1442.383562121451,67.8046697338643,963.6396972807083,2056.1198152339903,Bacteria
Shewanella sp.,caliby_score,1540.805972753643,50.78943533863571,1087.6563739624105,2021.7255544487532,Bacteria
Shigella boydii serotype 18,caliby_score,1700.1163856095748,7.005511017019334,1607.855771522181,1784.704383752217,Bacteria
Shigella flexneri,caliby_score,1638.41189782792,30.832883370554736,1219.890979701629,1992.253137212659,Bacteria
Sigmodon hispidus,caliby_score,1072.9738810945914,6.326120530026526,990.6014301188128,1155.3093810203534,Eukaryota
Sinorhizobium fredii,caliby_score,1619.9559871974293,38.86788056839301,1166.1789414323657,2131.194405528537,Bacteria
Sodalis glossinidius,caliby_score,1496.443664565362,35.66744848531857,1061.3538809099496,1995.3467908106986,Bacteria
Solanum lycopersicum,caliby_score,1182.188253716936,39.27680187814429,833.0258555941973,1752.1424466757858,Eukaryota
Solanum tuberosum,caliby_score,1040.4822280890166,22.375015905754644,827.413063253906,1327.9378085477224,Eukaryota
Sordaria macrospora / K-hell),caliby_score,1090.716303747917,15.079730185533066,902.0989119671623,1254.3293366581947,Eukaryota
Sorghum bicolor,caliby_score,1247.595384703045,30.35601617004755,903.720199291056,1533.6711099255856,Eukaryota
Spinacia oleracea,caliby_score,1247.5276538538442,27.824735030683417,897.4121024927911,1535.2729094780025,Eukaryota
Staphylococcus aureus,caliby_score,1594.0491943508393,47.62101986000939,908.0079361960392,2143.2698680107915,Bacteria
Staphylococcus epidermidis,caliby_score,1083.3026837370498,23.743865045770473,878.7493659072765,1296.8841854118098,Bacteria
Staphylococcus haemolyticus,caliby_score,1247.351783778774,43.574343150336446,915.6899871823498,1678.8902292357404,Bacteria
Staurastrum punctulatum,caliby_score,1716.9177694299922,7.520982746704242,1616.8853301289482,1795.6790804201344,Eukaryota
Stenotrophomonas maltophilia,caliby_score,2092.369433638165,22.42425948705396,1852.9905307247411,2331.226869069814,Bacteria
Streptococcus gordonii,caliby_score,1686.9309145748534,14.625442000117863,1469.7005532318772,1847.3987111075262,Bacteria
Streptococcus pneumoniae,caliby_score,1691.2800686172347,22.082206417041476,1444.9950609956381,1993.6834904600564,Bacteria
Streptococcus pneumoniae serotype 2,caliby_score,1676.1023371430272,9.045222304781316,1572.10727495452,1778.990250804257,Bacteria
Streptococcus pneumoniae serotype 4,caliby_score,1482.5207224210376,28.06782540482399,1287.9854989598518,1960.5279364696123,Bacteria
Streptococcus pyogenes,caliby_score,1451.7721616373879,4.907283861239318,1388.5003350375669,1512.248908025706,Bacteria
Streptococcus pyogenes serotype M1,caliby_score,1218.2401639191821,10.819545108324789,1124.6361244588393,1361.944405649899,Bacteria
Streptococcus pyogenes serotype M3,caliby_score,1349.0262752494198,6.221739227391924,1237.2341129392637,1411.2469779112364,Bacteria
Streptococcus pyogenes serotype M6,caliby_score,1227.6717093393972,4.091333845299333,1174.1781373199801,1273.9208587943851,Bacteria
Streptococcus suis,caliby_score,1817.3372455566143,11.43300601254649,1684.0033231001098,1938.9668505587433,Bacteria
Streptomyces arenae,caliby_score,1719.1437488738134,4.328260894513529,1666.0125664549003,1774.627666922457,Bacteria
Streptomyces avermitilis,caliby_score,1444.0948342582828,53.55735073514696,1033.8706501090555,1893.221186257693,Bacteria
Streptomyces coelicolor,caliby_score,1593.498499053205,54.38521399725595,1048.1958172832483,2184.666568928259,Bacteria
Streptomyces coelicolor / M145),caliby_score,1752.2244487760588,38.61708190368989,1208.3056028553435,2071.7737383196322,Bacteria
Streptomyces glaucescens,caliby_score,1610.1231952578078,35.271947874896505,1338.317624318814,1914.7829249058886,Bacteria
Streptomyces griseus subsp. griseus,caliby_score,1643.7647542010848,5.033301923656673,1586.80659827446,1704.3479192505142,Bacteria
Streptomyces lavendulae,caliby_score,1728.4293871256086,49.18753325299914,1088.774074606666,2040.550827069819,Bacteria
Struthio camelus,caliby_score,1579.8475032863446,16.17500849740036,1426.5855474775906,1765.845835133158,Eukaryota
Stutzerimonas stutzeri,caliby_score,1464.0770379110077,18.237697504057188,1290.4593081971607,1665.0339042656735,Bacteria
Sulfolobus acidocaldarius,caliby_score,1757.3643741883723,46.05624639673293,1216.0954857240351,2179.815912475835,Archaea
Sulfurisphaera tokodaii,caliby_score,1911.9620524652803,31.641774530777568,1438.9496794201477,2229.3575062317364,Archaea
Sus scrofa,caliby_score,1312.9977274587375,43.18020310708888,859.228552951882,2059.6712773600125,Eukaryota
Synechococcus elongatus,caliby_score,1572.9814460235991,40.55470809612401,1169.1571832808186,2068.488124149345,Bacteria
Synechococcus sp.,caliby_score,1587.7967692232812,9.908253669702313,1452.1175828742155,1711.9392400782917,Bacteria
Synechocystis sp.,caliby_score,1458.68645378543,43.616661669700726,924.8769104813658,1969.8458713971158,Bacteria
Syntrophobacter fumaroxidans,caliby_score,1160.2823691730177,30.564983961779593,939.4935971894159,1502.0616649233618,Bacteria
Tachyglossus aculeatus aculeatus,caliby_score,1172.9034044789673,17.271588378421324,963.164395793919,1344.2682259294174,Eukaryota
Taeniopygia guttata,caliby_score,1313.8800188345233,16.304887874593195,1186.4633838552554,1577.3959756484542,Eukaryota
Takifugu rubripes,caliby_score,1135.8669340391432,16.159145288869624,962.6756896802616,1327.237994240015,Eukaryota
Talaromyces stipitatus,caliby_score,1139.862021119739,8.71928746402999,1027.0802410074923,1247.2994741081209,Eukaryota
Tetraodon nigroviridis,caliby_score,1617.4771214409695,31.427822314855604,1351.2882415667978,1920.2676590502338,Eukaryota
Thermococcus gammatolerans,caliby_score,2265.9131215932307,13.069927038695036,2082.131926614306,2416.237303108786,Archaea
Thermococcus kodakarensis,caliby_score,2236.62403586899,38.2500145309586,1434.5554031658305,2553.464161536133,Archaea
Thermococcus litoralis,caliby_score,2207.819232167282,11.599279334621084,2078.639662577401,2353.3378912949065,Archaea
Thermococcus onnurineus,caliby_score,1878.8058994733426,5.5160561917820345,1811.5448282547547,1955.6971120870612,Archaea
Thermococcus sibiricus,caliby_score,1708.4320392485254,31.91391738078021,1249.3637070328446,1923.637033880402,Archaea
Thermococcus sp.,caliby_score,1964.0956566684445,5.658598306639793,1882.0511421471442,2029.867569289903,Archaea
Thermofilum pendens,caliby_score,1931.316757902313,6.265901977268868,1856.788686543664,2002.821526162475,Archaea
Thermoplasma acidophilum,caliby_score,1725.7220292764978,37.117400699153265,1255.5976357711647,2121.255914276054,Archaea
Thermoplasma volcanium,caliby_score,1635.6174469031093,27.87724256151415,1276.772812019773,1885.347295129558,Archaea
Thermoproteus tenax,caliby_score,1890.510215862921,12.051198442048724,1713.0150527185494,2034.8900888157,Archaea
Thermostichus vulcanus,caliby_score,1539.1346160531832,27.932829888201276,1136.4021911622874,1782.135113754969,Bacteria
Thermosynechococcus vestitus,caliby_score,1666.8574536573058,46.91728791767016,1086.1433025772262,2316.038151403808,Bacteria
Thermotoga maritima,caliby_score,2196.683256885657,26.141469781701357,1833.7584075150705,2509.6334956590736,Bacteria
Thermus thermophilus,caliby_score,2323.8530691318438,11.6150498503386,2167.8550400719228,2485.5475131923495,Bacteria
Toxoplasma gondii,caliby_score,755.0864508679779,10.03783306547959,644.5239082627506,898.3877189017192,Eukaryota
Treponema pallidum,caliby_score,1262.868615455117,43.10040603996627,853.1060335968134,1931.896588518187,Bacteria
Treponema pallidum subsp. pallidum,caliby_score,1457.5021074493009,1.7706665165885624,1430.4696654729019,1475.1585222783758,Bacteria
Trichoderma koningii,caliby_score,1841.6181964003765,4.170217878642713,1793.754443574506,1897.561119023692,Eukaryota
Trichoplax adhaerens,caliby_score,1049.3731833395236,24.45241022862415,762.6821219663738,1392.9152376911363,Eukaryota
Trichormus variabilis,caliby_score,1410.741847724392,46.53797860657562,968.6256158249162,2122.129036859032,Bacteria
Triticum aestivum,caliby_score,1047.2926582647087,39.574117759011344,654.3655800507441,1485.7744276573276,Eukaryota
Trypanosoma brucei brucei,caliby_score,1128.1003544114644,33.61953561147503,806.417589019042,1540.198745724389,Eukaryota
Verminephrobacter eiseniae,caliby_score,1969.0773278993845,36.89160211535427,1541.5262414019965,2258.1799561304815,Bacteria
Vibrio cholerae,caliby_score,1628.6302263924483,36.195122041239216,1105.809421326014,2014.3067754125657,Bacteria
Vibrio cholerae serotype O1,caliby_score,1846.4483549454944,30.523515021698717,1544.3210987713833,2202.6010977955816,Bacteria
Vibrio parahaemolyticus serotype O3:K6,caliby_score,1737.9264121124525,7.156159657906162,1650.5286073649454,1822.2759758779566,Bacteria
Vibrio vulnificus,caliby_score,1671.2904304786198,24.28276748090423,1453.8028960612462,1914.7715378141097,Bacteria
Vitis vinifera,caliby_score,1113.6772090613858,25.326368446029065,860.9011887397135,1381.4829964116784,Eukaryota
Xanthobacter autotrophicus,caliby_score,1784.2415277990408,25.660667097282758,1535.0098501054076,2024.0411653912824,Bacteria
Xanthomonas campestris,caliby_score,1589.9237768337296,39.788888405145094,1163.549615141328,2107.0633381539683,Bacteria
Xanthomonas campestris pv. campestris,caliby_score,1855.3325179862275,5.427762811191699,1779.5096691374904,1920.325997496989,Bacteria
Xenopus laevis,caliby_score,1177.811551704091,38.012505910452965,731.4447858865628,1677.5985364461405,Eukaryota
Xenopus tropicalis,caliby_score,1138.389227681161,24.275086594796004,845.6593912749122,1479.3987802612448,Eukaryota
Xylella fastidiosa,caliby_score,1390.0044344945513,38.17435358677735,963.2801569522225,2048.3923214544902,Bacteria
Yarrowia lipolytica,caliby_score,1352.520099189535,38.074018683651964,805.4084527422807,1935.3347404438052,Eukaryota
Yersinia enterocolitica,caliby_score,1786.4658544538945,5.470881255422692,1712.1492871173018,1870.4230066022812,Bacteria
Yersinia enterocolitica serotype O:8 / biotype 1B,caliby_score,1745.9466676077404,31.516163237804616,1507.648726033914,2064.012184634492,Bacteria
Yersinia pestis,caliby_score,1616.8195699726657,43.129877073127325,1088.7929858309344,2147.39853309401,Bacteria
Yersinia pseudotuberculosis serotype IB,caliby_score,1583.3254515998008,20.702663628690974,1387.3174302085065,1787.34750288565,Bacteria
Yersinia pseudotuberculosis serotype O:1b,caliby_score,1223.810648989114,6.189201491088197,1147.159355809562,1305.9699237951809,Bacteria
Yersinia pseudotuberculosis serotype O:3,caliby_score,1365.6437701353832,61.12610999428482,920.8985985350631,1878.4699233669348,Bacteria
Zea mays,caliby_score,1270.0914309935242,38.93844981911829,772.4537698142863,1736.6963358099879,Eukaryota
Zygnema circumcarinatum,caliby_score,1441.2843292548364,34.06160051775213,1198.5029313966947,1776.7573221573527,Eukaryota
Zygosaccharomyces rouxii,caliby_score,1266.4251130696923,22.723006859070313,1061.27301305759,1512.805767530679,Eukaryota
Acetivibrio thermocellus,soluble_caliby_score,1700.6075784997042,8.566042841159401,1583.9866631354648,1812.0255649942994,Bacteria
Acidianus ambivalens,soluble_caliby_score,1347.396631864144,6.391559221515968,1275.5096445486959,1425.7947329860674,Archaea
Acidiphilium cryptum,soluble_caliby_score,1913.666926349737,8.521032674314837,1815.192827192254,2017.6713975098971,Bacteria
Acidithiobacillus ferrooxidans,soluble_caliby_score,1459.656522793976,2.96766557580588,1409.9242062581452,1500.4991130401609,Bacteria
Acinetobacter baumannii,soluble_caliby_score,1465.4738143571335,44.34856456880031,1011.0237935424922,1948.6389090751572,Bacteria
Acinetobacter baylyi,soluble_caliby_score,1447.9562731979304,47.639553074462626,926.863340450026,2049.5056155463026,Bacteria
Acorus calamus var. americanus,soluble_caliby_score,1121.6137938536053,9.692533205415145,991.9063884026236,1254.344642714173,Eukaryota
Actinobacillus pleuropneumoniae serotype 5b,soluble_caliby_score,1650.5193883074392,2.7112528387692505,1620.188372451249,1685.9573656588707,Bacteria
Actinobacillus pleuropneumoniae serotype 7,soluble_caliby_score,1442.5146298762131,1.4311500065280796,1423.366272687114,1458.9165298832338,Bacteria
Adiantum capillus-veneris,soluble_caliby_score,1747.6541621173126,9.78059438483382,1629.4934565794456,1852.7015126614897,Eukaryota
Aedes aegypti,soluble_caliby_score,1120.6276296568533,30.38663951217375,684.9118374513495,1577.423020992545,Eukaryota
Aeromonas hydrophila,soluble_caliby_score,1526.928721255847,44.86489860834836,1019.2397836786147,2054.198522465234,Bacteria
Aeromonas hydrophila subsp. hydrophila,soluble_caliby_score,1783.3759344390576,5.84164182760399,1726.1813348891747,1854.7457579108911,Bacteria
Aeromonas salmonicida,soluble_caliby_score,1658.922118472245,30.380495942642046,1325.8000256963048,1901.5076449913718,Bacteria
Aeropyrum pernix,soluble_caliby_score,2082.1477344960495,23.88499624557352,1786.9589631720635,2342.1776900476834,Archaea
Agrobacterium fabrum,soluble_caliby_score,1523.8580974136264,34.34316058201275,1091.2609999859621,2022.4932824363345,Bacteria
Agrostis stolonifera,soluble_caliby_score,860.5958950993689,8.398279723568377,774.3251247153589,955.2480408589521,Eukaryota
Ajellomyces capsulatus,soluble_caliby_score,1384.5997547189947,32.913804578296336,1110.4065344128092,1703.49801006555,Eukaryota
Alcanivorax borkumensis,soluble_caliby_score,1631.2533727295759,7.690224109475315,1550.3558473624985,1712.728311994095,Bacteria
Aliivibrio fischeri,soluble_caliby_score,1523.9265207749047,37.36610792393054,1051.1864271882766,2052.1784247718306,Bacteria
Alkalihalobacillus clausii,soluble_caliby_score,1669.1298311916287,50.701714984439896,979.5954771423254,2217.3600283217143,Bacteria
Alkalihalophilus pseudofirmus,soluble_caliby_score,2037.6923729807916,4.8550344707156805,1984.7249279558084,2095.447208396343,Bacteria
Alligator mississippiensis,soluble_caliby_score,1550.171122501232,37.328687162695736,1075.2947450685938,1885.3550790752795,Eukaryota
Allochromatium vinosum,soluble_caliby_score,1472.3762854353613,3.9782789968947494,1426.3261290785306,1526.5946300174942,Bacteria
Anas platyrhynchos,soluble_caliby_score,1371.3656249680953,59.47152374052508,791.1272634528558,1948.086058147802,Eukaryota
Anopheles gambiae,soluble_caliby_score,1126.442615142047,27.228878793635502,821.0201726385568,1432.5356974205931,Eukaryota
Anopheles quadrimaculatus,soluble_caliby_score,1095.1404591906423,37.18869711329263,816.0104921581021,1503.2495196462644,Eukaryota
Anthoceros angustus,soluble_caliby_score,1541.1395924256028,11.156824005196933,1430.1676779127083,1666.570123532393,Eukaryota
Apis mellifera,soluble_caliby_score,873.1299733281078,27.160020629876833,576.1821509571678,1366.8490647786612,Eukaryota
Aquifex aeolicus,soluble_caliby_score,1889.2068731067134,52.56922387127744,1126.2456777883233,2432.6725868747867,Bacteria
Arabidopsis thaliana,soluble_caliby_score,1137.3840750969168,35.87310342111863,818.3674217314164,1738.706169939527,Eukaryota
Archaeoglobus fulgidus,soluble_caliby_score,2083.8432622384057,43.750108452839484,1214.0090365257768,2387.577649764368,Archaea
Ashbya gossypii,soluble_caliby_score,1275.599527804028,34.75392264804465,905.4161225637731,1855.0467432097425,Eukaryota
Aspergillus clavatus,soluble_caliby_score,1316.2046137095092,26.24160646501094,969.3142133612615,1509.795309972781,Eukaryota
Aspergillus flavus,soluble_caliby_score,1538.9063042695343,17.309022827764707,1348.9649476926675,1713.7926722434918,Eukaryota
Aspergillus fumigatus,soluble_caliby_score,1246.6479628995046,31.124710713301067,825.4982793342068,1559.8185522213505,Eukaryota
Aspergillus niger,soluble_caliby_score,1396.3330002627313,12.262773053690498,1255.5293798128655,1577.0844615711,Eukaryota
Aspergillus oryzae,soluble_caliby_score,1449.121098159641,43.63160042342797,928.7059605240809,1805.7648333750546,Eukaryota
Azoarcus sp.,soluble_caliby_score,1286.2586114576707,6.57011072029461,1188.977928612881,1362.9699493372902,Bacteria
Azospirillum brasilense,soluble_caliby_score,1349.0040730772507,8.64510607206575,1246.7858941304025,1440.3836164566721,Bacteria
Bacillus anthracis,soluble_caliby_score,1702.6959169804657,49.24924598069795,1075.813133639407,2196.223573209924,Bacteria
Bacillus cereus,soluble_caliby_score,1637.8838207425367,28.392572387267027,1310.4866222985133,1943.1935300805144,Bacteria
Bacillus cytotoxicus,soluble_caliby_score,1546.7505046551669,13.716340290982188,1415.612511522029,1713.1338753858597,Bacteria
Bacillus licheniformis,soluble_caliby_score,1723.8396739706295,39.42116427455885,1225.3747001043625,2175.374463979383,Bacteria
Bacillus sp,soluble_caliby_score,1671.0812745289847,8.895391572091814,1540.0985012624612,1794.6685722090792,Bacteria
Bacillus sp.,soluble_caliby_score,1641.1324868443946,40.17992623102901,1203.6062145280298,2029.5639749989593,Bacteria
Bacillus spizizenii,soluble_caliby_score,1412.4259919614756,28.778813087519367,1128.2556399882124,1774.4606914644894,Bacteria
Bacillus subtilis,soluble_caliby_score,1752.5466933314656,35.92510618479363,1210.5716405100384,2173.9327610015384,Bacteria
Bacillus thuringiensis,soluble_caliby_score,1776.193326930472,13.682264837369239,1605.259193038337,1922.4291388485435,Bacteria
Bacillus thuringiensis serovar kurstaki,soluble_caliby_score,1163.4245107267138,5.909802555719908,1090.4274102771515,1243.3005756242069,Bacteria
Bacillus thuringiensis subsp. israelensis,soluble_caliby_score,1295.5610458751016,5.34462936356504,1233.749715527742,1362.4362310440038,Bacteria
Bacillus thuringiensis subsp. konkukian,soluble_caliby_score,1563.9697294067112,4.615809927910383,1505.9940585964273,1624.79116056788,Bacteria
Balaenoptera musculus,soluble_caliby_score,1521.2535815525707,25.37989453381481,1237.985942806039,1772.6130831882213,Eukaryota
Balaenoptera physalus,soluble_caliby_score,1390.285080915371,38.79450771372999,920.7251226830645,1787.3858756905895,Eukaryota
Barbarea verna,soluble_caliby_score,1265.519124233324,19.47540897371132,1039.8562287021446,1484.6105022307036,Eukaryota
Bartonella bacilliformis,soluble_caliby_score,1202.3047500947844,16.162915925067495,1055.1985836743042,1411.1931418530432,Bacteria
Bifidobacterium longum,soluble_caliby_score,1616.556936591494,6.57886708614415,1529.0351730278394,1688.173530590961,Bacteria
Bifidobacterium longum subsp. infantis,soluble_caliby_score,1436.4297854593979,5.804010318253381,1354.5655035214143,1497.1716914531958,Bacteria
Blastochloris viridis,soluble_caliby_score,1567.9795710359526,20.210882073273563,1311.3055014403585,1779.0635449635245,Bacteria
Blastomyces gilchristii,soluble_caliby_score,887.821579044432,7.977683085632031,818.2178850897726,998.370605302805,Eukaryota
Bordetella pertussis,soluble_caliby_score,1555.2908828196805,53.1601147254421,980.0961255547204,2151.8809662239837,Bacteria
Borreliella burgdorferi,soluble_caliby_score,1676.8779410351833,28.16614581799028,1413.9217831503117,2012.809162481886,Bacteria
Bos mutus grunniens,soluble_caliby_score,1149.7093895608682,28.85926873434601,820.6211052229778,1381.4676591907867,Eukaryota
Bos taurus,soluble_caliby_score,1282.2920822586436,33.247501749542955,902.7139614520753,1738.8612076052123,Eukaryota
Bradyrhizobium diazoefficiens,soluble_caliby_score,1474.0608343966044,34.78501019724225,1079.422154368526,1958.6435756186606,Bacteria
Branchiostoma floridae,soluble_caliby_score,1202.4862420578813,33.592641594756124,790.7308454323512,1549.954541498562,Eukaryota
Brucella canis,soluble_caliby_score,1995.1777507790387,13.37719607320124,1823.806968464553,2120.959467147301,Bacteria
Brucella melitensis,soluble_caliby_score,1567.1195348675155,36.57425667374615,1117.8461187455491,2046.1513501683487,Bacteria
Brucella melitensis biotype 1,soluble_caliby_score,1347.2181906082967,5.8483682953185285,1280.3598548906928,1419.3461999098058,Bacteria
Brucella melitensis biotype 2,soluble_caliby_score,1243.704410093994,5.60786492513032,1169.4054030583288,1304.8675627619157,Bacteria
Brucella ovis,soluble_caliby_score,1798.6511920947755,14.720040760356774,1616.3794645726705,1941.895238798788,Bacteria
Brucella suis biovar 1,soluble_caliby_score,1457.9132117189686,14.114809124603452,1306.239488055353,1600.0663503440674,Bacteria
Brugia malayi,soluble_caliby_score,1031.1804976636695,23.74195509795718,776.824713276567,1419.3323003168246,Eukaryota
Buchnera aphidicola,soluble_caliby_score,1114.1919781681381,33.45638026534808,841.6799025579868,1605.0677526392176,Bacteria
Buchnera aphidicola subsp. Acyrthosiphon pisum,soluble_caliby_score,1130.8621564558437,24.969349514029744,865.0883900997176,1452.5160290963665,Bacteria
Buchnera aphidicola subsp. Baizongia pistaciae,soluble_caliby_score,1058.4343355769345,32.23738278213186,788.6749312461319,1444.6435568018667,Bacteria
Buchnera aphidicola subsp. Schizaphis graminum,soluble_caliby_score,1157.9555079731692,22.665678472520398,977.3924707103947,1498.9126882311011,Bacteria
Burkholderia cenocepacia,soluble_caliby_score,1649.3661358480108,27.8267241157223,1381.6217729266837,1917.2990744668627,Bacteria
Burkholderia mallei,soluble_caliby_score,1601.5954132328861,54.36664049797328,949.7664605507726,2202.246987808873,Bacteria
Burkholderia multivorans,soluble_caliby_score,1901.0307389870804,10.069329076351707,1760.2453331235336,2016.665789007511,Bacteria
Buxus microphylla,soluble_caliby_score,1353.602648017245,8.680780101133033,1250.649617367605,1484.9407160116427,Eukaryota
Caenorhabditis briggsae,soluble_caliby_score,1096.592849865108,28.281379927628457,775.9577023808858,1434.8945026653632,Eukaryota
Caenorhabditis elegans,soluble_caliby_score,1114.9970111314763,33.092543427390076,715.53503375393,1534.3939020733217,Eukaryota
Caldanaerobacter subterraneus,soluble_caliby_score,2053.6214223631273,40.7739020196573,1437.8863594917811,2406.595739493977,Bacteria
Caldivirga maquilingensis,soluble_caliby_score,1850.0903871557946,9.206817211772506,1727.0516026871048,1973.4625367843983,Archaea
Calycanthus floridus var. glaucus,soluble_caliby_score,1519.6506837381357,9.492877237701414,1439.6009953853502,1642.4019823856243,Eukaryota
Campylobacter fetus subsp. fetus,soluble_caliby_score,1663.642501503786,6.855792029114596,1562.6186641387742,1743.619752973097,Bacteria
Campylobacter jejuni,soluble_caliby_score,1588.73080974459,54.67076320006729,975.3846357027887,2127.6541966660857,Bacteria
Campylobacter jejuni subsp. doylei,soluble_caliby_score,1609.21962391295,6.6859272932222575,1529.1972585140725,1694.21044824492,Bacteria
Campylobacter jejuni subsp. jejuni serotype O:2,soluble_caliby_score,1458.756141299014,10.576038241609787,1333.0524769440399,1614.1989475776695,Bacteria
Campylobacter jejuni subsp. jejuni serotype O:23/36,soluble_caliby_score,1624.6641271546928,6.75578250378083,1543.1157209337491,1709.70412569437,Bacteria
Candida albicans,soluble_caliby_score,1307.5582326013973,33.41623658339336,928.4064459665569,1816.732174026983,Eukaryota
Candida glabrata,soluble_caliby_score,1304.2707473694995,25.727022475879725,1108.3749313395442,1687.9409121934025,Eukaryota
Canis lupus,soluble_caliby_score,1270.0345644686429,30.680346124988816,921.2918971912584,1688.353586558511,Eukaryota
Capra hircus,soluble_caliby_score,1174.4562949737897,19.582490334972345,974.5994472744418,1366.9542503388166,Eukaryota
Capsella bursa-pastoris,soluble_caliby_score,1242.4057860488317,22.59222873300496,964.7008964406327,1479.4148921373082,Eukaryota
Carassius auratus,soluble_caliby_score,1517.759396263413,23.066893298437318,1209.8177654158023,1734.0072983936884,Eukaryota
Carica papaya,soluble_caliby_score,1314.1202810933034,24.065763937493728,1014.2828301873503,1522.27357647112,Eukaryota
Caulobacter vibrioides,soluble_caliby_score,1609.2038647122922,46.89717472220177,983.453831745303,2118.753055811817,Bacteria
Cenarchaeum symbiosum,soluble_caliby_score,1752.87765910995,12.371366000233044,1621.6814447382826,1893.347963531956,Archaea
Ceratotherium simum,soluble_caliby_score,1236.2070712719012,26.431528669546477,883.8241471179613,1538.3825457022099,Eukaryota
Cereibacter sphaeroides,soluble_caliby_score,1612.055026302347,37.10367821922582,1070.1763695908905,2028.9172662631488,Bacteria
Chaetosphaeridium globosum,soluble_caliby_score,1709.530637399489,11.151646584985693,1603.3678548002033,1848.378030870394,Eukaryota
Chlamydia pneumoniae,soluble_caliby_score,1044.9333691115714,12.959754830565021,904.3269927455873,1197.5954426576504,Bacteria
Chlamydia trachomatis serovar D,soluble_caliby_score,1396.12644665955,39.71948315398242,1067.9416799190735,1732.161407582489,Bacteria
Chlamydia trachomatis serovar L2,soluble_caliby_score,1141.2502241648967,4.662494305414116,1068.064619937755,1191.934083672511,Bacteria
Chlamydomonas reinhardtii,soluble_caliby_score,1114.9255580078218,39.95086380731746,747.2053833262586,1637.4352222773605,Eukaryota
Chlorobaculum tepidum,soluble_caliby_score,1321.8367934256198,17.025110063806732,1142.2183967632739,1520.0816491546286,Bacteria
Chlorobaculum thiosulfatiphilum,soluble_caliby_score,1271.4136639777423,11.09212173988368,1165.789148295563,1411.1214137335285,Bacteria
Chlorobium phaeobacteroides,soluble_caliby_score,997.1664273223278,5.587967876524294,913.8998705312285,1043.7774205204794,Bacteria
Chloroflexus aurantiacus,soluble_caliby_score,1974.9632452653113,5.558449288271289,1905.400817315254,2056.3926846876902,Bacteria
Chromobacterium violaceum,soluble_caliby_score,1538.8880659821941,47.30557596996552,977.0726910279973,2097.2327995962937,Bacteria
Citrobacter koseri,soluble_caliby_score,1638.5235013095485,38.20277028277824,1265.8732603930653,2122.1560562809486,Bacteria
Clostridium acetobutylicum,soluble_caliby_score,1753.0154618908955,41.4293515185109,1184.8220188906146,2173.31577460317,Bacteria
Clostridium beijerinckii,soluble_caliby_score,1578.678378172563,31.091972126295843,1271.1392170378317,1843.5518374469664,Bacteria
Clostridium botulinum,soluble_caliby_score,1719.0176979852718,8.125816042781512,1602.4853614822593,1818.0935608049626,Bacteria
Clostridium kluyveri,soluble_caliby_score,1539.9792106812217,18.193934760488336,1345.4918767630868,1765.5799818073747,Bacteria
Clostridium perfringens,soluble_caliby_score,2153.996516623183,7.2052845932453025,2041.2571564502646,2249.3089697409723,Bacteria
Coffea arabica,soluble_caliby_score,1476.4580980056667,16.39676230070043,1339.3093900441077,1664.96631477633,Eukaryota
Corynebacterium efficiens,soluble_caliby_score,1332.3565675636937,9.817296842106185,1233.295151628748,1462.4915021393663,Bacteria
Corynebacterium glutamicum,soluble_caliby_score,1630.402864186616,39.90219215223875,1190.0668538261116,2032.7128943090952,Bacteria
Coturnix japonica,soluble_caliby_score,1647.4034532030842,17.832033700372236,1477.7415483269885,1834.6487832016105,Eukaryota
Cricetulus griseus,soluble_caliby_score,1271.1061398659062,23.281667836473396,965.9104518171307,1482.1926842172907,Eukaryota
Cronobacter sakazakii,soluble_caliby_score,1628.4238526297913,36.27304743827339,1218.2823862733758,2127.4553483382606,Bacteria
Crucihimalaya wallichii,soluble_caliby_score,1480.304925506453,11.330945958985167,1353.14293703261,1600.887142528358,Eukaryota
Cryptococcus deneoformans,soluble_caliby_score,1492.747815189381,29.764927142889185,1177.1970164723625,1739.1951215058039,Eukaryota
Cucumis sativus,soluble_caliby_score,1613.1555113095048,10.502155702017,1484.0159519492242,1731.5373039901071,Eukaryota
Culex quinquefasciatus,soluble_caliby_score,1179.5704967344507,28.621705713049288,831.545268023335,1640.1098707984515,Eukaryota
Cupriavidus necator,soluble_caliby_score,1572.689554717007,45.511903881312136,1013.3712244321679,2163.402766459771,Bacteria
Cycas taitungensis,soluble_caliby_score,1426.9595459061313,34.73012766214199,1118.0506044373249,1725.3654925005437,Eukaryota
Cytophaga hutchinsonii,soluble_caliby_score,1220.6603536820212,3.5593872414649055,1170.9927047803587,1266.0448526098578,Bacteria
Danio rerio,soluble_caliby_score,1218.1589389580145,30.77240861594986,879.608238851475,1579.191722309365,Eukaryota
Dasypus novemcinctus,soluble_caliby_score,1322.0736925830956,15.510655059403161,1153.4916505928252,1542.1561465809482,Eukaryota
Daucus carota,soluble_caliby_score,1464.4104229551988,19.639355473969363,1308.9652878236097,1675.2721694901231,Eukaryota
Debaryomyces hansenii,soluble_caliby_score,1209.977732706282,34.40029902368761,834.7523086673567,1771.6970290789077,Eukaryota
Deinococcus radiodurans,soluble_caliby_score,1626.0876522187705,47.67483208151599,1145.1013612083718,2208.9452872228558,Bacteria
Dictyostelium discoideum,soluble_caliby_score,1130.481343536947,34.22466584569616,740.0851788995676,1547.919437367578,Eukaryota
Didelphis virginiana,soluble_caliby_score,1106.1277724773488,33.67812933043618,833.7023541788578,1559.8750229662744,Eukaryota
Drimys granadensis,soluble_caliby_score,1451.8680217454778,37.6496686003536,1132.2359717293978,1781.0316627085942,Eukaryota
Drosophila melanogaster,soluble_caliby_score,1136.9080952679017,27.15528310184183,831.6111388745067,1555.2982954835152,Eukaryota
Drosophila persimilis,soluble_caliby_score,813.3884601032156,6.305982215532883,747.6803104137481,896.479315889942,Eukaryota
Drosophila sechellia,soluble_caliby_score,1201.3269440004315,27.304090147991612,949.1701615814036,1486.8275662992662,Eukaryota
Drosophila simulans,soluble_caliby_score,971.1040709804679,9.336213190290472,868.4785519486147,1102.8294754152762,Eukaryota
Drosophila willistoni,soluble_caliby_score,1168.406113389169,25.388163703058854,947.3984553423173,1472.8320930125851,Eukaryota
Drosophila yakuba,soluble_caliby_score,1187.6177103202053,21.213517221997332,996.9615185280513,1459.7317346022487,Eukaryota
Dugong dugon,soluble_caliby_score,1451.240279341309,28.822884644975733,1101.1926182816674,1714.915834664843,Eukaryota
Emericella nidulans,soluble_caliby_score,1260.9286019554895,32.940715319637725,877.4289349010658,1629.797077393303,Eukaryota
Encephalitozoon cuniculi,soluble_caliby_score,1183.2662125235977,30.0959736511729,929.3892112436291,1531.6171629692506,Eukaryota
Entamoeba histolytica,soluble_caliby_score,1258.0070575576851,47.09652527033915,836.4576061282411,1913.4038139152576,Eukaryota
Enterobacter sp.,soluble_caliby_score,1550.3713295595535,38.313561319960996,1147.8207343768634,2079.4403334764056,Bacteria
Enterococcus faecalis,soluble_caliby_score,1754.2871973532317,43.83951658945221,1024.2269309770836,2187.8253741856574,Bacteria
Enterococcus hirae,soluble_caliby_score,1343.009801703502,3.854890283810106,1295.1976323852396,1393.2945555649253,Bacteria
Equus caballus,soluble_caliby_score,1287.1170788330157,23.171689050980884,1032.1857277575627,1536.5846203356946,Eukaryota
Erwinia tasmaniensis,soluble_caliby_score,1569.423096652934,39.68724811591898,1110.4962418484631,2072.948087715459,Bacteria
Escherichia coli,soluble_caliby_score,1731.1571114850842,26.885250552169985,1307.74626755496,2043.7351375858248,Bacteria
Escherichia coli O139:H28,soluble_caliby_score,1560.2101913449296,2.7578283867632365,1521.1708953989264,1596.69293539653,Bacteria
Escherichia coli O157:H7,soluble_caliby_score,1712.36140141838,32.24367568087181,1329.4376448029857,2091.2969950348206,Bacteria
Escherichia coli O17:K52:H18,soluble_caliby_score,1536.000496858283,2.7578461501538456,1496.777773548708,1573.6966750364988,Bacteria
Escherichia coli O1:K1 / APEC,soluble_caliby_score,1678.7609364879902,39.33289258771034,1394.284439900347,2060.8709588394554,Bacteria
Escherichia coli O45:K1,soluble_caliby_score,1427.00140551399,22.62277807819973,1156.955955176346,1683.223728309091,Bacteria
Escherichia coli O6:H1,soluble_caliby_score,1564.7220230383145,27.790119195650696,1232.8549373116948,1887.5287195994658,Bacteria
Escherichia coli O7:K1,soluble_caliby_score,1628.0017386731167,10.150815967092848,1496.3963283335588,1735.95617886974,Bacteria
Escherichia coli O81,soluble_caliby_score,1603.6314949848872,2.8312034931140992,1564.6372128427581,1645.0532320094417,Bacteria
Escherichia coli O9:H4,soluble_caliby_score,1215.3763942532282,5.653627994702371,1135.2184420212966,1296.2499166181915,Bacteria
Eucalyptus globulus subsp. globulus,soluble_caliby_score,1457.2751604344949,17.8587127767417,1311.364590508979,1650.5394839391874,Eukaryota
Fagopyrum esculentum subsp. ancestrale,soluble_caliby_score,1143.877144095452,34.617473935677424,829.843394679606,1438.0815914281018,Eukaryota
Felis catus,soluble_caliby_score,1388.3487815935475,23.90851064605392,1101.0067479578468,1670.3530307234662,Eukaryota
Formosania lacustris,soluble_caliby_score,1167.8699286386538,24.829369275286023,940.0263487861683,1398.4369335227045,Eukaryota
Francisella tularensis subsp. holarctica,soluble_caliby_score,1719.130582717732,6.404224904060368,1637.983536458362,1797.2024090192074,Bacteria
Francisella tularensis subsp. tularensis,soluble_caliby_score,1798.3841908321774,5.923917834101712,1718.5112225868183,1859.4048521178586,Bacteria
Gadus morhua,soluble_caliby_score,1635.760086865971,14.211584571317534,1470.5437692613905,1800.0061777241363,Eukaryota
Gallus gallus,soluble_caliby_score,1387.0989171358385,33.69236206045811,964.29971230799,1879.4610703285382,Eukaryota
Geobacillus kaustophilus,soluble_caliby_score,1905.2259632207604,46.82502057636324,1193.0958240136617,2335.0644226711315,Bacteria
Geobacillus stearothermophilus,soluble_caliby_score,1758.8351316267185,38.675021127995024,1345.8270557428787,2163.9717296546482,Bacteria
Gibberella zeae,soluble_caliby_score,1189.7658157979652,10.121244141509312,1094.9337809498634,1324.7788827109378,Eukaryota
Gorilla gorilla,soluble_caliby_score,1268.3461491124683,34.37358200475105,860.5336293212574,1729.2570480682532,Eukaryota
Gorilla gorilla gorilla,soluble_caliby_score,1585.8998704499575,8.975290712074482,1486.0042670578102,1716.799449328226,Eukaryota
Gossypium barbadense,soluble_caliby_score,1250.7563400069255,36.21481416825242,987.1409130112867,1643.4423420570768,Eukaryota
Haemophilus ducreyi,soluble_caliby_score,1612.1060515292795,6.711684046647484,1533.089254062563,1691.9269922439553,Bacteria
Haemophilus influenzae,soluble_caliby_score,1654.94662187241,40.678311982332886,1030.1278120466907,2124.812466200049,Bacteria
Halalkalibacterium halodurans,soluble_caliby_score,1735.8667197793202,40.464466047570355,1135.4501617047836,2177.008869449067,Bacteria
Haloarcula hispanica,soluble_caliby_score,1158.0542974561263,3.952685212478234,1111.7434223072,1214.086230538582,Archaea
Haloarcula marismortui,soluble_caliby_score,1659.1484749699014,34.53297372982213,1189.7464708223117,2104.5268366614464,Archaea
Halobacterium salinarum,soluble_caliby_score,1584.619095046627,50.6411583582506,962.1367520151051,2111.318457798017,Archaea
Haloferax mediterranei,soluble_caliby_score,1664.8030550649635,20.341404713661497,1432.4042815893265,1891.4055412506857,Archaea
Haloferax volcanii,soluble_caliby_score,1568.205680707211,25.31910172199069,1002.3817462002484,1780.0057129719632,Archaea
Halopiger xanaduensis,soluble_caliby_score,1851.2227925671345,14.721539071822917,1705.9840339423126,1986.4752666338172,Archaea
Haloquadratum walsbyi,soluble_caliby_score,1291.4616004085694,40.77801573693746,784.7571655200314,1883.2831521330104,Archaea
Halorhodospira halophila,soluble_caliby_score,2021.5302738290075,9.10419507959316,1893.0161701351478,2122.5107450572336,Bacteria
Halorubrum lacusprofundi,soluble_caliby_score,1727.5418721399274,26.17337386123239,1454.6656864108604,1996.4725764665636,Archaea
Helianthus annuus,soluble_caliby_score,1514.5120853727994,7.039308048973631,1428.256155801796,1624.9813540807286,Eukaryota
Helicobacter pylori,soluble_caliby_score,1408.9807195183298,53.97367465919244,920.9695750854202,2112.9899628670187,Bacteria
Homo sapiens,soluble_caliby_score,1199.0100542202476,28.998807838047274,948.2289315222666,1615.6155945938262,Eukaryota
Hordeum vulgare,soluble_caliby_score,1621.612562516337,20.292704658410475,1402.8081999870976,1799.9685171588346,Eukaryota
Huperzia lucidula,soluble_caliby_score,1798.0495853008597,12.493511424965828,1622.3593906968008,1913.5387700463089,Eukaryota
Hydra vulgaris,soluble_caliby_score,1186.3782006045747,11.214223733861235,1039.191004549452,1362.74403784599,Eukaryota
Hydrogenobacter thermophilus,soluble_caliby_score,1540.7937671560444,3.1450591789516102,1494.5646170195175,1581.0173825832705,Bacteria
Hylobates lar,soluble_caliby_score,1258.875138919452,8.349422595703171,1177.1097259660646,1365.9833409330488,Eukaryota
Hyperthermus butylicus,soluble_caliby_score,2035.4528921678727,17.048416571175796,1798.4458794872558,2260.399844871102,Archaea
Ignicoccus hospitalis,soluble_caliby_score,2043.8481197198798,6.772065527298179,1958.6629387519938,2115.52820174857,Archaea
Ipomoea purpurea,soluble_caliby_score,1638.389662392599,8.518601740761651,1566.5701005009282,1742.6140650434904,Eukaryota
Jasminum nudiflorum,soluble_caliby_score,1537.0076220103992,12.507670199653289,1370.9769722952324,1673.3673256901416,Eukaryota
Klebsiella aerogenes,soluble_caliby_score,1431.9270373501429,4.349850049338324,1379.7247000222683,1485.051937393669,Bacteria
Klebsiella pneumoniae,soluble_caliby_score,1596.6412173736974,32.68284928835722,1121.3951458088754,1976.0480718686665,Bacteria
Klebsiella pneumoniae subsp. pneumoniae,soluble_caliby_score,1707.6773512803995,6.655251367987267,1627.782669195037,1798.0571868106645,Bacteria
Kluyveromyces lactis,soluble_caliby_score,1236.89201620119,32.00428299979529,840.6586799191783,1795.7432607812864,Eukaryota
Korarchaeum cryptofilum,soluble_caliby_score,1602.0479660429614,7.89301661494145,1509.1135793764804,1711.0972239219932,Archaea
Lactiplantibacillus plantarum,soluble_caliby_score,1670.708452205954,38.15071809566823,1323.1661929967263,2171.414715941017,Bacteria
Lactococcus lactis,soluble_caliby_score,1703.3773856328853,33.962538811959604,1272.4871092197604,2082.0690873047915,Bacteria
Lactococcus lactis subsp. cremoris,soluble_caliby_score,1240.9852955186739,4.159897053572879,1192.9963693611871,1294.31269896134,Bacteria
Lactococcus lactis subsp. lactis,soluble_caliby_score,1767.3385898623487,23.83734025733597,1523.7828854989834,2015.088696072653,Bacteria
Latimeria chalumnae,soluble_caliby_score,1151.042705462737,41.037542370256645,784.8433159680249,1660.3829424081507,Eukaryota
Legionella pneumophila,soluble_caliby_score,1468.6258451705676,32.61870033096339,1201.8916934044787,1764.3554676998797,Bacteria
Legionella pneumophila subsp. pneumophila,soluble_caliby_score,1403.449199096593,6.0309462081504,1327.8947549611094,1484.0924228387464,Bacteria
Leifsonia xyli subsp. xyli,soluble_caliby_score,1547.1231187573223,4.369511942837598,1479.0939510472772,1602.1730436285627,Bacteria
Lemna minor,soluble_caliby_score,1177.5141736938076,5.839344009710489,1110.1451097137008,1252.2436770216405,Eukaryota
Lemur catta,soluble_caliby_score,1254.9390521326154,31.137569394573713,872.2829218188178,1547.0205816292944,Eukaryota
Lepidium virginicum,soluble_caliby_score,1207.1638426622176,19.889902611361055,1020.5425932604214,1434.6048901811753,Eukaryota
Levilactobacillus brevis,soluble_caliby_score,1312.389477914054,4.11815799462745,1256.322902959869,1354.6623016976368,Bacteria
Liriodendron tulipifera,soluble_caliby_score,1368.0155684665233,32.660040322708724,1087.4865420731546,1787.4004055774662,Eukaryota
Listeria monocytogenes,soluble_caliby_score,1703.5612191895195,49.25156198180038,980.6662172572305,2233.1981388027425,Bacteria
Listeria monocytogenes serotype 1/2a,soluble_caliby_score,1830.983143452926,6.786735060172523,1723.3170408017977,1904.1627520071377,Bacteria
Listeria monocytogenes serovar 1/2a,soluble_caliby_score,1363.1187192274772,3.8066236569909564,1317.5617543454357,1415.304413871643,Bacteria
Lobularia maritima,soluble_caliby_score,1534.7215101539305,9.138419263609352,1389.3254347924772,1637.3965681838001,Eukaryota
Lodderomyces elongisporus,soluble_caliby_score,1221.320766344381,23.844897206003935,999.7903422151799,1513.698684841084,Eukaryota
Lotus japonicus,soluble_caliby_score,951.6689498231009,8.650503089188765,834.4829170992816,1061.0585558877067,Eukaryota
Loxodonta africana,soluble_caliby_score,1152.3428216529585,10.970368076040664,1057.3966398905668,1301.890138695733,Eukaryota
Lumbricus terrestris,soluble_caliby_score,1179.7510234986332,28.05158254749471,912.5183304724034,1421.8122390484218,Eukaryota
Lycodon semicarinatus,soluble_caliby_score,1196.9618847483257,20.90688857755257,962.1131668783194,1461.5278442448678,Eukaryota
Macaca fascicularis,soluble_caliby_score,1106.3938368780816,28.35406532335199,742.5375714806809,1431.4323227641946,Eukaryota
Mammuthus primigenius,soluble_caliby_score,1225.9658409166823,19.289704602803443,1038.7878849053498,1458.5738630140743,Eukaryota
Mannheimia succiniciproducens,soluble_caliby_score,1601.2112356227062,48.26921679852619,937.779160335579,2160.354382910599,Bacteria
Marchantia polymorpha,soluble_caliby_score,1751.296766432737,30.090857522890925,1428.5274834654101,2055.9973936153924,Eukaryota
Marinobacter nauticus,soluble_caliby_score,1533.6874271647366,6.523945698233774,1439.2011441066009,1593.0636242899764,Bacteria
Mesocricetus auratus,soluble_caliby_score,868.5948596513839,17.477402847926538,684.3862403480064,1029.7735412613092,Eukaryota
Mesorhizobium japonicum,soluble_caliby_score,1570.3869406636143,34.03080723560393,1173.0240093165073,1957.938692651975,Bacteria
Mesostigma viride,soluble_caliby_score,1684.9018515995658,21.265332134038477,1522.2789187112326,1913.0399693375814,Eukaryota
Metallosphaera sedula,soluble_caliby_score,1587.355883271154,41.18783760525215,1057.665116245404,1968.191980418819,Archaea
Methanobacterium formicicum,soluble_caliby_score,1092.1631920445534,12.63729884239967,961.0166302108346,1228.6768077367403,Archaea
Methanobrevibacter smithii,soluble_caliby_score,1420.2280386735833,23.450238911857692,1050.5942302675173,1618.044940430833,Archaea
Methanocaldococcus jannaschii,soluble_caliby_score,2043.9815831676394,45.40065747341013,1292.2080448769154,2453.1724389626766,Archaea
Methanocella arvoryzae,soluble_caliby_score,1610.0850643754634,8.337885633131817,1523.1946057265477,1722.6538943194255,Archaea
Methanococcoides burtonii,soluble_caliby_score,1756.7199014388598,19.992339750941575,1528.0839754556596,1950.060831411275,Archaea
Methanococcus aeolicus,soluble_caliby_score,1832.438440805692,22.282951511451778,1589.6548490806492,2097.9938498492047,Archaea
Methanococcus maripaludis,soluble_caliby_score,1549.1911370352746,25.57339519468025,1192.0761658412223,1823.1620399231967,Archaea
Methanococcus vannielii,soluble_caliby_score,1473.6750907742116,32.787636663989716,980.5723756422791,1859.8373150254572,Archaea
Methanocorpusculum labreanum,soluble_caliby_score,1596.7488008749037,14.138065853971929,1401.064420042322,1743.3321427792412,Archaea
Methanoculleus marisnigri,soluble_caliby_score,1707.2184415212441,8.881853943630473,1601.7098424552757,1814.2590121830028,Archaea
Methanopyrus kandleri,soluble_caliby_score,2160.033414315912,14.665675126971069,1982.8045361966863,2339.6942241015513,Archaea
Methanoregula boonei,soluble_caliby_score,1887.6183175731705,33.29933826583956,1544.756923985241,2241.8082560139637,Archaea
Methanosarcina acetivorans,soluble_caliby_score,1734.084320803987,43.94462756433653,1094.3929993459979,2260.752739803178,Archaea
Methanosarcina barkeri,soluble_caliby_score,1639.4164117978407,28.727972029242917,1043.25039515351,1913.9573638902423,Archaea
Methanosarcina mazei,soluble_caliby_score,1654.3954744359805,27.997941509608143,1161.1555034564408,1931.4108270323068,Archaea
Methanosphaera stadtmanae,soluble_caliby_score,1612.585037445659,13.1515001422212,1429.578285469636,1768.5488172400471,Archaea
Methanosphaerula palustris,soluble_caliby_score,1597.3286905243035,8.628129253039463,1501.059781632022,1701.728662252912,Archaea
Methanospirillum hungatei JF-1,soluble_caliby_score,1670.159339175489,25.514905897348868,1399.1512898474157,1995.4736453621338,Archaea
Methanothermobacter marburgensis,soluble_caliby_score,1595.7854768420355,23.754508965938708,1323.6878473770919,1811.0081676754737,Archaea
Methanothermobacter thermautotrophicus,soluble_caliby_score,1894.019758439431,47.26447731571067,1167.3972043956333,2344.092556174815,Archaea
Methanothermus fervidus,soluble_caliby_score,1544.200771399168,24.988403394699045,1300.3227113431542,1766.1299998472964,Archaea
Methanothrix thermoacetophila,soluble_caliby_score,1739.0306244457374,10.859369456540295,1614.235587416888,1883.6108145235535,Archaea
Methylococcus capsulatus,soluble_caliby_score,1658.4685609625114,30.87179221925313,1179.652393784926,2001.037616613048,Bacteria
Meyerozyma guilliermondii,soluble_caliby_score,1066.8509607446733,7.249842345963929,959.3749870262263,1131.7699843598625,Eukaryota
Micrococcus luteus,soluble_caliby_score,1519.4266443514443,2.6095923182156135,1477.9434011555593,1552.305469530446,Bacteria
Microcystis aeruginosa,soluble_caliby_score,1718.7552167983283,9.348059404293048,1611.600956891781,1832.8030073551529,Bacteria
Micromonas commoda,soluble_caliby_score,1500.2387756086734,6.514228291333541,1395.471727590534,1586.393267083444,Eukaryota
Monodelphis domestica,soluble_caliby_score,1287.9365145621525,26.657741497408356,893.2339583209872,1609.6202460315553,Eukaryota
Mus musculus,soluble_caliby_score,1215.2711318767665,29.79498277917478,879.7792656222437,1585.7985219752936,Eukaryota
Mycobacterium bovis,soluble_caliby_score,1846.6326678139899,35.58734496506999,1318.3079557754015,2153.7418042141094,Bacteria
Mycobacterium leprae,soluble_caliby_score,1396.0830624429555,5.956410099444283,1331.4171805313877,1463.3190644639617,Bacteria
Mycobacterium sp.,soluble_caliby_score,1856.9945221767287,61.77137520141453,1303.875733547517,2373.8299514285586,Bacteria
Mycobacterium tuberculosis,soluble_caliby_score,1629.7245861406132,42.917776738138315,949.9658071903616,2104.911027030866,Bacteria
Mycobacteroides abscessus,soluble_caliby_score,1532.934829788277,4.229607874458249,1481.0426419185865,1582.6068816116604,Bacteria
Mycolicibacterium gilvum,soluble_caliby_score,1432.8887999587425,6.820049787601432,1336.7465537772919,1502.323673552995,Bacteria
Mycolicibacterium paratuberculosis,soluble_caliby_score,1630.070881417555,2.776382111990996,1590.9818114718735,1662.4248232762766,Bacteria
Mycolicibacterium smegmatis,soluble_caliby_score,1753.5933565107143,47.17712751040327,1033.4184937224352,2216.2718269389825,Bacteria
Mycolicibacterium smegmatis155),soluble_caliby_score,1775.255626796174,8.437742487553372,1664.9546289772093,1867.677180739288,Bacteria
Mycoplasma genitalium,soluble_caliby_score,1412.6241497048882,23.23436436151187,1194.87777241231,1648.1008594776488,Bacteria
Mycoplasma pneumoniae,soluble_caliby_score,1246.758160293305,41.17764420905506,880.2394376409346,1891.851647439494,Bacteria
Mycosarcoma maydis,soluble_caliby_score,1362.2710967906003,54.17608550749356,840.6821599696291,1827.906620608268,Eukaryota
Myxococcus xanthus,soluble_caliby_score,1685.4925002231207,8.532051220827631,1585.6535358391957,1796.8103334088478,Bacteria
Nanoarchaeum equitans,soluble_caliby_score,2081.1888797344454,31.484507797157093,1711.3034294040408,2440.1952901895093,Archaea
Nasturtium officinale,soluble_caliby_score,1436.142623067977,6.375693171529536,1372.7761246964074,1539.8596178297705,Eukaryota
Natrialba magadii,soluble_caliby_score,1564.0422603524223,6.09051747970018,1497.6150137438474,1656.5726087575695,Archaea
Natronomonas pharaonis,soluble_caliby_score,1585.9753121474873,11.661239885968849,1436.3197354684069,1734.8084540710734,Archaea
Neisseria gonorrhoeae,soluble_caliby_score,1748.5214093220459,8.144294220127865,1636.1433278435713,1841.6200439714232,Bacteria
Neisseria meningitidis,soluble_caliby_score,1612.4683547860081,40.56116113588156,1086.7747904660348,2065.138586929036,Bacteria
Nematostella vectensis,soluble_caliby_score,1161.486374848229,27.178724203150658,794.0689637086488,1540.7020338369175,Eukaryota
Neosartorya fischeri,soluble_caliby_score,1141.5055983380785,29.433926716029735,800.8730650971123,1355.8034257455408,Eukaryota
Neurospora crassa,soluble_caliby_score,1254.2569726391187,39.49173875476663,860.1042816578582,1836.2646144026098,Eukaryota
Nicotiana sylvestris,soluble_caliby_score,1392.1513344652649,28.167208859046593,1071.3154747064734,1618.4643798447025,Eukaryota
Nicotiana tabacum,soluble_caliby_score,1096.02848047352,33.25286236437446,790.6607132474419,1515.138133332148,Eukaryota
Nitratidesulfovibrio vulgaris,soluble_caliby_score,1489.7696035975016,54.56912303533974,847.3439464210375,1916.8155934805004,Bacteria
Nitrosomonas europaea,soluble_caliby_score,1128.7043397235354,16.226968987741543,940.0152005651498,1305.708514089698,Bacteria
Nitrosopumilus maritimus,soluble_caliby_score,1632.4541932954135,7.224427720996385,1528.8568110335716,1727.3425808351046,Archaea
Nocardia farcinica,soluble_caliby_score,1985.4637845460463,11.662855393741838,1832.2865917803772,2119.3328619485164,Bacteria
Nocardioides sp.,soluble_caliby_score,1529.1345907995471,7.614027631179526,1435.1687412135561,1622.5433508428112,Bacteria
Nostoc punctiforme,soluble_caliby_score,1368.2843051057987,24.70623817701127,1102.200027911787,1571.4574863537118,Bacteria
Nostoc sp.,soluble_caliby_score,1465.852873736775,39.074713485437336,1095.1656478822606,2058.555792307461,Bacteria
Notamacropus eugenii,soluble_caliby_score,1025.856684748931,19.69782156723943,833.558284620941,1276.9330554651242,Eukaryota
Oceanobacillus iheyensis,soluble_caliby_score,1643.8796795376234,58.18597352812039,905.0709359035807,2210.996029879221,Bacteria
Oenothera berteroana,soluble_caliby_score,1446.2399562802855,23.063751405439298,1248.7824356468768,1698.9383238662697,Eukaryota
Oenothera elata subsp. hookeri,soluble_caliby_score,1296.3122623221363,48.51426007406934,892.635322521787,1685.7300548416845,Eukaryota
Ogataea parapolymorpha,soluble_caliby_score,1736.5483343547585,6.189224157941205,1670.1691577360618,1831.9509782401472,Eukaryota
Olimarabidopsis pumila,soluble_caliby_score,1284.1076562064852,25.515277642454546,996.114939392652,1510.898929747738,Eukaryota
Oncorhynchus mykiss,soluble_caliby_score,1551.3498575099468,35.97623907371906,1016.5894775735152,1804.6114878120131,Eukaryota
Ornithorhynchus anatinus,soluble_caliby_score,1427.2901764744065,37.78292589599054,992.6029827467262,1797.1448921652877,Eukaryota
Oryctolagus cuniculus,soluble_caliby_score,1347.0285173334505,29.169768146352133,922.3945502209943,1714.307648907725,Eukaryota
Oryza sativa,soluble_caliby_score,1152.0926541459426,34.795608086395234,783.8356254213735,1621.7313047599055,Eukaryota
Oryza sativa subsp. indica,soluble_caliby_score,1346.6041847014817,22.38548897305591,1082.944445041337,1560.6409688546328,Eukaryota
Oryza sativa subsp. japonica,soluble_caliby_score,1223.2636336075498,45.98912230728219,631.672475207086,1715.1033561111603,Eukaryota
Ostreococcus lucimarinus,soluble_caliby_score,1407.602078933306,25.254137067763676,1141.5276824795553,1647.188761547367,Eukaryota
Ostreococcus tauri,soluble_caliby_score,1323.0902876301168,22.74904022544994,1109.0434056440401,1576.7888175110922,Eukaryota
Ovis aries,soluble_caliby_score,1290.4672489068187,33.66563931150824,814.3032501746856,1667.9242336301043,Eukaryota
Paenarthrobacter aurescens,soluble_caliby_score,1584.2426928863447,12.509254663865471,1451.6053385267692,1715.2230525706925,Bacteria
Paenarthrobacter nicotinovorans,soluble_caliby_score,1698.541610446267,9.037287798579557,1585.2623437927803,1809.231213850269,Bacteria
Pan paniscus,soluble_caliby_score,1382.0145617900243,36.31515949505902,1079.2914060326423,1777.600406988661,Eukaryota
Pan troglodytes,soluble_caliby_score,1292.1308877431331,19.2829994368273,1026.2557280575431,1571.416539920934,Eukaryota
Papio hamadryas,soluble_caliby_score,1724.6324062618887,5.664575648386409,1649.6280415927902,1801.1437182135498,Eukaryota
Paracoccidioides brasiliensis,soluble_caliby_score,1147.9986497682125,7.813172461961246,1031.6824572476967,1236.9594112975162,Eukaryota
Paracoccidioides lutzii,soluble_caliby_score,1480.2057095710936,24.172864670865806,1277.8220037188173,1725.5013339790369,Eukaryota
Paracoccus denitrificans,soluble_caliby_score,1843.1286454246392,17.310894550604157,1663.8079851613804,2065.568501889956,Bacteria
Paramagnetospirillum magneticum,soluble_caliby_score,1607.4261512931887,4.652677936647953,1558.1791482522663,1673.101569876747,Bacteria
Paramecium tetraurelia,soluble_caliby_score,998.4940986601971,43.97748021388373,584.9043023343575,1679.3679668830887,Eukaryota
Pasteurella multocida,soluble_caliby_score,1602.3907262045332,45.03169259360838,986.1972752057488,2138.4887246556254,Bacteria
Paulinella chromatophora,soluble_caliby_score,1899.6666104145393,9.341866425743335,1788.8722988822806,1996.724925167115,Eukaryota
Pectobacterium atrosepticum,soluble_caliby_score,1492.565620155763,42.916780171751256,991.1633874538737,2017.9807957906276,Bacteria
Pelotomaculum thermopropionicum,soluble_caliby_score,1994.541030980208,31.837349991407862,1719.859606826007,2298.450987378679,Bacteria
Penicillium rubens,soluble_caliby_score,876.4625394888742,12.753520704019067,747.0259601902654,1039.5796295815994,Eukaryota
Persephonella marina,soluble_caliby_score,1851.7796088467421,12.987123775959503,1720.0230573120336,2011.0576974587282,Bacteria
Petromyzon marinus,soluble_caliby_score,1290.6057952827477,31.423337639148848,928.6743591649947,1780.3355310302136,Eukaryota
Phaseolus vulgaris,soluble_caliby_score,1207.9897415981955,9.617977881986182,1106.6746583342695,1344.697258298631,Eukaryota
Phoca vitulina,soluble_caliby_score,1421.2848150833172,35.156144761350085,1119.5282634696018,1719.622675681926,Eukaryota
Photobacterium profundum,soluble_caliby_score,1473.2655955383352,49.01570048686335,951.16024675719,1993.1529726382985,Bacteria
Photorhabdus laumondii,soluble_caliby_score,1538.8228696952276,43.36254236325988,1071.5727783551777,2142.25686859132,Bacteria
Photorhabdus laumondii subsp. laumondii,soluble_caliby_score,1390.9602452527686,6.061443963889614,1309.4547948594332,1466.4483644958314,Bacteria
Physcomitrium patens,soluble_caliby_score,1492.3263704628323,38.5908989232539,1078.345440857452,1755.7681182260617,Eukaryota
Phytophthora infestans,soluble_caliby_score,1318.3958060749737,54.67901614208719,700.7680906281226,2008.5292954032502,Eukaryota
Pichia angusta,soluble_caliby_score,1709.873131816675,24.89694735545685,1436.568755147959,1943.3365176215425,Eukaryota
Picosynechococcus sp.,soluble_caliby_score,1478.7375148053209,5.685587844288593,1420.5605388931845,1534.3649502052897,Bacteria
Picrophilus torridus,soluble_caliby_score,1345.1849577735566,24.642026323156887,1036.5573485580326,1589.3626989453219,Archaea
Pisum sativum,soluble_caliby_score,1153.2541074329629,24.671227861225532,876.2321795603742,1409.0562675292585,Eukaryota
Plasmodium falciparum,soluble_caliby_score,969.3098419822295,36.68434401900214,604.5072478017803,1677.9879320504083,Eukaryota
Platanus occidentalis,soluble_caliby_score,1624.235122339412,12.78376794640111,1500.0232378188487,1758.289090991623,Eukaryota
Polaromonas naphthalenivorans,soluble_caliby_score,1684.5454799742174,23.162117680531864,1429.7203455294903,1864.6661521747171,Bacteria
Pongo abelii,soluble_caliby_score,1282.2823899027837,35.156369351954204,870.6300595460401,1767.831409628592,Eukaryota
Pongo pygmaeus,soluble_caliby_score,1284.7067410289005,38.95671848680795,918.599499021795,1754.0483042974458,Eukaryota
Populus trichocarpa,soluble_caliby_score,1231.646330809525,27.87731012224246,855.0233979194606,1432.720764274438,Eukaryota
Porphyromonas gingivalis,soluble_caliby_score,1233.151398364992,5.759519132858753,1174.3302947731386,1316.7666987183509,Bacteria
Prochlorococcus marinus,soluble_caliby_score,1498.930505760081,25.221080362015297,1236.3776571296703,1863.9616452404664,Bacteria
Proteus mirabilis,soluble_caliby_score,1603.9117588305803,50.59535770765035,1042.0934465795626,2150.7884579000106,Bacteria
Pseudomonas aeruginosa,soluble_caliby_score,1602.0076359919092,39.31744089758024,960.8630761565571,2011.73879627744,Bacteria
Pseudomonas fluorescens,soluble_caliby_score,1745.3680535281953,8.724833326144333,1635.0699088941396,1856.7065610194463,Bacteria
Pseudomonas paraeruginosa,soluble_caliby_score,2013.6303605419557,27.519803107226686,1768.9392714314574,2282.718427622804,Bacteria
Pseudomonas putida,soluble_caliby_score,1710.5033360256766,36.67052165913287,1317.333619547679,2125.099610022058,Bacteria
Pseudomonas sp,soluble_caliby_score,1816.6906742722515,11.069741183677134,1698.8573768833362,1938.9438098057065,Bacteria
Pseudomonas sp.,soluble_caliby_score,1194.961780157785,5.379554252889266,1114.7527118442238,1258.546090797465,Bacteria
Pseudomonas syringae pv. tomato,soluble_caliby_score,1764.347259850055,10.699055354383004,1660.6524322891999,1895.1128643494064,Bacteria
Pseudomonas taetrolens,soluble_caliby_score,1547.5279730379002,5.657911053234204,1469.1284757599997,1623.6083994461976,Bacteria
Pyricularia oryzae,soluble_caliby_score,1016.5049474687787,12.362715624272875,851.423435740832,1131.7750518070884,Eukaryota
Pyrobaculum aerophilum,soluble_caliby_score,2105.9794241247782,32.158953316807256,1661.9853427220826,2462.516545391982,Archaea
Pyrobaculum arsenaticum,soluble_caliby_score,1929.8367358874739,8.616641669099762,1808.309780851031,2043.929262078896,Archaea
Pyrobaculum calidifontis,soluble_caliby_score,2026.6280557089194,32.87132344905491,1676.3594367275198,2343.4833266391247,Archaea
Pyrobaculum islandicum,soluble_caliby_score,1996.2608983276846,19.775817521798135,1749.085638817219,2239.5219579894742,Archaea
Pyrobaculum neutrophilum,soluble_caliby_score,1609.1014295697316,6.347332783607027,1538.3768844083627,1694.890951314051,Archaea
Pyrococcus abyssi,soluble_caliby_score,2240.8573637824493,10.92396633569961,2111.1871695216405,2377.654750109031,Archaea
Pyrococcus furiosus,soluble_caliby_score,2215.437268388374,42.49339377867392,1472.316204389439,2545.178465460041,Archaea
Pyrococcus horikoshii,soluble_caliby_score,2216.981415690524,43.10120004270181,1347.1011952470587,2537.0729775903797,Archaea
Pyrococcus woesei,soluble_caliby_score,1983.8644950575022,44.50779564372083,1449.9823799182395,2301.7166456021423,Archaea
Ralstonia solanacearum,soluble_caliby_score,1568.2067539328457,44.06570104446305,986.8060782401957,2114.121551735794,Bacteria
Rattus norvegicus,soluble_caliby_score,1216.4727375608002,34.868859104569545,853.4615439367645,1676.2705321397693,Eukaryota
Rhinoceros unicornis,soluble_caliby_score,1630.3076882703192,17.09554608544214,1432.8192640579005,1805.8511592818825,Eukaryota
Rhipicephalus sanguineus,soluble_caliby_score,1177.6887076041598,33.79171677000508,874.8749138084185,1461.1368881644541,Eukaryota
Rhizobium meliloti,soluble_caliby_score,1636.4208434601483,39.38483161151843,1033.5783550801973,2132.2758564351134,Bacteria
Rhodobacter capsulatus,soluble_caliby_score,1827.3789435093165,46.75516477834564,1030.295413300758,2173.4936219452693,Bacteria
Rhodococcus erythropolis,soluble_caliby_score,1545.712740573941,8.145660204637549,1439.7370415415412,1669.694095324293,Bacteria
Rhodococcus jostii,soluble_caliby_score,1952.0049732802515,5.565677944306305,1885.1536091766827,2028.2562455082461,Bacteria
Rhodococcus sp,soluble_caliby_score,1503.419436556236,3.0246658332251597,1464.6703305050535,1544.057329779452,Bacteria
Rhodopseudomonas palustris,soluble_caliby_score,1494.7636725553139,32.95010523166256,986.0196267888584,1822.2124602613255,Bacteria
Rhodospirillum rubrum,soluble_caliby_score,1530.4626751812068,27.15937401603399,1240.1150650494358,1786.63888116334,Bacteria
Rhodovulum sulfidophilum,soluble_caliby_score,1358.032053777386,2.925027279741823,1316.1654739290195,1394.270621539436,Bacteria
Ricinus communis,soluble_caliby_score,1315.9759762830874,8.19016872261217,1227.0591820017614,1424.2939327131755,Eukaryota
Rickettsia conorii,soluble_caliby_score,1848.056413648839,5.846999526122049,1790.8635734705435,1956.2518296673168,Bacteria
Rickettsia felis,soluble_caliby_score,1544.4710558550473,28.06830955917888,1327.1751782488268,1865.2351588032047,Bacteria
Rickettsia prowazekii,soluble_caliby_score,1322.8422385169647,41.90313186075367,858.891649888664,1810.595231920002,Bacteria
Ruegeria pomeroyi,soluble_caliby_score,1605.398852804536,4.000616931764868,1553.6976480599867,1652.0076338397855,Bacteria
Saccharolobus islandicus,soluble_caliby_score,1934.8280959791136,17.000216902736053,1706.1241233088883,2136.672490203394,Archaea
Saccharolobus shibatae,soluble_caliby_score,1728.990013054934,8.449570853882241,1637.6854359132578,1815.9572819808473,Archaea
Saccharolobus solfataricus,soluble_caliby_score,1836.3651920076568,44.251631717272495,1217.80950033834,2272.058773546592,Archaea
Saccharomyces cerevisiae,soluble_caliby_score,1251.3352161552655,32.365124032715606,879.370373033476,1787.6530482589,Eukaryota
Saccharopolyspora erythraea,soluble_caliby_score,1599.6829388221458,12.873588228427455,1462.3319751818178,1763.3746947909808,Bacteria
Salmo salar,soluble_caliby_score,1450.5343698486367,51.145703036796554,861.8728831903721,1857.3367627767393,Eukaryota
Salmo trutta,soluble_caliby_score,1047.2518414388003,29.050900948187344,785.2601700458788,1301.5134375078987,Eukaryota
Salmonella paratyphi B,soluble_caliby_score,1511.7087435275057,12.424431638966338,1363.5325778678477,1656.1613368216072,Bacteria
Salmonella typhi,soluble_caliby_score,1795.1630350719465,16.039869543339332,1538.367347433523,1999.3307116763292,Bacteria
Salmonella typhimurium,soluble_caliby_score,1677.5272644032361,33.44685125062225,1207.6752726340062,2086.3160125549184,Bacteria
Scheffersomyces stipitis,soluble_caliby_score,1154.181875147141,17.83930227964483,973.0552208600442,1357.3659224342973,Eukaryota
Schistosoma japonicum,soluble_caliby_score,881.0064154435227,20.38941443124993,674.5665487478354,1137.8558385779743,Eukaryota
Schistosoma mansoni,soluble_caliby_score,1075.2632384610497,38.86876307445589,821.9978554482386,1551.2616226273894,Eukaryota
Schizosaccharomyces pombe,soluble_caliby_score,1284.5646045156293,29.231333296908147,902.3268144922113,1665.9237067728911,Eukaryota
Scyliorhinus canicula,soluble_caliby_score,1488.0882345288185,10.531822111005374,1384.2545491582205,1637.425668626684,Eukaryota
Serratia proteamaculans,soluble_caliby_score,1577.2977420702114,37.07961352291631,1023.0431467448228,2036.9067433564219,Bacteria
Shewanella baltica,soluble_caliby_score,1679.0922903205098,44.11447515612047,980.3553442397763,2059.7418317017523,Bacteria
Shewanella frigidimarina,soluble_caliby_score,1526.0641646175293,6.803713960820617,1430.1798235974861,1628.4891166960751,Bacteria
Shewanella oneidensis,soluble_caliby_score,1485.896613125862,40.487388200585585,1021.5421857060171,2085.2675513263994,Bacteria
Shewanella putrefaciens,soluble_caliby_score,1347.2541344798287,60.6419236058587,895.3339248662712,1898.6805602690213,Bacteria
Shewanella sp.,soluble_caliby_score,1543.5666943166727,54.34959998868552,1027.53489233018,2048.7351712301756,Bacteria
Shigella boydii serotype 18,soluble_caliby_score,1718.8864494082,8.129634321219159,1614.76569139575,1823.1784759983723,Bacteria
Shigella flexneri,soluble_caliby_score,1629.2184456484556,35.87658805321785,1277.1111076800978,2109.536871256432,Bacteria
Sigmodon hispidus,soluble_caliby_score,930.9634433506039,6.397127135222466,843.9583991734945,1019.1162248299065,Eukaryota
Sinorhizobium fredii,soluble_caliby_score,1636.9200975452507,38.43126478738053,1174.5406034446505,2089.9498131151554,Bacteria
Sodalis glossinidius,soluble_caliby_score,1507.5961468230155,45.73584493409851,1003.6838193458386,2037.7347272371053,Bacteria
Solanum lycopersicum,soluble_caliby_score,1160.146051129838,33.680575017529215,852.4378648530468,1621.1115947524058,Eukaryota
Solanum tuberosum,soluble_caliby_score,1061.4379193803127,18.3495895982309,885.3524734403396,1320.1081789944858,Eukaryota
Sordaria macrospora / K-hell),soluble_caliby_score,1028.5392423797261,13.591592649575375,869.5189964000834,1195.5353074822374,Eukaryota
Sorghum bicolor,soluble_caliby_score,1160.4646624798631,36.994255605015645,789.725249354146,1517.3366322246623,Eukaryota
Spinacia oleracea,soluble_caliby_score,1213.2901871262634,27.983317299401584,856.29465480713,1484.881393958483,Eukaryota
Staphylococcus aureus,soluble_caliby_score,1672.5667707433254,51.722127001715755,888.2682770215384,2234.225090189462,Bacteria
Staphylococcus epidermidis,soluble_caliby_score,1081.922563890562,23.94847992707987,872.2885458061384,1300.0594080708984,Bacteria
Staphylococcus haemolyticus,soluble_caliby_score,1269.3879162603894,38.97616724647559,975.583071087873,1658.7879185170107,Bacteria
Staurastrum punctulatum,soluble_caliby_score,1704.8013264994263,7.012104797875142,1611.9114149136913,1773.4964380465374,Eukaryota
Stenotrophomonas maltophilia,soluble_caliby_score,2070.181653309821,15.366292055646463,1903.0610008651336,2244.646865937694,Bacteria
Streptococcus gordonii,soluble_caliby_score,1761.8217953528742,20.456367783274494,1542.5431531723884,2026.5713488355289,Bacteria
Streptococcus pneumoniae,soluble_caliby_score,1616.5680639630643,28.737305922603234,1350.743293778996,2094.055192011811,Bacteria
Streptococcus pneumoniae serotype 2,soluble_caliby_score,1634.1623642131099,8.33713134214313,1527.5848753978096,1734.5219083127795,Bacteria
Streptococcus pneumoniae serotype 4,soluble_caliby_score,1482.4730694227082,31.848022579980523,1252.332929439791,2014.7262149730063,Bacteria
Streptococcus pyogenes,soluble_caliby_score,1574.6447718401778,4.767040749201859,1519.518910328438,1631.8752050842345,Bacteria
Streptococcus pyogenes serotype M1,soluble_caliby_score,1133.2467526097464,14.58442350443831,1007.0533612808196,1304.279834568588,Bacteria
Streptococcus pyogenes serotype M3,soluble_caliby_score,1329.4242709341709,5.8276811090472345,1239.2130697179157,1397.8973480520544,Bacteria
Streptococcus pyogenes serotype M6,soluble_caliby_score,1200.0091612176222,3.9254464542985517,1148.3695869775959,1240.264124960766,Bacteria
Streptococcus suis,soluble_caliby_score,1833.7108642162038,23.753410653199346,1607.7511307020761,2061.4024528409304,Bacteria
Streptomyces arenae,soluble_caliby_score,1771.654283071597,4.436779483120398,1720.1336791166716,1824.9043491749571,Bacteria
Streptomyces avermitilis,soluble_caliby_score,1478.2785796294454,46.70542122176288,1114.8129256857983,1872.8765887508932,Bacteria
Streptomyces coelicolor,soluble_caliby_score,1604.020331239883,57.433431463677394,1025.8821320974375,2184.8078295766686,Bacteria
Streptomyces coelicolor / M145),soluble_caliby_score,1783.4443663987809,33.5358189994793,1265.9075537706815,2037.9959303363198,Bacteria
Streptomyces glaucescens,soluble_caliby_score,1608.885045267709,35.63895213754552,1336.2316469813163,1923.6687044897533,Bacteria
Streptomyces griseus subsp. griseus,soluble_caliby_score,1576.9802609734825,4.98463871136295,1526.8808764823973,1631.6107661637682,Bacteria
Streptomyces lavendulae,soluble_caliby_score,1728.0231694589602,46.42720885253234,1126.7170009593592,2070.542843892224,Bacteria
Struthio camelus,soluble_caliby_score,1474.0720078210552,15.02953503745126,1320.4982449392855,1631.5713140105802,Eukaryota
Stutzerimonas stutzeri,soluble_caliby_score,1228.755975706421,23.7064285805035,1023.4928980845289,1489.1643334868847,Bacteria
Sulfolobus acidocaldarius,soluble_caliby_score,1726.111814397083,48.192641707245436,1161.2544066617456,2192.943682750058,Archaea
Sulfurisphaera tokodaii,soluble_caliby_score,1962.0803627740943,28.886121881881174,1563.7292261043365,2262.524298680366,Archaea
Sus scrofa,soluble_caliby_score,1284.1304483743584,40.00340181902436,798.1639570930316,1889.5479237539842,Eukaryota
Synechococcus elongatus,soluble_caliby_score,1607.388778767194,35.08341785575895,1202.0359694733568,2006.1427868235694,Bacteria
Synechococcus sp.,soluble_caliby_score,1565.3901305093311,13.323599769423119,1403.247345022925,1721.9668827520625,Bacteria
Synechocystis sp.,soluble_caliby_score,1505.120160446017,48.96768843698858,952.0545831609852,1993.635778534622,Bacteria
Syntrophobacter fumaroxidans,soluble_caliby_score,1211.8079687122956,27.166736867079138,1010.4913060127946,1524.686859413059,Bacteria
Tachyglossus aculeatus aculeatus,soluble_caliby_score,1015.3977233480474,14.45069576869109,844.0105471549713,1161.1212821181737,Eukaryota
Taeniopygia guttata,soluble_caliby_score,1449.6531223228646,19.708606639685957,1303.5429918916825,1720.6375457841561,Eukaryota
Takifugu rubripes,soluble_caliby_score,1120.9983005357817,16.26897203282162,944.0410110586078,1326.009932687323,Eukaryota
Talaromyces stipitatus,soluble_caliby_score,1244.489413748499,9.233483144775526,1125.0515757825083,1358.3263463051064,Eukaryota
Tetraodon nigroviridis,soluble_caliby_score,1748.7121693988033,33.448870408539356,1403.6057254078864,2055.8656440541936,Eukaryota
Thermococcus gammatolerans,soluble_caliby_score,2254.729734498699,12.589910811677907,2079.619809222935,2384.5794709615807,Archaea
Thermococcus kodakarensis,soluble_caliby_score,2215.0659900652067,32.69022163321391,1558.4775198273667,2529.804481423729,Archaea
Thermococcus litoralis,soluble_caliby_score,2228.9213684495026,10.165479556781225,2108.300826619847,2360.448968517191,Archaea
Thermococcus onnurineus,soluble_caliby_score,1918.241430896242,5.916343233995732,1840.539810411334,1992.8898942721592,Archaea
Thermococcus sibiricus,soluble_caliby_score,1836.6330162927757,19.01264258718484,1573.5572443596666,1982.9814547709277,Archaea
Thermococcus sp.,soluble_caliby_score,1954.321908414163,5.515655286193446,1875.4368210065677,2016.4052980747374,Archaea
Thermofilum pendens,soluble_caliby_score,1952.539475036189,6.165253455237675,1855.454481667775,2021.573838172107,Archaea
Thermoplasma acidophilum,soluble_caliby_score,1758.448288388471,31.724133455225264,1334.4309352493406,2093.7471232745306,Archaea
Thermoplasma volcanium,soluble_caliby_score,1761.3879075478983,28.836720781785832,1479.1366980543469,2144.706797598671,Archaea
Thermoproteus tenax,soluble_caliby_score,1937.4700566363515,15.541021282200608,1758.782177409598,2112.652621359242,Archaea
Thermostichus vulcanus,soluble_caliby_score,1619.9814985259475,31.047934120919823,1216.4814041270374,1876.859978731227,Bacteria
Thermosynechococcus vestitus,soluble_caliby_score,1675.650481370506,46.740844377807285,1100.4052377744536,2358.098078640895,Bacteria
Thermotoga maritima,soluble_caliby_score,2214.9542765233195,26.135940250787584,1754.296752286617,2461.3570816765396,Bacteria
Thermus thermophilus,soluble_caliby_score,2325.88634280635,11.45865937092703,2178.1295485017295,2479.7477871619553,Bacteria
Toxoplasma gondii,soluble_caliby_score,778.5741962535191,14.770376055056131,652.2114029946368,1001.2929993698215,Eukaryota
Treponema pallidum,soluble_caliby_score,1257.9579795488742,39.12435571781157,863.7509325188827,1811.4851670400658,Bacteria
Treponema pallidum subsp. pallidum,soluble_caliby_score,1463.0063460299634,1.3759901446184926,1445.0665070074776,1477.2676941054763,Bacteria
Trichoderma koningii,soluble_caliby_score,1819.5020786545276,4.34484679958392,1768.8538151722837,1873.5747129839922,Eukaryota
Trichoplax adhaerens,soluble_caliby_score,987.043826823937,21.39640665388847,729.6794741807988,1307.8799732375048,Eukaryota
Trichormus variabilis,soluble_caliby_score,1395.1700318200726,43.1045454496385,1029.4560658312132,2067.291356238374,Bacteria
Triticum aestivum,soluble_caliby_score,995.2569857135718,41.14436687688965,655.4841170442788,1562.7146805880793,Eukaryota
Trypanosoma brucei brucei,soluble_caliby_score,1047.4748564653578,25.164344989617728,776.7462403150365,1349.5685766187191,Eukaryota
Verminephrobacter eiseniae,soluble_caliby_score,1900.128030246298,43.40520121214386,1391.5316694301655,2220.7168917775352,Bacteria
Vibrio cholerae,soluble_caliby_score,1600.3353697712944,43.25528040698796,1072.1568293271027,2133.810938231308,Bacteria
Vibrio cholerae serotype O1,soluble_caliby_score,1837.76605828658,32.496747722242546,1513.6874651216472,2211.9701962312993,Bacteria
Vibrio parahaemolyticus serotype O3:K6,soluble_caliby_score,1925.8846214406624,7.604775427359441,1844.385116837918,2021.1063077477768,Bacteria
Vibrio vulnificus,soluble_caliby_score,1723.2668697793151,24.256777812434727,1496.2419022842596,1960.2728914890452,Bacteria
Vitis vinifera,soluble_caliby_score,1027.5698980586944,23.95020864985436,791.0806047813212,1289.58091774039,Eukaryota
Xanthobacter autotrophicus,soluble_caliby_score,1773.1440234012541,15.038460643654146,1610.7087199874375,1941.9159723984944,Bacteria
Xanthomonas campestris,soluble_caliby_score,1583.7982392743193,40.57098088048937,1078.9607626511092,2074.099582003352,Bacteria
Xanthomonas campestris pv. campestris,soluble_caliby_score,1849.0735447773145,5.66519499971757,1777.0563680748012,1920.2518571671724,Bacteria
Xenopus laevis,soluble_caliby_score,1163.1701925693012,35.34341368019691,742.9304308556331,1587.5946598290068,Eukaryota
Xenopus tropicalis,soluble_caliby_score,1124.2760317706752,25.198213548880325,832.5024043196167,1518.7896745918067,Eukaryota
Xylella fastidiosa,soluble_caliby_score,1393.6567614977146,33.849168182692615,963.1075668753598,1882.0213342479176,Bacteria
Yarrowia lipolytica,soluble_caliby_score,1335.692225797381,37.83963666278343,849.6394990280698,1947.872192936204,Eukaryota
Yersinia enterocolitica,soluble_caliby_score,1748.9250435758886,5.569709757674549,1679.0353650247237,1834.2793068911226,Bacteria
Yersinia enterocolitica serotype O:8 / biotype 1B,soluble_caliby_score,1784.0317042626239,34.426761267119275,1529.738509274681,2122.4747412670486,Bacteria
Yersinia pestis,soluble_caliby_score,1601.134332860184,46.036108122514406,1061.4233706160614,2179.510367920846,Bacteria
Yersinia pseudotuberculosis serotype IB,soluble_caliby_score,1598.373980697173,22.186184289974708,1394.0965459242364,1827.2761850467568,Bacteria
Yersinia pseudotuberculosis serotype O:1b,soluble_caliby_score,1123.659347072562,6.368487154229009,1034.792092771551,1194.3470288972608,Bacteria
Yersinia pseudotuberculosis serotype O:3,soluble_caliby_score,1406.780845913985,64.32180834445401,941.5686777452609,1951.7346338355899,Bacteria
Zea mays,soluble_caliby_score,1248.9182807101963,41.36345376431072,783.9752739229658,1685.7169790391645,Eukaryota
Zygnema circumcarinatum,soluble_caliby_score,1484.9947212236295,29.229082617588823,1267.4675903796779,1786.4772282290187,Eukaryota
Zygosaccharomyces rouxii,soluble_caliby_score,1231.4169623224695,18.298435399487772,1059.8780346551678,1453.1642216788343,Eukaryota
Acetivibrio thermocellus,esmif_score,1760.1503501840589,14.996541132767273,1597.3293671343345,1927.79400946687,Bacteria
Acidianus ambivalens,esmif_score,1360.1421563070242,5.87317446717583,1290.2265374771393,1434.8848778489464,Archaea
Acidiphilium cryptum,esmif_score,1943.6946000526168,39.84216399895112,1587.3008721126023,2287.130435670296,Bacteria
Acidithiobacillus ferrooxidans,esmif_score,1530.9034306401861,3.7407948265905664,1467.4571982150517,1568.7216626487573,Bacteria
Acinetobacter baumannii,esmif_score,1404.5559816269042,50.257092277474406,1054.699612603743,1984.1621923020816,Bacteria
Acinetobacter baylyi,esmif_score,1466.837731922482,43.61920839861817,986.8949881106041,2040.2941899298448,Bacteria
Acorus calamus var. americanus,esmif_score,1302.6518323855867,19.877417633003656,1039.2589681144523,1463.329088937159,Eukaryota
Actinobacillus pleuropneumoniae serotype 5b,esmif_score,1653.1876327540047,3.048771191205339,1614.1935321143499,1692.225031494005,Bacteria
Actinobacillus pleuropneumoniae serotype 7,esmif_score,1485.5982717511629,1.3119308893121175,1464.1420882559246,1497.7991035971136,Bacteria
Adiantum capillus-veneris,esmif_score,1288.7864639939396,31.8856636850907,1017.1516830296324,1587.6802933759961,Eukaryota
Aedes aegypti,esmif_score,1293.289364964792,35.226016368144094,877.8522251213632,1821.047904703078,Eukaryota
Aeromonas hydrophila,esmif_score,1702.4463745313976,44.784783695239476,1100.5638884869202,2224.6542654719356,Bacteria
Aeromonas hydrophila subsp. hydrophila,esmif_score,1825.0232903000187,9.471047264617711,1729.959645210849,1937.8886517273882,Bacteria
Aeromonas salmonicida,esmif_score,1604.5612826114314,31.14768447441709,1288.033566831398,1930.3927350072602,Bacteria
Aeropyrum pernix,esmif_score,1648.8135846592565,21.41123734918372,1451.1756801960255,1946.0988879195945,Archaea
Agrobacterium fabrum,esmif_score,1584.43541323194,37.260752874053004,1075.564946986391,2129.5878577411054,Bacteria
Agrostis stolonifera,esmif_score,1375.4818108820502,38.2601837804724,1028.739759743782,1684.5616284713813,Eukaryota
Ajellomyces capsulatus,esmif_score,1443.4254275039689,27.440040942794123,1216.3372806581588,1713.656038666756,Eukaryota
Alcanivorax borkumensis,esmif_score,1414.2172632376612,10.586372248187574,1283.045793585031,1511.0607340090703,Bacteria
Aliivibrio fischeri,esmif_score,1605.0716792422227,39.500916467315385,1165.9463824765294,2177.5783831028416,Bacteria
Alkalihalobacillus clausii,esmif_score,1844.7291562822636,46.96760035237179,1121.002509271477,2368.0265443519525,Bacteria
Alkalihalophilus pseudofirmus,esmif_score,1454.6465135251335,44.712709592277946,1114.1838602515604,1914.6296552326298,Bacteria
Alligator mississippiensis,esmif_score,1573.5359453579417,33.95046615465697,1143.8924106042068,1869.732315786925,Eukaryota
Allochromatium vinosum,esmif_score,1576.7086147003183,4.202314831779142,1523.2509058254604,1628.2187881689024,Bacteria
Anas platyrhynchos,esmif_score,1532.37581273521,54.2417151566525,908.0692151232167,2027.0965106364959,Eukaryota
Anopheles gambiae,esmif_score,1304.699132518837,35.23282081136367,950.7165274916097,1835.6525865739131,Eukaryota
Anopheles quadrimaculatus,esmif_score,1527.3304178001779,25.444669335239286,1241.8687510311827,1797.4128509607456,Eukaryota
Anthoceros angustus,esmif_score,1249.7476187363543,10.221440503036222,1139.930549790179,1388.01766521135,Eukaryota
Apis mellifera,esmif_score,1229.9900532637969,32.46213034036745,812.182154624585,1611.587632523367,Eukaryota
Aquifex aeolicus,esmif_score,1885.962102770955,54.967252052291585,1157.7787544989387,2435.700840217652,Bacteria
Arabidopsis thaliana,esmif_score,1234.0365735976784,42.32621337083671,801.9600188302617,1848.8765838620855,Eukaryota
Archaeoglobus fulgidus,esmif_score,1747.85156595648,45.88267617122847,1183.7161510350734,2284.3113217973355,Archaea
Ashbya gossypii,esmif_score,1335.4082135050028,33.51761141266216,1017.0611182869584,1851.3447701494372,Eukaryota
Aspergillus clavatus,esmif_score,1399.7188113939014,24.6905447275997,1068.2663936338781,1653.5148864886958,Eukaryota
Aspergillus flavus,esmif_score,1582.3637795411698,9.480468007781193,1440.8032835193142,1688.2779271239183,Eukaryota
Aspergillus fumigatus,esmif_score,1280.4845173093192,32.14214983678712,879.0913860939507,1634.0616668735847,Eukaryota
Aspergillus niger,esmif_score,1608.5826824052417,17.5570522122127,1407.064229671607,1794.9616060322285,Eukaryota
Aspergillus oryzae,esmif_score,1436.6575901531103,32.649185394308205,973.1955875801473,1699.4025856828994,Eukaryota
Azoarcus sp.,esmif_score,1830.2738164459274,34.19141471220838,1468.3380186291236,2088.1019513239876,Bacteria
Azospirillum brasilense,esmif_score,1399.8334942709337,8.247442954945802,1308.1634143809558,1480.4285782758911,Bacteria
Bacillus anthracis,esmif_score,1824.5928651428733,39.66564385603968,1340.5872850955482,2193.748254418276,Bacteria
Bacillus cereus,esmif_score,1854.3696158982261,20.197161957074293,1634.9086061799053,2118.6683732399715,Bacteria
Bacillus cytotoxicus,esmif_score,2115.4647184542664,12.14014951838875,1990.3419794313081,2259.9321974931104,Bacteria
Bacillus licheniformis,esmif_score,1990.7026454160814,36.78562548882203,1479.4622154149054,2281.7441494870836,Bacteria
Bacillus sp,esmif_score,1654.1401574096537,9.280500870879683,1567.6015220476336,1801.6549820398634,Bacteria
Bacillus sp.,esmif_score,1535.668098336515,38.395746863492796,1074.558270004008,1925.5243843418698,Bacteria
Bacillus spizizenii,esmif_score,1429.9808885380626,50.57735923102642,944.3544460702866,1835.2937440891424,Bacteria
Bacillus subtilis,esmif_score,1808.7210351958531,46.291015730010415,1055.6230074001514,2221.091276690969,Bacteria
Bacillus thuringiensis,esmif_score,1812.3449943177102,42.59294832649964,1361.4174886442631,2146.9174556049347,Bacteria
Bacillus thuringiensis serovar kurstaki,esmif_score,1587.9105995696218,6.202537715769815,1503.8083831057274,1673.2610151882313,Bacteria
Bacillus thuringiensis subsp. israelensis,esmif_score,1241.0055061150301,5.208166639114994,1170.6601501510124,1303.115836808521,Bacteria
Bacillus thuringiensis subsp. konkukian,esmif_score,1571.9824722716783,4.1120104875636985,1525.5109423867953,1626.9542359369789,Bacteria
Balaenoptera musculus,esmif_score,1373.9976436565994,27.123731802413953,1151.5812200307312,1680.104865270812,Eukaryota
Balaenoptera physalus,esmif_score,1322.173837474151,35.44562470536444,964.5480409186003,1715.3805599954105,Eukaryota
Barbarea verna,esmif_score,1345.122380302543,31.831253195857748,985.8616835330416,1588.6518463568423,Eukaryota
Bartonella bacilliformis,esmif_score,1224.541314992609,14.799871498879948,1075.2409195841562,1420.5491502644009,Bacteria
Bifidobacterium longum,esmif_score,1853.4418712710333,7.410230781629314,1724.3782310989145,1940.8174076756322,Bacteria
Bifidobacterium longum subsp. infantis,esmif_score,1353.5716302747837,6.253512004780977,1271.038614034396,1413.2018535160464,Bacteria
Blastochloris viridis,esmif_score,1458.330085032075,14.437373135729036,1300.3993272779414,1649.0039627986484,Bacteria
Blastomyces gilchristii,esmif_score,910.8944260308618,7.692545792578266,816.650543881349,996.7623450946886,Eukaryota
Bordetella pertussis,esmif_score,1722.3594324816486,40.66867055890143,1241.9278916706994,2198.3129259058373,Bacteria
Borreliella burgdorferi,esmif_score,1571.965662191946,36.84655910791877,1281.3033140398554,2050.410904335812,Bacteria
Bos mutus grunniens,esmif_score,1482.1022166399455,10.535108820992798,1343.3425008006516,1634.927873355976,Eukaryota
Bos taurus,esmif_score,1341.2728749832322,30.85627892720168,1009.9801427865582,1795.3104029864696,Eukaryota
Bradyrhizobium diazoefficiens,esmif_score,1482.9144600124957,36.376136625222394,1062.091709695812,1980.4115724725536,Bacteria
Branchiostoma floridae,esmif_score,1360.6511097599168,33.98239055006912,1005.2854830387845,1821.5380948831673,Eukaryota
Brucella canis,esmif_score,1693.3990357467933,39.360221373548264,1322.1230579200153,1990.1433732300015,Bacteria
Brucella melitensis,esmif_score,1632.3627829155082,45.78020006284518,1202.1286331941776,2219.143192325179,Bacteria
Brucella melitensis biotype 1,esmif_score,1263.6646794164892,5.176178055155247,1194.9776590692898,1326.2191696364764,Bacteria
Brucella melitensis biotype 2,esmif_score,1184.586325236843,5.155955601371312,1103.7556996334229,1252.0480784247582,Bacteria
Brucella ovis,esmif_score,1606.0358532492203,34.69003790713085,1319.6333837313575,1975.4926712321897,Bacteria
Brucella suis biovar 1,esmif_score,1322.1996772130392,15.569834332311038,1149.9946497536453,1463.2646411245055,Bacteria
Brugia malayi,esmif_score,1162.8329601020198,27.018318589834294,879.5169110400172,1484.2822538422959,Eukaryota
Buchnera aphidicola,esmif_score,1333.796552546232,49.075938013861595,909.0743797754586,2200.1457129626483,Bacteria
Buchnera aphidicola subsp. Acyrthosiphon pisum,esmif_score,1053.0911243768426,26.34740946269383,764.0088749342359,1415.8617700850975,Bacteria
Buchnera aphidicola subsp. Baizongia pistaciae,esmif_score,1124.394294356144,15.856804836773145,946.6774833482905,1323.4969579259482,Bacteria
Buchnera aphidicola subsp. Schizaphis graminum,esmif_score,1127.9076114372556,27.174710124401557,889.8356091963772,1534.424961861216,Bacteria
Burkholderia cenocepacia,esmif_score,1641.9218341352932,35.136207697413035,1312.2154442074511,1946.0724348478275,Bacteria
Burkholderia mallei,esmif_score,1835.0437235667116,41.820531086637615,1300.8833450001746,2250.0875603124714,Bacteria
Burkholderia multivorans,esmif_score,1767.6766745129319,18.78533193786021,1574.0946252473645,1960.9434776797534,Bacteria
Buxus microphylla,esmif_score,1204.9359371683595,16.854494198943136,997.5651186689292,1376.153977161097,Eukaryota
Caenorhabditis briggsae,esmif_score,1279.4385085267945,29.180338525355083,929.036318843818,1583.9137579254786,Eukaryota
Caenorhabditis elegans,esmif_score,1171.6306403882259,27.120779564272304,873.0137804287099,1585.9191295531716,Eukaryota
Caldanaerobacter subterraneus,esmif_score,2240.3691371004916,36.49008639316985,1682.5828372638164,2582.799979745399,Bacteria
Caldivirga maquilingensis,esmif_score,1492.086303679946,22.388692717079042,1268.4016481892463,1740.5400051039899,Archaea
Calycanthus floridus var. glaucus,esmif_score,1391.1775461270452,22.639777165791507,1131.7914976420584,1589.8845905650649,Eukaryota
Campylobacter fetus subsp. fetus,esmif_score,1983.1399223639007,12.684421999195116,1807.175560762073,2095.0599513439843,Bacteria
Campylobacter jejuni,esmif_score,1651.8183289760314,54.101162285465854,1029.5476753000491,2220.1698555008543,Bacteria
Campylobacter jejuni subsp. doylei,esmif_score,1346.8683565164556,3.982106099424057,1303.073055174443,1394.5544959757374,Bacteria
Campylobacter jejuni subsp. jejuni serotype O:2,esmif_score,1594.8448525617216,9.758604723776862,1482.2491841302408,1743.42110592647,Bacteria
Campylobacter jejuni subsp. jejuni serotype O:23/36,esmif_score,1524.0375083932831,5.071198904261085,1473.5438925459678,1582.2631938831184,Bacteria
Candida albicans,esmif_score,1346.7189388773133,35.35636970457205,973.2595474119325,1805.8605802240756,Eukaryota
Candida glabrata,esmif_score,1489.0287239184122,11.055733229320335,1340.112637089738,1631.5211612661103,Eukaryota
Canis lupus,esmif_score,1458.6112198943904,34.17236511293831,1042.3683047073146,1785.7405150821562,Eukaryota
Capra hircus,esmif_score,1298.3108802181528,9.023099378496548,1191.7073142121988,1421.750520521551,Eukaryota
Capsella bursa-pastoris,esmif_score,1068.3763793536853,17.947448776981332,837.8575304558102,1277.11560041097,Eukaryota
Carassius auratus,esmif_score,1589.5976764122522,20.78417684977863,1310.7049084397088,1760.901074635458,Eukaryota
Carica papaya,esmif_score,1368.551938144457,31.42064999692093,981.7070838423622,1635.3259765370833,Eukaryota
Caulobacter vibrioides,esmif_score,1841.3325729531425,48.044072302272966,1249.0559675501115,2307.6388733654762,Bacteria
Cenarchaeum symbiosum,esmif_score,1314.841545792913,29.390871371762703,973.421325075456,1630.150513638391,Archaea
Ceratotherium simum,esmif_score,1367.468657423281,35.613955226733545,1000.4837197058696,1728.7187953281814,Eukaryota
Cereibacter sphaeroides,esmif_score,1674.8200986580864,36.70029334140619,1243.5758234161135,2114.4985407958684,Bacteria
Chaetosphaeridium globosum,esmif_score,1788.3542803671307,7.41418116624928,1713.1737881612476,1881.9874665834998,Eukaryota
Chlamydia pneumoniae,esmif_score,1024.4020542146563,9.710780628065452,911.2403723471693,1153.4296244130185,Bacteria
Chlamydia trachomatis serovar D,esmif_score,1089.417724744414,4.691606619676463,1031.4583651013902,1139.952393932317,Bacteria
Chlamydia trachomatis serovar L2,esmif_score,1204.9250110928638,4.523494994440913,1141.123300945494,1259.1931539937766,Bacteria
Chlamydomonas reinhardtii,esmif_score,1259.140409272186,35.85792572203243,896.0793018623322,1683.7489853872808,Eukaryota
Chlorobaculum tepidum,esmif_score,1279.618990687964,19.999012979442075,1086.474132072243,1490.8843797688367,Bacteria
Chlorobaculum thiosulfatiphilum,esmif_score,1201.7797359059653,10.410884116875048,1081.9104386045892,1342.7215952307129,Bacteria
Chlorobium phaeobacteroides,esmif_score,1184.8505092594526,15.839998877187075,1014.385814101089,1314.5788592637382,Bacteria
Chloroflexus aurantiacus,esmif_score,1787.6176143085977,16.25359272301779,1618.1045892667828,1934.2517522554679,Bacteria
Chromobacterium violaceum,esmif_score,1734.0257797580164,43.50856860263132,1124.2003199258768,2222.1230833251593,Bacteria
Citrobacter koseri,esmif_score,1800.6661746238158,36.536192270850194,1372.9943093180214,2201.35506810836,Bacteria
Clostridium acetobutylicum,esmif_score,1845.9068985015497,44.8831059774693,1223.898567153364,2351.029252587219,Bacteria
Clostridium beijerinckii,esmif_score,1807.983439474689,36.15074700771693,1473.9821225298315,2079.657667196717,Bacteria
Clostridium botulinum,esmif_score,1896.3450471704095,15.272035089096967,1762.0179322474862,2102.435540049058,Bacteria
Clostridium kluyveri,esmif_score,1566.809647684163,33.841008135447275,1246.291606934827,1947.21220100996,Bacteria
Clostridium perfringens,esmif_score,1327.6221281087055,13.947433598290568,1178.0945200171645,1467.0956584428727,Bacteria
Coffea arabica,esmif_score,1488.019251321958,42.90934455877923,1081.1900800622147,1837.0096947728987,Eukaryota
Corynebacterium efficiens,esmif_score,1373.5420544901688,37.27145562690676,1093.7060779761398,1784.2331014944994,Bacteria
Corynebacterium glutamicum,esmif_score,1573.2082838142333,44.44508613578096,1105.9263319787344,2141.4262291387727,Bacteria
Coturnix japonica,esmif_score,1443.742275361405,43.97843506456663,1035.3226458405757,1866.1465601988243,Eukaryota
Cricetulus griseus,esmif_score,1374.365908090733,33.335946875136116,1046.350206674514,1716.3860973634162,Eukaryota
Cronobacter sakazakii,esmif_score,1860.0017240310005,34.66456936432252,1342.142262571723,2293.396612041372,Bacteria
Crucihimalaya wallichii,esmif_score,1095.7871992132316,6.856978685900979,1015.2342581728999,1183.163695468836,Eukaryota
Cryptococcus deneoformans,esmif_score,1493.5097507914563,29.813142174483932,1180.4321391023147,1752.6231352758432,Eukaryota
Cucumis sativus,esmif_score,1044.8423321482828,13.558904018441568,897.2609802019381,1194.2550429910584,Eukaryota
Culex quinquefasciatus,esmif_score,1255.0950928610364,21.6291816335162,926.608332938738,1514.95732957378,Eukaryota
Cupriavidus necator,esmif_score,1762.3994096367373,32.42915779745246,1275.0288781757997,2135.6254741560997,Bacteria
Cycas taitungensis,esmif_score,1033.58183310718,10.792932060858345,896.6671250696656,1161.6848320217737,Eukaryota
Cytophaga hutchinsonii,esmif_score,1481.5702935378215,5.908273965561514,1416.4910906342561,1550.8892448467461,Bacteria
Danio rerio,esmif_score,1314.719537492541,34.82286073955875,969.8633592574795,1818.2310818754122,Eukaryota
Dasypus novemcinctus,esmif_score,1444.0095925101841,37.31476818843099,1002.3020865502037,1833.969633944321,Eukaryota
Daucus carota,esmif_score,1456.4860985495561,10.423358132697524,1310.5026570936498,1586.3635196731034,Eukaryota
Debaryomyces hansenii,esmif_score,1228.4775610826293,37.45477338801478,796.6099993305879,1750.453286534384,Eukaryota
Deinococcus radiodurans,esmif_score,1627.549297902905,41.48092230661662,1279.512120179787,2174.5349462611257,Bacteria
Dictyostelium discoideum,esmif_score,1236.6618751683557,34.38128746183173,818.9622397652533,1831.6190465874984,Eukaryota
Didelphis virginiana,esmif_score,1202.0676791535448,46.5549202349654,784.7098332804846,1799.4525109395317,Eukaryota
Drimys granadensis,esmif_score,1332.541860819894,31.276527418941544,1051.8262056467845,1616.6099335057545,Eukaryota
Drosophila melanogaster,esmif_score,1321.0355331728692,34.158645760789,937.5395407880803,1802.7694240773815,Eukaryota
Drosophila persimilis,esmif_score,1163.3144647389431,28.137632167606473,932.2771707381303,1468.9007865811784,Eukaryota
Drosophila sechellia,esmif_score,1257.0299868551563,27.653743319967564,998.3223656918228,1540.2096656641795,Eukaryota
Drosophila simulans,esmif_score,1207.1321925413777,19.415054285470312,1019.457580882326,1433.0884195424073,Eukaryota
Drosophila willistoni,esmif_score,1120.4896455073579,16.300725681765883,941.6940910516354,1317.449548751743,Eukaryota
Drosophila yakuba,esmif_score,1061.9935618571446,12.681178214852187,909.6695595499548,1227.5133114975831,Eukaryota
Dugong dugon,esmif_score,1481.4300251588313,20.089970970815255,1299.6849483982362,1753.3183647315464,Eukaryota
Emericella nidulans,esmif_score,1357.349338205546,40.594036636481974,917.4366549438552,1859.0446517754328,Eukaryota
Encephalitozoon cuniculi,esmif_score,1473.3075507003534,18.53942938019,1307.7138085890379,1721.246101144262,Eukaryota
Entamoeba histolytica,esmif_score,1317.698476138037,38.988011961972475,904.7520918924071,1693.8153473055115,Eukaryota
Enterobacter sp.,esmif_score,1709.3051233225049,34.73783173534027,1305.014177656078,2135.775387249396,Bacteria
Enterococcus faecalis,esmif_score,1794.9872751293076,39.914502172966735,1091.6391199251807,2230.1926532568505,Bacteria
Enterococcus hirae,esmif_score,1568.1871822157982,4.024731785827147,1522.259267586798,1616.536410652548,Bacteria
Equus caballus,esmif_score,1289.7758665855943,17.681778236021398,1100.070752070125,1466.321037520045,Eukaryota
Erwinia tasmaniensis,esmif_score,1716.2491558323309,38.14344507328655,1253.8653105551555,2214.90827253533,Bacteria
Escherichia coli,esmif_score,1785.9419447542743,40.1086730842959,1097.849917280742,2219.0298532711695,Bacteria
Escherichia coli O139:H28,esmif_score,1510.7200485395497,3.4111998685264133,1466.6341151549925,1550.5347122487658,Bacteria
Escherichia coli O157:H7,esmif_score,1565.9398358254934,22.982714828474872,1317.993956954085,1853.8026272438526,Bacteria
Escherichia coli O17:K52:H18,esmif_score,1491.753009117264,3.379801213704853,1449.425464514813,1531.2389638133782,Bacteria
Escherichia coli O1:K1 / APEC,esmif_score,1683.0217428064652,56.341343876920746,1288.8274758345885,2220.68755617045,Bacteria
Escherichia coli O45:K1,esmif_score,1534.6150526260392,10.26400951243146,1428.8472151381745,1676.5366102936448,Bacteria
Escherichia coli O6:H1,esmif_score,1377.0684240855264,36.94596736993113,954.0133101585543,1800.8113810246675,Bacteria
Escherichia coli O7:K1,esmif_score,1460.5696469169409,21.16706507442894,1260.1262004285347,1654.15201027083,Bacteria
Escherichia coli O81,esmif_score,1571.4757465861894,3.5134283009760217,1530.7158732438634,1613.9368449594024,Bacteria
Escherichia coli O9:H4,esmif_score,1078.319468259757,6.772948985023561,991.8155696377038,1165.3090055945393,Bacteria
Eucalyptus globulus subsp. globulus,esmif_score,1402.8750306944376,8.877612107827632,1281.3656098112438,1522.794078724081,Eukaryota
Fagopyrum esculentum subsp. ancestrale,esmif_score,1337.0901834863025,44.04686494236389,936.1427593157104,1694.4413733714632,Eukaryota
Felis catus,esmif_score,1480.6342155502318,29.538256640199208,1193.1846253526717,1933.5725781378007,Eukaryota
Formosania lacustris,esmif_score,1153.8657326403268,13.202772229976402,1006.566573499882,1309.6285366525224,Eukaryota
Francisella tularensis subsp. holarctica,esmif_score,1161.0927501758667,2.88918772777966,1126.3041295298835,1193.4213530046527,Bacteria
Francisella tularensis subsp. tularensis,esmif_score,1718.5176050415598,6.149793486406071,1632.969465194389,1784.9900657552248,Bacteria
Gadus morhua,esmif_score,1718.8663608658358,14.34103966787446,1543.7737053215426,1843.5790469124008,Eukaryota
Gallus gallus,esmif_score,1426.1576025603633,31.072741024412483,1038.9167237175545,1754.8970020149022,Eukaryota
Geobacillus kaustophilus,esmif_score,2050.3641382015117,46.36167189913211,1222.2682150179585,2464.112254286055,Bacteria
Geobacillus stearothermophilus,esmif_score,1938.3371289115669,37.141755814188386,1425.8392030938214,2249.785594411707,Bacteria
Gibberella zeae,esmif_score,1317.4529106213436,9.191144075117052,1227.5103392050332,1432.6134625349619,Eukaryota
Gorilla gorilla,esmif_score,1397.467755573384,32.62597771531648,970.7393682633119,1775.4072217134183,Eukaryota
Gorilla gorilla gorilla,esmif_score,1638.4706842246387,10.091482212219221,1544.128686090898,1803.8984356915705,Eukaryota
Gossypium barbadense,esmif_score,1076.6146858788704,25.273562641694358,861.3102326904276,1376.0038055498237,Eukaryota
Haemophilus ducreyi,esmif_score,1525.7480728094388,5.937399986421782,1444.627383090554,1589.57030488147,Bacteria
Haemophilus influenzae,esmif_score,1698.90380246519,44.46915372026792,1063.0895522773114,2191.2858394835503,Bacteria
Halalkalibacterium halodurans,esmif_score,1894.506914712954,41.586962400857274,1297.7831002390608,2334.364782092698,Bacteria
Haloarcula hispanica,esmif_score,1144.0242331240913,4.076279416509608,1087.9443378200237,1197.4865228865233,Archaea
Haloarcula marismortui,esmif_score,1573.4387633924132,33.95774374010239,1161.8134773483102,1997.3993914403359,Archaea
Halobacterium salinarum,esmif_score,1476.143179158413,49.04084099738383,1008.2305930148054,2141.5749652325526,Archaea
Haloferax mediterranei,esmif_score,1182.9009988733096,24.573301746956975,973.0299604186122,1528.5230681159128,Archaea
Haloferax volcanii,esmif_score,1552.2179654604258,22.26752970346802,1083.1236942299333,1768.0047181538296,Archaea
Halopiger xanaduensis,esmif_score,1622.3466869024187,36.6605236804923,1267.749238841995,1907.9809109438527,Archaea
Haloquadratum walsbyi,esmif_score,1434.2415274996029,45.67775661709859,869.6883996589088,1946.8090138844907,Archaea
Halorhodospira halophila,esmif_score,2033.7897476194366,7.422986995591183,1926.4814521367064,2111.534364057392,Bacteria
Halorubrum lacusprofundi,esmif_score,1680.561710852287,16.697181468950593,1425.1012099516674,1844.4821157798422,Archaea
Helianthus annuus,esmif_score,1805.395804928202,6.0979382415365375,1745.6222922299178,1886.6691528113233,Eukaryota
Helicobacter pylori,esmif_score,1475.4372382784973,48.12515639242683,1001.5177820732727,2054.0853917143154,Bacteria
Homo sapiens,esmif_score,1279.1855928795821,29.75760026910218,934.7886957999658,1696.8937503734792,Eukaryota
Hordeum vulgare,esmif_score,1402.654118693677,24.78840606058263,1164.9466337001863,1647.8133647757788,Eukaryota
Huperzia lucidula,esmif_score,1273.9884548153984,40.67442447942284,892.7482986706375,1747.7686756738897,Eukaryota
Hydra vulgaris,esmif_score,1306.5042756509533,16.858869360796305,1102.3013242629895,1533.6305230740513,Eukaryota
Hydrogenobacter thermophilus,esmif_score,1471.2027157032735,2.8068724076648737,1438.139649677107,1510.1925183693559,Bacteria
Hylobates lar,esmif_score,1132.736141336499,21.54926256653773,907.6703595213417,1362.84581562019,Eukaryota
Hyperthermus butylicus,esmif_score,1744.624076748133,24.13756409867663,1497.1882152870294,2033.7872942655797,Archaea
Ignicoccus hospitalis,esmif_score,1608.1404628968035,33.29550414223403,1306.990152288259,1928.4046145303462,Archaea
Ipomoea purpurea,esmif_score,1526.1910773712239,11.408453126121927,1419.7741443990305,1678.3426349709505,Eukaryota
Jasminum nudiflorum,esmif_score,1641.3158974954356,26.321614925155934,1340.9029678767702,1858.4911651135835,Eukaryota
Klebsiella aerogenes,esmif_score,1657.4564698667805,4.369822104340347,1606.5858911790392,1716.9971757859362,Bacteria
Klebsiella pneumoniae,esmif_score,1843.1378402412793,39.48422881871041,1283.3161458303484,2289.1299563905104,Bacteria
Klebsiella pneumoniae subsp. pneumoniae,esmif_score,1480.4366495659938,5.497170410948532,1406.9416393060196,1546.038813220523,Bacteria
Kluyveromyces lactis,esmif_score,1342.2826279330732,36.09928629918937,929.4877197869448,1883.1003432050647,Eukaryota
Korarchaeum cryptofilum,esmif_score,1625.9877219178902,9.094227212761925,1498.5568693125022,1736.6808670834437,Archaea
Lactiplantibacillus plantarum,esmif_score,1793.72078777998,42.11707169359576,1145.9692855611352,2237.6516909042703,Bacteria
Lactococcus lactis,esmif_score,1775.1127295368167,35.02094987033199,1409.4011574093672,2235.902019250173,Bacteria
Lactococcus lactis subsp. cremoris,esmif_score,1281.6062783062735,3.283179186175217,1243.0105725124727,1319.4207990444895,Bacteria
Lactococcus lactis subsp. lactis,esmif_score,1895.9344359520724,29.746090289739477,1580.3392771587116,2166.471573877484,Bacteria
Latimeria chalumnae,esmif_score,1210.527053083846,40.66217492081262,818.5094035142828,1637.8592212528195,Eukaryota
Legionella pneumophila,esmif_score,1331.6806162148773,7.9412429244536735,1237.6625452627618,1426.439004720418,Bacteria
Legionella pneumophila subsp. pneumophila,esmif_score,1283.9041785191614,13.430128518157487,1119.903982121333,1429.6306194955582,Bacteria
Leifsonia xyli subsp. xyli,esmif_score,1559.5495309045812,4.467873903849498,1509.096005332442,1619.6982851555306,Bacteria
Lemna minor,esmif_score,1544.4972488105204,33.935984301483074,1127.1462995513698,1798.4680363643636,Eukaryota
Lemur catta,esmif_score,1228.8882265683262,14.952346093896367,1046.0359699564408,1412.9451154244634,Eukaryota
Lepidium virginicum,esmif_score,1056.080046154316,8.369451743757006,953.3779167823762,1185.717015407785,Eukaryota
Levilactobacillus brevis,esmif_score,1391.9762583257925,4.841957430160845,1339.0420676920153,1440.3680806717146,Bacteria
Liriodendron tulipifera,esmif_score,1090.2239603391135,21.341100370603282,885.999138395526,1326.1872943933513,Eukaryota
Listeria monocytogenes,esmif_score,1726.8432127645312,53.1060907405947,1053.804274313463,2301.217140386773,Bacteria
Listeria monocytogenes serotype 1/2a,esmif_score,1740.482390404878,8.01600054800785,1643.2057239889407,1838.7796679119144,Bacteria
Listeria monocytogenes serovar 1/2a,esmif_score,1330.6231922278403,3.484333455120762,1290.575308326554,1373.5047562031027,Bacteria
Lobularia maritima,esmif_score,1475.6341540330031,32.663410739404405,1037.9948243405465,1803.2208042497978,Eukaryota
Lodderomyces elongisporus,esmif_score,1390.0520916113956,42.04980363242718,1036.4892128978217,1848.2196663422606,Eukaryota
Lotus japonicus,esmif_score,1191.5139772129814,23.77844025019225,949.2348000866887,1418.3985627343843,Eukaryota
Loxodonta africana,esmif_score,1314.8822759305017,18.873101838813778,1127.3350837149817,1530.369373826379,Eukaryota
Lumbricus terrestris,esmif_score,1356.191791819453,18.51369466416451,1162.3424326636198,1529.9474450311088,Eukaryota
Lycodon semicarinatus,esmif_score,1346.9075809673848,26.546110519745735,1041.636463276065,1564.889189845018,Eukaryota
Macaca fascicularis,esmif_score,1302.2259282983528,36.64749005696502,879.7520067152427,1723.354974288587,Eukaryota
Mammuthus primigenius,esmif_score,1303.8798841435,22.594124621425713,1089.817845808826,1538.1112912478848,Eukaryota
Mannheimia succiniciproducens,esmif_score,1711.0589611118965,41.43540101203105,1156.4382871977332,2211.670283019022,Bacteria
Marchantia polymorpha,esmif_score,1802.9818866662506,17.56927391905636,1634.5285543182486,2015.9912936960422,Eukaryota
Marinobacter nauticus,esmif_score,1548.8010766128857,21.464026819079997,1328.6473392917317,1731.3090797133978,Bacteria
Mesocricetus auratus,esmif_score,1142.9842670317137,38.46144618195137,793.190815163154,1530.1493789113615,Eukaryota
Mesorhizobium japonicum,esmif_score,1556.8130863359454,35.46251229836621,1212.0097482098051,2040.5467568816953,Bacteria
Mesostigma viride,esmif_score,1745.4188713293981,8.718636551119447,1648.1044552671926,1870.5108963510297,Eukaryota
Metallosphaera sedula,esmif_score,1472.4802278630966,47.65227681000293,1027.7488675048146,2063.7354674568287,Archaea
Methanobacterium formicicum,esmif_score,1063.09585778436,10.932062128999874,938.0432877713221,1183.2874500317039,Archaea
Methanobrevibacter smithii,esmif_score,1358.645689400807,21.387837659787497,1146.0990061045145,1605.9110150518775,Archaea
Methanocaldococcus jannaschii,esmif_score,1827.635044999294,51.028835275649875,1177.8038124348238,2327.124048780045,Archaea
Methanocella arvoryzae,esmif_score,1409.6683114182326,7.755101184886228,1324.7417809227575,1503.9946359576647,Archaea
Methanococcoides burtonii,esmif_score,1377.8072169641919,25.102788575811037,1133.6809243086786,1662.2423510193858,Archaea
Methanococcus aeolicus,esmif_score,1819.0601485846983,10.941303202776014,1687.9003633591797,1950.234057678708,Archaea
Methanococcus maripaludis,esmif_score,1468.1222044684507,37.18024920517648,1114.9120265045751,1903.6538366585469,Archaea
Methanococcus vannielii,esmif_score,1497.3695087393937,28.734416607192305,1194.274781495378,1834.1642897512193,Archaea
Methanocorpusculum labreanum,esmif_score,1157.2893051000467,28.717450569677577,848.4709435892022,1484.7921105737141,Archaea
Methanoculleus marisnigri,esmif_score,1144.3270204063829,26.00961066065697,895.5913223631927,1433.6363183730703,Archaea
Methanopyrus kandleri,esmif_score,1775.1213898871886,35.410968420180986,1264.5865919122257,2158.6187487624566,Archaea
Methanoregula boonei,esmif_score,1877.0097976042362,26.97319703853455,1589.7054150330666,2211.081215734867,Archaea
Methanosarcina acetivorans,esmif_score,1455.7467630975227,36.19710600846932,1051.8044750539786,1990.9865036076637,Archaea
Methanosarcina barkeri,esmif_score,1491.2515204139993,34.97126259154248,1109.665426925189,1865.1217127246352,Archaea
Methanosarcina mazei,esmif_score,1570.9898485919166,32.933411185409284,1156.7422486421453,1973.3035277568454,Archaea
Methanosphaera stadtmanae,esmif_score,1567.2142898170287,21.136048671940802,1365.6089992684854,1948.5658618810778,Archaea
Methanosphaerula palustris,esmif_score,1430.1339536906555,13.73987408035774,1306.5799599343682,1656.1189094839904,Archaea
Methanospirillum hungatei JF-1,esmif_score,1556.1460244117002,25.015677978079367,1204.0578984878475,1838.3486638153029,Archaea
Methanothermobacter marburgensis,esmif_score,1487.7810691257373,19.272331229360443,1236.0027736230304,1707.404695757905,Archaea
Methanothermobacter thermautotrophicus,esmif_score,1666.4562043418105,50.92150170057843,1012.7647516690674,2248.5355619182633,Archaea
Methanothermus fervidus,esmif_score,1434.2153228346288,10.390422083726394,1307.5083453844336,1585.3975738407491,Archaea
Methanothrix thermoacetophila,esmif_score,1740.1193747733687,20.277636823411644,1518.2820883711004,1965.9557569069877,Archaea
Methylococcus capsulatus,esmif_score,1758.2280560352071,39.85990633886142,1231.2776767288217,2283.3283444272265,Bacteria
Meyerozyma guilliermondii,esmif_score,1399.685917142623,29.68878510929477,1044.4168387854302,1625.228769992747,Eukaryota
Micrococcus luteus,esmif_score,1463.961735921957,3.292120010326835,1414.6836011573057,1495.2482462076719,Bacteria
Microcystis aeruginosa,esmif_score,1519.6857145962933,6.499930454810091,1433.8137159368096,1598.9114302766443,Bacteria
Micromonas commoda,esmif_score,1751.022204919359,7.615601113590309,1642.359425498629,1839.7561895120132,Eukaryota
Monodelphis domestica,esmif_score,1461.7602854740242,25.698402780758133,1183.0593343138376,1856.515543194914,Eukaryota
Mus musculus,esmif_score,1282.2265176292062,32.086628364228176,983.9797716799237,1749.9383874681578,Eukaryota
Mycobacterium bovis,esmif_score,1784.125344852281,30.9242903627802,1415.8235169927348,2186.9835040267826,Bacteria
Mycobacterium leprae,esmif_score,1060.4881354924273,7.268320576135181,966.3536500334611,1134.9280883529843,Bacteria
Mycobacterium sp.,esmif_score,1876.1458776587062,47.67559915531346,1444.149290241492,2285.080187360219,Bacteria
Mycobacterium tuberculosis,esmif_score,1557.3507443973347,39.931339322073825,989.8336861956336,2022.0193972249192,Bacteria
Mycobacteroides abscessus,esmif_score,1448.8453651638497,4.589533733209796,1392.6166600064353,1497.570431069867,Bacteria
Mycolicibacterium gilvum,esmif_score,1391.1560847172625,59.97858496198373,1050.63751951269,2045.2136471337124,Bacteria
Mycolicibacterium paratuberculosis,esmif_score,1594.7912279588618,2.801935132388302,1561.2757604457033,1633.5429018151822,Bacteria
Mycolicibacterium smegmatis,esmif_score,1702.098155233194,43.13700290792052,1185.8567112115338,2147.2401620870164,Bacteria
Mycolicibacterium smegmatis155),esmif_score,1694.0340169879082,14.045365604686763,1502.0150229353035,1835.4687388308269,Bacteria
Mycoplasma genitalium,esmif_score,1551.1392801090246,12.955504597188602,1414.231399914959,1722.504909771152,Bacteria
Mycoplasma pneumoniae,esmif_score,1334.021143744026,36.92504767708237,887.1578486065656,1842.825082548517,Bacteria
Mycosarcoma maydis,esmif_score,1216.4324137611477,42.08009696253997,812.2734680825213,1577.7527305390347,Eukaryota
Myxococcus xanthus,esmif_score,1581.753111058122,15.483525151858368,1406.1554940001308,1732.4330781879123,Bacteria
Nanoarchaeum equitans,esmif_score,1774.218240585812,34.44307166427106,1384.099849691575,2197.0202462467614,Archaea
Nasturtium officinale,esmif_score,1234.381840165818,22.536955809240386,964.190394661509,1432.8032155310248,Eukaryota
Natrialba magadii,esmif_score,1220.9899551044296,9.783405196018277,1126.9718589474157,1364.5927375989204,Archaea
Natronomonas pharaonis,esmif_score,1697.8416073678707,11.638962996011896,1544.6449904590536,1831.3290566758335,Archaea
Neisseria gonorrhoeae,esmif_score,1193.489382510387,4.6318877426755565,1140.0412131308904,1254.285878736002,Bacteria
Neisseria meningitidis,esmif_score,1809.4226655825723,41.156600122632305,1148.9172091899316,2164.1227679816934,Bacteria
Nematostella vectensis,esmif_score,1312.5519594382577,29.033355005119883,975.1340130563736,1709.3665785009182,Eukaryota
Neosartorya fischeri,esmif_score,1406.8087883381636,42.35390067363236,919.9733863622669,1714.1139450298715,Eukaryota
Neurospora crassa,esmif_score,1285.5664484973227,38.88389015600404,923.5426159257704,1746.4381841394415,Eukaryota
Nicotiana sylvestris,esmif_score,1088.2973094669992,10.325037873241824,977.5349148494624,1220.433935513313,Eukaryota
Nicotiana tabacum,esmif_score,1150.6581548940828,36.28138065067924,824.0331161307723,1565.6500699507212,Eukaryota
Nitratidesulfovibrio vulgaris,esmif_score,1453.5358330976017,52.43010088062126,929.9588463020548,2029.5267617829084,Bacteria
Nitrosomonas europaea,esmif_score,1141.38090308998,14.558554465787445,974.7563840129296,1279.0994353235671,Bacteria
Nitrosopumilus maritimus,esmif_score,1482.7438111303118,20.19297715473502,1234.1944790944253,1702.6592979947086,Archaea
Nocardia farcinica,esmif_score,1567.660983966313,33.34966950765662,1191.1570959474411,1929.18331024896,Bacteria
Nocardioides sp.,esmif_score,1657.775995672824,12.6637666041897,1514.912113715635,1832.3649671547448,Bacteria
Nostoc punctiforme,esmif_score,1410.3643805668817,19.006011556981367,1209.9677959898013,1590.6982686180484,Bacteria
Nostoc sp.,esmif_score,1539.7220912104665,43.97196430744198,1011.1702307805623,2098.707174670179,Bacteria
Notamacropus eugenii,esmif_score,1147.4724384172073,10.19578678294002,1001.0687557737683,1301.6703625352748,Eukaryota
Oceanobacillus iheyensis,esmif_score,1754.6828888248883,50.334283230542596,1074.9645215534931,2261.8879761602466,Bacteria
Oenothera berteroana,esmif_score,1571.5637299022178,32.174718514853595,1313.6551090839746,1898.0277993514255,Eukaryota
Oenothera elata subsp. hookeri,esmif_score,1075.546401560835,25.980891551860836,836.9362296446461,1325.3245165669225,Eukaryota
Ogataea parapolymorpha,esmif_score,1351.1854845536334,4.5971393539465915,1284.7862240573022,1409.4433427272638,Eukaryota
Olimarabidopsis pumila,esmif_score,1198.9129949344656,41.328664225246406,875.2020471061379,1640.38945872957,Eukaryota
Oncorhynchus mykiss,esmif_score,1553.7783045691024,34.34234322133846,1053.6468530815375,1872.8803988593902,Eukaryota
Ornithorhynchus anatinus,esmif_score,1558.4275367959601,27.829064880829733,1247.0111367332654,1893.9448626372332,Eukaryota
Oryctolagus cuniculus,esmif_score,1545.7323062445641,35.57636189100727,1013.8605017610801,1976.3373754046625,Eukaryota
Oryza sativa,esmif_score,1250.0746479520176,37.087731412131085,737.8951326667861,1789.4835942558168,Eukaryota
Oryza sativa subsp. indica,esmif_score,1572.2719383281678,18.46902415660542,1315.8866514343517,1741.9000051553817,Eukaryota
Oryza sativa subsp. japonica,esmif_score,1272.117994361285,41.768839134662926,717.259839981568,1696.4715944703498,Eukaryota
Ostreococcus lucimarinus,esmif_score,1593.328002424545,31.521986589469698,1288.0810130806813,1915.4746050515257,Eukaryota
Ostreococcus tauri,esmif_score,1332.8760380344129,18.799475019044785,1131.3958100349519,1558.079943489646,Eukaryota
Ovis aries,esmif_score,1436.2779382919416,43.13421994747928,954.8087817632538,1997.7457220450008,Eukaryota
Paenarthrobacter aurescens,esmif_score,1507.1041055275687,9.784937936720258,1394.263686475678,1622.4670213773707,Bacteria
Paenarthrobacter nicotinovorans,esmif_score,1702.4082446503844,8.643122249858601,1603.9194826941023,1822.4042298534816,Bacteria
Pan paniscus,esmif_score,1263.4066977579469,26.704749184431222,967.3489590727044,1502.9468934902031,Eukaryota
Pan troglodytes,esmif_score,1492.0989721785986,33.07777817980033,1068.8684698961324,1866.0764594059099,Eukaryota
Papio hamadryas,esmif_score,1606.0784119386026,7.864956921229967,1523.6448448596057,1704.9591191863167,Eukaryota
Paracoccidioides brasiliensis,esmif_score,1014.4297034091052,7.312431008949224,922.1683629010456,1107.6465308742,Eukaryota
Paracoccidioides lutzii,esmif_score,1505.7129963679224,15.84128363982198,1349.992767732391,1700.2784982645624,Eukaryota
Paracoccus denitrificans,esmif_score,1701.1153299460636,22.299442568803023,1436.0072849497594,1959.2896330488688,Bacteria
Paramagnetospirillum magneticum,esmif_score,1677.7599441879495,4.410579374979552,1627.4351477897837,1739.4777553941856,Bacteria
Paramecium tetraurelia,esmif_score,972.163327722951,30.972287883149136,635.9816940854436,1518.524530320731,Eukaryota
Pasteurella multocida,esmif_score,1709.519243247514,43.32980429334755,1121.1637958540502,2219.2962868250283,Bacteria
Paulinella chromatophora,esmif_score,1916.6190306409098,7.642293741468135,1828.5269102155664,2002.7462534450126,Eukaryota
Pectobacterium atrosepticum,esmif_score,1736.9859729775278,36.763249586366186,1223.392991445832,2259.872308838022,Bacteria
Pelotomaculum thermopropionicum,esmif_score,2034.1064138948987,34.37840444383352,1758.4692780396058,2347.7630021321834,Bacteria
Penicillium rubens,esmif_score,980.5761898003998,11.382259037362678,844.3894283334661,1120.9899141434166,Eukaryota
Persephonella marina,esmif_score,1601.1716934497713,6.975785174537371,1490.9872331678891,1693.92357178651,Bacteria
Petromyzon marinus,esmif_score,1405.654771612644,31.559387190615467,939.783608062781,1810.2351558049713,Eukaryota
Phaseolus vulgaris,esmif_score,1166.686773109236,29.715955555385403,849.8775945775583,1411.3337204589825,Eukaryota
Phoca vitulina,esmif_score,1596.3554800347579,27.280429139730504,1324.0363739153158,1849.1742883669842,Eukaryota
Photobacterium profundum,esmif_score,1621.1244471132145,49.73674840483766,1098.576196948255,2235.059873664107,Bacteria
Photorhabdus laumondii,esmif_score,1623.7569926548915,48.31131337939403,1110.4295352256147,2217.2462981891963,Bacteria
Photorhabdus laumondii subsp. laumondii,esmif_score,1565.5159511061104,5.944422029521547,1496.0168591065399,1637.7102585292807,Bacteria
Physcomitrium patens,esmif_score,1629.9056282449994,31.143174836420414,1307.8590470987644,1880.9238592966822,Eukaryota
Phytophthora infestans,esmif_score,1380.369879713667,45.36433104059731,794.6187008707033,1832.8395476330343,Eukaryota
Pichia angusta,esmif_score,1904.6881509108894,39.90621852936422,1514.0745646183316,2195.541450024275,Eukaryota
Picosynechococcus sp.,esmif_score,1614.1414886705168,23.13251122486719,1402.407068753836,1819.5644829138314,Bacteria
Picrophilus torridus,esmif_score,1519.542527840483,28.714601362340517,1186.9497277783819,1866.2776607509445,Archaea
Pisum sativum,esmif_score,1388.906511640364,45.619081051621286,918.1775826461203,1861.7951067515114,Eukaryota
Plasmodium falciparum,esmif_score,1079.710234195016,36.305952855513006,705.3701228959069,1640.8512460979755,Eukaryota
Platanus occidentalis,esmif_score,930.8988658946951,5.382274203250326,871.1319375454771,1011.1669189273675,Eukaryota
Polaromonas naphthalenivorans,esmif_score,1698.4610655842753,26.073857350733913,1410.9684329341817,1904.2425831297849,Bacteria
Pongo abelii,esmif_score,1354.0085749278296,36.06164751622148,935.6014954993265,1794.6300505641398,Eukaryota
Pongo pygmaeus,esmif_score,1448.5068250069596,21.75224972732263,1166.0967247740862,1643.438394052906,Eukaryota
Populus trichocarpa,esmif_score,1182.7682238369737,39.69803760005544,789.5602637302899,1555.708425224925,Eukaryota
Porphyromonas gingivalis,esmif_score,1746.0747890594898,14.525238791113262,1571.7561588817991,1890.090474001408,Bacteria
Prochlorococcus marinus,esmif_score,1457.1928148451677,30.110508319385666,1065.6489269024466,1812.547263065826,Bacteria
Proteus mirabilis,esmif_score,1722.4832576414724,45.150296628686995,1149.2315741501614,2228.9496688712634,Bacteria
Pseudomonas aeruginosa,esmif_score,1702.9231576503778,46.118488170451855,1250.6686363080255,2198.746049653123,Bacteria
Pseudomonas fluorescens,esmif_score,1620.0192467696802,10.741428365936267,1477.0024842080168,1732.5715615155902,Bacteria
Pseudomonas paraeruginosa,esmif_score,1657.4853610831474,30.025711422967404,1412.8193345496952,1941.7660962405967,Bacteria
Pseudomonas putida,esmif_score,1552.4563525496194,53.070574507963684,952.0958079359792,2083.4480875899862,Bacteria
Pseudomonas sp,esmif_score,1704.110673315206,8.088447480385774,1609.6598505557486,1801.6610342761733,Bacteria
Pseudomonas sp.,esmif_score,1213.6242400973379,5.977131949782118,1145.506390120198,1288.1222583727042,Bacteria
Pseudomonas syringae pv. tomato,esmif_score,1689.9849522425677,14.458916301832232,1552.2524215573028,1856.3092819554367,Bacteria
Pseudomonas taetrolens,esmif_score,1345.3804040012633,7.556711711927564,1242.9618863680853,1436.8432541577056,Bacteria
Pyricularia oryzae,esmif_score,1155.0366731415065,18.251111861322904,933.4294987677382,1371.3114804196475,Eukaryota
Pyrobaculum aerophilum,esmif_score,1810.7698869839899,44.692476119228765,1304.67621116732,2339.3922620193207,Archaea
Pyrobaculum arsenaticum,esmif_score,1147.9520697942503,35.15301756995627,856.886107597364,1571.8810058078986,Archaea
Pyrobaculum calidifontis,esmif_score,1500.2075202860317,39.26097136632343,1162.4638991752188,1985.6558030370898,Archaea
Pyrobaculum islandicum,esmif_score,1570.9814032032434,35.58179042923169,1185.104484630348,1936.130405823981,Archaea
Pyrobaculum neutrophilum,esmif_score,1625.6160891849047,8.906200492060732,1513.13913808498,1730.9554355193961,Archaea
Pyrococcus abyssi,esmif_score,1735.3566333881724,38.39824333856629,1227.1785355888564,2145.084400830418,Archaea
Pyrococcus furiosus,esmif_score,1998.9921861909713,48.719013607623474,1374.9016315416004,2508.9431958231794,Archaea
Pyrococcus horikoshii,esmif_score,1953.3967457943709,47.3220823825935,1392.90619712654,2486.5297436688024,Archaea
Pyrococcus woesei,esmif_score,1958.7280689911017,14.876390056979442,1760.2174506336382,2112.516104677459,Archaea
Ralstonia solanacearum,esmif_score,1742.7558629685714,36.398731410140414,1257.7059661817275,2238.8135097620257,Bacteria
Rattus norvegicus,esmif_score,1316.485615490995,34.88522229043633,945.9459510599393,1765.7811301492786,Eukaryota
Rhinoceros unicornis,esmif_score,1443.5827130002085,25.160633244551267,1151.9131423737858,1698.4688318825133,Eukaryota
Rhipicephalus sanguineus,esmif_score,1252.410467077478,37.26439767600256,922.2191262667393,1565.3148322150792,Eukaryota
Rhizobium meliloti,esmif_score,1680.2870102529146,45.82113620707238,1177.767978297388,2280.158083433767,Bacteria
Rhodobacter capsulatus,esmif_score,1824.0430353334093,40.76560594843215,1059.3886320478268,2128.1480025914634,Bacteria
Rhodococcus erythropolis,esmif_score,1536.2073317290974,11.81185497037908,1410.6535364468095,1708.3465862569024,Bacteria
Rhodococcus jostii,esmif_score,1790.594499975099,7.00671749965661,1700.4314461203076,1888.6064084143025,Bacteria
Rhodococcus sp,esmif_score,1509.408560189543,3.3818829547368874,1465.9480233879399,1552.4476153126047,Bacteria
Rhodopseudomonas palustris,esmif_score,1555.6362325178281,34.460400045432074,1123.9999081355743,2030.8249859959017,Bacteria
Rhodospirillum rubrum,esmif_score,1609.7584334400378,28.672056587858698,1344.152544092059,1908.7380560809077,Bacteria
Rhodovulum sulfidophilum,esmif_score,1405.3239008378487,3.5138526924619913,1350.0228352227782,1442.5408990028518,Bacteria
Ricinus communis,esmif_score,1435.6317566497248,9.561172454999644,1295.0220822204901,1546.4074308387878,Eukaryota
Rickettsia conorii,esmif_score,1621.0359287187205,10.486800510427292,1518.9335444189985,1816.6412616625116,Bacteria
Rickettsia felis,esmif_score,1412.8586866676667,32.49463229194224,1078.045240428812,1766.2093987476148,Bacteria
Rickettsia prowazekii,esmif_score,1435.662219017121,34.89383783984791,978.9785360187611,1896.9417813193381,Bacteria
Ruegeria pomeroyi,esmif_score,1491.6926877696364,4.559226960508802,1439.7081805158032,1553.129387301886,Bacteria
Saccharolobus islandicus,esmif_score,1511.5586291439445,32.27733664490481,1164.3390643367502,1906.9166903625103,Archaea
Saccharolobus shibatae,esmif_score,1736.0120645921684,10.020020565208663,1608.6089938522246,1867.503274233463,Archaea
Saccharolobus solfataricus,esmif_score,1591.330121720816,44.76882968926299,1081.0258824764776,2108.152162226129,Archaea
Saccharomyces cerevisiae,esmif_score,1321.7246036929407,34.904403457524275,922.008325774763,1801.7979358168245,Eukaryota
Saccharopolyspora erythraea,esmif_score,1611.7847073170558,18.708509150203835,1412.5402469705436,1819.8626348520045,Bacteria
Salmo salar,esmif_score,1686.0468510653238,51.470941695169294,1044.3510254061982,2099.18491853178,Eukaryota
Salmo trutta,esmif_score,1730.0625995152657,25.09484313205369,1485.846908036954,1967.6352352305157,Eukaryota
Salmonella paratyphi B,esmif_score,1405.5114834732324,17.6764089478323,1221.207244976801,1604.593602524722,Bacteria
Salmonella typhi,esmif_score,1392.4556641907193,24.65511323322298,1182.071643822664,1723.917615909659,Bacteria
Salmonella typhimurium,esmif_score,1837.4247404526104,45.040328630240055,1253.8024376066146,2337.877170788171,Bacteria
Scheffersomyces stipitis,esmif_score,1074.5675453382435,12.217278485582467,934.9362825199486,1254.1171221546024,Eukaryota
Schistosoma japonicum,esmif_score,1016.6961238695867,19.4748552813419,758.6724769415497,1280.9768118942402,Eukaryota
Schistosoma mansoni,esmif_score,1483.867417241669,28.389356316226884,1223.5321333702075,1743.6514345214885,Eukaryota
Schizosaccharomyces pombe,esmif_score,1383.5668851386672,33.63503965355166,1003.3884234447003,1824.8369080078644,Eukaryota
Scyliorhinus canicula,esmif_score,1736.6091866582076,16.29689349591892,1591.3728774733088,1936.6013519478417,Eukaryota
Serratia proteamaculans,esmif_score,1715.6083843827696,41.441490418333004,1247.4063486458394,2230.37536338633,Bacteria
Shewanella baltica,esmif_score,1530.599704947334,33.042398987570905,1250.0616862341478,1935.8249278891185,Bacteria
Shewanella frigidimarina,esmif_score,1615.761902098938,10.12477626273274,1521.5681592407245,1758.940929591374,Bacteria
Shewanella oneidensis,esmif_score,1587.4344495609264,36.79208647659769,1116.100025434172,2140.095116311497,Bacteria
Shewanella putrefaciens,esmif_score,1520.0191165182966,34.13073686293085,1247.826696186786,1844.940191417135,Bacteria
Shewanella sp.,esmif_score,1652.1663915398894,43.032722398900404,1161.4943661951668,2031.2293995140856,Bacteria
Shigella boydii serotype 18,esmif_score,1432.0859631048502,6.488517412433935,1358.850785541771,1510.3773726469149,Bacteria
Shigella flexneri,esmif_score,1786.9559022913136,39.25992989492769,1239.5031981821655,2282.6523583903736,Bacteria
Sigmodon hispidus,esmif_score,1248.6451068390825,9.520030301343642,1143.9406248508944,1369.5554868766603,Eukaryota
Sinorhizobium fredii,esmif_score,1783.763516521838,41.797853041003215,1396.7458349284645,2257.4182001529807,Bacteria
Sodalis glossinidius,esmif_score,1625.4476482592252,42.04932890297123,1098.4706785114136,2172.648624176501,Bacteria
Solanum lycopersicum,esmif_score,1222.94673205753,30.110459293837913,882.701858063409,1684.1108447212757,Eukaryota
Solanum tuberosum,esmif_score,1074.2420452918354,15.872879437435536,919.3268841065274,1292.1979225944074,Eukaryota
Sordaria macrospora / K-hell),esmif_score,1215.8158511532492,18.245483822712025,1013.6460484906287,1453.3176944896309,Eukaryota
Sorghum bicolor,esmif_score,1435.4990119430377,34.77885255488424,944.9678031189914,1701.0494122059704,Eukaryota
Spinacia oleracea,esmif_score,1408.7334859036441,38.83614884381121,931.7669037983261,1726.0789365118492,Eukaryota
Staphylococcus aureus,esmif_score,1742.9907974244477,40.28756075684293,1127.5078013908605,2209.9663707757377,Bacteria
Staphylococcus epidermidis,esmif_score,1138.1364950797854,21.77347138159205,919.8042681211447,1345.0173979244612,Bacteria
Staphylococcus haemolyticus,esmif_score,1407.908533850846,40.623275502689815,1082.3281713502247,1799.7135567097575,Bacteria
Staurastrum punctulatum,esmif_score,1643.6465754392793,29.056942672440904,1373.8502509886664,1901.6167980640105,Eukaryota
Stenotrophomonas maltophilia,esmif_score,1814.4214769413693,18.317764989611696,1619.6435841581779,2008.1705353768918,Bacteria
Streptococcus gordonii,esmif_score,1882.6173873361256,29.45446487863545,1522.7835048528996,2210.716915901809,Bacteria
Streptococcus pneumoniae,esmif_score,1772.0037132704645,24.17587318200583,1482.6896714941226,2007.0334592459549,Bacteria
Streptococcus pneumoniae serotype 2,esmif_score,1630.0467422325473,6.446104866789733,1532.6836670717591,1707.1504140700838,Bacteria
Streptococcus pneumoniae serotype 4,esmif_score,1567.340387303562,40.86538796736523,1143.665654863973,2021.2939244436395,Bacteria
Streptococcus pyogenes,esmif_score,1809.3491953402324,5.623016310159428,1733.0158075908605,1872.9439920188481,Bacteria
Streptococcus pyogenes serotype M1,esmif_score,1593.7672675961078,33.219896424054404,1354.3341519072658,1920.3581467672127,Bacteria
Streptococcus pyogenes serotype M3,esmif_score,1262.9505243612766,5.389648097420978,1175.8541312316447,1316.7035243795872,Bacteria
Streptococcus pyogenes serotype M6,esmif_score,1408.3510674940437,5.696996547935484,1325.80880081846,1484.1232588829082,Bacteria
Streptococcus suis,esmif_score,2041.7036034947523,18.022110090415524,1816.9175767125241,2214.2427341484727,Bacteria
Streptomyces arenae,esmif_score,2012.79294449032,5.270799263070792,1944.080885587738,2077.1886963647,Bacteria
Streptomyces avermitilis,esmif_score,1498.102712927168,48.06432946656108,1139.576117469501,1916.3816078985644,Bacteria
Streptomyces coelicolor,esmif_score,1712.6959623401272,46.41818150808946,1183.1965108425334,2211.7827912077273,Bacteria
Streptomyces coelicolor / M145),esmif_score,1415.1670834999356,39.45159090324621,1016.4092885618942,1924.652701192626,Bacteria
Streptomyces glaucescens,esmif_score,1376.4003144690314,10.128360710401477,1265.5923119825213,1494.2676982357132,Bacteria
Streptomyces griseus subsp. griseus,esmif_score,1874.5778061374656,5.34586935033,1797.295587804942,1949.2089085277373,Bacteria
Streptomyces lavendulae,esmif_score,1638.0867348936151,32.460967780522815,1220.3166350087808,1912.4345938244114,Bacteria
Struthio camelus,esmif_score,1339.3627137483754,11.56643175680386,1225.8985143525915,1472.8972846042136,Eukaryota
Stutzerimonas stutzeri,esmif_score,1436.4069802541862,13.071877859227177,1303.338818143025,1597.9722830030134,Bacteria
Sulfolobus acidocaldarius,esmif_score,1458.01904045795,43.025288923489825,1045.3446926091485,2122.8619087238003,Archaea
Sulfurisphaera tokodaii,esmif_score,1735.8793016085558,27.56085164322008,1229.3637592133919,1968.7549671860852,Archaea
Sus scrofa,esmif_score,1321.5432999630602,37.13593976667321,962.0898201952647,1809.8751512459658,Eukaryota
Synechococcus elongatus,esmif_score,1651.9536094108992,44.30836100307223,1105.0960932389064,2253.721435163896,Bacteria
Synechococcus sp.,esmif_score,1557.196754764122,12.784724225292193,1384.1092764541224,1695.0894254433738,Bacteria
Synechocystis sp.,esmif_score,1524.4222129499892,36.161093761139746,994.9482250031883,1863.6238956973884,Bacteria
Syntrophobacter fumaroxidans,esmif_score,1311.4755192443888,30.768448598725914,1090.787612619466,1656.7087868287579,Bacteria
Tachyglossus aculeatus aculeatus,esmif_score,1153.001280485436,8.157446088597933,1041.583773333411,1243.928118996776,Eukaryota
Taeniopygia guttata,esmif_score,1708.5607960264513,11.039021165419124,1609.5780173392,1856.2446975122089,Eukaryota
Takifugu rubripes,esmif_score,1137.4714412572864,18.662762394968638,942.8240342825385,1423.1550255238387,Eukaryota
Talaromyces stipitatus,esmif_score,1133.8100154292738,14.222858705713573,972.5718155131212,1292.9733454092711,Eukaryota
Tetraodon nigroviridis,esmif_score,1637.2628689583466,42.603277367586415,1192.4094208899696,2026.189636210408,Eukaryota
Thermococcus gammatolerans,esmif_score,2068.583917732866,34.14861724502706,1710.3890098572372,2408.517397416332,Archaea
Thermococcus kodakarensis,esmif_score,1958.5929493887324,51.55793162035272,1285.4444696465107,2450.089981673707,Archaea
Thermococcus litoralis,esmif_score,2242.581921786478,5.091276231131061,2170.6310554054085,2313.2183907767876,Archaea
Thermococcus onnurineus,esmif_score,1841.6396484258935,6.079586427629201,1768.6807590491899,1912.8849444230088,Archaea
Thermococcus sibiricus,esmif_score,1437.772597725057,27.11767490792676,1083.7772335898767,1732.99815319962,Archaea
Thermococcus sp.,esmif_score,1513.1717738143072,19.566101041074443,1294.1308740834618,1715.3785990346687,Archaea
Thermofilum pendens,esmif_score,1897.4633871477351,8.671481018358124,1767.626403738691,2015.5641485763422,Archaea
Thermoplasma acidophilum,esmif_score,1671.4806145620437,46.30888198849451,1015.3442626568747,2103.108595872832,Archaea
Thermoplasma volcanium,esmif_score,1621.9111942964926,47.48613460511483,988.9759488214365,2107.58543056856,Archaea
Thermoproteus tenax,esmif_score,1412.7695030879654,17.8869271061167,1224.5303312629203,1656.9396247286747,Archaea
Thermostichus vulcanus,esmif_score,1542.7217368290267,36.25077513534188,1127.7476966385093,1967.4445981230547,Bacteria
Thermosynechococcus vestitus,esmif_score,1773.560905880052,40.30571595288564,1205.290400870806,2205.5934022816728,Bacteria
Thermotoga maritima,esmif_score,1979.4119484450994,51.52163770483537,1361.772988807537,2454.566395881632,Bacteria
Thermus thermophilus,esmif_score,1999.2636612349859,40.36212515584446,1424.3496802996588,2314.7774354639655,Bacteria
Toxoplasma gondii,esmif_score,842.6325025157312,11.379595460294595,712.408857935187,1031.2097651695303,Eukaryota
Treponema pallidum,esmif_score,1259.7785712773423,42.75842305303152,847.3673690716413,1879.8930341414843,Bacteria
Treponema pallidum subsp. pallidum,esmif_score,1474.046021989238,2.3400622782936327,1439.7070056027258,1501.9737620853389,Bacteria
Trichoderma koningii,esmif_score,1949.2482650085697,5.365649671372255,1881.4581901291745,2013.6752560636623,Eukaryota
Trichoplax adhaerens,esmif_score,1267.2904954966637,25.385832369371688,915.2464441621416,1534.185738193655,Eukaryota
Trichormus variabilis,esmif_score,1479.2213239701437,41.823077249982205,919.687222186618,2109.089744192569,Bacteria
Triticum aestivum,esmif_score,1214.6779515721798,37.67017122159686,805.6935071021161,1552.6701735941426,Eukaryota
Trypanosoma brucei brucei,esmif_score,1185.5598350874434,23.382112029957472,977.1147778618035,1482.7919081179311,Eukaryota
Verminephrobacter eiseniae,esmif_score,1960.7632588567822,47.50040105891301,1423.7625660144404,2342.207266110289,Bacteria
Vibrio cholerae,esmif_score,1660.857965306812,40.957401419955865,1147.9733493687363,2160.184299439501,Bacteria
Vibrio cholerae serotype O1,esmif_score,1577.969935436628,20.49080969764996,1348.7753748776302,1790.770039586938,Bacteria
Vibrio parahaemolyticus serotype O3:K6,esmif_score,1830.227698402663,16.976857695990322,1675.7113631094055,1997.9588768443157,Bacteria
Vibrio vulnificus,esmif_score,1435.742629010649,12.125007557146986,1247.4751985702808,1534.8109022980254,Bacteria
Vitis vinifera,esmif_score,1265.9628139973338,28.881871735842637,951.3975750421056,1517.896977216377,Eukaryota
Xanthobacter autotrophicus,esmif_score,1759.1045771327806,7.503366571862097,1667.7852350612952,1848.096321440095,Bacteria
Xanthomonas campestris,esmif_score,1597.0274687162173,37.18645582474739,1009.9758479200851,2006.4510094787563,Bacteria
Xanthomonas campestris pv. campestris,esmif_score,1276.274045880073,11.927615107729954,1155.9729987473531,1381.5319706745115,Bacteria
Xenopus laevis,esmif_score,1353.7161830949906,40.91615528677071,795.00897101224,1869.1009311949203,Eukaryota
Xenopus tropicalis,esmif_score,1253.9180307495196,31.213969067615263,834.2499426020134,1784.085507599381,Eukaryota
Xylella fastidiosa,esmif_score,1326.62494039721,35.34169963348758,926.6765264441602,1879.2888107909398,Bacteria
Yarrowia lipolytica,esmif_score,1388.4233710968701,41.76052312681417,870.9346942303579,2009.0172884940694,Eukaryota
Yersinia enterocolitica,esmif_score,1729.0843824875244,6.161604669276371,1652.2616872612875,1804.3767948249604,Bacteria
Yersinia enterocolitica serotype O:8 / biotype 1B,esmif_score,1771.948463402119,32.29723456094826,1520.5408504309003,2102.941297373395,Bacteria
Yersinia pestis,esmif_score,1666.7729540886205,47.16562629553995,1068.204171954498,2225.606703888205,Bacteria
Yersinia pseudotuberculosis serotype IB,esmif_score,1315.6024917636598,26.15451945894454,1101.6253801722964,1554.1435999675184,Bacteria
Yersinia pseudotuberculosis serotype O:1b,esmif_score,1291.335863050166,6.744390253043482,1191.2395358099373,1371.8821762495122,Bacteria
Yersinia pseudotuberculosis serotype O:3,esmif_score,1260.6322920091507,44.60022709695149,903.1756708012391,1657.7320441228956,Bacteria
Zea mays,esmif_score,1328.6990805836901,35.300625753825756,846.847843141402,1732.895123821729,Eukaryota
Zygnema circumcarinatum,esmif_score,1655.8856937817743,8.605627101930544,1559.5208111075349,1785.0598649699473,Eukaryota
Zygosaccharomyces rouxii,esmif_score,1342.9656910412534,40.07985584289353,1010.1488791176959,1703.657191301969,Eukaryota
Acetivibrio thermocellus,mif_score,1565.0038001354685,6.239701643611828,1464.0916409172228,1655.2338466187498,Bacteria
Acidianus ambivalens,mif_score,1405.5309927982485,5.992587266462883,1325.513627713224,1482.8470017974942,Archaea
Acidiphilium cryptum,mif_score,2040.657936116962,17.105640682737395,1873.6378502701825,2208.7219689534327,Bacteria
Acidithiobacillus ferrooxidans,mif_score,1456.0457723863278,2.887019595730412,1418.792428816294,1491.140627803901,Bacteria
Acinetobacter baumannii,mif_score,1559.4826424452992,60.53090653375724,1090.2286852018563,2196.2763607842876,Bacteria
Acinetobacter baylyi,mif_score,1435.4029375615976,52.76777790688405,914.0087971749763,2158.8992432650643,Bacteria
Acorus calamus var. americanus,mif_score,1212.094692187355,26.598894169822294,932.6336032713297,1507.3403626902432,Eukaryota
Actinobacillus pleuropneumoniae serotype 5b,mif_score,1526.845968567384,3.1615199665850566,1491.7684352054598,1568.4197556976192,Bacteria
Actinobacillus pleuropneumoniae serotype 7,mif_score,1445.4334824211003,1.6118036128600695,1424.9626953051513,1463.1816124698496,Bacteria
Adiantum capillus-veneris,mif_score,1691.4879840359852,14.349224265671825,1522.9926183563935,1850.7300489023703,Eukaryota
Aedes aegypti,mif_score,1190.4083197503073,34.071611095785705,793.1889742106957,1722.989987192513,Eukaryota
Aeromonas hydrophila,mif_score,1456.1412066064152,43.89929187930364,936.5908896346236,2028.499432433436,Bacteria
Aeromonas hydrophila subsp. hydrophila,mif_score,1887.967995915353,5.056785070499819,1834.5617399959158,1957.6249334625682,Bacteria
Aeromonas salmonicida,mif_score,1567.8631067151696,13.134701674709108,1415.002422181643,1723.5871754231566,Bacteria
Aeropyrum pernix,mif_score,2040.353996956449,21.49008198241237,1785.7508014106384,2315.6722002109536,Archaea
Agrobacterium fabrum,mif_score,1408.934009256726,42.12924253283186,928.7405576345836,1992.8145268448627,Bacteria
Agrostis stolonifera,mif_score,976.669238086148,7.303836594752012,892.9431868559963,1081.3898605713366,Eukaryota
Ajellomyces capsulatus,mif_score,1376.435538586417,28.73501965454444,1109.3845876311677,1665.0329725449524,Eukaryota
Alcanivorax borkumensis,mif_score,1374.1984650876163,4.68970807584773,1315.933659985783,1440.2916649419853,Bacteria
Aliivibrio fischeri,mif_score,1444.325679353305,46.756205330066244,954.7979816499997,1983.659658130134,Bacteria
Alkalihalobacillus clausii,mif_score,1646.185608656732,48.058782794602934,875.6434909984266,2160.2267702312865,Bacteria
Alkalihalophilus pseudofirmus,mif_score,2008.9669713772269,4.725236222564221,1944.6416748406496,2074.6521799250827,Bacteria
Alligator mississippiensis,mif_score,1332.1313752996978,50.258066638959434,841.6188886617823,1817.9371007022012,Eukaryota
Allochromatium vinosum,mif_score,1508.2880360642482,4.079098581095923,1452.4702888807085,1555.5032352412925,Bacteria
Anas platyrhynchos,mif_score,1258.3455022818916,46.91730210508627,743.6020618421204,1809.7417543951058,Eukaryota
Anopheles gambiae,mif_score,1173.6867379877328,31.555286233928715,745.6374832526444,1527.8376503205216,Eukaryota
Anopheles quadrimaculatus,mif_score,1302.9293942744514,18.258843380587926,1074.984696105117,1462.4612470732313,Eukaryota
Anthoceros angustus,mif_score,1560.0193354010987,18.595001603822656,1390.8818899415805,1735.9994996357816,Eukaryota
Apis mellifera,mif_score,951.448302050367,33.242481051937936,681.7670235516149,1441.26276174315,Eukaryota
Aquifex aeolicus,mif_score,1935.0567200268324,36.19481508464857,1367.6616722359884,2279.858729772957,Bacteria
Arabidopsis thaliana,mif_score,1150.1385250175779,39.77406265052624,705.4066354322333,1662.978779353013,Eukaryota
Archaeoglobus fulgidus,mif_score,2040.8850007304968,38.437557968018986,1429.2651247287401,2401.118428643439,Archaea
Ashbya gossypii,mif_score,1261.1338640409504,36.78339940360562,889.613857158108,1846.362476438033,Eukaryota
Aspergillus clavatus,mif_score,1215.4662519376484,21.568342815452844,937.2896424056523,1375.7082988862035,Eukaryota
Aspergillus flavus,mif_score,1869.6083913935124,19.28301291071248,1665.3937530495014,2056.6876588727214,Eukaryota
Aspergillus fumigatus,mif_score,1299.1575964092567,34.26976651383148,848.9914089057309,1765.5499017169282,Eukaryota
Aspergillus niger,mif_score,1609.5389287246246,12.711602998873113,1466.6851025473159,1805.322130218148,Eukaryota
Aspergillus oryzae,mif_score,1377.9827767907898,32.66736312482845,935.563835066063,1633.9724561543446,Eukaryota
Azoarcus sp.,mif_score,1677.621353659578,39.000085419555134,1302.1610569424581,1949.6122253024953,Bacteria
Azospirillum brasilense,mif_score,1518.4367769606047,9.89498389159243,1388.84688930203,1601.160625537723,Bacteria
Bacillus anthracis,mif_score,1575.0888853474698,43.16939938777078,1096.522256191376,2049.665741003753,Bacteria
Bacillus cereus,mif_score,1808.0787858204371,28.862767356073707,1425.0483802385686,2147.8459365809817,Bacteria
Bacillus cytotoxicus,mif_score,1604.033745074523,40.33714131423196,1305.680221781115,1991.4217461494743,Bacteria
Bacillus licheniformis,mif_score,1555.442332828521,40.47552605079006,1085.4866719637844,2022.1691297753348,Bacteria
Bacillus sp,mif_score,1793.654644064155,7.758349750143375,1683.835667441072,1904.0456447081988,Bacteria
Bacillus sp.,mif_score,1927.6292996745813,17.336132955728655,1684.8445911476247,2072.8630641804584,Bacteria
Bacillus spizizenii,mif_score,1542.2793592819364,22.68906713027544,1305.554012600612,1772.2791731838258,Bacteria
Bacillus subtilis,mif_score,1629.9664825946957,37.22044367640148,1114.9678884661134,2017.1574371417355,Bacteria
Bacillus thuringiensis,mif_score,1648.2801290337138,43.432784586708785,1226.9995213093978,1973.3121540449536,Bacteria
Bacillus thuringiensis serovar kurstaki,mif_score,1476.4707022998246,5.7223641128932865,1385.0927242018217,1542.9369401000417,Bacteria
Bacillus thuringiensis subsp. israelensis,mif_score,1231.0772618937483,4.646426433219765,1169.3718156843825,1301.6398952847437,Bacteria
Bacillus thuringiensis subsp. konkukian,mif_score,1474.0741157054322,3.432697425542763,1420.239898990814,1518.3249462828283,Bacteria
Balaenoptera musculus,mif_score,1441.065174049301,17.879437500917323,1238.5701632211549,1597.924020343074,Eukaryota
Balaenoptera physalus,mif_score,1331.0557336236407,31.75559257399467,965.5837194556873,1666.3909393378142,Eukaryota
Barbarea verna,mif_score,1441.1668655182157,15.330676758685685,1207.7622767798134,1581.2925293855303,Eukaryota
Bartonella bacilliformis,mif_score,1204.5636882229094,5.720665828423983,1130.6459658986146,1276.0306024915874,Bacteria
Bifidobacterium longum,mif_score,1702.6407484573083,5.958038224090476,1628.8621992193184,1773.0697709781623,Bacteria
Bifidobacterium longum subsp. infantis,mif_score,1456.2086120998147,5.605741874216336,1351.699890602118,1513.4577378879408,Bacteria
Blastochloris viridis,mif_score,1618.1299489035323,27.508248109413664,1276.1392041727047,1871.068065713654,Bacteria
Blastomyces gilchristii,mif_score,1133.957559249111,8.4592970578811,1028.10267911257,1264.301988639432,Eukaryota
Bordetella pertussis,mif_score,1564.7778000061915,48.10744593545161,993.600881651406,2184.857324454868,Bacteria
Borreliella burgdorferi,mif_score,1335.760967291081,34.34509623651101,1086.5310489985027,1745.7791871907482,Bacteria
Bos mutus grunniens,mif_score,1096.3985845057243,15.781990564290071,950.9525493069684,1271.5309359972387,Eukaryota
Bos taurus,mif_score,1278.4755728742314,35.681922592245115,920.5961047115845,1868.000843828612,Eukaryota
Bradyrhizobium diazoefficiens,mif_score,1482.519510950466,39.017604506638435,1058.3162535339611,1951.2568860439576,Bacteria
Branchiostoma floridae,mif_score,1204.2347674828268,32.04988463035828,822.2894294965344,1544.9357543182975,Eukaryota
Brucella canis,mif_score,1803.449166996056,23.28940713340726,1566.0523666120507,1992.4321178175494,Bacteria
Brucella melitensis,mif_score,1586.9860114886656,41.800333583165035,1077.3452569844003,2050.123922201261,Bacteria
Brucella melitensis biotype 1,mif_score,1288.4045665560864,4.922685620191936,1225.5140411469695,1359.572472758983,Bacteria
Brucella melitensis biotype 2,mif_score,1243.377955483949,4.915345115722982,1189.422856242856,1303.1142164441699,Bacteria
Brucella ovis,mif_score,1592.8889050847727,8.529118080198227,1487.882766721732,1697.3088378909642,Bacteria
Brucella suis biovar 1,mif_score,1247.657025830233,22.73808472477809,1049.380965061895,1456.418064377472,Bacteria
Brugia malayi,mif_score,1110.9258241738378,27.01579860904561,776.332613822567,1408.8216588512607,Eukaryota
Buchnera aphidicola,mif_score,1178.5555216222003,32.946211055318344,817.7300757548035,1667.1571716600538,Bacteria
Buchnera aphidicola subsp. Acyrthosiphon pisum,mif_score,1317.3583591638123,42.787095399659265,897.158620976596,1792.7715074489413,Bacteria
Buchnera aphidicola subsp. Baizongia pistaciae,mif_score,1051.8821676131015,12.887246926534088,900.4860111617228,1218.4526361274432,Bacteria
Buchnera aphidicola subsp. Schizaphis graminum,mif_score,1449.2147459932735,41.84449134757366,988.8848763440627,1862.1228299158001,Bacteria
Burkholderia cenocepacia,mif_score,1602.4770617735928,25.75077755246378,1342.6494567182801,1826.1483621039085,Bacteria
Burkholderia mallei,mif_score,1617.1903793865536,48.80274487152094,948.2734455119185,2172.381006758433,Bacteria
Burkholderia multivorans,mif_score,1972.71312524957,7.156964198928688,1872.4017731565025,2048.369025938259,Bacteria
Buxus microphylla,mif_score,1317.4964607774452,21.849749640932636,1068.3648774477365,1565.9707098784447,Eukaryota
Caenorhabditis briggsae,mif_score,1203.5937996650148,31.28867814307474,847.8263435109291,1538.5361680792676,Eukaryota
Caenorhabditis elegans,mif_score,1156.4216394202174,33.160119743204625,758.0683880092081,1545.2999331648336,Eukaryota
Caldanaerobacter subterraneus,mif_score,2096.559451301326,36.18615881615471,1619.4341806272696,2405.720371052254,Bacteria
Caldivirga maquilingensis,mif_score,1815.3037727711317,22.929906983467916,1467.4700675999493,2010.1296380571653,Archaea
Calycanthus floridus var. glaucus,mif_score,1579.7860937723121,9.658107725567662,1445.734564444687,1722.1470454328075,Eukaryota
Campylobacter fetus subsp. fetus,mif_score,1850.385061377715,8.50781772608327,1723.8576050141091,1917.5825260063607,Bacteria
Campylobacter jejuni,mif_score,1627.9583491230762,55.121603094507904,1029.7671339329224,2194.647641435219,Bacteria
Campylobacter jejuni subsp. doylei,mif_score,1656.6130891479013,6.435156413138398,1581.8371947830146,1734.9365011980287,Bacteria
Campylobacter jejuni subsp. jejuni serotype O:2,mif_score,1482.4056836024831,10.032110448635231,1353.7462833280983,1630.5440669015297,Bacteria
Campylobacter jejuni subsp. jejuni serotype O:23/36,mif_score,1796.6893372942934,7.229433783085035,1713.11330163181,1881.5998290284308,Bacteria
Candida albicans,mif_score,1329.8170316377468,33.22787407058252,983.3730354885291,1826.719616612116,Eukaryota
Candida glabrata,mif_score,1508.0793272121912,32.92610232194495,1134.9073466338452,1892.0768058094147,Eukaryota
Canis lupus,mif_score,1299.8714438022726,34.06267438487192,940.2284400432171,1861.0903061550605,Eukaryota
Capra hircus,mif_score,1259.5499618641036,34.03664770794783,938.9787139630973,1581.2293179592912,Eukaryota
Capsella bursa-pastoris,mif_score,1294.6354250042416,27.661835629403743,977.3918519391951,1638.9708771417984,Eukaryota
Carassius auratus,mif_score,1441.9741428049588,37.38706309924575,1000.8861489947699,1805.4977919295252,Eukaryota
Carica papaya,mif_score,1298.606572454075,25.236580418458246,1003.0583471072284,1532.7985474018392,Eukaryota
Caulobacter vibrioides,mif_score,1630.2604846641814,47.86454867219502,1007.0621608940669,2119.9222673384643,Bacteria
Cenarchaeum symbiosum,mif_score,1667.1610781640068,9.139143190623143,1524.46071297798,1776.9331967664534,Archaea
Ceratotherium simum,mif_score,1298.9041065629258,38.74837367701537,860.9465942137942,1664.382525594021,Eukaryota
Cereibacter sphaeroides,mif_score,1562.4282327443768,35.800356324948176,1175.883568501783,1988.9190789459064,Bacteria
Chaetosphaeridium globosum,mif_score,1530.818793545212,28.109623166446728,1304.1188013633564,1785.7016309284584,Eukaryota
Chlamydia pneumoniae,mif_score,936.2251522806802,5.267739486491023,877.0271898759989,998.8571875965915,Bacteria
Chlamydia trachomatis serovar D,mif_score,1419.0139822988467,42.87147713613962,1072.593155078608,1786.8901794813457,Bacteria
Chlamydia trachomatis serovar L2,mif_score,1148.4493149851128,4.4995764076706,1076.3828122846746,1206.1975544992154,Bacteria
Chlamydomonas reinhardtii,mif_score,1164.2151833030032,37.71256543250829,795.6176649470297,1656.9275792785409,Eukaryota
Chlorobaculum tepidum,mif_score,1618.7087408092273,11.299261771223744,1510.514184653787,1751.2820542409027,Bacteria
Chlorobaculum thiosulfatiphilum,mif_score,1467.7448598184033,10.327085223035663,1341.0206044602314,1603.0945655482212,Bacteria
Chlorobium phaeobacteroides,mif_score,1087.1862428547925,5.071166823608029,1027.725278901899,1151.896455406499,Bacteria
Chloroflexus aurantiacus,mif_score,1633.354137621865,19.87900153088623,1434.0904151031878,1803.3461432630102,Bacteria
Chromobacterium violaceum,mif_score,1556.3419579795366,48.28786499717184,956.9701471868756,2051.557411539718,Bacteria
Citrobacter koseri,mif_score,1612.1447272343707,38.595246424308286,1221.4207105772273,2143.8097309785753,Bacteria
Clostridium acetobutylicum,mif_score,1738.179050458082,33.49975875569377,1325.6436861434347,2138.887865171759,Bacteria
Clostridium beijerinckii,mif_score,1766.2508455209636,8.624985124383954,1671.6891163114474,1878.3964902559658,Bacteria
Clostridium botulinum,mif_score,1789.0882988421736,20.28408593868915,1524.4086933316005,1936.5190717838343,Bacteria
Clostridium kluyveri,mif_score,1367.168107541787,29.73674531394021,1085.0895911087828,1636.5204031958565,Bacteria
Clostridium perfringens,mif_score,2053.456393469448,7.1466732908713135,1954.0788069801906,2138.703138366798,Bacteria
Coffea arabica,mif_score,1716.7386378698982,5.940567942454684,1633.2557598671297,1797.7100308664453,Eukaryota
Corynebacterium efficiens,mif_score,1521.053466024433,25.659715180600287,1236.8958626744552,1746.5160290082426,Bacteria
Corynebacterium glutamicum,mif_score,1511.6161404555955,43.13253966924222,1010.0071851006735,2090.151809497225,Bacteria
Coturnix japonica,mif_score,1517.2460975146616,38.461832095901705,1165.0889002596136,1884.456652228075,Eukaryota
Cricetulus griseus,mif_score,1370.4892186845934,46.24229401019313,919.5311111801203,1918.5860108675195,Eukaryota
Cronobacter sakazakii,mif_score,1606.506545819041,38.22206683268023,1231.9515046708248,2244.190139272361,Bacteria
Crucihimalaya wallichii,mif_score,1393.105811805774,22.66605356417842,1161.4398117110788,1632.5479140730306,Eukaryota
Cryptococcus deneoformans,mif_score,1593.7049667393119,11.999167925135135,1420.2876448254822,1717.791326403157,Eukaryota
Cucumis sativus,mif_score,1478.824055675693,21.311192512175847,1263.4743434558643,1701.468664825236,Eukaryota
Culex quinquefasciatus,mif_score,1198.2825499620446,26.215540683827296,895.0257615485642,1524.1843533632496,Eukaryota
Cupriavidus necator,mif_score,1551.4675490865907,43.53115636817357,1002.1142113869874,2124.3118993949734,Bacteria
Cycas taitungensis,mif_score,1477.7416341248586,32.06849560489554,1175.4701774709831,1778.0487595118816,Eukaryota
Cytophaga hutchinsonii,mif_score,1297.3171975202786,3.5290150061244607,1253.0387035391302,1348.4225850985995,Bacteria
Danio rerio,mif_score,1215.7929736418864,34.46480615185705,842.4320500043034,1687.9021901087801,Eukaryota
Dasypus novemcinctus,mif_score,1115.7875328389196,22.075454207639805,834.0074840102973,1335.3285591904535,Eukaryota
Daucus carota,mif_score,1584.424750977066,14.448340977483483,1458.6727202841746,1747.3585487098303,Eukaryota
Debaryomyces hansenii,mif_score,1211.5779314756712,32.992148654369174,821.9132882567984,1743.9009539673273,Eukaryota
Deinococcus radiodurans,mif_score,1590.094009935411,45.322281249516806,1066.0366091439776,2079.956215026763,Bacteria
Dictyostelium discoideum,mif_score,1229.380642881057,39.621451154043186,789.1965200996545,1801.3955590982184,Eukaryota
Didelphis virginiana,mif_score,1230.1666043691812,35.70042024675895,885.1644150523043,1638.084126792431,Eukaryota
Drimys granadensis,mif_score,1648.3063403616834,14.347625160439994,1493.4457047587423,1806.4067303705037,Eukaryota
Drosophila melanogaster,mif_score,1210.097416767985,35.16276079965064,800.7873395581877,1809.7755061700866,Eukaryota
Drosophila persimilis,mif_score,861.5627885225526,8.193108934548048,769.3253995003241,996.6001710826512,Eukaryota
Drosophila sechellia,mif_score,1295.240491849847,32.89947905945645,953.8018142239036,1635.3972427593656,Eukaryota
Drosophila simulans,mif_score,1138.111111723803,30.06569595436587,903.6640614361949,1533.9602831283864,Eukaryota
Drosophila willistoni,mif_score,1136.0772552132069,20.827060388962856,943.9575753063251,1383.4679821882326,Eukaryota
Drosophila yakuba,mif_score,1124.6197021463543,14.136309086799232,980.2161561980333,1320.1076323435045,Eukaryota
Dugong dugon,mif_score,1501.557429224411,9.297224815292811,1390.4028183049218,1593.5303735860266,Eukaryota
Emericella nidulans,mif_score,1322.9185275973584,38.10240285718774,934.8230185795821,1898.353576852744,Eukaryota
Encephalitozoon cuniculi,mif_score,1430.10910877052,19.408472959776326,1270.7079424954545,1712.5814400873962,Eukaryota
Entamoeba histolytica,mif_score,1322.7328370584748,50.29072955399682,835.4027148324733,1920.7664375898335,Eukaryota
Enterobacter sp.,mif_score,1504.6345177664055,37.32112024451097,1138.4155667038783,1999.1577724287629,Bacteria
Enterococcus faecalis,mif_score,1464.4431512128958,37.421053689940905,932.6692225956308,1965.968925709581,Bacteria
Enterococcus hirae,mif_score,1331.6788236413681,3.572738824089654,1268.7932847259665,1372.8751144525163,Bacteria
Equus caballus,mif_score,1398.8446785643107,24.9019200782481,1107.9479795042523,1680.4147102495015,Eukaryota
Erwinia tasmaniensis,mif_score,1565.5994089997268,39.949920595180544,1096.2486052184638,1995.6226644803492,Bacteria
Escherichia coli,mif_score,1744.3954395669334,29.91815139717977,1240.3099669235814,2078.346128043184,Bacteria
Escherichia coli O139:H28,mif_score,1555.502049185741,3.197322941233972,1511.045274966727,1594.869837528315,Bacteria
Escherichia coli O157:H7,mif_score,1649.2816357024753,37.703247687703104,1164.3038014762174,2050.532380335698,Bacteria
Escherichia coli O17:K52:H18,mif_score,1609.0748004735153,3.3631378804352727,1562.3716714323652,1651.2605847096052,Bacteria
Escherichia coli O1:K1 / APEC,mif_score,2012.3632865580635,20.045636795915815,1818.2385026058719,2237.5677926685353,Bacteria
Escherichia coli O45:K1,mif_score,1521.95022410502,12.970980214949053,1389.353804967378,1688.656087352964,Bacteria
Escherichia coli O6:H1,mif_score,1569.4451317644957,23.811536056114445,1232.4155570076362,1767.7632175429928,Bacteria
Escherichia coli O7:K1,mif_score,1604.0285974361527,7.48635680207214,1515.6396418284955,1696.6319046794479,Bacteria
Escherichia coli O81,mif_score,1628.4525402817912,3.2427828230216487,1584.837702482625,1669.0823428815977,Bacteria
Escherichia coli O9:H4,mif_score,1240.2858696921612,5.6746536449536755,1145.4989493371402,1304.1124962049637,Bacteria
Eucalyptus globulus subsp. globulus,mif_score,1464.038790392752,15.030800721705358,1331.6608222485345,1640.5678410248206,Eukaryota
Fagopyrum esculentum subsp. ancestrale,mif_score,1170.270052102159,29.81401712129513,887.3074703288594,1438.2227444720247,Eukaryota
Felis catus,mif_score,1290.5315289133737,26.102979901845305,1019.4633535698982,1763.808762529585,Eukaryota
Formosania lacustris,mif_score,850.5176624690175,10.20443813852514,727.9862639282273,965.2794485197104,Eukaryota
Francisella tularensis subsp. holarctica,mif_score,1344.518773748107,4.042583942410034,1296.698075486146,1402.7300898240285,Bacteria
Francisella tularensis subsp. tularensis,mif_score,1862.571119696137,5.24329493276179,1790.0644239958644,1922.7357017657105,Bacteria
Gadus morhua,mif_score,1567.875379349474,19.30023453171416,1341.483900291341,1766.6168760468236,Eukaryota
Gallus gallus,mif_score,1388.5628067555547,39.25807865416275,1004.27125411454,1897.2708029346913,Eukaryota
Geobacillus kaustophilus,mif_score,1817.0431370113108,46.51119531419614,1009.5268762244805,2276.6124360425515,Bacteria
Geobacillus stearothermophilus,mif_score,1736.2709455366487,41.03828924397617,1145.2271491631295,2141.2442601318226,Bacteria
Gibberella zeae,mif_score,1427.255664642199,11.81808840085271,1308.0139878804334,1592.801432367049,Eukaryota
Gorilla gorilla,mif_score,1235.1154378844901,27.88461149800869,871.8351194887904,1548.5919512382159,Eukaryota
Gorilla gorilla gorilla,mif_score,1541.7162390228855,9.56025948247136,1446.656340554604,1717.7156416330054,Eukaryota
Gossypium barbadense,mif_score,1432.8764673435173,20.694296068894086,1228.21492519517,1677.626448314921,Eukaryota
Haemophilus ducreyi,mif_score,1363.911294947785,19.458008020380884,1177.7287926896208,1555.1164863109768,Bacteria
Haemophilus influenzae,mif_score,1591.733806251563,43.628218074031935,1030.2721537009093,2051.924915845851,Bacteria
Halalkalibacterium halodurans,mif_score,1621.1724291603916,39.752046533739644,1100.3013914070873,2104.44558763813,Bacteria
Haloarcula hispanica,mif_score,1088.2131867423536,3.2671901641252736,1049.6564374063626,1139.3934819013293,Archaea
Haloarcula marismortui,mif_score,1393.1221967997387,22.981110047990644,1047.008988799041,1700.1835991206806,Archaea
Halobacterium salinarum,mif_score,1341.1336858573943,49.11492158751128,879.6330608952468,2041.029606165272,Archaea
Haloferax mediterranei,mif_score,1427.8042368959807,9.930440422839508,1303.0937335380531,1570.1866689553185,Archaea
Haloferax volcanii,mif_score,1381.0203382987352,30.207954075069182,883.8364597426124,1639.351663500495,Archaea
Halopiger xanaduensis,mif_score,1543.3684794689782,20.213438697606918,1350.5411399633151,1741.2219063656446,Archaea
Haloquadratum walsbyi,mif_score,1166.4043362487937,36.56321756042711,764.9086524599114,1630.4156085689451,Archaea
Halorhodospira halophila,mif_score,1852.7896124018087,31.124745610361572,1593.342086724789,2122.7770096184718,Bacteria
Halorubrum lacusprofundi,mif_score,1497.0951568117703,29.401791041800657,1174.7155611922863,1810.0496995127817,Archaea
Helianthus annuus,mif_score,1704.3957725204598,5.996329748782741,1612.6990238462672,1797.9673156578192,Eukaryota
Helicobacter pylori,mif_score,1442.6791633780447,53.059162751414675,943.2066288933962,2165.3951786062566,Bacteria
Homo sapiens,mif_score,1238.4762036551197,30.140189602333333,930.470190668346,1733.0912521341147,Eukaryota
Hordeum vulgare,mif_score,1625.3600799517908,14.256026270870715,1480.6965432434883,1764.786166929056,Eukaryota
Huperzia lucidula,mif_score,1440.2069416120105,36.21229933969845,1100.870979415474,1813.4428012964795,Eukaryota
Hydra vulgaris,mif_score,1369.413859362772,14.728740553271377,1211.6073752809916,1545.006868228911,Eukaryota
Hydrogenobacter thermophilus,mif_score,1575.6201870093462,2.3837205109755213,1548.4677090142184,1608.995140459774,Bacteria
Hylobates lar,mif_score,1123.1271709081095,12.323260607126686,978.8376793873907,1257.3494810137202,Eukaryota
Hyperthermus butylicus,mif_score,1851.378960390152,27.839975089021795,1498.8366347478348,2111.4213386895726,Archaea
Ignicoccus hospitalis,mif_score,2107.172920588225,5.2097859538667715,2045.0211465563957,2176.978421940425,Archaea
Ipomoea purpurea,mif_score,1519.5599024952598,9.274493524843143,1430.0351349670939,1639.713430891574,Eukaryota
Jasminum nudiflorum,mif_score,1637.9855002319473,17.85075569816255,1434.43310253924,1821.2205784668442,Eukaryota
Klebsiella aerogenes,mif_score,1580.6505372131476,3.685122240092641,1522.9885782255496,1632.6243164135683,Bacteria
Klebsiella pneumoniae,mif_score,1610.0550680706274,39.00017132247978,1096.6177063130147,2183.3196858774845,Bacteria
Klebsiella pneumoniae subsp. pneumoniae,mif_score,1572.593870518468,5.148041846090868,1498.6682209578362,1646.8239836085593,Bacteria
Kluyveromyces lactis,mif_score,1277.434107507972,32.258914194509344,956.4572652808481,1804.1488945885824,Eukaryota
Korarchaeum cryptofilum,mif_score,1816.4227187606907,7.202278977263519,1724.7355920951911,1922.7364882817603,Archaea
Lactiplantibacillus plantarum,mif_score,1480.097059324512,27.628771472528353,1053.9840977831248,1837.7790703190244,Bacteria
Lactococcus lactis,mif_score,1525.54895754271,36.186763488159755,1173.680377600563,1889.2183435952636,Bacteria
Lactococcus lactis subsp. cremoris,mif_score,1299.6975913072322,3.7329279277256138,1260.8405112974772,1356.1528502104452,Bacteria
Lactococcus lactis subsp. lactis,mif_score,1939.6138074959645,25.095037681154682,1671.5311749046741,2181.5548908432875,Bacteria
Latimeria chalumnae,mif_score,1214.2722779366923,38.751715045853395,860.9036578731673,1689.1948030140165,Eukaryota
Legionella pneumophila,mif_score,1479.169091541695,12.336473698549739,1339.2202246182283,1602.6412678825939,Bacteria
Legionella pneumophila subsp. pneumophila,mif_score,1395.5339546684277,4.939406578568319,1344.0518179525677,1464.6335803539828,Bacteria
Leifsonia xyli subsp. xyli,mif_score,1502.1522980436994,4.119421453969313,1448.6681577119482,1555.5867241461526,Bacteria
Lemna minor,mif_score,1445.6451751102068,30.307081532642066,1208.6950504704614,1763.330556667715,Eukaryota
Lemur catta,mif_score,1217.2919676200752,28.647005242202816,859.3766845876979,1479.770945316256,Eukaryota
Lepidium virginicum,mif_score,1271.4140792506128,17.16893967651584,1106.5360118895233,1500.9345891532273,Eukaryota
Levilactobacillus brevis,mif_score,1262.4637194659385,3.3034890094844367,1218.4255661181255,1303.8037274298501,Bacteria
Liriodendron tulipifera,mif_score,1217.4474152664093,36.79058926330861,829.697949811645,1720.746903521213,Eukaryota
Listeria monocytogenes,mif_score,1539.2391795352921,41.460585903988786,900.4061790276348,2039.3256343441542,Bacteria
Listeria monocytogenes serotype 1/2a,mif_score,1846.2861066165249,7.864183038624833,1762.0232420409034,1953.9002775708375,Bacteria
Listeria monocytogenes serovar 1/2a,mif_score,1589.6260102125102,3.5504616633312267,1526.1693747474812,1633.7813653015107,Bacteria
Lobularia maritima,mif_score,1585.674055187752,14.448100407601144,1428.2275967020985,1727.3967887156398,Eukaryota
Lodderomyces elongisporus,mif_score,1286.2212088483666,9.853587190876121,1180.0298727880406,1429.01341648862,Eukaryota
Lotus japonicus,mif_score,1244.866874348798,6.491871837020438,1160.4067411533917,1342.3401410433419,Eukaryota
Loxodonta africana,mif_score,1182.1574705898474,23.116960411001287,895.7096221565396,1421.8738267837543,Eukaryota
Lumbricus terrestris,mif_score,1210.894057994508,8.689228228990748,1099.8631912031826,1323.1123486014435,Eukaryota
Lycodon semicarinatus,mif_score,1009.3992069733438,29.286384487089176,745.1269431416409,1409.1541496811146,Eukaryota
Macaca fascicularis,mif_score,1114.6607665262163,28.881740594607077,755.341417108405,1448.438666400389,Eukaryota
Mammuthus primigenius,mif_score,1388.4401307368018,10.07491320108127,1291.4168786595746,1531.7218241366681,Eukaryota
Mannheimia succiniciproducens,mif_score,1628.355546987814,50.73883148815073,993.0345934213501,2224.7284889722396,Bacteria
Marchantia polymorpha,mif_score,1612.2587999155267,42.16636473509638,1234.9269152264842,1979.9853665624833,Eukaryota
Marinobacter nauticus,mif_score,1533.6935621253413,4.727172033506543,1474.7926939877175,1587.150002983717,Bacteria
Mesocricetus auratus,mif_score,896.400800565797,14.793623141616694,747.2357796125491,1070.3611261123883,Eukaryota
Mesorhizobium japonicum,mif_score,1461.000811198431,30.80144357635408,933.0429067657994,1807.6850643121866,Bacteria
Mesostigma viride,mif_score,1610.5568795887832,31.880922161492197,1372.2634506311279,1942.1381825593223,Eukaryota
Metallosphaera sedula,mif_score,1426.2767593498982,27.953267585608426,1057.5367512276785,1711.934624511595,Archaea
Methanobacterium formicicum,mif_score,1035.7547368503217,12.557916242411354,905.7491065891977,1162.882809318191,Archaea
Methanobrevibacter smithii,mif_score,1367.0421129483689,28.34487457668134,961.3216121618977,1596.923961035198,Archaea
Methanocaldococcus jannaschii,mif_score,2087.4119597988174,41.4600792653595,1207.6341447774769,2388.205890731381,Archaea
Methanocella arvoryzae,mif_score,1620.6436045104804,6.5670045778705,1545.6061287744428,1712.1175493994956,Archaea
Methanococcoides burtonii,mif_score,1575.9320573418563,18.34937943344404,1369.446324020666,1810.5965658428634,Archaea
Methanococcus aeolicus,mif_score,1980.5303423991977,11.341555367098572,1839.8424833598813,2112.430256623058,Archaea
Methanococcus maripaludis,mif_score,1519.4544926411224,26.859855234851544,1132.7493617755895,1809.2190147537492,Archaea
Methanococcus vannielii,mif_score,1458.2079185917185,28.104744823234807,997.2061524660853,1749.6234355712174,Archaea
Methanocorpusculum labreanum,mif_score,1499.6223113024753,28.60961104106391,1232.6901222127915,1809.695584126637,Archaea
Methanoculleus marisnigri,mif_score,1611.8353604122856,9.042312744979851,1512.2709094654372,1734.2720999107657,Archaea
Methanopyrus kandleri,mif_score,1869.7491871662542,17.663694508390503,1614.7347435836573,2105.6760982209325,Archaea
Methanoregula boonei,mif_score,1851.4212365750623,25.018561791457742,1565.892381193778,2096.940759702269,Archaea
Methanosarcina acetivorans,mif_score,1652.2065830191152,43.88083722502359,1059.8294676909536,2163.7200359802487,Archaea
Methanosarcina barkeri,mif_score,1578.18243167013,27.420560192024823,1053.851501878691,1879.3173969154498,Archaea
Methanosarcina mazei,mif_score,1610.9642647459245,27.56481601660188,1150.904453013418,1887.0749291178915,Archaea
Methanosphaera stadtmanae,mif_score,1575.4253383958182,18.6495122146308,1350.5680280956187,1780.7157610674778,Archaea
Methanosphaerula palustris,mif_score,1499.7090417953652,20.525294512320638,1276.7603840497015,1725.6660599538816,Archaea
Methanospirillum hungatei JF-1,mif_score,1650.4305341106979,26.706406182649246,1377.8959527746354,1985.1496542334685,Archaea
Methanothermobacter marburgensis,mif_score,1541.6719326507068,18.841913323211738,1277.5136763082958,1721.2363918046026,Archaea
Methanothermobacter thermautotrophicus,mif_score,1792.462218904896,46.33053710862777,1088.3395761450936,2236.713084483156,Archaea
Methanothermus fervidus,mif_score,1407.4486975980117,39.41716130353428,1033.639615741725,1678.5341464125547,Archaea
Methanothrix thermoacetophila,mif_score,1701.5277055034437,18.093866238878803,1515.3927986094668,1939.6960030599407,Archaea
Methylococcus capsulatus,mif_score,1679.3775606851468,38.04235457839032,1220.0314176328307,2120.114812885585,Bacteria
Meyerozyma guilliermondii,mif_score,1373.092011774483,26.234508080758644,1080.3328910738558,1567.5590543432181,Eukaryota
Micrococcus luteus,mif_score,1451.4008512030514,2.644700830650335,1410.7048719601605,1485.333255608022,Bacteria
Microcystis aeruginosa,mif_score,1455.7677826177542,5.444679832521214,1380.0077152048,1526.7272211130844,Bacteria
Micromonas commoda,mif_score,1505.4725345206261,6.839097265119592,1423.180537112962,1612.2596275883768,Eukaryota
Monodelphis domestica,mif_score,1363.0915111437325,19.79490058539422,1166.2496168645273,1635.5014607078713,Eukaryota
Mus musculus,mif_score,1251.6703135079981,35.82872902299789,914.3059022845937,1791.3085096636485,Eukaryota
Mycobacterium bovis,mif_score,1578.6979529826285,26.409056756257215,1308.095652103538,1848.7430121277378,Bacteria
Mycobacterium leprae,mif_score,1142.2886885723215,7.855771654948046,1059.452624798192,1247.7812872975362,Bacteria
Mycobacterium sp.,mif_score,1983.036201015228,17.9395268204088,1758.1153809240693,2125.172139147981,Bacteria
Mycobacterium tuberculosis,mif_score,1489.938956029166,38.02521026777806,1043.5299239330618,1981.2809531201256,Bacteria
Mycobacteroides abscessus,mif_score,1526.8901880387546,4.590492039610136,1457.1868648789564,1580.3947265787472,Bacteria
Mycolicibacterium gilvum,mif_score,1196.4774754445345,15.951396596254053,1076.6275247517397,1396.4678484852577,Bacteria
Mycolicibacterium paratuberculosis,mif_score,1628.9757318419843,2.834656031799041,1595.632763556829,1659.2652573653486,Bacteria
Mycolicibacterium smegmatis,mif_score,1660.956424774468,52.28544137764377,1005.2640425443278,2162.9183432313544,Bacteria
Mycolicibacterium smegmatis155),mif_score,1730.751797418922,13.180866698085412,1564.8728221149802,1869.8973220910843,Bacteria
Mycoplasma genitalium,mif_score,1672.079141724938,9.02604786231698,1565.1768969625814,1785.153670093379,Bacteria
Mycoplasma pneumoniae,mif_score,1331.13940551363,50.819172521505884,850.2624844705452,2025.991303154335,Bacteria
Mycosarcoma maydis,mif_score,1156.4252302506584,34.277612325431086,808.6259176823256,1466.3065330574289,Eukaryota
Myxococcus xanthus,mif_score,1759.3129168741343,16.900975379313277,1557.6627939621749,1972.1481841002708,Bacteria
Nanoarchaeum equitans,mif_score,2102.021093989962,28.361218058079633,1797.1595562484094,2480.436148696757,Archaea
Nasturtium officinale,mif_score,1319.437526721943,12.311136552640765,1152.8734864303358,1501.841159679599,Eukaryota
Natrialba magadii,mif_score,1531.6685706149262,7.668010213338711,1451.677760610218,1638.7074973859817,Archaea
Natronomonas pharaonis,mif_score,1248.7285478695155,8.591821896244017,1128.022899367706,1361.8600991624637,Archaea
Neisseria gonorrhoeae,mif_score,1680.527058859734,11.319587849667492,1558.6375399986994,1815.785376713407,Bacteria
Neisseria meningitidis,mif_score,1575.7041099515263,50.900964363496065,976.8020040064894,2080.8354197728518,Bacteria
Nematostella vectensis,mif_score,1191.8765092626686,26.62039436935999,849.1602786960384,1481.8155382789819,Eukaryota
Neosartorya fischeri,mif_score,1229.5377365854233,37.29365079374234,813.9367928698078,1571.2475392170538,Eukaryota
Neurospora crassa,mif_score,1308.3434081413134,37.9427095345914,875.9838028746321,1832.1889966100603,Eukaryota
Nicotiana sylvestris,mif_score,1366.7717976782105,15.04635003050607,1184.1803738217325,1550.1580039541002,Eukaryota
Nicotiana tabacum,mif_score,1128.5161898306399,28.425673373434922,763.8737927790942,1462.8024420096665,Eukaryota
Nitratidesulfovibrio vulgaris,mif_score,1407.3053028476654,51.05878558333026,822.2223295863378,1903.1592004775955,Bacteria
Nitrosomonas europaea,mif_score,1163.1692754296419,17.00362203654114,955.0484732981691,1329.1740787761403,Bacteria
Nitrosopumilus maritimus,mif_score,1569.6955766147073,23.31252917850115,1307.2194431053572,1817.1841708360942,Archaea
Nocardia farcinica,mif_score,1861.092910605906,10.536046132038958,1761.7943583749532,1989.9021464031523,Bacteria
Nocardioides sp.,mif_score,1668.4682597733897,12.18552454114962,1521.5964276581974,1804.2838725051058,Bacteria
Nostoc punctiforme,mif_score,1367.6819318809253,20.960833323862577,1146.7336859635545,1559.7222050403032,Bacteria
Nostoc sp.,mif_score,1483.44142939326,33.77577202985126,1090.7097896377936,1787.6306973406276,Bacteria
Notamacropus eugenii,mif_score,1130.1077650364502,19.53848426326143,925.0881419641964,1356.5009930181548,Eukaryota
Oceanobacillus iheyensis,mif_score,1466.703236898948,51.06484259284692,845.9733459270504,2051.6616915088835,Bacteria
Oenothera berteroana,mif_score,1713.6509163925016,10.561326197990619,1614.7501811187135,1859.2130695908786,Eukaryota
Oenothera elata subsp. hookeri,mif_score,1334.930570573646,44.51577146889172,949.4115538424346,1720.2455537502422,Eukaryota
Ogataea parapolymorpha,mif_score,1259.7144187747554,5.780720092781651,1187.596637209909,1324.3386763872363,Eukaryota
Olimarabidopsis pumila,mif_score,1339.7584992196464,25.91346584059291,1099.0557331319374,1615.336759505837,Eukaryota
Oncorhynchus mykiss,mif_score,1358.0259662835138,50.6188019565583,798.9304172798733,1872.8605579332493,Eukaryota
Ornithorhynchus anatinus,mif_score,1379.1565743360077,35.71749118966051,1083.084757197376,1814.192937413291,Eukaryota
Oryctolagus cuniculus,mif_score,1359.8236644648368,29.53159690526525,929.8861678847004,1709.3457650753796,Eukaryota
Oryza sativa,mif_score,1228.3633274672595,37.56715053454948,796.3349284048145,1805.1590420064645,Eukaryota
Oryza sativa subsp. indica,mif_score,1392.6927527429546,38.97703801282191,972.0009731251729,1849.0041935326756,Eukaryota
Oryza sativa subsp. japonica,mif_score,1258.578518850592,42.03883498228576,677.0661840227281,1725.0246447510053,Eukaryota
Ostreococcus lucimarinus,mif_score,1466.9998729554372,29.97791057520386,1169.7180809690688,1748.2810566847318,Eukaryota
Ostreococcus tauri,mif_score,1274.7477048878886,10.607781974307485,1140.3191542584918,1433.171068947503,Eukaryota
Ovis aries,mif_score,1332.6094767343384,31.150470362740464,907.9049185746287,1718.8843675344647,Eukaryota
Paenarthrobacter aurescens,mif_score,1515.181796898546,6.188565794554548,1445.708562375529,1595.9381566948737,Bacteria
Paenarthrobacter nicotinovorans,mif_score,1792.5394261943727,5.273393493480556,1733.236560909648,1855.1458528445025,Bacteria
Pan paniscus,mif_score,1329.5794831096223,26.388659245284025,1060.2161150324941,1610.2925193146568,Eukaryota
Pan troglodytes,mif_score,1292.363844650593,23.239447255642194,1034.3509987224402,1596.172670380765,Eukaryota
Papio hamadryas,mif_score,1432.5225951553994,21.997697605812846,1223.7718502343996,1631.4936089160317,Eukaryota
Paracoccidioides brasiliensis,mif_score,1061.4276302856822,8.147153516058168,964.6863410656164,1166.3239562351584,Eukaryota
Paracoccidioides lutzii,mif_score,1549.1367407863345,6.299074701448625,1485.0003441457843,1647.2363004896285,Eukaryota
Paracoccus denitrificans,mif_score,1978.4281916744717,11.177568169028856,1853.4711058487544,2119.995498844193,Bacteria
Paramagnetospirillum magneticum,mif_score,1660.415348490666,3.69959110858285,1605.4087801038718,1708.0021009512423,Bacteria
Paramecium tetraurelia,mif_score,1012.4064965323855,33.98024273314936,631.9908393401655,1381.3666732280406,Eukaryota
Pasteurella multocida,mif_score,1553.6202423723253,43.53214477484626,935.6795515135622,2091.7565016601316,Bacteria
Paulinella chromatophora,mif_score,1608.3814037286843,36.00374081532902,1201.8979536851198,1940.5462897626917,Eukaryota
Pectobacterium atrosepticum,mif_score,1514.677563784859,39.798207503621285,967.7065475125589,2019.8864485810573,Bacteria
Pelotomaculum thermopropionicum,mif_score,1696.6079533747006,53.04801980099745,1311.8762762805966,2153.1183437722543,Bacteria
Penicillium rubens,mif_score,1138.663577575444,17.37109861970116,952.4541470651047,1360.591173884871,Eukaryota
Persephonella marina,mif_score,1543.3521611795868,21.608196514165993,1361.1352029972836,1759.8145345542039,Bacteria
Petromyzon marinus,mif_score,1169.5856346187343,24.65102106919962,900.240613229156,1494.9057905032641,Eukaryota
Phaseolus vulgaris,mif_score,1253.6621555800057,28.517734947446097,953.0493820598832,1513.1949257461024,Eukaryota
Phoca vitulina,mif_score,1449.2051773924256,42.15489997338138,1079.4199387658293,1792.235222722606,Eukaryota
Photobacterium profundum,mif_score,1443.1675577850347,38.29537047265828,991.5999134745659,1981.7506256481472,Bacteria
Photorhabdus laumondii,mif_score,1509.5790355868737,43.87308660299881,1071.2960991770328,2188.0348876733574,Bacteria
Photorhabdus laumondii subsp. laumondii,mif_score,1475.278517946262,5.191389010632279,1401.312113321275,1547.9648303276765,Bacteria
Physcomitrium patens,mif_score,1427.634401634685,21.81302063865888,1169.349014667869,1628.425298029812,Eukaryota
Phytophthora infestans,mif_score,1258.3852239027008,47.34918349800399,699.0722878198687,1802.8689594785487,Eukaryota
Pichia angusta,mif_score,1738.9417772233244,39.85332877031813,1323.3885480105735,2067.5719344796003,Eukaryota
Picosynechococcus sp.,mif_score,1668.1534544500516,10.739049576438589,1563.998633829397,1789.7089280990251,Bacteria
Picrophilus torridus,mif_score,1664.5739777933568,21.31336453433682,1430.183816004152,1911.712906343597,Archaea
Pisum sativum,mif_score,1190.4682008123214,32.887463911133764,841.2787294825558,1514.9930428215696,Eukaryota
Plasmodium falciparum,mif_score,1150.3997358892414,41.588476440947865,648.0699275105128,1626.1125679350555,Eukaryota
Platanus occidentalis,mif_score,1575.243697143088,18.949901667463823,1404.090563701102,1759.417179388334,Eukaryota
Polaromonas naphthalenivorans,mif_score,1500.990166696482,44.47139059096491,1058.7409426135516,1810.778549282816,Bacteria
Pongo abelii,mif_score,1295.4543158025963,38.36019562545427,885.7026967258687,1807.5547396713453,Eukaryota
Pongo pygmaeus,mif_score,1253.9108223724654,11.751011087722896,1094.1159833374347,1384.485887341913,Eukaryota
Populus trichocarpa,mif_score,1414.9167709091694,35.31899545009152,956.9930424208678,1692.3253576590441,Eukaryota
Porphyromonas gingivalis,mif_score,1220.2202502140815,4.9995328659349525,1149.5971076716262,1285.6639012292903,Bacteria
Prochlorococcus marinus,mif_score,1365.2343217336688,33.18262080691108,1045.8725722884574,1821.0981320468009,Bacteria
Proteus mirabilis,mif_score,1629.2970119723238,47.88365889040673,1054.3727696983028,2192.3344165013464,Bacteria
Pseudomonas aeruginosa,mif_score,1600.1483634466363,41.898251633336876,1039.9128381970465,2117.8457023620435,Bacteria
Pseudomonas fluorescens,mif_score,1771.6447300565744,6.660744752376057,1693.2105614402508,1848.3380370031257,Bacteria
Pseudomonas paraeruginosa,mif_score,1751.954232432703,5.037885698527456,1679.29729105549,1809.4316732721895,Bacteria
Pseudomonas putida,mif_score,1685.89900925742,32.18221237167861,1142.0844798612618,1977.1690169626504,Bacteria
Pseudomonas sp,mif_score,1923.8243027975477,11.534196935653346,1782.233509336295,2052.0862605382154,Bacteria
Pseudomonas sp.,mif_score,1291.429882816132,6.166518587880711,1220.614268503246,1383.5150890385235,Bacteria
Pseudomonas syringae pv. tomato,mif_score,1475.6655582258536,21.978448310101168,1299.0658279498996,1703.455159449618,Bacteria
Pseudomonas taetrolens,mif_score,1658.4846539359041,4.8126523339968355,1597.743659618082,1720.950718009666,Bacteria
Pyricularia oryzae,mif_score,1157.604307909125,16.564212008851396,984.2141351270934,1353.3990644509408,Eukaryota
Pyrobaculum aerophilum,mif_score,2043.9140044726084,32.93072630698117,1435.8415288210274,2306.457743092043,Archaea
Pyrobaculum arsenaticum,mif_score,1826.1602666370202,13.963217883583875,1697.362446816181,2006.6349819100358,Archaea
Pyrobaculum calidifontis,mif_score,1895.1777491460389,33.48776773668807,1540.0139542751563,2217.956065751848,Archaea
Pyrobaculum islandicum,mif_score,1891.2488891522912,33.79601622522267,1318.5183442755128,2156.5377733086884,Archaea
Pyrobaculum neutrophilum,mif_score,1580.395282460483,5.395269132447054,1511.1874608304258,1638.4971589500033,Archaea
Pyrococcus abyssi,mif_score,2209.5115946754477,10.622029897220816,2067.248166121481,2319.8267098902047,Archaea
Pyrococcus furiosus,mif_score,2174.1834140450883,44.51516332451602,1360.7453731858263,2522.9024343385586,Archaea
Pyrococcus horikoshii,mif_score,2192.9086704449146,39.329466213971195,1440.5211677771176,2472.1426589859284,Archaea
Pyrococcus woesei,mif_score,1827.8379238622936,57.06239348891432,1162.3144854111217,2218.8056672280795,Archaea
Ralstonia solanacearum,mif_score,1502.6120884445036,45.79227143169816,1031.9955941855733,2107.937842205079,Bacteria
Rattus norvegicus,mif_score,1239.6265968139064,41.937288510741226,870.1036068262674,1863.6088749293356,Eukaryota
Rhinoceros unicornis,mif_score,1358.821890661192,22.962338307940477,1093.086361947352,1588.7529295850588,Eukaryota
Rhipicephalus sanguineus,mif_score,1254.7895046703552,21.049831448723726,1047.2412358259849,1454.859186302348,Eukaryota
Rhizobium meliloti,mif_score,1607.0105594387119,41.650255472339865,1030.9206068211518,2070.1423777396853,Bacteria
Rhodobacter capsulatus,mif_score,1890.645218714232,24.714695300965936,1482.3059810430707,2126.835510433179,Bacteria
Rhodococcus erythropolis,mif_score,1599.3724614305831,8.088747291454489,1524.1896508566933,1737.1292250789581,Bacteria
Rhodococcus jostii,mif_score,1939.5477852053007,7.113255826035135,1855.433559975759,2046.0010580547048,Bacteria
Rhodococcus sp,mif_score,1493.896847147636,3.4224351162969424,1448.3461229593531,1535.500828224857,Bacteria
Rhodopseudomonas palustris,mif_score,1480.1301644818868,46.45894202879572,922.1935657755697,2078.593856186297,Bacteria
Rhodospirillum rubrum,mif_score,1723.0459626555216,15.170765186935826,1523.7142339417803,1905.481709069519,Bacteria
Rhodovulum sulfidophilum,mif_score,1461.28695493041,2.857368759835286,1425.2493488873017,1500.9662383822592,Bacteria
Ricinus communis,mif_score,1522.6542533200322,12.590979685888422,1393.933737038343,1666.1202752140666,Eukaryota
Rickettsia conorii,mif_score,1827.9968036235687,7.351071784785095,1738.2682619585973,1935.9609791209318,Bacteria
Rickettsia felis,mif_score,1449.8527424013837,40.68346156180073,1148.093102713602,1894.090943771337,Bacteria
Rickettsia prowazekii,mif_score,1448.2611376501375,44.10857230517849,938.8442492989238,1955.8208600335156,Bacteria
Ruegeria pomeroyi,mif_score,1505.4373612377863,3.6218252860219704,1447.5354949779985,1545.1170207310465,Bacteria
Saccharolobus islandicus,mif_score,1892.1502230123972,16.416029110281382,1685.2847757626334,2091.941837549552,Archaea
Saccharolobus shibatae,mif_score,1906.2179105758375,10.26598264233897,1775.8454937852594,2027.6979901814784,Archaea
Saccharolobus solfataricus,mif_score,1830.0410996715757,46.559504630530235,1180.791465384153,2274.3141342818044,Archaea
Saccharomyces cerevisiae,mif_score,1314.7893296059617,39.199727725882326,865.5701975594916,1895.5564579288075,Eukaryota
Saccharopolyspora erythraea,mif_score,1769.2245442703256,9.302696405141452,1675.1947938194423,1871.9684265138849,Bacteria
Salmo salar,mif_score,1321.9797350008985,49.31888610529131,850.6001958054089,1719.5432679713258,Eukaryota
Salmo trutta,mif_score,1190.5310053412554,37.43689033101921,871.2830873121065,1503.0182702706747,Eukaryota
Salmonella paratyphi B,mif_score,1318.7330478957626,16.022609651524718,1166.0783266389903,1480.7240061767236,Bacteria
Salmonella typhi,mif_score,1681.9432917938527,20.312082484589073,1410.3048619249537,1864.8256360876073,Bacteria
Salmonella typhimurium,mif_score,1643.851839818649,41.71808280203108,1066.1835176833517,2162.218234063776,Bacteria
Scheffersomyces stipitis,mif_score,1349.3155530480385,7.248440357998979,1267.0655796844223,1449.0021199835667,Eukaryota
Schistosoma japonicum,mif_score,1096.2976758143072,32.79359405200284,778.128417642988,1463.791716422947,Eukaryota
Schistosoma mansoni,mif_score,1349.5147546723192,33.88775439948867,986.7293634035867,1651.5054055835578,Eukaryota
Schizosaccharomyces pombe,mif_score,1345.7460069100978,34.136054059619106,930.0520842458888,1798.354422765092,Eukaryota
Scyliorhinus canicula,mif_score,1287.6759742988306,24.413690420606184,1077.885313265031,1565.4920389630186,Eukaryota
Serratia proteamaculans,mif_score,1587.2703276458508,39.88895147358566,1043.7216541466387,2099.520339662263,Bacteria
Shewanella baltica,mif_score,1380.3905346605313,34.790179823028716,1080.6031722927594,1701.9662524752357,Bacteria
Shewanella frigidimarina,mif_score,1600.1791921614104,5.959815780239513,1536.2026102799337,1699.8689281578957,Bacteria
Shewanella oneidensis,mif_score,1385.6558662692871,35.23924948570024,991.5734197895895,1786.878323871496,Bacteria
Shewanella putrefaciens,mif_score,1574.1010455236544,51.0068162035887,1203.9597498426701,2060.769823196861,Bacteria
Shewanella sp.,mif_score,1548.294215305953,39.114905397340074,1156.3772218752165,1884.7581955758837,Bacteria
Shigella boydii serotype 18,mif_score,1755.7842806258527,5.882104318250039,1669.8113223800435,1816.700995536909,Bacteria
Shigella flexneri,mif_score,1640.9516929439321,43.08174057184392,1135.3338456355007,2140.879027168008,Bacteria
Sigmodon hispidus,mif_score,1249.397055615975,30.363698805800073,964.2881563009901,1510.003248715857,Eukaryota
Sinorhizobium fredii,mif_score,1603.4566039706312,39.76168049695613,1110.888091341095,2138.7395924571374,Bacteria
Sodalis glossinidius,mif_score,1468.5840896695643,45.86972973004439,924.4686282324285,1998.398824854203,Bacteria
Solanum lycopersicum,mif_score,1185.0600006956513,32.31604518031153,882.3834583973392,1584.754142724174,Eukaryota
Solanum tuberosum,mif_score,1047.9356595634404,17.531009989493768,876.730023959497,1261.1656334006836,Eukaryota
Sordaria macrospora / K-hell),mif_score,1145.8941134037238,9.82834882410579,1035.911676439692,1284.7585573392773,Eukaryota
Sorghum bicolor,mif_score,1393.3293993897234,31.011360180578073,1005.4650711779825,1684.0117188454353,Eukaryota
Spinacia oleracea,mif_score,1230.9404130680578,27.393253103462207,896.5499968962932,1478.1493682736923,Eukaryota
Staphylococcus aureus,mif_score,1501.3031097110331,49.51028662020501,878.7451943501319,1986.6136921088785,Bacteria
Staphylococcus epidermidis,mif_score,1282.8112972667607,37.879902025454555,985.596277634235,1621.4346433760406,Bacteria
Staphylococcus haemolyticus,mif_score,1316.5767903447852,40.646814256781404,996.2050267981682,1688.8700696581247,Bacteria
Staurastrum punctulatum,mif_score,1856.2787426097277,5.238066682213321,1792.9921234867431,1923.4526495117461,Eukaryota
Stenotrophomonas maltophilia,mif_score,2023.0810682609472,17.02145843455852,1850.07756347545,2217.3236988435947,Bacteria
Streptococcus gordonii,mif_score,1464.7348481437175,27.24865283920296,1280.3464305062926,1877.8482414344933,Bacteria
Streptococcus pneumoniae,mif_score,1481.877500232851,25.47393733935804,1197.5908717622758,1851.5381974143631,Bacteria
Streptococcus pneumoniae serotype 2,mif_score,1650.9339837695422,5.95241060540899,1581.7046773911934,1715.4004601916474,Bacteria
Streptococcus pneumoniae serotype 4,mif_score,1404.0162101975206,18.38382390454159,1219.9981181101205,1640.5403993995974,Bacteria
Streptococcus pyogenes,mif_score,1452.5695310814706,4.238759659415066,1410.3882424766625,1504.726180767026,Bacteria
Streptococcus pyogenes serotype M1,mif_score,1235.512475461574,13.381368580772783,1093.7951230414615,1389.4364305742754,Bacteria
Streptococcus pyogenes serotype M3,mif_score,1307.4134429128476,5.545269176390913,1194.4251374698808,1355.1079924905414,Bacteria
Streptococcus pyogenes serotype M6,mif_score,1287.6055992015333,4.35648840557139,1217.084214961703,1341.2531499269971,Bacteria
Streptococcus suis,mif_score,1613.0921137893308,22.126603856093798,1406.2838785200831,1819.1103474329284,Bacteria
Streptomyces arenae,mif_score,1548.713426796486,4.1449973287743775,1506.5804473770781,1598.875814997905,Bacteria
Streptomyces avermitilis,mif_score,1572.4493158680798,5.1957202229229145,1507.3988504086008,1651.1256325353645,Bacteria
Streptomyces coelicolor,mif_score,1512.2155871730693,44.23585631351696,995.8325948830332,2149.842981137286,Bacteria
Streptomyces coelicolor / M145),mif_score,1718.3108339580203,18.75209460928996,1424.1804771335376,1947.2771552148718,Bacteria
Streptomyces glaucescens,mif_score,1814.3811949856429,31.590185027288033,1565.6829188743907,2093.9923034796866,Bacteria
Streptomyces griseus subsp. griseus,mif_score,1659.1074456640622,5.590206751433763,1583.5793320078512,1725.2590658926852,Bacteria
Streptomyces lavendulae,mif_score,1832.8491410620813,58.886536671954076,1105.339904013404,2266.524425054907,Bacteria
Struthio camelus,mif_score,1395.3555446635999,23.815292337747728,1178.981112159032,1637.253866937656,Eukaryota
Stutzerimonas stutzeri,mif_score,2057.4956702050376,4.608946971276597,2000.554384601694,2118.7080070196125,Bacteria
Sulfolobus acidocaldarius,mif_score,1828.4082026107485,42.990699489565415,1131.4310573475243,2257.5716080806264,Archaea
Sulfurisphaera tokodaii,mif_score,2024.021577147113,34.836514969538975,1404.701649060219,2311.341773939047,Archaea
Sus scrofa,mif_score,1239.9944730021111,42.46620079701847,852.1778318501765,1879.2206678597308,Eukaryota
Synechococcus elongatus,mif_score,1611.5987428112815,48.19606171450235,923.9708635202276,2077.2646810010906,Bacteria
Synechococcus sp.,mif_score,1514.0280945086797,18.985041478636322,1306.42863897312,1700.201499458065,Bacteria
Synechocystis sp.,mif_score,1416.2465402852727,40.48590385134936,798.0536812509628,1826.009106568996,Bacteria
Syntrophobacter fumaroxidans,mif_score,1336.982793481748,22.986599370911264,1166.8241497648414,1616.9433200617225,Bacteria
Tachyglossus aculeatus aculeatus,mif_score,1002.1046366062374,16.65845753470487,805.989746565972,1199.8446137393923,Eukaryota
Taeniopygia guttata,mif_score,1443.9705290235963,11.989773516974227,1325.3168829852152,1640.6687743090602,Eukaryota
Takifugu rubripes,mif_score,1216.906603768593,15.246868408127083,986.7339669767905,1409.0790207421362,Eukaryota
Talaromyces stipitatus,mif_score,1374.8443878185303,21.793926074846297,1156.1164761544153,1585.0347596606568,Eukaryota
Tetraodon nigroviridis,mif_score,1508.5322525836282,48.18168427821297,928.6789466697055,1888.4841415309866,Eukaryota
Thermococcus gammatolerans,mif_score,2329.0069689285087,12.185974232173631,2171.8150636539535,2455.3076413556682,Archaea
Thermococcus kodakarensis,mif_score,2246.0337063168245,36.14388647686293,1329.5782612800563,2465.7215524084345,Archaea
Thermococcus litoralis,mif_score,2266.16658246034,7.8130976503427965,2155.046819608658,2370.924596367888,Archaea
Thermococcus onnurineus,mif_score,1910.1815400880091,5.36901748754357,1847.2935049606683,1977.7745265053322,Archaea
Thermococcus sibiricus,mif_score,1721.6171380068058,33.583549171008094,1225.0788320637275,1989.841875225402,Archaea
Thermococcus sp.,mif_score,2016.657757717928,5.324864280490417,1953.2442739677854,2095.4672074564332,Archaea
Thermofilum pendens,mif_score,2120.4924328712286,6.179874628258758,2058.257037675961,2184.2353618423404,Archaea
Thermoplasma acidophilum,mif_score,1777.322833446082,34.18552301953021,1284.3293686017091,2081.1929771005316,Archaea
Thermoplasma volcanium,mif_score,1745.6006625499829,26.784063380466698,1386.3508434406406,2051.1795761833946,Archaea
Thermoproteus tenax,mif_score,1826.3307204534126,16.746747934833746,1629.940502392268,2003.1331301090124,Archaea
Thermostichus vulcanus,mif_score,1640.7367894471026,35.991431838676185,1136.8327089754077,1955.058454924129,Bacteria
Thermosynechococcus vestitus,mif_score,1742.4767440328026,47.742584393057406,1096.9796699857307,2168.9827002949505,Bacteria
Thermotoga maritima,mif_score,2038.3981843003496,47.9502449063049,1167.640546514178,2426.4380797924923,Bacteria
Thermus thermophilus,mif_score,2418.3985024758226,7.525209889799064,2314.8575694468736,2522.7839539384954,Bacteria
Toxoplasma gondii,mif_score,847.0786314391033,14.50387786044407,693.866726044896,1067.4704888264423,Eukaryota
Treponema pallidum,mif_score,1211.663353794064,38.048349861496064,788.3400389470929,1720.6462174324572,Bacteria
Treponema pallidum subsp. pallidum,mif_score,1455.8658509357006,1.9173575388917967,1425.9816260473706,1475.771472052215,Bacteria
Trichoderma koningii,mif_score,1981.1204988072877,3.630935077227221,1940.7062259577197,2030.7052894922485,Eukaryota
Trichoplax adhaerens,mif_score,1092.2273269121006,27.198919625772984,834.7319116553056,1611.5636129764591,Eukaryota
Trichormus variabilis,mif_score,1463.9916367397338,35.755346104905264,955.7447740077189,1843.2763740712696,Bacteria
Triticum aestivum,mif_score,1079.9229692633528,31.74050835372248,740.0723762471245,1465.2158544911304,Eukaryota
Trypanosoma brucei brucei,mif_score,1225.4245405564286,29.09223278141832,874.2914566763825,1452.9969822073012,Eukaryota
Verminephrobacter eiseniae,mif_score,1661.991746809827,47.849703021997435,1080.212950181258,1990.9890849748986,Bacteria
Vibrio cholerae,mif_score,1541.0932768164002,36.57370162237333,1005.8215387299529,1903.3388869215974,Bacteria
Vibrio cholerae serotype O1,mif_score,1636.3125685752345,21.648519336057095,1403.1166276922404,1879.3044343583922,Bacteria
Vibrio parahaemolyticus serotype O3:K6,mif_score,1819.1994740373398,36.05808798229396,1542.3448672164275,2162.6641390643113,Bacteria
Vibrio vulnificus,mif_score,1382.0487015403842,5.666796314316542,1325.2917898508858,1440.5640576666196,Bacteria
Vitis vinifera,mif_score,1005.5280301242809,16.369073307901463,845.9390664717338,1213.9284536753505,Eukaryota
Xanthobacter autotrophicus,mif_score,1908.1768439169393,16.0173407138271,1762.786909222784,2080.6367439287515,Bacteria
Xanthomonas campestris,mif_score,1600.7441908272426,44.699477676254226,1074.5236139657386,2144.1282620638417,Bacteria
Xanthomonas campestris pv. campestris,mif_score,1843.8218350493175,4.8942553833206635,1782.2169770312291,1905.4338991247334,Bacteria
Xenopus laevis,mif_score,1226.4306525419556,49.05754188835775,741.7381061656451,1837.6778764539781,Eukaryota
Xenopus tropicalis,mif_score,1147.890522161509,26.84222944694628,814.8688857384424,1543.5986363570175,Eukaryota
Xylella fastidiosa,mif_score,1366.9032246335148,42.388871770045284,909.6229085930444,2032.9221137547652,Bacteria
Yarrowia lipolytica,mif_score,1353.2039935367588,39.34141127784163,803.132165512467,2035.272552916842,Eukaryota
Yersinia enterocolitica,mif_score,1680.8040696586236,5.928934976873312,1611.0012551945765,1763.7832089013295,Bacteria
Yersinia enterocolitica serotype O:8 / biotype 1B,mif_score,2096.3366487889334,10.881182808320188,1972.6048580811635,2230.1564453557426,Bacteria
Yersinia pestis,mif_score,1571.8359033982356,46.67910148612649,1024.8782990057282,2141.899451549259,Bacteria
Yersinia pseudotuberculosis serotype IB,mif_score,1680.336471312186,28.414781417423743,1440.3970273822397,1930.596218485543,Bacteria
Yersinia pseudotuberculosis serotype O:1b,mif_score,1416.342221809359,6.156242180204136,1331.8668649909105,1504.3854079806067,Bacteria
Yersinia pseudotuberculosis serotype O:3,mif_score,1420.3935317402895,61.304335296915625,957.5197867535761,1925.189802099208,Bacteria
Zea mays,mif_score,1289.023014543694,36.06166385237069,811.9397537762088,1753.2279252314909,Eukaryota
Zygnema circumcarinatum,mif_score,1702.5380900700134,8.322594728436389,1615.1970334574112,1818.092420483104,Eukaryota
Zygosaccharomyces rouxii,mif_score,1320.1318754766628,16.794147260061003,1147.0299875599314,1526.8101964128507,Eukaryota
Acetivibrio thermocellus,mifst_score,1818.1597125078652,5.0806556519167945,1759.2764355413385,1886.702218186092,Bacteria
Acidianus ambivalens,mifst_score,1065.5878762657915,5.391978939135503,1005.2767758122297,1140.2536374119902,Archaea
Acidiphilium cryptum,mifst_score,2202.409111340386,6.674024306174402,2109.138484810699,2282.713778434088,Bacteria
Acidithiobacillus ferrooxidans,mifst_score,1479.3293978814877,3.231739873660213,1442.7763876862566,1526.6974582376786,Bacteria
Acinetobacter baumannii,mifst_score,1236.653172478576,46.29399164406753,776.2680108233957,1696.0617982721897,Bacteria
Acinetobacter baylyi,mifst_score,1287.9551494184352,34.172839923390775,808.959385077235,1628.1004760803967,Bacteria
Acorus calamus var. americanus,mifst_score,1523.374538651777,49.18045106098218,1157.2677728322208,2093.1413864152587,Eukaryota
Actinobacillus pleuropneumoniae serotype 5b,mifst_score,1626.0585721802972,3.216099719745701,1591.0815498416696,1674.653471242835,Bacteria
Actinobacillus pleuropneumoniae serotype 7,mifst_score,1442.6218875362072,1.624720742994104,1422.515499370087,1464.4440602642176,Bacteria
Adiantum capillus-veneris,mifst_score,1276.2398037949106,8.586812138377853,1165.014188748226,1374.3747254812488,Eukaryota
Aedes aegypti,mifst_score,1659.5580316077871,30.639116864457282,1157.7879679207376,1972.0461646764966,Eukaryota
Aeromonas hydrophila,mifst_score,1638.897398779352,33.888124155741295,1310.1125384994239,2116.6907136446393,Bacteria
Aeromonas hydrophila subsp. hydrophila,mifst_score,1547.3139133025209,7.534870038613939,1445.1872476507122,1638.0467282727082,Bacteria
Aeromonas salmonicida,mifst_score,1746.8902037314372,22.766538383339963,1503.7748140598956,1967.0332807494153,Bacteria
Aeropyrum pernix,mifst_score,1369.4551816791036,24.681960887868602,1087.0253897072207,1633.2550457694688,Archaea
Agrobacterium fabrum,mifst_score,1514.9234449614141,33.09665088469134,1077.908954030413,1891.9508475318144,Bacteria
Agrostis stolonifera,mifst_score,1538.1407122899398,14.587267926480228,1367.2869334137451,1700.7659751838885,Eukaryota
Ajellomyces capsulatus,mifst_score,1421.3488698651067,10.743780620466623,1323.2448617083191,1560.216195025987,Eukaryota
Alcanivorax borkumensis,mifst_score,1565.8875057287767,6.094932840577195,1496.3502387758663,1636.9825484048097,Bacteria
Aliivibrio fischeri,mifst_score,1519.4221654224539,36.85870046673832,1087.0968410912487,1955.6120688619928,Bacteria
Alkalihalobacillus clausii,mifst_score,1622.1820506980794,41.16357283379464,1009.2556919098107,2060.585688666459,Bacteria
Alkalihalophilus pseudofirmus,mifst_score,1369.9932080067704,18.58326974116163,1208.655994183137,1594.5070057274954,Bacteria
Alligator mississippiensis,mifst_score,1810.465380067567,17.117357905325456,1625.4984026727707,2006.8754516917845,Eukaryota
Allochromatium vinosum,mifst_score,1512.9459762994509,3.586717095022827,1472.9261547386798,1562.9643466116665,Bacteria
Anas platyrhynchos,mifst_score,1952.5186377028379,53.3126831860134,1221.7145989433839,2401.1919620462145,Eukaryota
Anopheles gambiae,mifst_score,1646.196647826822,28.85852536809685,1299.5235814964383,2011.4401331838212,Eukaryota
Anopheles quadrimaculatus,mifst_score,1910.6381021823947,27.629113433577643,1632.2565726322828,2209.6486156800065,Eukaryota
Anthoceros angustus,mifst_score,1345.6199941770317,8.549807637671888,1222.295758018317,1453.5381868504371,Eukaryota
Apis mellifera,mifst_score,1303.6143257545675,28.13643620273609,943.9024792811908,1711.6535719072858,Eukaryota
Aquifex aeolicus,mifst_score,1353.070551485532,47.43636378864546,879.4684004907316,2093.2435483459203,Bacteria
Arabidopsis thaliana,mifst_score,1614.2155685748585,41.103046992313544,1072.3342776188326,2083.7012940899413,Eukaryota
Archaeoglobus fulgidus,mifst_score,1309.3209938915118,33.6472250475913,920.8847100269534,1750.8006462909113,Archaea
Ashbya gossypii,mifst_score,1352.0614248186475,41.32989821585613,843.818478027551,1987.194436007012,Eukaryota
Aspergillus clavatus,mifst_score,1597.7513977509602,13.893031571545935,1472.7161517098157,1799.09334909744,Eukaryota
Aspergillus flavus,mifst_score,1881.7665938186665,24.210123949064027,1648.9506863739555,2101.522405504539,Eukaryota
Aspergillus fumigatus,mifst_score,1565.8059613462842,30.901388387462315,1198.772050465701,1988.917736946582,Eukaryota
Aspergillus niger,mifst_score,1632.1395515733736,19.25532281380474,1417.3405580781439,1830.6264403469777,Eukaryota
Aspergillus oryzae,mifst_score,1585.8312616337162,28.198547394478535,1252.716503053784,1843.7509883609903,Eukaryota
Azoarcus sp.,mifst_score,1821.3419846425968,34.24058551507194,1502.840029315849,2070.0747556140977,Bacteria
Azospirillum brasilense,mifst_score,1306.1894797552643,13.616565570080605,1147.388906890393,1429.0707036916206,Bacteria
Bacillus anthracis,mifst_score,1645.3767052693222,31.85142708164565,1207.9539061352789,1978.9293727071363,Bacteria
Bacillus cereus,mifst_score,1708.7926133494316,27.3401159962474,1424.6876051132883,2048.171147968796,Bacteria
Bacillus cytotoxicus,mifst_score,1752.6630192968541,34.5193691895024,1484.0568030200136,2076.7663733800637,Bacteria
Bacillus licheniformis,mifst_score,1664.1474290010021,38.26871823202937,1120.4053798441762,2082.3649610063508,Bacteria
Bacillus sp,mifst_score,1458.4183689914325,13.38031463617075,1327.753341111802,1625.8863297804355,Bacteria
Bacillus sp.,mifst_score,1338.9599898838778,16.800034726691177,1100.210515636766,1459.6941320642832,Bacteria
Bacillus spizizenii,mifst_score,1206.362567731766,17.374883893774417,1019.1704754640122,1358.4656925990905,Bacteria
Bacillus subtilis,mifst_score,1609.750075684333,36.90769633455373,1099.0900004706916,2027.6238459765857,Bacteria
Bacillus thuringiensis,mifst_score,1590.7386444869344,19.123884782317283,1406.3847964294475,1765.5975688084284,Bacteria
Bacillus thuringiensis serovar kurstaki,mifst_score,1481.94128516506,5.864816830604108,1397.9346897490238,1549.7821977335468,Bacteria
Bacillus thuringiensis subsp. israelensis,mifst_score,1023.2504305653207,4.773370526757584,959.3452515920127,1087.1789349880125,Bacteria
Bacillus thuringiensis subsp. konkukian,mifst_score,1307.3173559580116,2.650436561755423,1276.5618802447582,1341.9865417764904,Bacteria
Balaenoptera musculus,mifst_score,1827.099865113232,25.693377075652926,1585.4256149809273,2110.2949545580827,Eukaryota
Balaenoptera physalus,mifst_score,1906.3542572053861,28.66775091533612,1580.7010305048059,2240.54504406756,Eukaryota
Barbarea verna,mifst_score,1656.7081001455629,28.70162049747228,1431.6704036626534,2028.1200925972678,Eukaryota
Bartonella bacilliformis,mifst_score,1144.709442276052,18.726012138555898,999.7917914659391,1386.5373816100569,Bacteria
Bifidobacterium longum,mifst_score,1652.461627452893,4.574951597476365,1596.7733997373414,1701.9406666220734,Bacteria
Bifidobacterium longum subsp. infantis,mifst_score,1163.963743429902,6.627775763555657,1081.1404132549949,1244.1392227498748,Bacteria
Blastochloris viridis,mifst_score,1504.9137803436493,10.592790539803039,1361.3029053375776,1618.499595097777,Bacteria
Blastomyces gilchristii,mifst_score,1351.6822499644281,6.682075621532308,1287.2276750812703,1451.5003285037328,Eukaryota
Bordetella pertussis,mifst_score,1471.6128905409971,45.152566620134316,930.2547891338739,1904.0158958911443,Bacteria
Borreliella burgdorferi,mifst_score,1166.398503499476,14.81896645863939,989.6724727513142,1366.8296704195166,Bacteria
Bos mutus grunniens,mifst_score,2142.1880621699697,16.669402151594042,1953.5816236979924,2317.749617377964,Eukaryota
Bos taurus,mifst_score,2121.172298676305,31.77483701071587,1715.03210477361,2468.2649030161433,Eukaryota
Bradyrhizobium diazoefficiens,mifst_score,1352.2548486941046,26.016100197935327,1076.9614464602391,1762.2555433840937,Bacteria
Branchiostoma floridae,mifst_score,1402.1757158420965,32.67113658024832,1041.3275173763122,1750.6625221115305,Eukaryota
Brucella canis,mifst_score,1730.039702117157,37.10173075648609,1400.6492091445084,2021.3994893810525,Bacteria
Brucella melitensis,mifst_score,1506.3322892248582,35.26395889483901,1113.5700037890374,1993.585446685503,Bacteria
Brucella melitensis biotype 1,mifst_score,1312.8225887873161,4.718671524337465,1251.6257280352322,1391.5969062156669,Bacteria
Brucella melitensis biotype 2,mifst_score,1489.170657046179,4.3484384654083765,1434.966371605601,1538.2783199151943,Bacteria
Brucella ovis,mifst_score,1486.2693493580941,11.498673156857814,1356.9366004295168,1610.7029599873194,Bacteria
Brucella suis biovar 1,mifst_score,1364.2834440283116,13.578405638276369,1227.0184542516631,1494.67181550207,Bacteria
Brugia malayi,mifst_score,1398.4333832660407,44.34481245518516,907.8144003830681,2014.2270049159606,Eukaryota
Buchnera aphidicola,mifst_score,1080.9705206614492,32.75105732626881,731.1798430582603,1574.946543519579,Bacteria
Buchnera aphidicola subsp. Acyrthosiphon pisum,mifst_score,1283.6190063420268,24.658807873093085,985.3955818642144,1502.984356037356,Bacteria
Buchnera aphidicola subsp. Baizongia pistaciae,mifst_score,1024.5573339792409,22.85587098550686,785.1610894610865,1248.3087654740582,Bacteria
Buchnera aphidicola subsp. Schizaphis graminum,mifst_score,1214.4315507628025,28.514382597919163,865.7498881620664,1491.1166741500213,Bacteria
Burkholderia cenocepacia,mifst_score,1435.319321427091,27.516117954300665,1162.4211709193976,1670.3190418982217,Bacteria
Burkholderia mallei,mifst_score,1503.4974363145316,31.127166207301205,1123.2810777728428,1900.8991613295511,Bacteria
Burkholderia multivorans,mifst_score,1837.3424938942935,17.584207803876637,1693.0148196429705,2033.1973676577345,Bacteria
Buxus microphylla,mifst_score,1535.2313764703638,47.85328316532042,1193.1280849486386,1980.5878456801902,Eukaryota
Caenorhabditis briggsae,mifst_score,968.2227763353527,14.546295105076018,778.5485120128815,1146.0680912897446,Eukaryota
Caenorhabditis elegans,mifst_score,1303.6732941248556,37.685141959790464,835.3990367322209,1762.5060422472143,Eukaryota
Caldanaerobacter subterraneus,mifst_score,1844.1149009392882,34.157370569629315,1311.359374710143,2228.150229121021,Bacteria
Caldivirga maquilingensis,mifst_score,1262.1779994107746,25.293736925740685,952.8161100896141,1487.3142487063683,Archaea
Calycanthus floridus var. glaucus,mifst_score,1562.2694609540256,45.493284428955334,1233.6128810345022,1987.0340024401348,Eukaryota
Campylobacter fetus subsp. fetus,mifst_score,1755.6775615541098,16.64437247170549,1581.4333128572098,1910.2169224667905,Bacteria
Campylobacter jejuni,mifst_score,1377.3889038123418,47.538583487570854,855.7160096867873,1975.3505784965696,Bacteria
Campylobacter jejuni subsp. doylei,mifst_score,1466.2784721924033,4.836404176302643,1396.556914716025,1523.2871250418998,Bacteria
Campylobacter jejuni subsp. jejuni serotype O:2,mifst_score,1316.987602029289,9.82259043651172,1213.4693823960627,1436.1347190329363,Bacteria
Campylobacter jejuni subsp. jejuni serotype O:23/36,mifst_score,1500.1955498483846,4.385600108890689,1437.3831099186652,1554.007194996818,Bacteria
Candida albicans,mifst_score,1410.152682101299,41.60044197391145,977.4817624863948,1964.7767832368177,Eukaryota
Candida glabrata,mifst_score,1641.2485056591834,17.88250868128271,1361.594978455422,1779.097385412929,Eukaryota
Canis lupus,mifst_score,2166.96247101094,23.36090975728583,1812.1634466695841,2423.642221285531,Eukaryota
Capra hircus,mifst_score,1748.1192263871992,33.80266433422493,1426.0992696488674,2087.341181587411,Eukaryota
Capsella bursa-pastoris,mifst_score,1803.4982014119678,26.29806024038308,1489.6406077457643,2025.3709220496291,Eukaryota
Carassius auratus,mifst_score,1908.5695213796682,26.39314691958416,1606.1381147226189,2188.232615051,Eukaryota
Carica papaya,mifst_score,1792.5910148272283,41.995115196333934,1428.3767753897946,2180.8434019024908,Eukaryota
Caulobacter vibrioides,mifst_score,1486.359634627873,27.67271352499866,1062.0613202736893,1767.5515816315587,Bacteria
Cenarchaeum symbiosum,mifst_score,1117.7756040230918,13.850324633412335,978.5289471319406,1294.457148274633,Archaea
Ceratotherium simum,mifst_score,2101.4752846383926,26.79584378250975,1722.3224602856912,2360.1883718347076,Eukaryota
Cereibacter sphaeroides,mifst_score,1461.6988031579035,31.37833134762648,1141.220280492926,1933.3969779415497,Bacteria
Chaetosphaeridium globosum,mifst_score,1440.9812352052072,15.78791288469336,1233.5108413506366,1602.617295082377,Eukaryota
Chlamydia pneumoniae,mifst_score,845.0436118232715,5.629369064243153,775.9465997153982,935.4667365965638,Bacteria
Chlamydia trachomatis serovar D,mifst_score,876.8045107689946,9.285277212877338,770.4407372961682,1036.5738101544166,Bacteria
Chlamydia trachomatis serovar L2,mifst_score,924.565900498453,6.297462255840035,850.820000318029,1008.1324083487784,Bacteria
Chlamydomonas reinhardtii,mifst_score,1258.5531498262294,35.09013223363958,880.9201354038341,1915.5424766316357,Eukaryota
Chlorobaculum tepidum,mifst_score,1173.498780092693,21.05917012836346,962.1946463658877,1379.4631719662575,Bacteria
Chlorobaculum thiosulfatiphilum,mifst_score,1164.3771779046808,9.029850536886457,1025.8547980696685,1278.471609349097,Bacteria
Chlorobium phaeobacteroides,mifst_score,980.7269036361054,13.347882702292175,834.8509338525612,1099.9235553852207,Bacteria
Chloroflexus aurantiacus,mifst_score,1587.826101988792,29.700685761486838,1304.1682369602297,1812.5860195930888,Bacteria
Chromobacterium violaceum,mifst_score,1515.1563534022957,47.30667424011389,963.7773681345444,2157.6931534988275,Bacteria
Citrobacter koseri,mifst_score,1820.093217283859,37.63612813823598,1245.6285272573311,2245.722524880176,Bacteria
Clostridium acetobutylicum,mifst_score,1523.3337270703043,38.267483025822386,1107.695718239343,2031.711049872599,Bacteria
Clostridium beijerinckii,mifst_score,1665.7048299828236,8.417973301655268,1554.4318007144927,1754.3562027813477,Bacteria
Clostridium botulinum,mifst_score,1571.0292602540387,24.328945610506597,1287.076103230931,1763.5384239503096,Bacteria
Clostridium kluyveri,mifst_score,1502.1192273901972,51.09823109867226,1041.2803573294168,1999.3889593177673,Bacteria
Clostridium perfringens,mifst_score,1370.1509558433934,6.436608363700509,1291.1106775120682,1455.6899472732232,Bacteria
Coffea arabica,mifst_score,1570.0496664120033,9.419823446201832,1456.515426105209,1684.2402946558107,Eukaryota
Corynebacterium efficiens,mifst_score,1486.5228389511828,10.323476904052892,1393.0729134693868,1623.7512276758475,Bacteria
Corynebacterium glutamicum,mifst_score,1340.530300849773,30.165537703769477,935.232561355903,1718.1169027997003,Bacteria
Coturnix japonica,mifst_score,2059.3293096654247,13.497889761980966,1884.8024953883319,2204.281637062946,Eukaryota
Cricetulus griseus,mifst_score,1977.4798814094818,35.93957370994077,1577.6578444938364,2291.1982133223046,Eukaryota
Cronobacter sakazakii,mifst_score,1890.9004628489063,33.25987357182478,1493.3781072549816,2319.8893830784987,Bacteria
Crucihimalaya wallichii,mifst_score,1636.7511892012938,25.871573514441405,1402.3129406237886,1886.4658150254206,Eukaryota
Cryptococcus deneoformans,mifst_score,1351.9757717668203,18.178012325114125,1134.174452439836,1513.2999765563738,Eukaryota
Cucumis sativus,mifst_score,1714.04497732081,43.812328165486,1354.6007478671997,2104.6078750215324,Eukaryota
Culex quinquefasciatus,mifst_score,1515.7383586713556,29.44914822815397,1130.2611268665796,1884.303935825319,Eukaryota
Cupriavidus necator,mifst_score,1456.8477659591126,33.97055253018465,1126.649986896695,1941.6848884283343,Bacteria
Cycas taitungensis,mifst_score,1327.5637543210603,13.040197253560306,1162.3281285150817,1456.1695520120652,Eukaryota
Cytophaga hutchinsonii,mifst_score,1168.8334529990022,6.596208175177317,1092.2149588902116,1247.6178736822264,Bacteria
Danio rerio,mifst_score,1754.1090174586873,42.247998228615955,1095.9972672026868,2221.688755780806,Eukaryota
Dasypus novemcinctus,mifst_score,1921.0980639495485,25.17439878233359,1577.0271052400026,2115.9653807049745,Eukaryota
Daucus carota,mifst_score,1527.4193285770743,38.29345845753003,1236.6444444376157,1890.252183573902,Eukaryota
Debaryomyces hansenii,mifst_score,1277.1657717907533,37.43379198812104,840.3915601376502,1802.4535628325855,Eukaryota
Deinococcus radiodurans,mifst_score,1244.782399930918,46.78732499291964,623.9959521875023,1877.3444195693544,Bacteria
Dictyostelium discoideum,mifst_score,1159.9959112081522,26.4186404851854,826.1545852254992,1532.3747126853323,Eukaryota
Didelphis virginiana,mifst_score,1530.0623387841788,24.207069933873683,1371.9731477492053,1909.5225029614198,Eukaryota
Drimys granadensis,mifst_score,1459.5964880001693,10.311450535213998,1326.1028819504434,1574.1066420688987,Eukaryota
Drosophila melanogaster,mifst_score,1665.8281514885562,40.5536089052159,1165.9276151041206,2073.7252088457185,Eukaryota
Drosophila persimilis,mifst_score,1412.4139101529977,36.478634056679496,1158.706280871657,1787.8659656555221,Eukaryota
Drosophila sechellia,mifst_score,1750.089223568794,49.706444477758964,1276.660723200112,2211.1343548532805,Eukaryota
Drosophila simulans,mifst_score,1790.7043006965864,52.25279224077064,1340.6603926111243,2227.731311473223,Eukaryota
Drosophila willistoni,mifst_score,1505.041356862633,35.537754966540376,1237.9729487822617,1826.3003325890872,Eukaryota
Drosophila yakuba,mifst_score,1427.0734594967842,23.696598438510602,1238.1012586856934,1663.8872966300135,Eukaryota
Dugong dugon,mifst_score,1617.890815062168,20.026599442014735,1393.6313595473664,1829.38604902265,Eukaryota
Emericella nidulans,mifst_score,1545.1711703893668,33.017060371087624,1028.2910468015932,1917.9778425850388,Eukaryota
Encephalitozoon cuniculi,mifst_score,1112.2016910621737,26.902874307291768,909.8359291012569,1424.330673783661,Eukaryota
Entamoeba histolytica,mifst_score,1107.6643514357943,28.81012946864864,734.1834822099248,1387.26836558185,Eukaryota
Enterobacter sp.,mifst_score,1709.8642663283044,34.29594068251956,1197.0144565690262,2204.806038096513,Bacteria
Enterococcus faecalis,mifst_score,1423.1053582993884,39.27052897793177,1005.7617547348287,1943.9903107053121,Bacteria
Enterococcus hirae,mifst_score,1415.7148621827682,3.5268069454326767,1371.928905330228,1463.5792702187123,Bacteria
Equus caballus,mifst_score,2114.0497341131313,25.903619653170242,1746.5515933111915,2358.146155521062,Eukaryota
Erwinia tasmaniensis,mifst_score,1711.5391086303873,34.9808831213156,1263.1139774020403,2242.884075091045,Bacteria
Escherichia coli,mifst_score,1857.8059988259465,34.890105871651315,1369.074453918255,2333.6391745317032,Bacteria
Escherichia coli O139:H28,mifst_score,1563.166965930673,3.7763655095019333,1515.5206648810286,1603.4886436411423,Bacteria
Escherichia coli O157:H7,mifst_score,1772.3398944912863,37.75964145235836,1177.8685407481378,2096.6364385632573,Bacteria
Escherichia coli O17:K52:H18,mifst_score,1542.8206109896198,3.862566845100447,1492.6017014727024,1583.1320807934255,Bacteria
Escherichia coli O1:K1 / APEC,mifst_score,1685.952151731347,44.70010279338257,1342.8381542108807,2102.823973318728,Bacteria
Escherichia coli O45:K1,mifst_score,1474.9182130430033,26.262975835820235,1182.0249068694432,1706.2534667287282,Bacteria
Escherichia coli O6:H1,mifst_score,1680.3456266626772,37.7818195726903,1218.4830780450145,2013.312632037661,Bacteria
Escherichia coli O7:K1,mifst_score,1540.1878429804228,37.0923519346104,1226.7104751808083,1870.9322962966633,Bacteria
Escherichia coli O81,mifst_score,1628.9750228927928,4.1232980595683895,1577.015093676532,1674.3054320986835,Bacteria
Escherichia coli O9:H4,mifst_score,1178.6605987179923,4.914898824409485,1117.1677460034834,1245.5578162658203,Bacteria
Eucalyptus globulus subsp. globulus,mifst_score,1590.5612903298504,34.76920342486983,1319.2822864274337,1926.5026856190304,Eukaryota
Fagopyrum esculentum subsp. ancestrale,mifst_score,1635.7923204342078,16.199365382892193,1425.3394348839013,1803.1257814358894,Eukaryota
Felis catus,mifst_score,2121.3377736583834,16.639570796935757,1902.4119819317834,2329.1878836519827,Eukaryota
Formosania lacustris,mifst_score,1344.24337118236,18.713215102806927,1154.9307982029172,1526.9074617675449,Eukaryota
Francisella tularensis subsp. holarctica,mifst_score,1380.12363485759,4.956369039075988,1311.2074273552048,1438.7102035149962,Bacteria
Francisella tularensis subsp. tularensis,mifst_score,1395.1955359651736,3.9283370048746287,1341.7509446887577,1442.7576469711073,Bacteria
Gadus morhua,mifst_score,1726.4108047284303,28.50328112421118,1487.8286512918207,2050.6607202370565,Eukaryota
Gallus gallus,mifst_score,1895.0292212537556,36.69660979378162,1345.9271175311933,2238.4035007113803,Eukaryota
Geobacillus kaustophilus,mifst_score,1804.2428036333426,34.571724843471564,1350.4961883165033,2151.9232311713195,Bacteria
Geobacillus stearothermophilus,mifst_score,1702.0559425047259,29.9128798779652,1387.2560252711473,2002.5802992519423,Bacteria
Gibberella zeae,mifst_score,1585.4590946598337,9.237199616547128,1459.7938712434575,1719.8237960121483,Eukaryota
Gorilla gorilla,mifst_score,1962.9423413556108,21.81185035625906,1641.03268370807,2183.371727581848,Eukaryota
Gorilla gorilla gorilla,mifst_score,1610.237557041122,7.655545402785843,1519.3663212427286,1705.8341069962917,Eukaryota
Gossypium barbadense,mifst_score,1778.8464043379777,39.230032949875415,1402.0634459709818,2169.3445330972454,Eukaryota
Haemophilus ducreyi,mifst_score,1516.4712870021262,5.12637409692702,1456.9271078301904,1583.6038194181215,Bacteria
Haemophilus influenzae,mifst_score,1669.3189994839142,38.12988941952385,1176.9203407567152,2028.3879367029037,Bacteria
Halalkalibacterium halodurans,mifst_score,1717.0922898972808,37.89190130865145,1219.07142815356,2131.5029365539185,Bacteria
Haloarcula hispanica,mifst_score,1060.217183478684,5.584109259689049,992.0521638303454,1124.7403931835854,Archaea
Haloarcula marismortui,mifst_score,1289.3728018953152,29.947998470902853,952.4321192320872,1672.6581155448253,Archaea
Halobacterium salinarum,mifst_score,937.3089090772966,27.85867317628365,614.3545070546866,1296.0777401733726,Archaea
Haloferax mediterranei,mifst_score,978.3728329839594,15.936298724692906,825.097701276966,1156.8388445740816,Archaea
Haloferax volcanii,mifst_score,1133.8025784973574,20.413964128828567,866.5739285167573,1387.3037251391852,Archaea
Halopiger xanaduensis,mifst_score,1693.8982766162094,38.973467114662114,1345.0716154320232,1996.5081864382812,Archaea
Haloquadratum walsbyi,mifst_score,1187.8982438590192,32.50178134655731,820.2513497209668,1594.881506044239,Archaea
Halorhodospira halophila,mifst_score,1961.83838311034,10.72860975052565,1839.8997255590361,2094.0364583608903,Bacteria
Halorubrum lacusprofundi,mifst_score,1350.7848810776984,16.117948874340076,1189.5688142267632,1518.972263339672,Archaea
Helianthus annuus,mifst_score,1732.8780271696762,9.15428651630137,1592.3429312945366,1833.2372032205321,Eukaryota
Helicobacter pylori,mifst_score,1135.5426246272848,35.93538729894893,756.724136874828,1665.8652828822942,Bacteria
Homo sapiens,mifst_score,2057.754481691065,33.2969311384498,1653.6679940419547,2438.1717386910486,Eukaryota
Hordeum vulgare,mifst_score,1636.0416779505356,10.464615973990357,1530.3963078914999,1745.1053335685453,Eukaryota
Huperzia lucidula,mifst_score,1228.2409920396638,22.94639476386016,1071.4281465410184,1496.5142426094221,Eukaryota
Hydra vulgaris,mifst_score,1462.7770504891982,11.415266277674133,1251.3503995558824,1587.1460726096755,Eukaryota
Hydrogenobacter thermophilus,mifst_score,1494.9825187274473,2.4323471190196133,1463.9413517255075,1525.8223137233592,Bacteria
Hylobates lar,mifst_score,1515.9742876801924,9.095954640648245,1405.998131884401,1616.5337645274255,Eukaryota
Hyperthermus butylicus,mifst_score,1528.129591597868,28.685865415766827,1143.8488076288381,1798.981698263318,Archaea
Ignicoccus hospitalis,mifst_score,1624.9040890167735,33.09322532552797,1301.0105420851532,1936.0997210266323,Archaea
Ipomoea purpurea,mifst_score,1608.1022268591573,12.858094650131072,1480.5642694677274,1764.0898399100383,Eukaryota
Jasminum nudiflorum,mifst_score,1601.8421399416966,8.513516403552002,1497.534275192303,1704.651573966862,Eukaryota
Klebsiella aerogenes,mifst_score,1689.2017561409295,2.431352366382903,1659.8737325733093,1724.1225055538341,Bacteria
Klebsiella pneumoniae,mifst_score,1885.2752508233202,30.111433267698548,1473.4890341743467,2250.049079649175,Bacteria
Klebsiella pneumoniae subsp. pneumoniae,mifst_score,1715.2778945446948,6.0206143357645505,1642.9724685778574,1777.7690718276035,Bacteria
Kluyveromyces lactis,mifst_score,1311.8352340079543,33.804173294017005,887.5701225763131,1757.5368544826172,Eukaryota
Korarchaeum cryptofilum,mifst_score,1462.4366131155812,7.761806253250312,1384.575612737407,1579.4291629861937,Archaea
Lactiplantibacillus plantarum,mifst_score,1303.0491357552646,46.196054124400206,865.5717117112413,2029.1926174130801,Bacteria
Lactococcus lactis,mifst_score,1340.0269913642496,29.389434426920488,938.7318275441824,1822.3191041142418,Bacteria
Lactococcus lactis subsp. cremoris,mifst_score,1247.4599831611677,5.43500137903488,1174.3293044306552,1315.5729450695217,Bacteria
Lactococcus lactis subsp. lactis,mifst_score,1757.0442936463432,32.60740114110514,1437.3817900689448,2052.8308846094387,Bacteria
Latimeria chalumnae,mifst_score,1560.21755953974,39.209903552129035,1184.3559382011306,1924.0213275672322,Eukaryota
Legionella pneumophila,mifst_score,1195.446187515609,10.595345509400461,1084.0614608743158,1328.2112921760486,Bacteria
Legionella pneumophila subsp. pneumophila,mifst_score,1351.2635689603555,16.26032507942783,1166.3792152841893,1518.457001329397,Bacteria
Leifsonia xyli subsp. xyli,mifst_score,1239.623739919138,4.820705154397814,1181.604161423233,1299.9994524546944,Bacteria
Lemna minor,mifst_score,1529.7551489081548,9.364878916581434,1400.6177141114797,1633.3260222207914,Eukaryota
Lemur catta,mifst_score,1758.9387704062267,9.550338029067927,1638.452481882175,1892.8481705627455,Eukaryota
Lepidium virginicum,mifst_score,1776.8770223750273,32.182087312904414,1450.5310305601656,2013.0917974619006,Eukaryota
Levilactobacillus brevis,mifst_score,1448.2903120475637,5.272797346501385,1387.3403844237275,1505.6427790862215,Bacteria
Liriodendron tulipifera,mifst_score,1817.1338410171195,51.190297964541514,1256.0871801294704,2253.6855502678527,Eukaryota
Listeria monocytogenes,mifst_score,1499.64257828131,42.59463081512184,974.5677745440344,2025.1374148334032,Bacteria
Listeria monocytogenes serotype 1/2a,mifst_score,1624.9445337152779,5.385324134110533,1573.1989851011174,1704.3292837608815,Bacteria
Listeria monocytogenes serovar 1/2a,mifst_score,1462.2746626987293,3.536379320746402,1416.7213110400428,1510.4405487436634,Bacteria
Lobularia maritima,mifst_score,1559.0684704195423,12.639937538545462,1402.8657005512525,1722.1112051468765,Eukaryota
Lodderomyces elongisporus,mifst_score,1233.944419804788,14.010446139818528,1054.097954121898,1368.301559873696,Eukaryota
Lotus japonicus,mifst_score,1721.5849836897241,20.247208697020955,1511.2651217601936,1917.4828034711857,Eukaryota
Loxodonta africana,mifst_score,1757.9646461875589,17.03021453186954,1538.953631300768,1908.319405651677,Eukaryota
Lumbricus terrestris,mifst_score,1406.1734620668506,33.66124539958857,1108.8170477944236,1712.0302800231254,Eukaryota
Lycodon semicarinatus,mifst_score,1382.5960092289263,26.44217673118857,1091.434983722947,1668.7802166853885,Eukaryota
Macaca fascicularis,mifst_score,2018.3071011314792,36.01984795916624,1395.6905491961866,2410.437224673623,Eukaryota
Mammuthus primigenius,mifst_score,1520.1993137690204,35.413173871027865,1189.9835746619947,1816.6579530977908,Eukaryota
Mannheimia succiniciproducens,mifst_score,1680.938165541951,31.066682036657518,1279.746252588665,2047.8421187021063,Bacteria
Marchantia polymorpha,mifst_score,1743.3557980608539,49.766520250496555,1403.5683923321915,2314.8887419450775,Eukaryota
Marinobacter nauticus,mifst_score,1776.4817682830317,10.13267966114627,1660.2386819630406,1871.8499874917434,Bacteria
Mesocricetus auratus,mifst_score,1479.9115376880768,65.32025165136763,791.1043993353346,1994.433473421579,Eukaryota
Mesorhizobium japonicum,mifst_score,1522.7076067793282,38.4309589864663,1000.772445538419,1905.0804268476186,Bacteria
Mesostigma viride,mifst_score,1581.228066812491,9.98175554171729,1467.6138756884693,1686.9145002856621,Eukaryota
Metallosphaera sedula,mifst_score,1034.0771629133467,23.816618766231844,796.6051579257015,1345.6781606082882,Archaea
Methanobacterium formicicum,mifst_score,867.0392612505824,7.7333028245278985,770.2354018045958,979.9623603023664,Archaea
Methanobrevibacter smithii,mifst_score,957.4227906984712,14.67095916855379,763.7825532459098,1162.821287421228,Archaea
Methanocaldococcus jannaschii,mifst_score,1318.3500562017289,48.5196319073472,799.2242906634016,1973.2595462482932,Archaea
Methanocella arvoryzae,mifst_score,1460.7932725413696,7.133864691774066,1348.0003579871031,1543.180265848167,Archaea
Methanococcoides burtonii,mifst_score,1345.1753725591363,17.782099908765456,1173.7147942847573,1596.4667036946514,Archaea
Methanococcus aeolicus,mifst_score,1242.1702753353684,27.013286995061115,970.0364642746734,1509.4309033410307,Archaea
Methanococcus maripaludis,mifst_score,1168.7530993606779,27.474932685257286,848.5012303294906,1470.01303824729,Archaea
Methanococcus vannielii,mifst_score,1072.3638106962767,20.329683769887595,838.9043099115063,1364.7581775488825,Archaea
Methanocorpusculum labreanum,mifst_score,928.3703700973699,18.54535511433872,735.3454998051562,1160.124443603223,Archaea
Methanoculleus marisnigri,mifst_score,1097.703066044681,20.592651912434473,893.9032404191386,1337.5155011212155,Archaea
Methanopyrus kandleri,mifst_score,1404.181668341588,24.38465987116906,1058.3622286437258,1656.546947796132,Archaea
Methanoregula boonei,mifst_score,1283.8464374901694,32.01128135802731,945.5433115985663,1591.4810934581121,Archaea
Methanosarcina acetivorans,mifst_score,1020.6278220176879,34.915075074605994,636.060261706709,1470.5022099902374,Archaea
Methanosarcina barkeri,mifst_score,1307.9970867313639,25.35438348613505,956.0223453389635,1596.538969276915,Archaea
Methanosarcina mazei,mifst_score,1330.945012230729,32.020326972101905,954.4698299125711,1877.8184335407186,Archaea
Methanosphaera stadtmanae,mifst_score,1190.9840593855893,11.677942338836539,1031.8373601724006,1341.1977934684817,Archaea
Methanosphaerula palustris,mifst_score,1116.064004318997,23.415392186903535,905.4303042560609,1362.1234986501102,Archaea
Methanospirillum hungatei JF-1,mifst_score,1243.8504946813623,22.89950553869121,981.3486502678177,1531.7362446227546,Archaea
Methanothermobacter marburgensis,mifst_score,1305.522215482892,8.088092563716597,1210.9966137732722,1399.0301363560468,Archaea
Methanothermobacter thermautotrophicus,mifst_score,1245.318939777411,34.26684288941344,896.6891144410391,1729.079509141624,Archaea
Methanothermus fervidus,mifst_score,1155.7600767060787,27.03232331335474,881.1140273421088,1374.7282691458072,Archaea
Methanothrix thermoacetophila,mifst_score,1219.660138605046,10.98316001667376,1054.7175846109362,1345.9302145840263,Archaea
Methylococcus capsulatus,mifst_score,1510.1575789787637,36.068533740888235,1091.6687987279472,1995.218397661913,Bacteria
Meyerozyma guilliermondii,mifst_score,1503.618247298845,22.610492444098387,1208.1103758798602,1673.486584582082,Eukaryota
Micrococcus luteus,mifst_score,1465.0624140653072,2.6779001040164,1423.9667155522036,1496.7643041992935,Bacteria
Microcystis aeruginosa,mifst_score,1504.341028768088,6.957434009111369,1426.0251702251758,1598.7981391230767,Bacteria
Micromonas commoda,mifst_score,1348.6397794811949,6.854306045750788,1259.249412726121,1433.6883353581402,Eukaryota
Monodelphis domestica,mifst_score,1780.2673518308823,27.219269254411508,1438.182107338324,2032.5289567459772,Eukaryota
Mus musculus,mifst_score,2018.8171941567018,32.63308674605487,1596.4677671193085,2388.8434362010157,Eukaryota
Mycobacterium bovis,mifst_score,1649.473960126993,26.890286511907625,1317.3036583403814,1937.4030945742873,Bacteria
Mycobacterium leprae,mifst_score,1206.4640649353996,6.384102631065765,1127.2219617740152,1277.7831693949136,Bacteria
Mycobacterium sp.,mifst_score,1620.542041079637,27.010107915623408,1354.6125660695723,1883.0256095247896,Bacteria
Mycobacterium tuberculosis,mifst_score,1379.5978829672458,39.25014022990112,888.7173385808803,1877.0735001784035,Bacteria
Mycobacteroides abscessus,mifst_score,1385.358051489029,3.933913047270485,1341.4568084743432,1444.2162677640863,Bacteria
Mycolicibacterium gilvum,mifst_score,1351.9732065587523,53.34520598009451,1040.4737231605916,1945.3408010229232,Bacteria
Mycolicibacterium paratuberculosis,mifst_score,1463.8161459271723,2.3873642973491047,1426.9083555074637,1496.6665824314143,Bacteria
Mycolicibacterium smegmatis,mifst_score,1549.0510264989778,40.68436689503093,1090.340698661367,2003.8390334454734,Bacteria
Mycolicibacterium smegmatis155),mifst_score,1523.3019486271917,14.376056248967954,1312.0905959173967,1677.5219166611248,Bacteria
Mycoplasma genitalium,mifst_score,1010.4840546317229,17.168008323643853,852.051384687198,1204.5041984245026,Bacteria
Mycoplasma pneumoniae,mifst_score,899.445497833659,37.34262724412719,486.5602142987231,1500.052486166028,Bacteria
Mycosarcoma maydis,mifst_score,1247.558796856468,37.454700714288265,907.7630902850187,1567.5340094695794,Eukaryota
Myxococcus xanthus,mifst_score,1495.3265315545952,25.26742552629619,1268.7161658618509,1757.4456551841618,Bacteria
Nanoarchaeum equitans,mifst_score,1032.644192045902,35.81199171434161,666.9139851525028,1573.443036194059,Archaea
Nasturtium officinale,mifst_score,1688.6637794262583,23.28505990146216,1491.6285778362633,1951.9645594525675,Eukaryota
Natrialba magadii,mifst_score,1272.0413367259812,5.935510890474448,1174.4572997786554,1337.9455414016543,Archaea
Natronomonas pharaonis,mifst_score,1448.3828306805563,30.71438374247113,1108.5461689943622,1790.500494566642,Archaea
Neisseria gonorrhoeae,mifst_score,1347.9623613439207,9.807226904617458,1238.3981117246856,1451.650510730176,Bacteria
Neisseria meningitidis,mifst_score,1463.38449175719,37.05594929228362,1075.481933810306,1946.0063352909083,Bacteria
Nematostella vectensis,mifst_score,1384.8046854138927,25.49219123544045,1038.8761955718714,1741.6206227477137,Eukaryota
Neosartorya fischeri,mifst_score,1611.9410335639814,16.25787909586726,1421.5570576536281,1760.7198590787625,Eukaryota
Neurospora crassa,mifst_score,1552.9361734542329,37.127855747648745,1074.3135508721223,2021.1268443486615,Eukaryota
Nicotiana sylvestris,mifst_score,2153.6037493067424,13.38940217967086,1983.199319638088,2305.107086133404,Eukaryota
Nicotiana tabacum,mifst_score,1797.4003527103982,39.432725027854815,1389.2916938383853,2202.944760475573,Eukaryota
Nitratidesulfovibrio vulgaris,mifst_score,1183.0221817283466,32.67014902283512,805.1162951016025,1518.6189590639528,Bacteria
Nitrosomonas europaea,mifst_score,1139.4787137161534,5.795367440987287,1067.5341576771045,1207.8889525812147,Bacteria
Nitrosopumilus maritimus,mifst_score,1301.3496358619573,11.442549032138817,1168.122140701692,1440.1648206650705,Archaea
Nocardia farcinica,mifst_score,1395.7488932357978,22.97807223367623,1068.184412074705,1597.324951702067,Bacteria
Nocardioides sp.,mifst_score,1632.2490528383207,23.011116108647247,1411.5343020913072,1884.724743113538,Bacteria
Nostoc punctiforme,mifst_score,1409.6181866016475,5.198548033379403,1349.1580385804257,1483.7672408156393,Bacteria
Nostoc sp.,mifst_score,1341.0181614025203,40.963499095625096,862.6592862173677,1804.6424512190165,Bacteria
Notamacropus eugenii,mifst_score,1996.3682413667682,13.210621802345552,1815.8515317928125,2117.013642680318,Eukaryota
Oceanobacillus iheyensis,mifst_score,1497.174176561485,42.41665047963715,1072.2439108148849,2072.8754763919687,Bacteria
Oenothera berteroana,mifst_score,1960.4556279778656,7.148287161462656,1830.7738835127766,2039.4885815186,Eukaryota
Oenothera elata subsp. hookeri,mifst_score,1776.255532263809,20.39504875036343,1558.3545585752697,1969.9023408135856,Eukaryota
Ogataea parapolymorpha,mifst_score,1451.2526128140585,5.615453222628354,1383.0528153391326,1516.3851835185712,Eukaryota
Olimarabidopsis pumila,mifst_score,1731.78290093412,31.93135747175796,1378.8086570917274,2030.4779151879957,Eukaryota
Oncorhynchus mykiss,mifst_score,1564.4283450693758,50.362314584437435,1027.080219639533,2191.6079738128874,Eukaryota
Ornithorhynchus anatinus,mifst_score,1803.970905197027,20.451467391030878,1426.57885852232,1976.8590601794976,Eukaryota
Oryctolagus cuniculus,mifst_score,2055.2454117104467,28.28328187889748,1721.1102099015754,2359.1443268384924,Eukaryota
Oryza sativa,mifst_score,1783.890817580592,44.160331807369246,1154.249891057238,2231.9896063376427,Eukaryota
Oryza sativa subsp. indica,mifst_score,1619.5907599333918,16.27692550855579,1469.2096656898832,1883.9489444925453,Eukaryota
Oryza sativa subsp. japonica,mifst_score,1723.5054188420233,42.75515927467225,1228.0267026382282,2307.9967117802494,Eukaryota
Ostreococcus lucimarinus,mifst_score,1412.4972403598981,17.110800231549437,1220.996764157339,1589.7421311252895,Eukaryota
Ostreococcus tauri,mifst_score,1302.4952965257212,20.731052260145063,1093.8343472189886,1520.2769200886198,Eukaryota
Ovis aries,mifst_score,2182.766669059461,19.313516068011573,1912.8082101426576,2433.140213733573,Eukaryota
Paenarthrobacter aurescens,mifst_score,1221.9685275499696,21.225201638865496,1036.9261060471993,1420.1365578769717,Bacteria
Paenarthrobacter nicotinovorans,mifst_score,1695.865776743456,12.517510610685832,1553.77900424948,1829.3211615877742,Bacteria
Pan paniscus,mifst_score,1783.7816709254494,14.33361562522204,1591.5182619786501,1908.7437470654284,Eukaryota
Pan troglodytes,mifst_score,2014.4061037382219,25.87301904957697,1728.4404352695753,2333.177987858042,Eukaryota
Papio hamadryas,mifst_score,1728.1232891081913,7.281345563879166,1621.1348631241037,1796.414594827641,Eukaryota
Paracoccidioides brasiliensis,mifst_score,1272.7662710204513,6.564100651089778,1184.93597662683,1343.5129238489371,Eukaryota
Paracoccidioides lutzii,mifst_score,1546.7274831922614,6.2707863275274995,1458.6019427838482,1612.5943339209236,Eukaryota
Paracoccus denitrificans,mifst_score,1491.4222549996493,44.69282232379708,1076.4610154733016,2142.931089029069,Bacteria
Paramagnetospirillum magneticum,mifst_score,1578.7784171943808,2.4454927062849596,1547.4474607718187,1614.3502295683295,Bacteria
Paramecium tetraurelia,mifst_score,762.2684736982533,20.28324633481396,560.7177829728109,1087.577690448514,Eukaryota
Pasteurella multocida,mifst_score,1690.3190101825664,31.648336215469826,1214.632030084915,2045.3730478720531,Bacteria
Paulinella chromatophora,mifst_score,1775.377794681268,8.61288249709754,1644.3267257961647,1849.3757805864154,Eukaryota
Pectobacterium atrosepticum,mifst_score,1731.4879014937812,44.71707098139276,1145.9975488274356,2255.118759762172,Bacteria
Pelotomaculum thermopropionicum,mifst_score,1580.5242065270818,42.6422124712976,1275.6943554835161,1971.0504901758536,Bacteria
Penicillium rubens,mifst_score,1427.2384774072366,6.610295130855858,1347.630843511427,1514.4336636355765,Eukaryota
Persephonella marina,mifst_score,1435.3364005979863,10.298130277675416,1315.231973960975,1573.3784702778892,Bacteria
Petromyzon marinus,mifst_score,1583.35446307121,29.80790671746754,1145.201622660202,1871.8129045870442,Eukaryota
Phaseolus vulgaris,mifst_score,1465.682071804851,18.451559775578584,1294.0697923447726,1657.3433360515216,Eukaryota
Phoca vitulina,mifst_score,1899.450331602247,16.42873555967979,1724.3030141715062,2068.728928717814,Eukaryota
Photobacterium profundum,mifst_score,1538.2919099127262,40.13429758138651,1000.7983838786191,1987.7245633545117,Bacteria
Photorhabdus laumondii,mifst_score,1659.923750983082,33.8935296510819,1234.143432876824,2118.0581812700575,Bacteria
Photorhabdus laumondii subsp. laumondii,mifst_score,1424.855690706498,6.089001602020604,1348.256919856442,1489.0034917824028,Bacteria
Physcomitrium patens,mifst_score,1601.9681051730918,21.87724992801493,1372.3407886217885,1786.0818779558192,Eukaryota
Phytophthora infestans,mifst_score,1314.4739282370722,40.41513507897702,708.0883713699792,1715.1420437784666,Eukaryota
Pichia angusta,mifst_score,1204.9416079018747,23.960043704987708,968.1761367302124,1519.257970256308,Eukaryota
Picosynechococcus sp.,mifst_score,1492.8527607413293,18.788142982080842,1311.2482632374702,1655.6441970973901,Bacteria
Picrophilus torridus,mifst_score,1057.7284367504615,10.67783796998149,905.1224904825757,1203.8822602542907,Archaea
Pisum sativum,mifst_score,1807.8530939450586,58.55427175159288,1171.589673400091,2291.9269364913744,Eukaryota
Plasmodium falciparum,mifst_score,1042.1104750091636,32.88304308449551,690.338074151779,1528.943461145777,Eukaryota
Platanus occidentalis,mifst_score,1574.3516078049433,30.016509726060903,1298.480798502581,1848.4356529744327,Eukaryota
Polaromonas naphthalenivorans,mifst_score,1671.895423705294,66.64261942300132,1071.584217109567,2125.314023269716,Bacteria
Pongo abelii,mifst_score,1990.0953657062576,28.0817464770054,1677.5714000101923,2309.7006865378994,Eukaryota
Pongo pygmaeus,mifst_score,1828.8898420051994,25.001546244442377,1515.7534394551221,2090.4038944178815,Eukaryota
Populus trichocarpa,mifst_score,1553.6670043524136,25.69573194160224,1345.5593644694452,1808.7049961859177,Eukaryota
Porphyromonas gingivalis,mifst_score,1718.9028683627005,12.964797834292444,1601.5264176156095,1872.1913905959952,Bacteria
Prochlorococcus marinus,mifst_score,1168.4017642169495,27.918615956045198,797.1045629998803,1559.891280202154,Bacteria
Proteus mirabilis,mifst_score,1705.5208847392341,32.302862844682885,1334.7329420485046,2124.778990772344,Bacteria
Pseudomonas aeruginosa,mifst_score,1589.5872409030976,36.56198864678448,1260.4529526062759,2130.750008765048,Bacteria
Pseudomonas fluorescens,mifst_score,1727.0816776022475,13.167868420143707,1579.2364042613788,1886.3872034031183,Bacteria
Pseudomonas paraeruginosa,mifst_score,1997.2254469181562,23.932698206883376,1809.8384086210046,2234.4497456578893,Bacteria
Pseudomonas putida,mifst_score,1657.3785887986992,38.530241501317725,1144.7189926728283,2136.895890791947,Bacteria
Pseudomonas sp,mifst_score,1739.4746202223414,5.825831232991122,1672.8984894043695,1809.0550455215384,Bacteria
Pseudomonas sp.,mifst_score,1020.3039797623076,8.382180678945165,901.3937772415013,1120.1741001442801,Bacteria
Pseudomonas syringae pv. tomato,mifst_score,1649.2859496537128,3.430150990039239,1604.9644573770931,1689.5010243042295,Bacteria
Pseudomonas taetrolens,mifst_score,1425.2844534871742,6.38913802698106,1335.9895781374755,1511.9742168776559,Bacteria
Pyricularia oryzae,mifst_score,1185.3434760135183,17.451481891667328,1003.2141130155375,1357.6210071011167,Eukaryota
Pyrobaculum aerophilum,mifst_score,1160.0732601930767,38.07366604051023,735.2341972999519,1624.8023919790762,Archaea
Pyrobaculum arsenaticum,mifst_score,1076.6004327340959,19.845722684510925,883.8897184390203,1341.7245361759392,Archaea
Pyrobaculum calidifontis,mifst_score,1321.582215128953,23.780799662959918,1121.4629995817472,1672.712422479577,Archaea
Pyrobaculum islandicum,mifst_score,1200.894197147026,36.301099025021955,908.9389228220073,1633.1196507463096,Archaea
Pyrobaculum neutrophilum,mifst_score,1264.8738254160087,5.454375930270221,1194.1806296273628,1331.9620254713968,Archaea
Pyrococcus abyssi,mifst_score,1680.4870072520434,22.792865868977184,1377.0754845474069,1965.6196484654124,Archaea
Pyrococcus furiosus,mifst_score,1468.1187979778322,38.006526121156035,1079.8948293116773,2065.310886022576,Archaea
Pyrococcus horikoshii,mifst_score,1465.785211816741,42.55001455289773,1047.4615034902965,2082.2629956596124,Archaea
Pyrococcus woesei,mifst_score,1360.899482701714,38.04757478416853,951.5551874331366,1701.0350668026106,Archaea
Ralstonia solanacearum,mifst_score,1455.2047372638017,38.32609442694813,1042.8866460891063,1938.4806738325387,Bacteria
Rattus norvegicus,mifst_score,2027.71552222591,31.087780152367742,1675.2077274371138,2466.674554431029,Eukaryota
Rhinoceros unicornis,mifst_score,2144.8816749103794,9.03751684182206,2060.549141183498,2287.275103025048,Eukaryota
Rhipicephalus sanguineus,mifst_score,1673.8396164071216,23.327920753009643,1471.5009871882583,1905.5864930409236,Eukaryota
Rhizobium meliloti,mifst_score,1584.53304024053,33.394721660507145,1169.6470102544342,2037.526754474836,Bacteria
Rhodobacter capsulatus,mifst_score,1709.8327971967512,40.23067469786184,1224.226188595895,2160.0767120558608,Bacteria
Rhodococcus erythropolis,mifst_score,1300.7095519578115,6.325912510436481,1213.228759306312,1376.2172813682012,Bacteria
Rhodococcus jostii,mifst_score,1678.3850307217092,24.831032200431014,1434.2060653340295,1919.9831018570678,Bacteria
Rhodococcus sp,mifst_score,1460.4733419683212,2.784216064263168,1421.1421905648413,1495.541656183722,Bacteria
Rhodopseudomonas palustris,mifst_score,1371.442967249824,36.81521294381365,895.3564956092783,1821.5628311399796,Bacteria
Rhodospirillum rubrum,mifst_score,1616.7222250728662,35.89309515129975,1249.9531174845342,1978.655946486163,Bacteria
Rhodovulum sulfidophilum,mifst_score,1348.6839306582954,3.530477153900703,1291.622092282698,1383.9516177291825,Bacteria
Ricinus communis,mifst_score,1671.5593715220252,18.92148817068571,1501.119817529597,1852.0024449060527,Eukaryota
Rickettsia conorii,mifst_score,1517.741402360041,14.898063044361768,1357.6729001062595,1675.0606945392276,Bacteria
Rickettsia felis,mifst_score,1142.7585722969643,19.611239709575347,941.9631803382106,1330.2954895642522,Bacteria
Rickettsia prowazekii,mifst_score,1087.1420797791566,41.69147096438369,678.6673136891172,1771.993000811524,Bacteria
Ruegeria pomeroyi,mifst_score,1515.7757439511322,2.8900202877921384,1476.7468785256203,1551.8156063095557,Bacteria
Saccharolobus islandicus,mifst_score,1473.5415398753485,25.52579296375098,1115.8606884089704,1740.2139683132782,Archaea
Saccharolobus shibatae,mifst_score,1332.4441653831177,9.534474371937295,1204.8227966768327,1459.6834092918366,Archaea
Saccharolobus solfataricus,mifst_score,1090.9214915342259,35.54907649535336,717.5051994482666,1546.723062899944,Archaea
Saccharomyces cerevisiae,mifst_score,1336.8321675410327,33.57669964043335,961.7273440924816,1861.4986539059648,Eukaryota
Saccharopolyspora erythraea,mifst_score,1768.5289634220567,30.31523194823282,1487.7008794321207,2035.4224584736805,Bacteria
Salmo salar,mifst_score,1940.8198971401598,19.690078746050464,1765.7218082817396,2143.8374710786247,Eukaryota
Salmo trutta,mifst_score,2113.7852419296687,19.181591298794803,1926.2350399678694,2295.008672837409,Eukaryota
Salmonella paratyphi B,mifst_score,2088.1461858752023,14.996300537392674,1914.414804817224,2217.525760975482,Bacteria
Salmonella typhi,mifst_score,1917.3531959132877,17.28940457229426,1650.2820076086984,2059.145544450993,Bacteria
Salmonella typhimurium,mifst_score,1886.3056607022447,32.84641254361358,1335.5335279194019,2265.8904722064376,Bacteria
Scheffersomyces stipitis,mifst_score,1399.9118459346773,7.787425003119902,1274.429833664293,1484.9256664922545,Eukaryota
Schistosoma japonicum,mifst_score,1133.4360521805713,28.025970475063982,731.3384801618038,1445.0884239562308,Eukaryota
Schistosoma mansoni,mifst_score,1774.848454761084,24.002224055410217,1495.938868213157,2000.2664521192987,Eukaryota
Schizosaccharomyces pombe,mifst_score,1337.4465997830825,41.398659231395804,839.9923694869365,1934.252030524436,Eukaryota
Scyliorhinus canicula,mifst_score,1751.39857878432,8.926137079149374,1633.4057679582013,1849.7223239020723,Eukaryota
Serratia proteamaculans,mifst_score,1755.4640215577258,43.44844177034438,1185.5244628829764,2163.581781547263,Bacteria
Shewanella baltica,mifst_score,1489.493528637409,38.538041587750065,1175.8735248146459,1912.5491509062892,Bacteria
Shewanella frigidimarina,mifst_score,1321.0743441512332,8.111225873255567,1227.756065400268,1434.6314185711692,Bacteria
Shewanella oneidensis,mifst_score,1489.8470992718424,39.337199503219274,1052.8089066473958,2017.6523448596117,Bacteria
Shewanella putrefaciens,mifst_score,1248.7047214518434,12.2579584102332,1128.5988736035615,1396.0872099897726,Bacteria
Shewanella sp.,mifst_score,1644.1066018647994,28.647112627762514,1296.4729881115038,1890.0365755633218,Bacteria
Shigella boydii serotype 18,mifst_score,1439.403741025735,10.528936703217687,1323.9956371697654,1557.8074145063717,Bacteria
Shigella flexneri,mifst_score,1817.481510790907,47.99368646633461,1126.7535048934537,2375.5428220305375,Bacteria
Sigmodon hispidus,mifst_score,1506.1887997214312,8.35257347260068,1384.2228216120282,1612.2660119121822,Eukaryota
Sinorhizobium fredii,mifst_score,1580.1153953946541,32.361169705440446,1284.4012269736552,1983.2297230888898,Bacteria
Sodalis glossinidius,mifst_score,1671.8561690138126,32.91049529134594,1162.2734085480188,2151.4832700588718,Bacteria
Solanum lycopersicum,mifst_score,1629.0334848505995,42.365716332137296,1016.6530918002009,2152.7055965040317,Eukaryota
Solanum tuberosum,mifst_score,1934.3823005642207,17.424831881392095,1750.4753640807826,2104.197900996628,Eukaryota
Sordaria macrospora / K-hell),mifst_score,1221.3994421952382,16.289398025723834,1048.5089005066852,1427.0205115198191,Eukaryota
Sorghum bicolor,mifst_score,1592.87634571663,22.51570271725079,1403.0590218879513,1924.6048766060558,Eukaryota
Spinacia oleracea,mifst_score,1477.101981949561,40.8287081617419,1146.3898362157136,1960.988869932921,Eukaryota
Staphylococcus aureus,mifst_score,1411.1453746204954,37.243300628347946,1061.5163063749667,2036.5852215585646,Bacteria
Staphylococcus epidermidis,mifst_score,1285.7802709334737,27.167153821663945,1073.1291436814035,1521.4979943148414,Bacteria
Staphylococcus haemolyticus,mifst_score,1022.4711046926036,6.38504339563661,954.1082874143524,1090.9391722026328,Bacteria
Staurastrum punctulatum,mifst_score,1590.953719219925,21.158556156289983,1353.7346785952182,1780.4058641929737,Eukaryota
Stenotrophomonas maltophilia,mifst_score,1381.7465675682383,10.848185441970864,1269.9443390740125,1521.9485573884972,Bacteria
Streptococcus gordonii,mifst_score,1612.5126067375577,17.216520445977633,1392.4202034782545,1778.2183466730166,Bacteria
Streptococcus pneumoniae,mifst_score,1511.264845563905,27.169815128231914,1234.8674283998184,1814.7820671881373,Bacteria
Streptococcus pneumoniae serotype 2,mifst_score,1367.1733818419493,6.474152441189542,1308.1180346487047,1454.1797307667146,Bacteria
Streptococcus pneumoniae serotype 4,mifst_score,1385.1199900189158,29.617945115707883,1123.5459834262654,1798.3392758668438,Bacteria
Streptococcus pyogenes,mifst_score,1341.6501174250786,4.922611124804837,1291.2851939894413,1405.7455920867171,Bacteria
Streptococcus pyogenes serotype M1,mifst_score,1250.9323677238074,10.95218309129892,1135.196169997261,1379.147860460636,Bacteria
Streptococcus pyogenes serotype M3,mifst_score,1216.43974616966,6.5452402158644025,1125.4359425167993,1292.8912570905522,Bacteria
Streptococcus pyogenes serotype M6,mifst_score,1277.6630846850655,3.3001325559462527,1219.3416248987876,1319.146750464561,Bacteria
Streptococcus suis,mifst_score,1663.4143581119902,35.207874016517515,1385.7966532049963,1956.1588987966331,Bacteria
Streptomyces arenae,mifst_score,1387.6035976850012,4.7852126280400915,1335.669400045894,1451.4677786306795,Bacteria
Streptomyces avermitilis,mifst_score,1480.2810971036035,5.365427806213006,1410.3479750115641,1541.52628596987,Bacteria
Streptomyces coelicolor,mifst_score,1495.1694499585535,44.91968265718745,890.6251325358965,2050.0217825524023,Bacteria
Streptomyces coelicolor / M145),mifst_score,1447.3806661721733,17.39620473258101,1194.7330608251634,1633.055433126374,Bacteria
Streptomyces glaucescens,mifst_score,1136.1830204152816,6.909614971860238,1049.4532417543737,1213.7383859013062,Bacteria
Streptomyces griseus subsp. griseus,mifst_score,1718.7655718752576,9.475092091393481,1616.137096054639,1833.9097461723306,Bacteria
Streptomyces lavendulae,mifst_score,1476.9036434586906,35.97865532176323,985.8618518515638,1748.5099717051578,Bacteria
Struthio camelus,mifst_score,1454.7838653038636,21.04344107164665,1246.3028915028758,1648.69869710592,Eukaryota
Stutzerimonas stutzeri,mifst_score,1561.5198874960797,7.216715035485378,1471.8344739282954,1661.782417264335,Bacteria
Sulfolobus acidocaldarius,mifst_score,994.4050298707793,33.902536537129194,616.7428665888046,1418.8354759856438,Archaea
Sulfurisphaera tokodaii,mifst_score,1277.3576081114377,21.3564475637098,1035.9143011440858,1509.3533044200249,Archaea
Sus scrofa,mifst_score,2120.215485935944,39.56123199852883,1217.1011893555292,2403.1403316667015,Eukaryota
Synechococcus elongatus,mifst_score,1380.6128876579967,47.044376733049525,846.695717346054,2039.8555955066795,Bacteria
Synechococcus sp.,mifst_score,1213.8855670937642,13.4671380212848,1065.2772747763865,1379.8348869429856,Bacteria
Synechocystis sp.,mifst_score,1334.5522727150203,41.754988054683686,893.0983015818529,1825.7957309834546,Bacteria
Syntrophobacter fumaroxidans,mifst_score,1067.9302066128587,19.245082442889764,919.0947961212892,1254.5499791218256,Bacteria
Tachyglossus aculeatus aculeatus,mifst_score,1676.1762325492123,26.599504374590865,1415.0340010027667,1893.0627616807014,Eukaryota
Taeniopygia guttata,mifst_score,2101.1908378606236,4.608568361584436,2037.3568872721569,2160.461894076842,Eukaryota
Takifugu rubripes,mifst_score,1669.1460998309867,12.416522258359672,1485.4174464181187,1798.7359511332434,Eukaryota
Talaromyces stipitatus,mifst_score,1486.7617250232372,21.98121278593304,1274.2075935167695,1697.258709235026,Eukaryota
Tetraodon nigroviridis,mifst_score,1519.4942499088083,17.240912603142938,1253.3986270744028,1715.029618686062,Eukaryota
Thermococcus gammatolerans,mifst_score,1781.2379389940577,13.665674945153865,1624.63051136617,1924.0545538386723,Archaea
Thermococcus kodakarensis,mifst_score,1563.0136106266064,42.92221297768388,1011.0026631030568,2067.3372141303935,Archaea
Thermococcus litoralis,mifst_score,1716.3562668055688,39.777250380751454,1279.789114106368,2083.6878599542424,Archaea
Thermococcus onnurineus,mifst_score,1724.7919292141835,9.662765462090178,1597.559138772416,1849.459722448645,Archaea
Thermococcus sibiricus,mifst_score,1393.8710554947577,31.267072498973917,1047.1507222323548,1726.3868033292183,Archaea
Thermococcus sp.,mifst_score,1624.3001108580522,7.704901042857977,1528.7922287090812,1726.0679173263493,Archaea
Thermofilum pendens,mifst_score,1635.07766131038,6.086140303554417,1557.396436779785,1707.9160560500284,Archaea
Thermoplasma acidophilum,mifst_score,1170.7614599568121,34.044354663969635,771.1531051213693,1559.885857993356,Archaea
Thermoplasma volcanium,mifst_score,954.9776298039625,16.83642637622975,802.9509722456371,1183.827844629329,Archaea
Thermoproteus tenax,mifst_score,1348.3851910113908,18.204494063597544,1146.3558323389095,1626.4918426758873,Archaea
Thermostichus vulcanus,mifst_score,1063.1882435978237,5.026444984577922,1000.0705048754472,1119.590452002311,Bacteria
Thermosynechococcus vestitus,mifst_score,1412.6294124624847,43.636291820624216,963.5569670415389,1932.0624145036857,Bacteria
Thermotoga maritima,mifst_score,1467.3162752018648,40.980889598653526,970.5110049429051,1930.482692045603,Bacteria
Thermus thermophilus,mifst_score,1613.6588621813598,32.41908253050112,1180.3322750329758,1981.7035647534724,Bacteria
Toxoplasma gondii,mifst_score,876.4338951136276,8.110290476683174,769.6346419277719,971.4793147102931,Eukaryota
Treponema pallidum,mifst_score,803.5702155289774,27.94046247753142,563.7875321704573,1302.5743224972593,Bacteria
Treponema pallidum subsp. pallidum,mifst_score,1462.3083612078706,2.5125431140066268,1430.8236495952965,1489.9607116058937,Bacteria
Trichoderma koningii,mifst_score,1750.6230056341572,4.940273656837224,1685.4667201024513,1813.264806230704,Eukaryota
Trichoplax adhaerens,mifst_score,1330.344475609776,23.763379864502568,917.6054062503708,1633.1087125792412,Eukaryota
Trichormus variabilis,mifst_score,1304.250069822701,45.10824785555328,897.8839826125836,1864.7224044853951,Bacteria
Triticum aestivum,mifst_score,1623.1998431291254,32.812505675782674,1290.5518067517894,2044.248226344389,Eukaryota
Trypanosoma brucei brucei,mifst_score,992.4399268387041,35.950805164808955,743.225800501692,1426.2917061241521,Eukaryota
Verminephrobacter eiseniae,mifst_score,1611.7146239772292,57.532740082540165,1095.7798274863912,2126.8225165636236,Bacteria
Vibrio cholerae,mifst_score,1660.923469716103,39.29163385088044,1128.3427058747202,2056.057648799828,Bacteria
Vibrio cholerae serotype O1,mifst_score,1484.8398017044592,17.1818246992277,1291.4201816727484,1670.6785434838628,Bacteria
Vibrio parahaemolyticus serotype O3:K6,mifst_score,1779.6252221059988,3.1016381551143057,1748.0540135591089,1818.983599958056,Bacteria
Vibrio vulnificus,mifst_score,1536.6279312581426,18.919978871971487,1328.8194682964545,1737.6243606527678,Bacteria
Vitis vinifera,mifst_score,1359.235801410737,12.829912879339048,1217.6680760216825,1542.9666010285634,Eukaryota
Xanthobacter autotrophicus,mifst_score,1305.1337520320403,15.734384999516948,1140.1288786118837,1481.888491480497,Bacteria
Xanthomonas campestris,mifst_score,1357.6480132252088,44.87158002379708,824.2051535605817,1901.1053136692526,Bacteria
Xanthomonas campestris pv. campestris,mifst_score,1594.487827124852,3.8709584779355897,1540.8997286431547,1639.9072562377883,Bacteria
Xenopus laevis,mifst_score,1849.0899044527766,39.051129181914376,1374.8730294802042,2232.1020662580877,Eukaryota
Xenopus tropicalis,mifst_score,1789.3762067286111,30.635193786676552,1338.3675803696167,2137.66774789311,Eukaryota
Xylella fastidiosa,mifst_score,1046.2610968468132,37.688185810762036,687.7351451002079,1628.5586135135004,Bacteria
Yarrowia lipolytica,mifst_score,1347.4075495568043,38.088774651641735,922.404205840292,1888.739046900009,Eukaryota
Yersinia enterocolitica,mifst_score,1156.3957873845181,6.038381527776749,1077.4274171180612,1241.2441509530079,Bacteria
Yersinia enterocolitica serotype O:8 / biotype 1B,mifst_score,1642.4417231593418,45.58197770808916,1297.610181296402,2046.500796252627,Bacteria
Yersinia pestis,mifst_score,1701.998000947138,49.18955845133213,968.5119350340232,2222.157655459467,Bacteria
Yersinia pseudotuberculosis serotype IB,mifst_score,1628.7258713616634,31.05912372201345,1365.4771811729163,1872.818475690114,Bacteria
Yersinia pseudotuberculosis serotype O:1b,mifst_score,1464.322996216088,6.808745757165421,1373.3883067366426,1543.6017817183922,Bacteria
Yersinia pseudotuberculosis serotype O:3,mifst_score,1144.7538059821634,34.763247520807994,862.2387399553802,1439.3200288413282,Bacteria
Zea mays,mifst_score,1833.4697334023326,39.42583503163623,1232.4852178286517,2236.335027196634,Eukaryota
Zygnema circumcarinatum,mifst_score,1616.4028932709812,9.86169405836441,1503.4190956913758,1718.0233238511544,Eukaryota
Zygosaccharomyces rouxii,mifst_score,1242.2033869391223,14.743685207767433,1097.3940845027223,1396.8905869912837,Eukaryota
Acetivibrio thermocellus,esm3_struct_cond_score,1906.6909793564635,7.164406602016211,1811.1351401570205,1993.308693290615,Bacteria
Acidianus ambivalens,esm3_struct_cond_score,1129.150784045823,5.275690748825563,1070.7824975960982,1204.5594418043645,Archaea
Acidiphilium cryptum,esm3_struct_cond_score,2200.602448920751,12.588449215261123,2003.0577940341327,2337.480552805921,Bacteria
Acidithiobacillus ferrooxidans,esm3_struct_cond_score,1517.525514718493,3.7494490550615724,1470.5099723292103,1562.9800403667748,Bacteria
Acinetobacter baumannii,esm3_struct_cond_score,1447.8829908416042,42.9860647176182,1058.0456357949831,1924.5994544814048,Bacteria
Acinetobacter baylyi,esm3_struct_cond_score,1594.1386630008617,45.55253274096675,930.9685800525003,2073.1526212515096,Bacteria
Acorus calamus var. americanus,esm3_struct_cond_score,1227.4860643915529,10.052250124323782,1104.4815738595212,1347.1659731062798,Eukaryota
Actinobacillus pleuropneumoniae serotype 5b,esm3_struct_cond_score,1605.137234812775,3.197325407322937,1567.983330855125,1652.9312716706954,Bacteria
Actinobacillus pleuropneumoniae serotype 7,esm3_struct_cond_score,1481.5203197111705,1.3515843848272109,1465.026615936011,1499.1533281944955,Bacteria
Adiantum capillus-veneris,esm3_struct_cond_score,1224.393064850176,7.353937518732004,1138.4886763472107,1312.2752033437896,Eukaryota
Aedes aegypti,esm3_struct_cond_score,1539.1411755039296,42.14323663171394,1090.6932336527218,2098.387976933415,Eukaryota
Aeromonas hydrophila,esm3_struct_cond_score,1907.129855842386,38.19964309438603,1405.0965831839405,2389.298994489653,Bacteria
Aeromonas hydrophila subsp. hydrophila,esm3_struct_cond_score,1742.1413088784254,6.369031700704543,1679.412097192579,1829.5413821193076,Bacteria
Aeromonas salmonicida,esm3_struct_cond_score,1544.8043279623519,27.75324740065866,1211.9543135521337,1809.4586568608272,Bacteria
Aeropyrum pernix,esm3_struct_cond_score,1504.0160166293415,33.24112027991214,1161.937434493764,1886.9795168036749,Archaea
Agrobacterium fabrum,esm3_struct_cond_score,1693.6270156025096,38.121089877207545,1245.904015685024,2218.027168593039,Bacteria
Agrostis stolonifera,esm3_struct_cond_score,1410.1764154331656,8.584925616447553,1291.4306219367702,1503.80459785602,Eukaryota
Ajellomyces capsulatus,esm3_struct_cond_score,1445.2260551278205,17.41263681521948,1295.028853818225,1616.3914498325582,Eukaryota
Alcanivorax borkumensis,esm3_struct_cond_score,1732.2552988480506,5.324753688329967,1666.07683869981,1791.5983850166026,Bacteria
Aliivibrio fischeri,esm3_struct_cond_score,1774.509735759111,33.67092811982851,1444.1420085529896,2155.0240035052416,Bacteria
Alkalihalobacillus clausii,esm3_struct_cond_score,1854.5657428026077,44.388645356361565,1166.1062186883391,2356.498511065769,Bacteria
Alkalihalophilus pseudofirmus,esm3_struct_cond_score,1497.312788379023,9.506505407708493,1393.8063482201896,1619.1821051877018,Bacteria
Alligator mississippiensis,esm3_struct_cond_score,1913.1206515200176,39.09613839789741,1463.3825381335362,2265.1211428669567,Eukaryota
Allochromatium vinosum,esm3_struct_cond_score,1503.9310921580627,3.7571148230163796,1450.7801728238512,1556.8371649834019,Bacteria
Anas platyrhynchos,esm3_struct_cond_score,1773.270884831414,53.46099697788942,1116.9116126904632,2219.831955810755,Eukaryota
Anopheles gambiae,esm3_struct_cond_score,1534.7695494787197,35.846436442209445,1128.7631742739943,1977.5629325784887,Eukaryota
Anopheles quadrimaculatus,esm3_struct_cond_score,2280.971141398165,6.458861592829791,2207.2675555629557,2358.38567788071,Eukaryota
Anthoceros angustus,esm3_struct_cond_score,1312.6041866272142,14.991519781983596,1163.0345207816654,1479.7179974223857,Eukaryota
Apis mellifera,esm3_struct_cond_score,1316.342007011399,32.22837132877369,848.3442322937719,1640.4623837261925,Eukaryota
Aquifex aeolicus,esm3_struct_cond_score,1521.204619056671,52.35221090259536,1015.6410014812217,2332.594598560103,Bacteria
Arabidopsis thaliana,esm3_struct_cond_score,1359.7905298395344,38.51603198848887,913.4201046876724,1825.7607201109897,Eukaryota
Archaeoglobus fulgidus,esm3_struct_cond_score,1444.1013477556376,35.70259681385571,1007.6338380923,1901.713309891248,Archaea
Ashbya gossypii,esm3_struct_cond_score,1290.9105928501979,31.918222186819982,862.2088777994667,1726.4620286764289,Eukaryota
Aspergillus clavatus,esm3_struct_cond_score,1476.1062512787091,25.381797422280556,1179.3949448340277,1718.2510998728312,Eukaryota
Aspergillus flavus,esm3_struct_cond_score,1572.6565753832451,6.970478238997275,1471.8423063798111,1647.3172178056207,Eukaryota
Aspergillus fumigatus,esm3_struct_cond_score,1390.0363078045239,29.42298409214518,1009.072733689923,1820.6344338513632,Eukaryota
Aspergillus niger,esm3_struct_cond_score,1542.4208543057953,16.6194929704304,1352.4077437838268,1718.6952492454786,Eukaryota
Aspergillus oryzae,esm3_struct_cond_score,1510.3149989562653,14.067323944421885,1334.3576767104823,1671.9212703941141,Eukaryota
Azoarcus sp.,esm3_struct_cond_score,1910.691134587213,29.054953097861443,1608.2990343276367,2160.1576875613905,Bacteria
Azospirillum brasilense,esm3_struct_cond_score,1446.676835482303,7.583281543342135,1332.1391495320327,1534.0327412231572,Bacteria
Bacillus anthracis,esm3_struct_cond_score,1873.7980070320334,39.81809602095069,1412.2408407344221,2447.145228975513,Bacteria
Bacillus cereus,esm3_struct_cond_score,1772.0881774966956,35.59231186377061,1418.0405559787905,2177.879316317246,Bacteria
Bacillus cytotoxicus,esm3_struct_cond_score,1881.0901322641398,34.79261148089033,1620.0811147658894,2215.300967562529,Bacteria
Bacillus licheniformis,esm3_struct_cond_score,1973.0329309740282,35.02698381454908,1536.4082515316577,2314.738839036643,Bacteria
Bacillus sp,esm3_struct_cond_score,1332.7364347319806,14.44331385121702,1191.5180848424561,1502.475872053338,Bacteria
Bacillus sp.,esm3_struct_cond_score,1465.1781067687616,20.113198206825377,1206.874496793038,1669.4213995725213,Bacteria
Bacillus spizizenii,esm3_struct_cond_score,1277.2770754682022,20.873411260820625,1046.7980057871723,1492.8458995150622,Bacteria
Bacillus subtilis,esm3_struct_cond_score,1742.2564499479079,35.247485579034276,1211.2712057181413,2171.507442203369,Bacteria
Bacillus thuringiensis,esm3_struct_cond_score,1868.3470666522508,21.252342133122188,1637.65963085946,2091.1804186605154,Bacteria
Bacillus thuringiensis serovar kurstaki,esm3_struct_cond_score,1747.6322364511323,6.297954780279999,1663.4643983869728,1828.505455056486,Bacteria
Bacillus thuringiensis subsp. israelensis,esm3_struct_cond_score,1206.643418469107,5.124928731273907,1151.8539373212147,1280.378055459477,Bacteria
Bacillus thuringiensis subsp. konkukian,esm3_struct_cond_score,1407.8453388325227,3.8343540353925114,1367.5207950301892,1462.721187084542,Bacteria
Balaenoptera musculus,esm3_struct_cond_score,1517.421193240801,11.745216848310386,1376.3690937900394,1648.69532629139,Eukaryota
Balaenoptera physalus,esm3_struct_cond_score,1546.4017633188164,23.785955916400614,1329.325603830179,1811.3445178576922,Eukaryota
Barbarea verna,esm3_struct_cond_score,1340.451618148243,25.663333845926662,1086.6531951199656,1606.5174560410496,Eukaryota
Bartonella bacilliformis,esm3_struct_cond_score,1344.765585935692,15.115147005214974,1156.1376530780497,1491.148316090725,Bacteria
Bifidobacterium longum,esm3_struct_cond_score,1793.0867123553628,7.536334639203168,1654.7139636107809,1871.4489301501592,Bacteria
Bifidobacterium longum subsp. infantis,esm3_struct_cond_score,1607.2436987672495,5.674075508375164,1547.6490416288607,1691.2377669442633,Bacteria
Blastochloris viridis,esm3_struct_cond_score,1509.1014211529791,11.219738389173967,1378.8323651543787,1643.9958644456415,Bacteria
Blastomyces gilchristii,esm3_struct_cond_score,1186.8269511203334,7.474979250802246,1089.2758710688984,1286.9601547566624,Eukaryota
Bordetella pertussis,esm3_struct_cond_score,1698.3430040737512,43.06310464043361,1079.2313326524757,2171.1637844954753,Bacteria
Borreliella burgdorferi,esm3_struct_cond_score,1503.2403943993204,18.759161277091405,1300.274447693234,1717.6180218748102,Bacteria
Bos mutus grunniens,esm3_struct_cond_score,1575.9904076766516,24.09076503422113,1349.5879292593506,1857.3295564799866,Eukaryota
Bos taurus,esm3_struct_cond_score,1547.2230418743102,35.89854355892161,1129.6668673974384,2018.032839787742,Eukaryota
Bradyrhizobium diazoefficiens,esm3_struct_cond_score,1492.9372970069007,30.291769695683197,1214.6426632960495,2012.8794747490167,Bacteria
Branchiostoma floridae,esm3_struct_cond_score,1362.4943332712628,34.8159890576123,875.8918822224247,1642.4707036349673,Eukaryota
Brucella canis,esm3_struct_cond_score,2038.5323574303493,24.70175563354663,1773.2217223828366,2255.531985205454,Bacteria
Brucella melitensis,esm3_struct_cond_score,1697.4227342693518,43.64212612600981,1262.880528673494,2289.037290147353,Bacteria
Brucella melitensis biotype 1,esm3_struct_cond_score,1549.180123722978,5.806252007039174,1483.8818720310437,1624.3478765579277,Bacteria
Brucella melitensis biotype 2,esm3_struct_cond_score,1530.5730911718572,5.610055843839631,1442.8880332964623,1600.795198896055,Bacteria
Brucella ovis,esm3_struct_cond_score,1762.2577517087434,9.166877123008147,1652.9380688244332,1882.4005482820648,Bacteria
Brucella suis biovar 1,esm3_struct_cond_score,1421.8476321982473,17.91461025473321,1230.3161540881076,1589.4456795354677,Bacteria
Brugia malayi,esm3_struct_cond_score,1141.2566783711547,35.17082884318967,770.9621025985415,1660.3762101495875,Eukaryota
Buchnera aphidicola,esm3_struct_cond_score,1295.5755226502915,36.358202435312194,861.6637709003036,1777.6387091436595,Bacteria
Buchnera aphidicola subsp. Acyrthosiphon pisum,esm3_struct_cond_score,1119.373603738029,23.059355141591766,903.0104718653158,1501.609128442993,Bacteria
Buchnera aphidicola subsp. Baizongia pistaciae,esm3_struct_cond_score,1167.6226139848375,8.480623184602674,1085.1371346753986,1281.190853143131,Bacteria
Buchnera aphidicola subsp. Schizaphis graminum,esm3_struct_cond_score,1204.4497728937117,15.980295661177665,1003.8270117494438,1371.4035366531198,Bacteria
Burkholderia cenocepacia,esm3_struct_cond_score,1769.814609452973,61.94387257740639,1243.1944356159663,2346.9555743932547,Bacteria
Burkholderia mallei,esm3_struct_cond_score,1754.0373430390516,38.52661590234554,1284.7326724001095,2322.021167190208,Bacteria
Burkholderia multivorans,esm3_struct_cond_score,1722.9117982036664,21.48804154249043,1527.6911607692648,1913.7889765656078,Bacteria
Buxus microphylla,esm3_struct_cond_score,1190.7049175306345,21.230245730646487,972.8112695957706,1387.2572715996032,Eukaryota
Caenorhabditis briggsae,esm3_struct_cond_score,958.8640277832097,13.954844363309647,773.2068846929243,1156.8152788539028,Eukaryota
Caenorhabditis elegans,esm3_struct_cond_score,1207.5065870290305,32.24042536449508,823.0736799332385,1667.762012523793,Eukaryota
Caldanaerobacter subterraneus,esm3_struct_cond_score,2337.8821599601265,31.88859277125925,1859.5098111799034,2616.8834371651024,Bacteria
Caldivirga maquilingensis,esm3_struct_cond_score,1278.7101153991382,14.820116576573522,1115.153131989912,1442.5933943128841,Archaea
Calycanthus floridus var. glaucus,esm3_struct_cond_score,1170.448741426245,16.47877448126143,990.3211554841017,1337.4458133983812,Eukaryota
Campylobacter fetus subsp. fetus,esm3_struct_cond_score,1864.0659270353892,35.06886827525798,1525.524987497809,2135.4545159800527,Bacteria
Campylobacter jejuni,esm3_struct_cond_score,1440.8116916400481,43.04058716226231,1046.1351401991476,2060.050600212203,Bacteria
Campylobacter jejuni subsp. doylei,esm3_struct_cond_score,1318.8898838012487,3.591162094615875,1266.8099685124926,1360.0921298695357,Bacteria
Campylobacter jejuni subsp. jejuni serotype O:2,esm3_struct_cond_score,1320.7396035202503,8.248668852152942,1229.9230898204685,1443.9283905012785,Bacteria
Campylobacter jejuni subsp. jejuni serotype O:23/36,esm3_struct_cond_score,1406.940974833681,3.491149553573666,1356.551129594649,1447.0660698699978,Bacteria
Candida albicans,esm3_struct_cond_score,1345.202015676432,32.89843540710849,984.0054315919014,1736.8053761681488,Eukaryota
Candida glabrata,esm3_struct_cond_score,1482.0920744914424,19.466531238418305,1153.8838933302982,1647.8696885671852,Eukaryota
Canis lupus,esm3_struct_cond_score,1616.1518979871,28.662562203239073,1188.7822291820016,1994.7488247511028,Eukaryota
Capra hircus,esm3_struct_cond_score,1506.4059228778822,32.12094414928253,1200.9275037329987,1792.3688340190436,Eukaryota
Capsella bursa-pastoris,esm3_struct_cond_score,1140.9945132716773,13.502300526134237,998.5483653438913,1291.4040477749654,Eukaryota
Carassius auratus,esm3_struct_cond_score,1909.0286679410979,10.879973400977471,1753.217756874535,2059.1761683173936,Eukaryota
Carica papaya,esm3_struct_cond_score,1206.8272347094942,25.31355926761342,991.3344418689771,1516.9414350388524,Eukaryota
Caulobacter vibrioides,esm3_struct_cond_score,1684.2761462696506,46.53631401436318,1226.793913693232,2268.4161301914705,Bacteria
Cenarchaeum symbiosum,esm3_struct_cond_score,1201.480788811836,25.629791290613557,914.5916589714091,1459.5326720863645,Archaea
Ceratotherium simum,esm3_struct_cond_score,1660.31879308203,30.530669436665015,1216.735855281469,1938.4968018793181,Eukaryota
Cereibacter sphaeroides,esm3_struct_cond_score,1681.683181287185,44.63193596728682,1099.465122226134,2268.116522172429,Bacteria
Chaetosphaeridium globosum,esm3_struct_cond_score,1579.8497914891593,8.772058221474705,1475.3130062682533,1692.5783948194162,Eukaryota
Chlamydia pneumoniae,esm3_struct_cond_score,974.1316092811288,11.580684855214068,848.9380433960735,1110.4887110275388,Bacteria
Chlamydia trachomatis serovar D,esm3_struct_cond_score,928.1386211109981,6.82717138977403,835.8217234646148,1012.8882407839715,Bacteria
Chlamydia trachomatis serovar L2,esm3_struct_cond_score,1008.5800819160446,4.750716115250871,942.6474828004987,1063.3904529401973,Bacteria
Chlamydomonas reinhardtii,esm3_struct_cond_score,1247.5500248411422,41.14855108155565,866.8796142067872,2017.2967033635564,Eukaryota
Chlorobaculum tepidum,esm3_struct_cond_score,1379.5628552418596,19.426189773863634,1197.0289441488696,1593.185324829473,Bacteria
Chlorobaculum thiosulfatiphilum,esm3_struct_cond_score,1182.7539028315898,10.362166425989738,1058.5097774871097,1303.947519827903,Bacteria
Chlorobium phaeobacteroides,esm3_struct_cond_score,1306.920776436497,19.553319809202502,1104.6510896916786,1488.3244366223967,Bacteria
Chloroflexus aurantiacus,esm3_struct_cond_score,1898.6255906816389,16.87125063977865,1715.088575252221,2056.925901151545,Bacteria
Chromobacterium violaceum,esm3_struct_cond_score,1811.9527274581717,48.82264376137928,1250.104691866856,2333.4738176404253,Bacteria
Citrobacter koseri,esm3_struct_cond_score,1998.6054906264203,30.27454544019167,1626.4112424850312,2281.852141595651,Bacteria
Clostridium acetobutylicum,esm3_struct_cond_score,1812.8221256488587,38.16512084972746,1290.345239249198,2304.697019761649,Bacteria
Clostridium beijerinckii,esm3_struct_cond_score,1985.673531911031,8.486743347940294,1859.0215367253795,2094.6115867146395,Bacteria
Clostridium botulinum,esm3_struct_cond_score,1839.150396488553,6.678952904441537,1747.414219038901,1927.5492603820376,Bacteria
Clostridium kluyveri,esm3_struct_cond_score,1666.8650999819154,48.443297084148526,1219.4179814134473,2092.925023551902,Bacteria
Clostridium perfringens,esm3_struct_cond_score,1431.42007754409,6.884262209476178,1339.908040817547,1537.3203815171303,Bacteria
Coffea arabica,esm3_struct_cond_score,1270.7920881418013,9.034548963473435,1169.5999629152566,1380.519780103434,Eukaryota
Corynebacterium efficiens,esm3_struct_cond_score,1191.0571270678647,19.888956496062377,1010.1535149514469,1404.9728266399256,Bacteria
Corynebacterium glutamicum,esm3_struct_cond_score,1479.7116986824813,42.1579201454271,1063.2513845431758,2128.026777174395,Bacteria
Coturnix japonica,esm3_struct_cond_score,2071.6361037449988,20.239771994676406,1866.7173420450147,2258.1177129226435,Eukaryota
Cricetulus griseus,esm3_struct_cond_score,1493.0714907337021,41.322499015857424,1016.3516203062783,2043.228435931368,Eukaryota
Cronobacter sakazakii,esm3_struct_cond_score,2041.7977285940945,38.99644576925983,1524.9243515990236,2418.8826230450813,Bacteria
Crucihimalaya wallichii,esm3_struct_cond_score,1085.0103270497013,10.683540499551366,972.4038739064383,1195.940671485918,Eukaryota
Cryptococcus deneoformans,esm3_struct_cond_score,1392.059547032642,23.58516888288923,1143.053699077977,1589.4636767043078,Eukaryota
Cucumis sativus,esm3_struct_cond_score,1062.2588198376575,4.5720785193627735,1019.854325306148,1130.5531702325875,Eukaryota
Culex quinquefasciatus,esm3_struct_cond_score,1317.5355449526116,24.991056753586996,1069.890482791728,1646.9918269445454,Eukaryota
Cupriavidus necator,esm3_struct_cond_score,1732.4065297999894,35.03572454452151,1295.1177654384664,2185.026162572473,Bacteria
Cycas taitungensis,esm3_struct_cond_score,1162.2293045684262,4.717118781396313,1102.4781947578647,1216.8176621028279,Eukaryota
Cytophaga hutchinsonii,esm3_struct_cond_score,1217.0796967922508,3.1168061648377967,1168.4755479405756,1256.0445304018876,Bacteria
Danio rerio,esm3_struct_cond_score,1492.9372788172245,41.85028896529695,1005.816577425521,1933.9731942518677,Eukaryota
Dasypus novemcinctus,esm3_struct_cond_score,1729.6845622260373,17.384243885362125,1478.7492777854081,1870.3280725789157,Eukaryota
Daucus carota,esm3_struct_cond_score,1238.7281193930926,22.802981247968624,1055.4820078188072,1474.3654680322225,Eukaryota
Debaryomyces hansenii,esm3_struct_cond_score,1203.6180468793627,29.853479679277118,875.5327701331448,1578.4378660415432,Eukaryota
Deinococcus radiodurans,esm3_struct_cond_score,1508.187124818652,45.80130276561355,973.9158312885504,2103.2464835819064,Bacteria
Dictyostelium discoideum,esm3_struct_cond_score,1268.1250322655267,35.13026485617689,872.7659974481016,1848.9058719348616,Eukaryota
Didelphis virginiana,esm3_struct_cond_score,1435.7375151739056,42.54466306982974,1027.6679391480377,1936.1158669442636,Eukaryota
Drimys granadensis,esm3_struct_cond_score,1215.2287683410377,7.446403400685015,1114.6423355311595,1323.7537343055467,Eukaryota
Drosophila melanogaster,esm3_struct_cond_score,1478.9346224704316,41.83414970596498,989.6173560655865,1969.2383903643586,Eukaryota
Drosophila persimilis,esm3_struct_cond_score,1425.1385299083195,46.06859133187126,1116.444304619067,1890.8344132073819,Eukaryota
Drosophila sechellia,esm3_struct_cond_score,1784.4119387611267,58.51467398618349,1257.3126141509981,2254.6701291923896,Eukaryota
Drosophila simulans,esm3_struct_cond_score,1627.8722783958062,44.91539882082026,1219.9422506061676,2035.2237034332911,Eukaryota
Drosophila willistoni,esm3_struct_cond_score,1353.0254255353482,29.375942531960426,1089.5825425388919,1628.1600297063833,Eukaryota
Drosophila yakuba,esm3_struct_cond_score,1270.4661088882965,14.40836096310091,1109.6628408763074,1430.843441897613,Eukaryota
Dugong dugon,esm3_struct_cond_score,1598.3306649280705,17.114365619426692,1364.274355772321,1781.469851828013,Eukaryota
Emericella nidulans,esm3_struct_cond_score,1389.8984732164345,32.97732151382924,917.0636019303574,1819.8969752873622,Eukaryota
Encephalitozoon cuniculi,esm3_struct_cond_score,1197.39465708833,27.12175842584542,971.4273197613808,1519.4427177283007,Eukaryota
Entamoeba histolytica,esm3_struct_cond_score,1252.452626044957,38.38683937895437,821.3986514816736,1592.4325232630013,Eukaryota
Enterobacter sp.,esm3_struct_cond_score,1923.1034071445238,30.530525212165085,1590.0629588236864,2212.3856476113124,Bacteria
Enterococcus faecalis,esm3_struct_cond_score,1799.3004957263129,37.70279162977786,1094.529623288654,2271.4788644005434,Bacteria
Enterococcus hirae,esm3_struct_cond_score,1519.2554751019477,3.7814033492781305,1457.2627103320422,1561.0147367503437,Bacteria
Equus caballus,esm3_struct_cond_score,1450.9270455204125,29.60980576392523,1126.0804189578243,1776.746112308118,Eukaryota
Erwinia tasmaniensis,esm3_struct_cond_score,1932.4820693174995,29.566402204436695,1509.9007194583014,2312.6286081119183,Bacteria
Escherichia coli,esm3_struct_cond_score,1914.6066630232174,38.66421214025058,1273.5870079970146,2408.7216208068785,Bacteria
Escherichia coli O139:H28,esm3_struct_cond_score,1404.4744278227904,2.5561641317141883,1367.5349573424685,1430.8161256435642,Bacteria
Escherichia coli O157:H7,esm3_struct_cond_score,1689.6146411062684,42.612223077017845,1176.048046396763,2168.987040241992,Bacteria
Escherichia coli O17:K52:H18,esm3_struct_cond_score,1516.0272259709132,2.760489984005951,1473.63600313476,1544.1982725373214,Bacteria
Escherichia coli O1:K1 / APEC,esm3_struct_cond_score,1664.3900114723003,61.052633556150795,1241.110566408429,2229.484230293702,Bacteria
Escherichia coli O45:K1,esm3_struct_cond_score,1599.5757659733872,19.619610941144117,1365.8874464520877,1828.8138064520008,Bacteria
Escherichia coli O6:H1,esm3_struct_cond_score,1447.240593775343,32.770779102314854,1079.4070484572605,1821.6743272965975,Bacteria
Escherichia coli O7:K1,esm3_struct_cond_score,1465.6210295308763,14.573855978622827,1283.8351277795214,1599.449559275893,Bacteria
Escherichia coli O81,esm3_struct_cond_score,1434.3204201718183,2.5767583406245174,1394.365387532114,1465.2789281963512,Bacteria
Escherichia coli O9:H4,esm3_struct_cond_score,1099.8380262136905,6.888001869676326,998.1707771213077,1170.1320187647598,Bacteria
Eucalyptus globulus subsp. globulus,esm3_struct_cond_score,1353.5042085757116,15.636206271498667,1213.241576943148,1537.8002655050307,Eukaryota
Fagopyrum esculentum subsp. ancestrale,esm3_struct_cond_score,1323.8491335784931,34.01338696359852,1007.267870209889,1605.6596187811117,Eukaryota
Felis catus,esm3_struct_cond_score,1625.5780430765415,23.642592400512978,1320.242557055947,1992.0952159112542,Eukaryota
Formosania lacustris,esm3_struct_cond_score,1746.3679081209393,7.357573100396566,1646.4398310694091,1833.9326333505983,Eukaryota
Francisella tularensis subsp. holarctica,esm3_struct_cond_score,1363.9349277854399,2.978154513379989,1320.0039885668646,1397.7027478205473,Bacteria
Francisella tularensis subsp. tularensis,esm3_struct_cond_score,1362.1669175100112,4.498904916110733,1302.2059520135876,1420.4652821875034,Bacteria
Gadus morhua,esm3_struct_cond_score,1979.7777842658727,6.230468528223865,1896.6442983389156,2055.379220646115,Eukaryota
Gallus gallus,esm3_struct_cond_score,1650.8341733525965,30.482977463177868,1260.1979851471542,1998.2704626682714,Eukaryota
Geobacillus kaustophilus,esm3_struct_cond_score,2166.323633977989,39.39764145242176,1422.553537720107,2553.3861302226455,Bacteria
Geobacillus stearothermophilus,esm3_struct_cond_score,1846.02491324894,31.78982951977237,1380.1128601258417,2150.4041074541074,Bacteria
Gibberella zeae,esm3_struct_cond_score,1435.4228349230314,8.469439041753823,1364.8092783588302,1580.3740036933739,Eukaryota
Gorilla gorilla,esm3_struct_cond_score,1544.3282190815528,21.163356187174514,1303.0072855360029,1863.3147511759214,Eukaryota
Gorilla gorilla gorilla,esm3_struct_cond_score,1186.1073922643247,9.918536636807266,1058.476068198709,1326.6645251691557,Eukaryota
Gossypium barbadense,esm3_struct_cond_score,1094.2041755913317,12.957398048241851,901.5318936437367,1189.6760052800364,Eukaryota
Haemophilus ducreyi,esm3_struct_cond_score,1686.7741509284765,6.968100657531179,1599.8931921033952,1769.25381779783,Bacteria
Haemophilus influenzae,esm3_struct_cond_score,1790.0415132253486,50.28689369067624,1089.5893463549592,2297.95934165189,Bacteria
Halalkalibacterium halodurans,esm3_struct_cond_score,1934.1944323282698,37.89756295014963,1364.1291780278232,2308.910990143871,Bacteria
Haloarcula hispanica,esm3_struct_cond_score,1126.8445043145748,2.9025034048041074,1083.2987124808353,1162.5564124382636,Archaea
Haloarcula marismortui,esm3_struct_cond_score,1452.9584633073346,35.516676563100674,1135.1014628392368,1903.800752004254,Archaea
Halobacterium salinarum,esm3_struct_cond_score,1162.65139447909,35.40367404915436,734.2543369509153,1607.901559312073,Archaea
Haloferax mediterranei,esm3_struct_cond_score,1156.601191950492,31.20550219033087,913.6521155448845,1517.0727972496122,Archaea
Haloferax volcanii,esm3_struct_cond_score,1409.0927353754555,29.814684198396005,1099.4675634077655,1897.004719347154,Archaea
Halopiger xanaduensis,esm3_struct_cond_score,1597.1999683056813,26.79160839034075,1313.395899161815,1818.6789819322066,Archaea
Haloquadratum walsbyi,esm3_struct_cond_score,1294.4968313136703,34.50246858635713,922.0257622856775,1711.750539926984,Archaea
Halorhodospira halophila,esm3_struct_cond_score,2012.3670603390167,30.170523351984567,1725.7167624673268,2281.0684273191637,Bacteria
Halorubrum lacusprofundi,esm3_struct_cond_score,1473.1833628604136,10.26971127409999,1352.3448858474997,1613.2905970806469,Archaea
Helianthus annuus,esm3_struct_cond_score,1780.9482080129937,5.924470907510851,1713.931118250235,1868.5363825437341,Eukaryota
Helicobacter pylori,esm3_struct_cond_score,1174.6497639625989,38.880387072890386,795.8225715404153,1808.8705312538627,Bacteria
Homo sapiens,esm3_struct_cond_score,1471.1878517749058,31.09431167362662,1081.4030236947413,1827.0968598912482,Eukaryota
Hordeum vulgare,esm3_struct_cond_score,1319.1256430832175,16.68643750225544,1148.5017179211259,1497.980869150803,Eukaryota
Huperzia lucidula,esm3_struct_cond_score,1087.8442759060977,11.716219941307713,962.1535082268284,1229.8437454263287,Eukaryota
Hydra vulgaris,esm3_struct_cond_score,1469.9898840025114,9.901155753056253,1352.7731384757076,1597.3845506559949,Eukaryota
Hydrogenobacter thermophilus,esm3_struct_cond_score,1483.1595464811255,3.351127822369332,1440.4406980920053,1523.9893032965424,Bacteria
Hylobates lar,esm3_struct_cond_score,1418.0318490651284,9.133515753285328,1284.0894875172037,1515.5476121399254,Eukaryota
Hyperthermus butylicus,esm3_struct_cond_score,1502.0035736823952,40.94557568452653,1019.1855586621855,1947.6972321730475,Archaea
Ignicoccus hospitalis,esm3_struct_cond_score,1643.879210245804,19.13326545150848,1460.092890744008,1863.479775224041,Archaea
Ipomoea purpurea,esm3_struct_cond_score,1457.8906266368465,18.115051931046438,1298.8032914154744,1667.8808523375967,Eukaryota
Jasminum nudiflorum,esm3_struct_cond_score,1461.3235050507071,22.898241877247088,1277.8127737797354,1766.7161638649368,Eukaryota
Klebsiella aerogenes,esm3_struct_cond_score,1661.7858293347156,4.1616243207157275,1609.6014563941023,1721.3816094807557,Bacteria
Klebsiella pneumoniae,esm3_struct_cond_score,2044.6702526459346,28.538078426744566,1626.4604689519992,2367.68510288987,Bacteria
Klebsiella pneumoniae subsp. pneumoniae,esm3_struct_cond_score,1458.9839586660535,4.79699784507304,1397.8515146314235,1511.479667707804,Bacteria
Kluyveromyces lactis,esm3_struct_cond_score,1286.873358473079,29.833803235733154,853.5602674394543,1753.155521906759,Eukaryota
Korarchaeum cryptofilum,esm3_struct_cond_score,1462.4983071242384,8.811804676437193,1351.3080671548605,1565.6967909590558,Archaea
Lactiplantibacillus plantarum,esm3_struct_cond_score,1629.5044878557371,45.559533322862755,1138.2923103090004,2193.5559325539343,Bacteria
Lactococcus lactis,esm3_struct_cond_score,1626.306430230151,30.97959968626189,1229.1667259243695,2032.7699095365824,Bacteria
Lactococcus lactis subsp. cremoris,esm3_struct_cond_score,1171.9912636474917,2.965309246058449,1124.9826238278679,1207.2390068328825,Bacteria
Lactococcus lactis subsp. lactis,esm3_struct_cond_score,1845.5242714831202,31.829937793134956,1531.614757842858,2138.6703020839423,Bacteria
Latimeria chalumnae,esm3_struct_cond_score,1303.9074952118651,40.53230101698657,933.2584098246067,1635.108262663084,Eukaryota
Legionella pneumophila,esm3_struct_cond_score,1482.7017127039287,4.467080251739616,1417.0467949552233,1537.7545985429551,Bacteria
Legionella pneumophila subsp. pneumophila,esm3_struct_cond_score,1380.3171296795567,22.71979240663213,1134.798772916532,1612.9524311770774,Bacteria
Leifsonia xyli subsp. xyli,esm3_struct_cond_score,1626.2113592758933,3.7547659320654447,1580.66696161477,1669.7370802554094,Bacteria
Lemna minor,esm3_struct_cond_score,1172.2212497509436,9.548779752765407,1080.4046763592694,1305.1957658385063,Eukaryota
Lemur catta,esm3_struct_cond_score,1438.810871271789,7.5513563641667725,1336.7151762916262,1530.372098548327,Eukaryota
Lepidium virginicum,esm3_struct_cond_score,1167.7109249328882,6.43167473369429,1089.8801052280073,1262.6971759903988,Eukaryota
Levilactobacillus brevis,esm3_struct_cond_score,1572.2967615810971,6.625651601161975,1505.0979224290202,1651.3819019179648,Bacteria
Liriodendron tulipifera,esm3_struct_cond_score,1054.635704356246,30.081213257682982,828.2435594364334,1512.026543704208,Eukaryota
Listeria monocytogenes,esm3_struct_cond_score,1813.6819050856213,36.06214595314618,1184.4183989574933,2288.902347514263,Bacteria
Listeria monocytogenes serotype 1/2a,esm3_struct_cond_score,1697.5028854627524,5.420307406468,1626.6904266827546,1778.0103104014102,Bacteria
Listeria monocytogenes serovar 1/2a,esm3_struct_cond_score,1462.4216158741497,3.71023481291568,1402.44564286653,1506.640219472652,Bacteria
Lobularia maritima,esm3_struct_cond_score,1342.589634344456,24.570072575327472,1111.256489599259,1636.0861096569213,Eukaryota
Lodderomyces elongisporus,esm3_struct_cond_score,1136.5062429631296,10.808729291268854,988.5814154175604,1289.5086240199,Eukaryota
Lotus japonicus,esm3_struct_cond_score,1100.2291574457754,6.958446629070393,1005.9930992375421,1200.5919543457371,Eukaryota
Loxodonta africana,esm3_struct_cond_score,1489.345608423816,6.433257442597979,1398.4594735324822,1571.8468993582937,Eukaryota
Lumbricus terrestris,esm3_struct_cond_score,1482.6527618216978,21.875560573887007,1265.1619897417393,1689.247790175731,Eukaryota
Lycodon semicarinatus,esm3_struct_cond_score,1351.1264426393952,24.447003768357483,991.9353931653519,1567.515011261674,Eukaryota
Macaca fascicularis,esm3_struct_cond_score,1360.8393632783707,32.58999361294386,941.166992828775,1836.079611706321,Eukaryota
Mammuthus primigenius,esm3_struct_cond_score,1423.6801422894498,11.165553991701294,1269.4258506292567,1557.8363074012568,Eukaryota
Mannheimia succiniciproducens,esm3_struct_cond_score,1891.4216640944576,33.970871104191495,1298.9625483399343,2258.790006880671,Bacteria
Marchantia polymorpha,esm3_struct_cond_score,1556.426364204754,45.69678689867144,1185.8561763775551,2075.713707463535,Eukaryota
Marinobacter nauticus,esm3_struct_cond_score,1914.6516223539938,6.2935041674593615,1821.499329074784,1984.8104146420799,Bacteria
Mesocricetus auratus,esm3_struct_cond_score,1285.6383699748653,41.01862067518953,864.2354042692886,1675.1456889311983,Eukaryota
Mesorhizobium japonicum,esm3_struct_cond_score,1632.3766050585887,48.47762734041826,1057.2466233696755,2252.083955920092,Bacteria
Mesostigma viride,esm3_struct_cond_score,1609.118441434277,18.691197646078113,1402.8341924233507,1776.0135643596354,Eukaryota
Metallosphaera sedula,esm3_struct_cond_score,1079.802327506172,36.74621954627714,719.3242047194703,1485.5493935942206,Archaea
Methanobacterium formicicum,esm3_struct_cond_score,1081.944357754481,10.26440895601698,982.2012429886837,1209.589659824415,Archaea
Methanobrevibacter smithii,esm3_struct_cond_score,1147.1469046682453,19.726704392902974,985.209406445917,1453.2734065953748,Archaea
Methanocaldococcus jannaschii,esm3_struct_cond_score,1440.7643573100752,47.64818923424165,988.2498505414767,2047.2000517222007,Archaea
Methanocella arvoryzae,esm3_struct_cond_score,1774.6576510442746,6.039612385525587,1706.0346545043024,1864.178505699696,Archaea
Methanococcoides burtonii,esm3_struct_cond_score,1517.3124569638273,18.10411401068972,1306.3220697484435,1734.5373641166639,Archaea
Methanococcus aeolicus,esm3_struct_cond_score,1586.1518170080278,35.30636517741531,1189.7622829528277,1903.9398846146958,Archaea
Methanococcus maripaludis,esm3_struct_cond_score,1431.5018217725299,31.016445719093984,957.7798921736194,1757.6215852527096,Archaea
Methanococcus vannielii,esm3_struct_cond_score,1319.9657234088593,28.090237920935287,959.7357777575014,1655.3216062080162,Archaea
Methanocorpusculum labreanum,esm3_struct_cond_score,1072.2144293942138,18.840941856020606,890.33343509807,1309.50326549846,Archaea
Methanoculleus marisnigri,esm3_struct_cond_score,1073.3749244899957,16.11682551333778,942.3331331309411,1317.3870285924709,Archaea
Methanopyrus kandleri,esm3_struct_cond_score,1607.4580805840178,27.709445312912997,1238.527945763622,1933.300060531324,Archaea
Methanoregula boonei,esm3_struct_cond_score,1258.9213509303963,16.348103549478168,1077.446040748501,1403.0741965801778,Archaea
Methanosarcina acetivorans,esm3_struct_cond_score,1230.9695558623143,35.30580218853166,853.000885456157,1694.5570918463745,Archaea
Methanosarcina barkeri,esm3_struct_cond_score,1489.2006250531524,35.570500021068206,959.5115160096108,1800.5715915501391,Archaea
Methanosarcina mazei,esm3_struct_cond_score,1515.5319409186666,36.01173195737198,1094.7754318398916,1948.9462730240316,Archaea
Methanosphaera stadtmanae,esm3_struct_cond_score,1444.8042811600035,18.16113251508326,1274.381496955633,1665.5355630948538,Archaea
Methanosphaerula palustris,esm3_struct_cond_score,1279.71266777039,23.281185213464237,1083.9314322011803,1540.1645150769746,Archaea
Methanospirillum hungatei JF-1,esm3_struct_cond_score,1336.0478780738313,19.825518303840575,1108.706758992055,1588.606116742,Archaea
Methanothermobacter marburgensis,esm3_struct_cond_score,1221.3451763058854,27.679826632709762,986.3816246520508,1545.0550530481414,Archaea
Methanothermobacter thermautotrophicus,esm3_struct_cond_score,1371.1734416813615,38.094804504586214,954.0586667417979,1901.2131494416633,Archaea
Methanothermus fervidus,esm3_struct_cond_score,1333.575271355889,22.662486263012543,1105.8494387308854,1547.3415343307458,Archaea
Methanothrix thermoacetophila,esm3_struct_cond_score,1484.3803240486109,15.97677663140015,1293.1789329547835,1690.6823796131127,Archaea
Methylococcus capsulatus,esm3_struct_cond_score,1778.5201408633975,44.164768247509194,1221.350825792401,2267.476996722346,Bacteria
Meyerozyma guilliermondii,esm3_struct_cond_score,1311.930717967074,23.598067777552448,1013.6626426968153,1496.7445575897602,Eukaryota
Micrococcus luteus,esm3_struct_cond_score,1458.7706891170374,3.444624069320801,1401.343786790966,1491.823379495931,Bacteria
Microcystis aeruginosa,esm3_struct_cond_score,1724.2723408693876,9.85284905610138,1582.1817600147226,1830.0302297092805,Bacteria
Micromonas commoda,esm3_struct_cond_score,1420.7063160723044,8.354212371507344,1329.0890074121025,1530.5390503599835,Eukaryota
Monodelphis domestica,esm3_struct_cond_score,1559.0228688182253,20.304912334843742,1321.9533349735943,1829.716881089315,Eukaryota
Mus musculus,esm3_struct_cond_score,1480.0774059857656,35.445002862390346,1042.667689280491,1967.4412474888175,Eukaryota
Mycobacterium bovis,esm3_struct_cond_score,1670.556929928152,21.889440018356293,1418.2434100896444,1950.4083205429695,Bacteria
Mycobacterium leprae,esm3_struct_cond_score,1380.8988368888176,5.530824463613055,1311.1503668011262,1447.7304748902905,Bacteria
Mycobacterium sp.,esm3_struct_cond_score,1542.785468347514,23.653030433821293,1346.5897626881865,1847.8673866434465,Bacteria
Mycobacterium tuberculosis,esm3_struct_cond_score,1545.0997205903352,38.14157497425755,1119.9911631653054,2168.9286726511236,Bacteria
Mycobacteroides abscessus,esm3_struct_cond_score,1552.1835141810898,4.464387991324506,1505.7650511354939,1623.3362590232061,Bacteria
Mycolicibacterium gilvum,esm3_struct_cond_score,1507.620642639103,50.54311698464956,1219.299411678266,2053.774381791239,Bacteria
Mycolicibacterium paratuberculosis,esm3_struct_cond_score,1510.22320483853,2.720661010957441,1474.6891459896437,1547.0161172865776,Bacteria
Mycolicibacterium smegmatis,esm3_struct_cond_score,1738.0487644573047,36.50023507461362,1388.1104979804827,2267.690308124027,Bacteria
Mycolicibacterium smegmatis155),esm3_struct_cond_score,1679.7509666196995,15.392320856667286,1508.624639239134,1876.2523900679444,Bacteria
Mycoplasma genitalium,esm3_struct_cond_score,1075.3931888197717,23.727691018075046,866.3129178192233,1307.629527278645,Bacteria
Mycoplasma pneumoniae,esm3_struct_cond_score,1027.7179145957275,32.834163803340005,683.3634386566836,1452.6459931235543,Bacteria
Mycosarcoma maydis,esm3_struct_cond_score,1232.8447864775217,36.009732993183896,828.274181910835,1526.9017947552315,Eukaryota
Myxococcus xanthus,esm3_struct_cond_score,1601.3089019357033,20.14880689217722,1408.8243526921988,1839.4785309072274,Bacteria
Nanoarchaeum equitans,esm3_struct_cond_score,1198.1473343393777,39.458919843837364,879.6929364168278,1717.5268773530565,Archaea
Nasturtium officinale,esm3_struct_cond_score,1149.0169548606166,22.681963870560914,932.7166057572913,1380.726988709009,Eukaryota
Natrialba magadii,esm3_struct_cond_score,1235.839732230994,8.251518054456684,1117.447572705938,1360.9731235783925,Archaea
Natronomonas pharaonis,esm3_struct_cond_score,1722.5233422208853,11.332653491962215,1612.6221816359634,1873.8093509252496,Archaea
Neisseria gonorrhoeae,esm3_struct_cond_score,1467.0227810208546,9.009755183805812,1378.5881276226758,1562.211508257756,Bacteria
Neisseria meningitidis,esm3_struct_cond_score,1715.6636313562672,51.12750693852925,1102.587002998438,2227.5798953909516,Bacteria
Nematostella vectensis,esm3_struct_cond_score,1296.9095604187296,23.71496034391045,968.3084693701682,1599.9406701141447,Eukaryota
Neosartorya fischeri,esm3_struct_cond_score,1464.052420331912,28.582165979116077,1222.670162762359,1742.39581259451,Eukaryota
Neurospora crassa,esm3_struct_cond_score,1377.7590448616988,36.5971223158606,897.747491243102,1810.9616071696782,Eukaryota
Nicotiana sylvestris,esm3_struct_cond_score,1139.760047035999,18.42006804526518,990.0238593982328,1384.5887259322374,Eukaryota
Nicotiana tabacum,esm3_struct_cond_score,1339.7332982645885,46.53642417633341,838.8762331950237,2027.2585122306489,Eukaryota
Nitratidesulfovibrio vulgaris,esm3_struct_cond_score,1470.2114472528128,58.10487550804401,918.1264667993728,2102.4258050184185,Bacteria
Nitrosomonas europaea,esm3_struct_cond_score,1080.5448388387063,5.741854628451485,1010.0923281305829,1148.0642654616167,Bacteria
Nitrosopumilus maritimus,esm3_struct_cond_score,1450.8896576577827,11.315794914595251,1307.319493030679,1573.1154949168858,Archaea
Nocardia farcinica,esm3_struct_cond_score,1333.7488944266836,28.95617738284526,986.5450383319205,1611.8803372211607,Bacteria
Nocardioides sp.,esm3_struct_cond_score,1648.5558298532392,20.110793861703026,1467.9747633794946,1910.7667989302743,Bacteria
Nostoc punctiforme,esm3_struct_cond_score,1612.0049123004326,21.212494728677044,1392.4983798434607,1805.8747077853518,Bacteria
Nostoc sp.,esm3_struct_cond_score,1577.4074168347727,44.07077844085742,1012.9923278870187,2162.506274191119,Bacteria
Notamacropus eugenii,esm3_struct_cond_score,1337.3339775988425,23.27788392094575,1100.2434478806113,1566.702322547827,Eukaryota
Oceanobacillus iheyensis,esm3_struct_cond_score,1795.805904568917,40.4572124315853,1157.818790840695,2259.1378726959265,Bacteria
Oenothera berteroana,esm3_struct_cond_score,1639.6436945767775,32.770295346272476,1399.4804483038938,1996.8893729809115,Eukaryota
Oenothera elata subsp. hookeri,esm3_struct_cond_score,1112.5611312918945,16.129743364973482,951.7598548756096,1277.8509383730195,Eukaryota
Ogataea parapolymorpha,esm3_struct_cond_score,1400.1935878573142,10.582286826252616,1267.7823161405292,1517.5698860170125,Eukaryota
Olimarabidopsis pumila,esm3_struct_cond_score,1310.394581839067,33.58103653017279,1032.5185980798256,1663.3753826796974,Eukaryota
Oncorhynchus mykiss,esm3_struct_cond_score,1457.785859699386,45.668019335809596,895.8317172008317,1884.9459211198764,Eukaryota
Ornithorhynchus anatinus,esm3_struct_cond_score,1689.2979387136427,30.976091485794495,1147.242306539483,1949.9205233502425,Eukaryota
Oryctolagus cuniculus,esm3_struct_cond_score,1747.243758692249,29.820014241690373,1311.6502442435587,2044.3126607378983,Eukaryota
Oryza sativa,esm3_struct_cond_score,1377.6329663987794,34.23512042141548,984.5732580354917,1965.9252441108029,Eukaryota
Oryza sativa subsp. indica,esm3_struct_cond_score,1670.8753116967332,14.919906193213638,1457.9889472963644,1822.7382355450857,Eukaryota
Oryza sativa subsp. japonica,esm3_struct_cond_score,1224.3163078046127,42.13814148528651,772.407018200383,1695.8934061538964,Eukaryota
Ostreococcus lucimarinus,esm3_struct_cond_score,1673.3634949538175,6.517558264403134,1605.0536961542261,1772.7855868146162,Eukaryota
Ostreococcus tauri,esm3_struct_cond_score,1437.4543358444923,13.285735494984817,1265.7460992681356,1577.4489849050547,Eukaryota
Ovis aries,esm3_struct_cond_score,1762.6028607087896,27.88885323236054,1357.9116160546077,2047.880895789696,Eukaryota
Paenarthrobacter aurescens,esm3_struct_cond_score,1398.455946292638,11.77206983958321,1267.739440494021,1525.4135904842678,Bacteria
Paenarthrobacter nicotinovorans,esm3_struct_cond_score,1585.7813388185991,22.19530811938546,1359.3208488906537,1802.582886366162,Bacteria
Pan paniscus,esm3_struct_cond_score,1495.6647760802737,12.5855712238883,1335.0396393825413,1645.2627075228377,Eukaryota
Pan troglodytes,esm3_struct_cond_score,1601.1518343684097,18.644740136005893,1353.6278652617918,1856.86030867116,Eukaryota
Papio hamadryas,esm3_struct_cond_score,1791.6702238485045,6.188950302960354,1699.4052000057204,1866.8453222010182,Eukaryota
Paracoccidioides brasiliensis,esm3_struct_cond_score,1077.702923552789,8.313441421023102,976.8824462857638,1185.8132603946615,Eukaryota
Paracoccidioides lutzii,esm3_struct_cond_score,1433.9337660420051,14.49081816113939,1305.0239884853083,1593.3278630239377,Eukaryota
Paracoccus denitrificans,esm3_struct_cond_score,1631.5530163443868,26.752867455994952,1403.3431330589328,2006.6610336953006,Bacteria
Paramagnetospirillum magneticum,esm3_struct_cond_score,1730.2525762048942,4.127758799402402,1680.0941394303975,1793.0174516161846,Bacteria
Paramecium tetraurelia,esm3_struct_cond_score,850.9639219551199,19.553951576662413,598.8856090595004,1060.9519292867042,Eukaryota
Pasteurella multocida,esm3_struct_cond_score,1837.3613794960131,43.27010689153607,1153.8440411565418,2292.186704267402,Bacteria
Paulinella chromatophora,esm3_struct_cond_score,1685.9616294128882,16.529544628871143,1517.590808087114,1847.3705548292842,Eukaryota
Pectobacterium atrosepticum,esm3_struct_cond_score,1915.106676634599,29.988468250291834,1444.535908293609,2215.7636203875227,Bacteria
Pelotomaculum thermopropionicum,esm3_struct_cond_score,1915.9651587308244,40.34428458648497,1596.6693417888355,2280.5564599517347,Bacteria
Penicillium rubens,esm3_struct_cond_score,1233.641843056842,6.596748926486523,1148.434953101934,1324.58081536949,Eukaryota
Persephonella marina,esm3_struct_cond_score,1632.2481445952415,6.809957992016858,1544.372941500206,1712.252428211023,Bacteria
Petromyzon marinus,esm3_struct_cond_score,1551.9707845919113,25.56147855736132,1136.0695931806486,1889.307475079424,Eukaryota
Phaseolus vulgaris,esm3_struct_cond_score,1016.6599497740314,12.135159314805312,875.7860077815919,1157.1655578178918,Eukaryota
Phoca vitulina,esm3_struct_cond_score,1748.3730414241707,9.038342751305402,1649.4583721336653,1847.652075603244,Eukaryota
Photobacterium profundum,esm3_struct_cond_score,1756.2392625274488,44.314509101489875,1141.0457773405521,2183.8666172472244,Bacteria
Photorhabdus laumondii,esm3_struct_cond_score,1809.577709672614,42.462595981027,1193.4231841281176,2278.496798835435,Bacteria
Photorhabdus laumondii subsp. laumondii,esm3_struct_cond_score,1571.4514484432136,5.062889411918655,1510.9942345661868,1626.9500499678431,Bacteria
Physcomitrium patens,esm3_struct_cond_score,1531.7666610541098,10.437555128315026,1387.7285888629208,1645.7509592733356,Eukaryota
Phytophthora infestans,esm3_struct_cond_score,1406.7260660118855,41.08530414061715,778.6513404201238,1776.7052948444752,Eukaryota
Pichia angusta,esm3_struct_cond_score,1358.4646356580195,35.82785503267983,989.3500701062678,1808.3103424381197,Eukaryota
Picosynechococcus sp.,esm3_struct_cond_score,1632.4636277995796,29.928236739534718,1342.748923073733,1879.1988351114937,Bacteria
Picrophilus torridus,esm3_struct_cond_score,1219.6428552507105,30.01827558004848,919.895518611179,1568.3763790357966,Archaea
Pisum sativum,esm3_struct_cond_score,1446.0119815951339,55.58960640671331,857.9789421429714,1937.037238956095,Eukaryota
Plasmodium falciparum,esm3_struct_cond_score,956.3448759246563,36.01310007280769,687.3650250416301,1670.4891212748814,Eukaryota
Platanus occidentalis,esm3_struct_cond_score,1247.4597328678328,28.142358068313396,1015.5392476679558,1511.0341381703429,Eukaryota
Polaromonas naphthalenivorans,esm3_struct_cond_score,1817.3205841171214,19.111346677671605,1596.4929586344056,1975.6016254050633,Bacteria
Pongo abelii,esm3_struct_cond_score,1495.5658160968887,33.93536305305909,1077.7370481931218,1958.1687576557686,Eukaryota
Pongo pygmaeus,esm3_struct_cond_score,1538.9928945963416,20.431034182162517,1329.318850553542,1817.1554619198362,Eukaryota
Populus trichocarpa,esm3_struct_cond_score,1112.6299703919842,16.634596455697498,948.8871112479537,1298.1785453142077,Eukaryota
Porphyromonas gingivalis,esm3_struct_cond_score,1804.385734405778,15.128667028470257,1627.480201106259,1964.6350022908164,Bacteria
Prochlorococcus marinus,esm3_struct_cond_score,1413.265600527036,20.16120287438225,1186.5056167737268,1718.7316311350685,Bacteria
Proteus mirabilis,esm3_struct_cond_score,1922.1716968368814,30.951285210716744,1446.24588461608,2313.5866144665656,Bacteria
Pseudomonas aeruginosa,esm3_struct_cond_score,1870.6845456280778,47.79393852053984,1148.441198233373,2443.47016572432,Bacteria
Pseudomonas fluorescens,esm3_struct_cond_score,1711.2971549692522,8.640257814810745,1593.0548959879382,1821.9091509494801,Bacteria
Pseudomonas paraeruginosa,esm3_struct_cond_score,1989.6421357675206,35.21160579381431,1689.6440908602642,2337.78843657426,Bacteria
Pseudomonas putida,esm3_struct_cond_score,1740.3399275124516,62.026101111951,1026.3520745229464,2321.5347921688312,Bacteria
Pseudomonas sp,esm3_struct_cond_score,1698.5124015890137,8.863499868605164,1611.5769715561444,1805.5057720288692,Bacteria
Pseudomonas sp.,esm3_struct_cond_score,1015.33974053898,5.767922655823087,941.2915820826968,1092.6716312015424,Bacteria
Pseudomonas syringae pv. tomato,esm3_struct_cond_score,2053.3910696449407,9.42414814053308,1934.4960405293646,2148.3512226589696,Bacteria
Pseudomonas taetrolens,esm3_struct_cond_score,1539.2749852994084,5.480169300887333,1480.9192584892771,1616.4277761276587,Bacteria
Pyricularia oryzae,esm3_struct_cond_score,1195.6548951354832,20.99229624842582,924.1077797106232,1369.8612320961643,Eukaryota
Pyrobaculum aerophilum,esm3_struct_cond_score,1214.637431713296,27.499496919617364,928.6742813426985,1637.6715189120814,Archaea
Pyrobaculum arsenaticum,esm3_struct_cond_score,1175.2948595817531,12.093070940762633,1073.646319650011,1333.7756074065298,Archaea
Pyrobaculum calidifontis,esm3_struct_cond_score,1468.4749185683497,22.15090103734442,1219.136629129671,1699.412585339949,Archaea
Pyrobaculum islandicum,esm3_struct_cond_score,1342.6810795826043,40.154390294897425,910.5423467596029,1749.0663485519046,Archaea
Pyrobaculum neutrophilum,esm3_struct_cond_score,1581.8073925837243,7.1220383419578726,1489.4481709650354,1683.6493909530946,Archaea
Pyrococcus abyssi,esm3_struct_cond_score,1761.6876117228137,24.05212636985212,1434.8804231979304,1984.7036623659505,Archaea
Pyrococcus furiosus,esm3_struct_cond_score,1665.700465544075,47.476790028015216,1136.3184177466624,2289.195872192698,Archaea
Pyrococcus horikoshii,esm3_struct_cond_score,1654.9701578285299,47.13773832260628,1183.3149959307225,2207.0866603461695,Archaea
Pyrococcus woesei,esm3_struct_cond_score,1507.116453392907,42.87936793826811,1097.9796779339265,1909.1939336821392,Archaea
Ralstonia solanacearum,esm3_struct_cond_score,1743.719628987676,40.813302869664994,1261.983312617058,2290.6431740915255,Bacteria
Rattus norvegicus,esm3_struct_cond_score,1501.5115156542377,36.6484933186201,1049.0691401090496,1974.8080034030625,Eukaryota
Rhinoceros unicornis,esm3_struct_cond_score,1780.4374280904042,11.21346948954854,1624.0475907770258,1896.4901167148737,Eukaryota
Rhipicephalus sanguineus,esm3_struct_cond_score,1687.5269941501913,29.505757030249907,1430.3826075694515,1950.9421802260317,Eukaryota
Rhizobium meliloti,esm3_struct_cond_score,1739.7951395800283,44.08770219751633,1143.70492164387,2224.7299438079135,Bacteria
Rhodobacter capsulatus,esm3_struct_cond_score,1751.1021409868033,34.82432515495996,1301.000183053663,2081.954346842902,Bacteria
Rhodococcus erythropolis,esm3_struct_cond_score,1346.3722415737302,8.767266302433605,1231.5887078586118,1461.9479127318539,Bacteria
Rhodococcus jostii,esm3_struct_cond_score,1042.371608509263,6.83317179927549,960.4681370740899,1132.5379017235161,Bacteria
Rhodococcus sp,esm3_struct_cond_score,1426.3675953347527,3.1231586726562783,1382.640514312615,1463.1179684176368,Bacteria
Rhodopseudomonas palustris,esm3_struct_cond_score,1581.2665673117403,42.35419204491121,1131.6681045119765,2165.0638264269583,Bacteria
Rhodospirillum rubrum,esm3_struct_cond_score,1960.2420338541176,20.275838872233212,1694.878149441848,2142.752495420716,Bacteria
Rhodovulum sulfidophilum,esm3_struct_cond_score,1371.1319486429836,3.392789455436957,1327.9848008811741,1404.1991503038316,Bacteria
Ricinus communis,esm3_struct_cond_score,1561.2846651110276,18.212045565052737,1372.4454306912157,1740.0435495055142,Eukaryota
Rickettsia conorii,esm3_struct_cond_score,1498.864814600519,17.60626607926678,1304.16213035041,1702.2061422169297,Bacteria
Rickettsia felis,esm3_struct_cond_score,1297.2750535982332,10.110083190710908,1187.8972297602847,1452.2324899732953,Bacteria
Rickettsia prowazekii,esm3_struct_cond_score,1252.1207209639658,31.70048040155408,924.1369221231135,1759.7133036327568,Bacteria
Ruegeria pomeroyi,esm3_struct_cond_score,1527.5521627898515,3.532272074799451,1481.4120405810381,1563.90944026604,Bacteria
Saccharolobus islandicus,esm3_struct_cond_score,1461.1114602717312,26.649643632560483,1114.2333273528272,1728.011013834611,Archaea
Saccharolobus shibatae,esm3_struct_cond_score,1468.8230556516914,8.470127227197889,1374.935874985916,1577.908592167876,Archaea
Saccharolobus solfataricus,esm3_struct_cond_score,1174.9533382984694,44.18914596446962,789.4254744904891,1926.0283839608092,Archaea
Saccharomyces cerevisiae,esm3_struct_cond_score,1282.3053736477027,28.676831000346255,944.6379364314076,1635.040784711746,Eukaryota
Saccharopolyspora erythraea,esm3_struct_cond_score,1663.7373192222858,19.295719836379302,1468.1835959852249,1893.0459195047058,Bacteria
Salmo salar,esm3_struct_cond_score,1788.2009739537666,45.5620121000315,1408.9036937069561,2185.903017497995,Eukaryota
Salmo trutta,esm3_struct_cond_score,1809.502147518935,17.717906534098635,1640.9986910514326,1972.2240693477615,Eukaryota
Salmonella paratyphi B,esm3_struct_cond_score,1829.760250001656,39.306909585502765,1427.3626378057545,2247.4132842302847,Bacteria
Salmonella typhi,esm3_struct_cond_score,1817.8499714382926,31.82119875057717,1484.0928870809435,2098.652012914146,Bacteria
Salmonella typhimurium,esm3_struct_cond_score,1990.6787337131893,36.72033412918714,1424.0516622283874,2474.321788907664,Bacteria
Scheffersomyces stipitis,esm3_struct_cond_score,1374.652354530951,22.759014124082306,1153.9224931039148,1620.8715107675632,Eukaryota
Schistosoma japonicum,esm3_struct_cond_score,1095.8925863476666,30.51613845197702,680.5091328735188,1394.4995901251325,Eukaryota
Schistosoma mansoni,esm3_struct_cond_score,1511.7882757814318,21.780880089969404,1332.4190338018898,1776.645270655736,Eukaryota
Schizosaccharomyces pombe,esm3_struct_cond_score,1324.4524624577823,28.131202388518716,964.3079456232992,1702.1615695001658,Eukaryota
Scyliorhinus canicula,esm3_struct_cond_score,1823.3089240505897,26.019870186563967,1561.1892879901065,2084.303167902545,Eukaryota
Serratia proteamaculans,esm3_struct_cond_score,1924.0794382779413,36.26941527310826,1447.7839048389949,2279.5052303599005,Bacteria
Shewanella baltica,esm3_struct_cond_score,1771.3513591157869,29.928784693697878,1248.7780887610445,2025.709851793835,Bacteria
Shewanella frigidimarina,esm3_struct_cond_score,1359.042438536058,15.95493505017104,1219.3413014898597,1566.9284904600033,Bacteria
Shewanella oneidensis,esm3_struct_cond_score,1721.0306754618055,44.09752897980263,1158.2677624935045,2238.8735615658006,Bacteria
Shewanella putrefaciens,esm3_struct_cond_score,1389.8215961149047,34.293061722240395,1110.541954004613,1725.9372511924669,Bacteria
Shewanella sp.,esm3_struct_cond_score,1682.1733202400417,34.513703408481156,1234.8521195965009,1951.893574283122,Bacteria
Shigella boydii serotype 18,esm3_struct_cond_score,1294.7813914476558,5.912017219981567,1217.8574227681645,1365.464674263619,Bacteria
Shigella flexneri,esm3_struct_cond_score,2025.567628597052,41.98019976934371,1223.2134513642868,2438.0989707390668,Bacteria
Sigmodon hispidus,esm3_struct_cond_score,1161.9726025610307,11.012057576304302,1033.1855236335634,1291.9914754067736,Eukaryota
Sinorhizobium fredii,esm3_struct_cond_score,1777.0473617020011,52.94460766491393,1181.7169753948153,2412.741091194536,Bacteria
Sodalis glossinidius,esm3_struct_cond_score,1836.6397191399983,30.955415425721533,1437.2595841731327,2280.6129196723778,Bacteria
Solanum lycopersicum,esm3_struct_cond_score,1199.678659091731,21.30617467889897,945.1256151893922,1470.792032028829,Eukaryota
Solanum tuberosum,esm3_struct_cond_score,1258.4064068644484,12.97235526409782,1130.0364935683199,1427.3953695521593,Eukaryota
Sordaria macrospora / K-hell),esm3_struct_cond_score,1266.2740176598738,14.854124374050208,1081.125553381827,1432.8680931309093,Eukaryota
Sorghum bicolor,esm3_struct_cond_score,1311.5342103099247,27.752423423146404,976.5198731477823,1562.8125567717489,Eukaryota
Spinacia oleracea,esm3_struct_cond_score,1215.5348945232404,36.82866808196917,854.7101583799604,1629.5430628845274,Eukaryota
Staphylococcus aureus,esm3_struct_cond_score,1622.433457531481,41.11761474354286,986.5868558774248,2116.952784782131,Bacteria
Staphylococcus epidermidis,esm3_struct_cond_score,1169.5803523864495,22.904411661014272,957.6683924135993,1362.607441087604,Bacteria
Staphylococcus haemolyticus,esm3_struct_cond_score,948.1953403836226,4.2541159490375255,900.046997592798,1005.7159448117582,Bacteria
Staurastrum punctulatum,esm3_struct_cond_score,1684.1702238942532,5.039669580371295,1621.4632905839915,1761.299792158482,Eukaryota
Stenotrophomonas maltophilia,esm3_struct_cond_score,1564.5556939444543,32.64055857723172,1207.034320802287,1846.111021349152,Bacteria
Streptococcus gordonii,esm3_struct_cond_score,1755.2145056414927,38.05722419422452,1324.0777114642497,2146.5581746097137,Bacteria
Streptococcus pneumoniae,esm3_struct_cond_score,1596.599170257642,24.108247336521885,1318.0682201880782,1871.1879864619352,Bacteria
Streptococcus pneumoniae serotype 2,esm3_struct_cond_score,1597.8905210923235,6.555204970572175,1518.8157389388705,1669.1374153828438,Bacteria
Streptococcus pneumoniae serotype 4,esm3_struct_cond_score,1655.3835940601546,20.447020585635077,1391.7704401567782,1908.7053706388203,Bacteria
Streptococcus pyogenes,esm3_struct_cond_score,1370.9255086591577,5.173215513746489,1299.3298628380417,1426.3570970147885,Bacteria
Streptococcus pyogenes serotype M1,esm3_struct_cond_score,1462.2684350364161,14.285143530549622,1291.9283415470852,1581.335513333423,Bacteria
Streptococcus pyogenes serotype M3,esm3_struct_cond_score,1331.7998844807444,7.371185437892894,1241.4918647942275,1429.8160730376214,Bacteria
Streptococcus pyogenes serotype M6,esm3_struct_cond_score,1589.7135670060036,4.637809858577424,1525.5131542296933,1638.8592179268737,Bacteria
Streptococcus suis,esm3_struct_cond_score,1868.0840219540532,24.68055369373309,1634.4660699839355,2090.089476477807,Bacteria
Streptomyces arenae,esm3_struct_cond_score,1388.6268429782763,5.060246183850715,1318.4067707883426,1442.3372950224984,Bacteria
Streptomyces avermitilis,esm3_struct_cond_score,1415.752834460643,5.285517501208785,1337.8823584587612,1482.6385787916452,Bacteria
Streptomyces coelicolor,esm3_struct_cond_score,1789.4917850943395,42.236793347874936,1253.1561738451728,2275.6008871388944,Bacteria
Streptomyces coelicolor / M145),esm3_struct_cond_score,1325.0711830518862,28.128534497980358,1057.6422307232929,1739.7419680298833,Bacteria
Streptomyces glaucescens,esm3_struct_cond_score,1388.4735581152677,6.972101344038383,1300.1518419962829,1456.4056482929986,Bacteria
Streptomyces griseus subsp. griseus,esm3_struct_cond_score,1580.5707247396626,10.79862520802822,1468.4111872056528,1713.4915028049525,Bacteria
Streptomyces lavendulae,esm3_struct_cond_score,1501.3688180530985,37.992800192130325,1004.3254922823721,1752.5719287248803,Bacteria
Struthio camelus,esm3_struct_cond_score,1958.9006925112242,10.139522240852008,1855.439149442476,2093.518255781067,Eukaryota
Stutzerimonas stutzeri,esm3_struct_cond_score,1343.1210780866752,22.128583789153737,1138.4838088306503,1577.2013145693827,Bacteria
Sulfolobus acidocaldarius,esm3_struct_cond_score,1094.9541110718458,37.628979655058394,721.100138184176,1543.0993370444603,Archaea
Sulfurisphaera tokodaii,esm3_struct_cond_score,1414.2689936366974,28.608288445813212,1092.9451026776635,1790.4998364586725,Archaea
Sus scrofa,esm3_struct_cond_score,1595.0126976566382,45.13985976302179,1051.0651055296041,2127.848548392478,Eukaryota
Synechococcus elongatus,esm3_struct_cond_score,1624.8931380379495,48.48285474509735,1082.8104642604974,2286.7588221662445,Bacteria
Synechococcus sp.,esm3_struct_cond_score,1371.754471545937,12.859877354008123,1242.1143454412081,1546.944083323445,Bacteria
Synechocystis sp.,esm3_struct_cond_score,1469.5302090350697,43.35537861014047,1047.6710781932504,1989.9792860916818,Bacteria
Syntrophobacter fumaroxidans,esm3_struct_cond_score,1237.038563388148,6.216987033832875,1160.0498119388183,1317.5700069896668,Bacteria
Tachyglossus aculeatus aculeatus,esm3_struct_cond_score,1662.20061816422,20.285384680277165,1444.709173488093,1844.3567925037778,Eukaryota
Taeniopygia guttata,esm3_struct_cond_score,1658.1701871496032,15.857476504151691,1533.8774540805257,1900.06022902629,Eukaryota
Takifugu rubripes,esm3_struct_cond_score,1342.6058018203723,17.888240838458977,1129.8475896317564,1619.3388305590597,Eukaryota
Talaromyces stipitatus,esm3_struct_cond_score,913.5786915639321,8.41055725536496,796.8972949726686,1002.6829127581324,Eukaryota
Tetraodon nigroviridis,esm3_struct_cond_score,2036.8228900046677,6.50769207956749,1951.7058215103175,2123.7504024040823,Eukaryota
Thermococcus gammatolerans,esm3_struct_cond_score,1931.7317969678982,19.337160526540433,1701.1893737667406,2148.504588893939,Archaea
Thermococcus kodakarensis,esm3_struct_cond_score,1685.7277374170446,41.67590385245477,1075.9882185190345,2159.9702172970633,Archaea
Thermococcus litoralis,esm3_struct_cond_score,1972.1900029644864,18.059319913341977,1785.112523128757,2157.644700533744,Archaea
Thermococcus onnurineus,esm3_struct_cond_score,1878.5360835235033,6.488253608665569,1790.8909584077055,1953.5796376917017,Archaea
Thermococcus sibiricus,esm3_struct_cond_score,1517.4139842395782,36.96922741605701,1063.617309111143,1872.8224455008326,Archaea
Thermococcus sp.,esm3_struct_cond_score,1937.6157070761942,7.01858252174246,1856.6120122279985,2040.729876207848,Archaea
Thermofilum pendens,esm3_struct_cond_score,1788.9169374452167,7.074066321615155,1709.9582556738405,1897.4385419834198,Archaea
Thermoplasma acidophilum,esm3_struct_cond_score,1338.3274426259313,41.59706151712894,728.4078049161996,1710.2594721543473,Archaea
Thermoplasma volcanium,esm3_struct_cond_score,1116.355133251276,34.93323569005142,765.3914188623229,1478.945246696699,Archaea
Thermoproteus tenax,esm3_struct_cond_score,1308.9194042670806,23.130022594427647,1088.0250862877117,1566.4718248388376,Archaea
Thermostichus vulcanus,esm3_struct_cond_score,1159.1955173419328,7.824760281864344,1057.78008614866,1266.517983541796,Bacteria
Thermosynechococcus vestitus,esm3_struct_cond_score,1691.3335947878536,45.27057061997461,1129.4665535939382,2257.3454572828214,Bacteria
Thermotoga maritima,esm3_struct_cond_score,1645.470152656883,52.53992872930372,1050.7508506223703,2247.358131301039,Bacteria
Thermus thermophilus,esm3_struct_cond_score,1842.3502916462542,53.5843045142409,1138.172321163036,2262.4713016283836,Bacteria
Toxoplasma gondii,esm3_struct_cond_score,833.3740920836441,10.608367675449985,724.9419279147188,986.7540777700486,Eukaryota
Treponema pallidum,esm3_struct_cond_score,1055.1648940722841,31.251818674435825,727.2979324239886,1511.7759204082986,Bacteria
Treponema pallidum subsp. pallidum,esm3_struct_cond_score,1538.7826293002463,2.4254900248109785,1505.8987228121664,1565.8527844802022,Bacteria
Trichoderma koningii,esm3_struct_cond_score,1542.1998944542124,4.945787377728265,1476.907436777499,1604.1150723661765,Eukaryota
Trichoplax adhaerens,esm3_struct_cond_score,1221.5762919383944,21.31938431631191,968.0695603935949,1462.7148493956695,Eukaryota
Trichormus variabilis,esm3_struct_cond_score,1520.179580483232,45.419923399549724,1164.2223444398005,2288.6807194580842,Bacteria
Triticum aestivum,esm3_struct_cond_score,1200.817586016645,26.805812540576373,958.7709170326023,1651.7740701468394,Eukaryota
Trypanosoma brucei brucei,esm3_struct_cond_score,1027.917136238309,23.348162296463503,808.0104713602844,1331.3778154600182,Eukaryota
Verminephrobacter eiseniae,esm3_struct_cond_score,1861.7786685131357,19.468148547920844,1606.746511861392,2024.018507634223,Bacteria
Vibrio cholerae,esm3_struct_cond_score,1850.2933210713422,39.77584194558021,1277.0718302907865,2275.9519151351865,Bacteria
Vibrio cholerae serotype O1,esm3_struct_cond_score,1496.2971767819001,13.881780221957488,1337.9376015014861,1646.9755456606829,Bacteria
Vibrio parahaemolyticus serotype O3:K6,esm3_struct_cond_score,1686.060341800797,32.53120925623158,1448.7136686266938,1990.7180974863536,Bacteria
Vibrio vulnificus,esm3_struct_cond_score,1508.7298367428025,38.10068189557548,1183.0894661185714,1833.910322209864,Bacteria
Vitis vinifera,esm3_struct_cond_score,1132.1735570564338,15.396006894724541,922.2091819022536,1275.8073392350927,Eukaryota
Xanthobacter autotrophicus,esm3_struct_cond_score,1461.616240320594,24.767967182330217,1217.763553313518,1737.7795022729665,Bacteria
Xanthomonas campestris,esm3_struct_cond_score,1662.6033147325527,44.977278986300256,1089.488579263858,2155.788967323556,Bacteria
Xanthomonas campestris pv. campestris,esm3_struct_cond_score,1688.3615600563455,3.8020359303337217,1639.2544723456217,1732.3394452311677,Bacteria
Xenopus laevis,esm3_struct_cond_score,1502.2784766419572,25.946882836863725,1254.7299062595414,1899.491335560997,Eukaryota
Xenopus tropicalis,esm3_struct_cond_score,1324.1683194056563,28.094920959428784,1006.3566618915045,1771.0234963789978,Eukaryota
Xylella fastidiosa,esm3_struct_cond_score,1350.3501127377597,43.77579389874175,947.6870020504041,1836.8393426828166,Bacteria
Yarrowia lipolytica,esm3_struct_cond_score,1344.0361231456423,35.394230370208795,888.2806792731365,1854.531992586882,Eukaryota
Yersinia enterocolitica,esm3_struct_cond_score,1421.4062909560828,6.737394911671437,1341.5583334787932,1509.8671431090552,Bacteria
Yersinia enterocolitica serotype O:8 / biotype 1B,esm3_struct_cond_score,1484.3728352795204,51.9798636420725,1107.0461985847967,1964.405100860541,Bacteria
Yersinia pestis,esm3_struct_cond_score,1959.2200721656152,43.8441254534907,1277.543881378117,2369.0166194101544,Bacteria
Yersinia pseudotuberculosis serotype IB,esm3_struct_cond_score,1406.1841669422893,7.64053863645469,1323.4311293672972,1499.3738942895793,Bacteria
Yersinia pseudotuberculosis serotype O:1b,esm3_struct_cond_score,1294.2435788595033,6.663045633485628,1203.6971605961553,1371.0863886436944,Bacteria
Yersinia pseudotuberculosis serotype O:3,esm3_struct_cond_score,1227.0447391323457,28.05458371033716,998.6225992355661,1490.2590468165874,Bacteria
Zea mays,esm3_struct_cond_score,1391.8993149232776,33.58783667228712,900.661505280502,1831.0411009246895,Eukaryota
Zygnema circumcarinatum,esm3_struct_cond_score,1502.212554092593,16.288090327743642,1324.8883887136965,1659.1454976047114,Eukaryota
Zygosaccharomyces rouxii,esm3_struct_cond_score,1367.3518352025028,13.162379543831497,1209.311331067137,1508.5686224202425,Eukaryota
Acetivibrio thermocellus,esm3_seq_only_score,1928.8382623480068,6.23456844145824,1863.9166589193885,2012.2312140053066,Bacteria
Acidianus ambivalens,esm3_seq_only_score,1121.2853526923325,5.21956471675299,1059.8441466265988,1193.7049927984006,Archaea
Acidiphilium cryptum,esm3_seq_only_score,2127.4704790717665,7.899287216893865,2008.5487369554544,2216.9751684202433,Bacteria
Acidithiobacillus ferrooxidans,esm3_seq_only_score,1529.4053971661538,3.6794110755871423,1488.714685300355,1574.8587732234305,Bacteria
Acinetobacter baumannii,esm3_seq_only_score,1381.4489709213876,21.98671967119956,1086.582529392872,1581.5328607468075,Bacteria
Acinetobacter baylyi,esm3_seq_only_score,1638.9994355471308,40.46188732011509,1106.2905205528937,2127.4510534766982,Bacteria
Acorus calamus var. americanus,esm3_seq_only_score,1344.3742213345893,18.180168451316398,1179.6269386565823,1564.52901441197,Eukaryota
Actinobacillus pleuropneumoniae serotype 5b,esm3_seq_only_score,1603.4813574421778,3.1183598205771395,1561.2724497887277,1649.520053632958,Bacteria
Actinobacillus pleuropneumoniae serotype 7,esm3_seq_only_score,1453.2248513040872,1.3226088907892415,1435.2866968429291,1467.1382421955477,Bacteria
Adiantum capillus-veneris,esm3_seq_only_score,1294.865098602171,7.106774167519633,1214.4354273357217,1376.9605479489144,Eukaryota
Aedes aegypti,esm3_seq_only_score,1601.6902530596292,42.20587788413953,1122.7629221423845,2136.5862256111986,Eukaryota
Aeromonas hydrophila,esm3_seq_only_score,1896.0272831627922,34.8773490011081,1408.7754317584508,2276.2344345482097,Bacteria
Aeromonas hydrophila subsp. hydrophila,esm3_seq_only_score,1445.2851198863698,6.269252671775818,1380.3748069738717,1526.5562676739617,Bacteria
Aeromonas salmonicida,esm3_seq_only_score,1609.2563900715209,11.981114798172229,1460.0050342378177,1740.2468360488692,Bacteria
Aeropyrum pernix,esm3_seq_only_score,1301.6551338348609,27.410019933369476,1037.3850662056534,1627.328195393896,Archaea
Agrobacterium fabrum,esm3_seq_only_score,1692.357321636821,42.908127923401146,1170.5902317355813,2295.32478042473,Bacteria
Agrostis stolonifera,esm3_seq_only_score,1378.72594785399,16.060785819149867,1205.8978758132396,1526.7142224942659,Eukaryota
Ajellomyces capsulatus,esm3_seq_only_score,1378.7055195242972,12.043840874167024,1265.0978920107282,1513.6131457719623,Eukaryota
Alcanivorax borkumensis,esm3_seq_only_score,1732.882911589909,8.812433129670225,1638.5896250458372,1823.5181833047272,Bacteria
Aliivibrio fischeri,esm3_seq_only_score,1811.1897094574365,27.40852185505947,1503.3545773866442,2104.58210796175,Bacteria
Alkalihalobacillus clausii,esm3_seq_only_score,1945.2617843839523,44.93740288531977,1204.0152142710456,2392.341689477864,Bacteria
Alkalihalophilus pseudofirmus,esm3_seq_only_score,1424.6280770382787,7.256884041169375,1329.2493380649335,1522.0299207916587,Bacteria
Alligator mississippiensis,esm3_seq_only_score,1766.9809787997,36.38435562255085,1446.1909750264558,2136.785413269153,Eukaryota
Allochromatium vinosum,esm3_seq_only_score,1490.9949722834085,3.4832094013346144,1446.314072330921,1545.7768362655584,Bacteria
Anas platyrhynchos,esm3_seq_only_score,1850.1382710907826,51.48454987354229,1124.600632514247,2259.7822999984546,Eukaryota
Anopheles gambiae,esm3_seq_only_score,1574.1537160217763,35.90988394963951,1215.3485707602156,2005.4817077739915,Eukaryota
Anopheles quadrimaculatus,esm3_seq_only_score,2324.463315272724,6.421458150113139,2258.1132454901726,2407.3401765167005,Eukaryota
Anthoceros angustus,esm3_seq_only_score,1388.1313612165093,5.588780855998891,1315.914620738528,1453.4511943516484,Eukaryota
Apis mellifera,esm3_seq_only_score,1313.950992557503,30.5213931150861,855.984912493341,1571.7545450159328,Eukaryota
Aquifex aeolicus,esm3_seq_only_score,1432.6466555006668,55.066675394673425,904.1398888046923,2275.400176384981,Bacteria
Arabidopsis thaliana,esm3_seq_only_score,1339.360696677806,34.43588444955792,871.6925113700718,1786.8828385578909,Eukaryota
Archaeoglobus fulgidus,esm3_seq_only_score,1389.0213975112026,36.80316842624863,930.2392541516318,1898.774677992197,Archaea
Ashbya gossypii,esm3_seq_only_score,1314.9114282709165,33.35754888119248,906.3466249759251,1742.7976903273654,Eukaryota
Aspergillus clavatus,esm3_seq_only_score,1543.4718502568828,20.983983948948413,1265.7867857116405,1744.9989045951643,Eukaryota
Aspergillus flavus,esm3_seq_only_score,1567.1695335600753,6.009960171505541,1492.1180311608086,1638.0057918396835,Eukaryota
Aspergillus fumigatus,esm3_seq_only_score,1453.0769436342641,25.57307728086751,1092.6879473764059,1759.7516796531236,Eukaryota
Aspergillus niger,esm3_seq_only_score,1448.8111741614478,24.140735963491295,1184.4285527812515,1697.1094452654563,Eukaryota
Aspergillus oryzae,esm3_seq_only_score,1464.0979359179037,25.711270199705123,1121.3484035766655,1714.0357440404664,Eukaryota
Azoarcus sp.,esm3_seq_only_score,2026.0826160887932,15.255844967141089,1841.5734735794972,2193.9782668618063,Bacteria
Azospirillum brasilense,esm3_seq_only_score,1431.453216655552,7.825228932373097,1330.639966633439,1506.559210264846,Bacteria
Bacillus anthracis,esm3_seq_only_score,1965.4789454414445,40.23909640970159,1534.4059954268512,2441.0669691192984,Bacteria
Bacillus cereus,esm3_seq_only_score,1810.800180403398,38.72009918602634,1387.3021489142031,2203.129150553435,Bacteria
Bacillus cytotoxicus,esm3_seq_only_score,1872.706942350345,33.653634088640615,1620.8078361256398,2198.7233977554365,Bacteria
Bacillus licheniformis,esm3_seq_only_score,2050.1687355732297,36.975101252069805,1423.2578746299814,2441.4038644061598,Bacteria
Bacillus sp,esm3_seq_only_score,1350.1690230066347,18.477476136607915,1175.1980169325402,1540.9635773522764,Bacteria
Bacillus sp.,esm3_seq_only_score,1310.8926854979725,17.13250691647249,1084.308649779194,1470.266563650764,Bacteria
Bacillus spizizenii,esm3_seq_only_score,1165.0511061643845,11.157931870214274,1033.6425168306284,1294.138795184897,Bacteria
Bacillus subtilis,esm3_seq_only_score,1816.3163300235258,41.137335605815444,1266.2326533987664,2343.703033491908,Bacteria
Bacillus thuringiensis,esm3_seq_only_score,1887.0845606483467,23.81440178559954,1631.8835688766076,2122.577161066937,Bacteria
Bacillus thuringiensis serovar kurstaki,esm3_seq_only_score,1853.3968385323285,6.63762321851512,1753.8528272198573,1931.974279924921,Bacteria
Bacillus thuringiensis subsp. israelensis,esm3_seq_only_score,1155.2442652253833,4.896617297059535,1098.9134141745171,1227.1416426052442,Bacteria
Bacillus thuringiensis subsp. konkukian,esm3_seq_only_score,1321.268349155949,3.285764112841502,1279.5022339044153,1360.4725604389648,Bacteria
Balaenoptera musculus,esm3_seq_only_score,1473.0221772823318,17.94670056668573,1273.6850386056685,1612.1873678662341,Eukaryota
Balaenoptera physalus,esm3_seq_only_score,1633.5406244609997,34.00773330953862,1300.2204315501142,1999.587783046907,Eukaryota
Barbarea verna,esm3_seq_only_score,1365.9156748295122,30.088683329074595,1130.121201341468,1739.058651777951,Eukaryota
Bartonella bacilliformis,esm3_seq_only_score,1339.9094027993845,22.718225943096503,1121.7042335739466,1542.8779501510905,Bacteria
Bifidobacterium longum,esm3_seq_only_score,1598.6688444590054,6.559559432248161,1484.0251259870206,1664.1278325342162,Bacteria
Bifidobacterium longum subsp. infantis,esm3_seq_only_score,1443.932691500681,6.4839590748536535,1372.8211962811474,1534.0918479366856,Bacteria
Blastochloris viridis,esm3_seq_only_score,1550.0191077180104,7.707208971861603,1449.414867877619,1647.6098521864303,Bacteria
Blastomyces gilchristii,esm3_seq_only_score,1083.0400134776055,8.614919190293396,975.7261634626448,1197.0183000759425,Eukaryota
Bordetella pertussis,esm3_seq_only_score,1626.7958024183347,38.533468583601575,1049.040750531529,2203.501346146352,Bacteria
Borreliella burgdorferi,esm3_seq_only_score,1449.8564654341747,14.513635458386407,1297.3295446469144,1565.4528877580833,Bacteria
Bos mutus grunniens,esm3_seq_only_score,1721.7825637444785,15.410890464387336,1588.3351936802642,1905.8555510016545,Eukaryota
Bos taurus,esm3_seq_only_score,1699.523652537304,33.93850463634034,1263.3631092082496,2086.903531585365,Eukaryota
Bradyrhizobium diazoefficiens,esm3_seq_only_score,1504.2033855936572,27.79044932527594,1249.7293068102213,1958.9558460010653,Bacteria
Branchiostoma floridae,esm3_seq_only_score,1355.3715550398358,33.572215933443175,912.8107723877168,1698.6653637170182,Eukaryota
Brucella canis,esm3_seq_only_score,1969.4339560032022,27.33518520633486,1698.515126733282,2209.095888597451,Bacteria
Brucella melitensis,esm3_seq_only_score,1663.9744702882379,42.80784247758508,1218.2091810143465,2254.526274199822,Bacteria
Brucella melitensis biotype 1,esm3_seq_only_score,1515.3764790221778,5.486991364113138,1458.4734446873008,1590.5485784733255,Bacteria
Brucella melitensis biotype 2,esm3_seq_only_score,1368.2349592680955,4.73742023913122,1301.4291295433552,1420.685599746882,Bacteria
Brucella ovis,esm3_seq_only_score,1704.0105895666936,9.550967296093757,1589.6851731956415,1810.73670100528,Bacteria
Brucella suis biovar 1,esm3_seq_only_score,1397.550135629971,26.394242431234893,1169.832929938246,1643.6872263728376,Bacteria
Brugia malayi,esm3_seq_only_score,1224.1984900981618,38.85144305611171,863.7689889313433,1726.0806444557402,Eukaryota
Buchnera aphidicola,esm3_seq_only_score,1308.986524931171,35.36576669634862,914.9893223402244,1712.828310307377,Bacteria
Buchnera aphidicola subsp. Acyrthosiphon pisum,esm3_seq_only_score,1202.6009889343468,23.91061533675349,980.0329751694094,1583.5736740646792,Bacteria
Buchnera aphidicola subsp. Baizongia pistaciae,esm3_seq_only_score,1149.681100171456,6.00895456133689,1090.7328999740314,1233.619151252087,Bacteria
Buchnera aphidicola subsp. Schizaphis graminum,esm3_seq_only_score,1191.4161016137728,19.761272196186493,945.5095500489928,1394.6423638979977,Bacteria
Burkholderia cenocepacia,esm3_seq_only_score,1567.9794139414444,41.726651849038554,1240.448252598319,2060.933307765264,Bacteria
Burkholderia mallei,esm3_seq_only_score,1733.7629275102545,35.32040795558716,1312.1105783358632,2159.0565115155996,Bacteria
Burkholderia multivorans,esm3_seq_only_score,1761.7898740220471,21.104622400222517,1577.3346545919785,1964.6364756960045,Bacteria
Buxus microphylla,esm3_seq_only_score,1001.9398054241902,6.29426027823768,927.067865066603,1079.7119583125386,Eukaryota
Caenorhabditis briggsae,esm3_seq_only_score,942.3147368183003,13.5195423443227,782.3381994540484,1088.8873488295865,Eukaryota
Caenorhabditis elegans,esm3_seq_only_score,1229.8325314458154,33.56337094326098,857.3197701311433,1814.4191157797188,Eukaryota
Caldanaerobacter subterraneus,esm3_seq_only_score,2235.532430514991,36.026928140575414,1662.8833267744303,2594.367297199039,Bacteria
Caldivirga maquilingensis,esm3_seq_only_score,1149.0639589350403,14.035509128628505,1000.3257824974575,1319.504889719817,Archaea
Calycanthus floridus var. glaucus,esm3_seq_only_score,963.437131449985,6.343103322514186,885.5832745347541,1042.7798762227044,Eukaryota
Campylobacter fetus subsp. fetus,esm3_seq_only_score,1796.1215725994907,32.761484615392,1463.1330012285005,2076.7355425547407,Bacteria
Campylobacter jejuni,esm3_seq_only_score,1400.3592776163139,41.9541265430477,1005.0322769874803,1995.0384771003357,Bacteria
Campylobacter jejuni subsp. doylei,esm3_seq_only_score,1379.6675455794261,3.643017032939732,1334.4350833426324,1423.2846465009823,Bacteria
Campylobacter jejuni subsp. jejuni serotype O:2,esm3_seq_only_score,1365.9075232459872,8.759984496081842,1266.7290015026122,1476.3770396830128,Bacteria
Campylobacter jejuni subsp. jejuni serotype O:23/36,esm3_seq_only_score,1386.2103326456104,3.566938626110346,1342.2094367549907,1428.576790952394,Bacteria
Candida albicans,esm3_seq_only_score,1364.8083948837082,34.81656478035425,989.4376943684285,1880.2588266259347,Eukaryota
Candida glabrata,esm3_seq_only_score,1453.23868740782,22.251126680741088,1103.8665089165193,1660.9771158118479,Eukaryota
Canis lupus,esm3_seq_only_score,1755.847893503928,26.44822387147464,1352.1962684700502,2059.212799124527,Eukaryota
Capra hircus,esm3_seq_only_score,1798.9973040724833,12.553809897088632,1650.0720387718272,1927.998689147636,Eukaryota
Capsella bursa-pastoris,esm3_seq_only_score,1221.0896352966447,6.363699719085277,1154.0352573127986,1295.2034247749423,Eukaryota
Carassius auratus,esm3_seq_only_score,1815.0345510943641,21.233857557062212,1588.5565232432978,2064.7233747495893,Eukaryota
Carica papaya,esm3_seq_only_score,1265.1344921440877,17.44459977201156,1069.4139889887072,1448.928334632032,Eukaryota
Caulobacter vibrioides,esm3_seq_only_score,1624.4611489966846,41.773457722335756,1215.645945660079,2205.7897035690944,Bacteria
Cenarchaeum symbiosum,esm3_seq_only_score,974.4505129705535,14.404023598146392,802.7017545742426,1152.9719679673713,Archaea
Ceratotherium simum,esm3_seq_only_score,1796.6588000549539,31.2227400243085,1269.8875419356903,2087.688674008187,Eukaryota
Cereibacter sphaeroides,esm3_seq_only_score,1658.1258835425904,42.378334746225505,1221.7399866013961,2253.9788395124274,Bacteria
Chaetosphaeridium globosum,esm3_seq_only_score,1412.6984251199974,5.438579286237281,1338.0369444860166,1482.830937142227,Eukaryota
Chlamydia pneumoniae,esm3_seq_only_score,981.6011829851592,13.394629835555719,856.704000362689,1140.0825946603284,Bacteria
Chlamydia trachomatis serovar D,esm3_seq_only_score,925.2620573127083,6.873444153879552,836.5668393509591,1002.904675458605,Bacteria
Chlamydia trachomatis serovar L2,esm3_seq_only_score,1015.816628951631,4.342175365991186,958.0821390772071,1067.7735887396188,Bacteria
Chlamydomonas reinhardtii,esm3_seq_only_score,1216.2851024677275,36.23536231241277,859.4400758759974,1745.8019957042147,Eukaryota
Chlorobaculum tepidum,esm3_seq_only_score,1416.6704000440661,19.58282558076553,1232.3111007660716,1638.959210728511,Bacteria
Chlorobaculum thiosulfatiphilum,esm3_seq_only_score,1141.4303184270602,7.648072560997529,1033.9348774648422,1219.3150155330725,Bacteria
Chlorobium phaeobacteroides,esm3_seq_only_score,1236.916922992061,22.29595067588866,1017.2986837308435,1436.1466135379894,Bacteria
Chloroflexus aurantiacus,esm3_seq_only_score,1966.8019245759426,14.558794051945721,1811.2357057485667,2113.691589235003,Bacteria
Chromobacterium violaceum,esm3_seq_only_score,1752.074725797586,48.56161661700454,1244.9194106244354,2322.078272381063,Bacteria
Citrobacter koseri,esm3_seq_only_score,2023.575196334717,30.194901404427867,1566.3015139363574,2346.7429695364804,Bacteria
Clostridium acetobutylicum,esm3_seq_only_score,1826.9309865163973,41.047419117948635,1409.9576293228838,2445.382486112719,Bacteria
Clostridium beijerinckii,esm3_seq_only_score,2018.4355420930428,5.2045426589574255,1960.8289327180569,2097.071507357722,Bacteria
Clostridium botulinum,esm3_seq_only_score,1673.6281346589242,26.150809048950737,1390.4379339823652,1910.4974196009885,Bacteria
Clostridium kluyveri,esm3_seq_only_score,1739.4951828910264,46.49426125837657,1317.3563941776015,2169.6400052465174,Bacteria
Clostridium perfringens,esm3_seq_only_score,1191.449522107903,10.804707300094641,1083.1718309076452,1326.322964175472,Bacteria
Coffea arabica,esm3_seq_only_score,1204.1570815369412,14.995360756587717,1048.0070759946823,1348.4380916250864,Eukaryota
Corynebacterium efficiens,esm3_seq_only_score,1328.605281881719,36.94621444164754,1049.135485573674,1720.251815117776,Bacteria
Corynebacterium glutamicum,esm3_seq_only_score,1422.3385256954714,35.64013389686499,1059.3084698987323,1896.5618528389718,Bacteria
Coturnix japonica,esm3_seq_only_score,2238.162208633608,7.968715420423141,2137.0369496052035,2339.722055273085,Eukaryota
Cricetulus griseus,esm3_seq_only_score,1569.2600111805068,42.154940319785034,1043.0772772911025,2098.404519725026,Eukaryota
Cronobacter sakazakii,esm3_seq_only_score,2071.506823811135,31.19117899874317,1531.400074905687,2357.6264149724548,Bacteria
Crucihimalaya wallichii,esm3_seq_only_score,1124.4817829337126,10.111811849256188,1014.6355782050452,1234.4303631668263,Eukaryota
Cryptococcus deneoformans,esm3_seq_only_score,1209.1406630104736,13.270316120482814,1040.8335918175947,1326.9138977503887,Eukaryota
Cucumis sativus,esm3_seq_only_score,1143.2331166683575,8.685773801397023,1055.5345646012693,1237.7219127036847,Eukaryota
Culex quinquefasciatus,esm3_seq_only_score,1413.9096727392969,24.54500195830465,1174.7493199960782,1788.4625250999543,Eukaryota
Cupriavidus necator,esm3_seq_only_score,1656.6093306738258,25.924051147459945,1297.8963733235325,1927.8031168635484,Bacteria
Cycas taitungensis,esm3_seq_only_score,989.2043159881696,4.639342999641617,937.6968085996679,1043.2509910786002,Eukaryota
Cytophaga hutchinsonii,esm3_seq_only_score,1403.4411205791578,3.2024194840502815,1361.4454352619543,1440.7631363796547,Bacteria
Danio rerio,esm3_seq_only_score,1627.293908771108,36.27125282155213,1121.9370362973266,2066.0008870511247,Eukaryota
Dasypus novemcinctus,esm3_seq_only_score,1806.907224573914,16.864476813834084,1591.096656673211,2019.6773975762187,Eukaryota
Daucus carota,esm3_seq_only_score,1196.8452815209291,8.965037402323004,1096.0800114674341,1311.3967004993053,Eukaryota
Debaryomyces hansenii,esm3_seq_only_score,1244.140360294119,33.105995905751485,915.0697168723609,1685.1120900026656,Eukaryota
Deinococcus radiodurans,esm3_seq_only_score,1367.7210870670451,50.56361213690956,836.008062085534,2099.2776163682693,Bacteria
Dictyostelium discoideum,esm3_seq_only_score,1238.032400915713,29.160363159990375,926.0312671903727,1633.4561530508054,Eukaryota
Didelphis virginiana,esm3_seq_only_score,1551.415682078943,18.87367119708673,1387.18323090297,1770.5638824737393,Eukaryota
Drimys granadensis,esm3_seq_only_score,1114.30871382084,11.19486578542053,967.7254210410404,1243.370505000318,Eukaryota
Drosophila melanogaster,esm3_seq_only_score,1552.0717616833176,39.40467813137429,1141.1675346126224,2067.9316535832713,Eukaryota
Drosophila persimilis,esm3_seq_only_score,1459.1539452194638,47.33217494379037,1137.6363668795905,1945.587802395099,Eukaryota
Drosophila sechellia,esm3_seq_only_score,1801.1101758085194,59.50369205020627,1256.1652447806441,2254.413112821675,Eukaryota
Drosophila simulans,esm3_seq_only_score,1689.6688079777,46.63673723588568,1271.2124473958283,2101.913747838879,Eukaryota
Drosophila willistoni,esm3_seq_only_score,1431.888537758024,31.628429856736574,1173.9389148988178,1730.1589889944696,Eukaryota
Drosophila yakuba,esm3_seq_only_score,1274.0302809793218,18.12956537868147,1105.0730867022132,1462.4632062616301,Eukaryota
Dugong dugon,esm3_seq_only_score,1723.0869944838162,15.775233893732777,1524.829093146249,1888.8660855305404,Eukaryota
Emericella nidulans,esm3_seq_only_score,1433.219441407782,33.59385105888598,997.5271853165834,1793.3838165322052,Eukaryota
Encephalitozoon cuniculi,esm3_seq_only_score,1114.1662389604492,21.922369663039934,918.9062342986776,1371.9308230498814,Eukaryota
Entamoeba histolytica,esm3_seq_only_score,1156.3480259456546,26.32053295127219,841.6412739086053,1454.4564497380516,Eukaryota
Enterobacter sp.,esm3_seq_only_score,1935.7463337301283,30.867766263016023,1441.998926294542,2275.468121573343,Bacteria
Enterococcus faecalis,esm3_seq_only_score,1815.8984535122206,40.3736415413914,1176.4739575548715,2244.428961897095,Bacteria
Enterococcus hirae,esm3_seq_only_score,1517.8728969205038,3.898632583006517,1463.3594189868074,1557.9199355549797,Bacteria
Equus caballus,esm3_seq_only_score,1558.7813458582598,23.740894739028995,1337.2539660972243,1821.055669249914,Eukaryota
Erwinia tasmaniensis,esm3_seq_only_score,1932.7077186761762,32.348384022549304,1493.6750986678712,2343.7833652274926,Bacteria
Escherichia coli,esm3_seq_only_score,1946.8113011405212,42.00209452335936,1291.4592819767788,2398.271395898484,Bacteria
Escherichia coli O139:H28,esm3_seq_only_score,1456.9580369064186,2.3473302460165093,1422.6105900138139,1482.6207656611186,Bacteria
Escherichia coli O157:H7,esm3_seq_only_score,1757.2264304924893,40.49961481368604,1138.8308208430003,2164.372171631136,Bacteria
Escherichia coli O17:K52:H18,esm3_seq_only_score,1510.226820629744,2.6085505407993335,1469.5488539196776,1536.8769067889532,Bacteria
Escherichia coli O1:K1 / APEC,esm3_seq_only_score,1675.9096551609919,67.27323816211849,1221.4509200812397,2285.6565170810263,Bacteria
Escherichia coli O45:K1,esm3_seq_only_score,1757.816237911339,12.059929673751137,1593.85742985273,1872.6685203312281,Bacteria
Escherichia coli O6:H1,esm3_seq_only_score,1512.407866079871,34.36371982325601,1157.6376252058578,1887.2727559119999,Bacteria
Escherichia coli O7:K1,esm3_seq_only_score,1574.3432506349304,5.8657856119764205,1503.7919599737606,1650.568026986433,Bacteria
Escherichia coli O81,esm3_seq_only_score,1509.1790144068414,2.6176754044450594,1468.3914236680623,1538.0345977024306,Bacteria
Escherichia coli O9:H4,esm3_seq_only_score,1195.3876520997635,6.854049214873917,1091.7054081929266,1275.119908190556,Bacteria
Eucalyptus globulus subsp. globulus,esm3_seq_only_score,1307.2837428088644,5.514884711705304,1239.9433401547435,1374.6083525607812,Eukaryota
Fagopyrum esculentum subsp. ancestrale,esm3_seq_only_score,1481.1202578433195,40.93238596635148,1112.3261692443634,1819.9468776971592,Eukaryota
Felis catus,esm3_seq_only_score,1725.0601669220566,22.357776564298124,1313.26618293617,2032.5389227002424,Eukaryota
Formosania lacustris,esm3_seq_only_score,1763.4156048016305,11.127161788250351,1640.3733920330967,1892.3619943251729,Eukaryota
Francisella tularensis subsp. holarctica,esm3_seq_only_score,1440.8864276215731,2.921685597544247,1397.8811177329121,1468.380555324011,Bacteria
Francisella tularensis subsp. tularensis,esm3_seq_only_score,1364.1423638587178,4.536056438577995,1308.6029891493436,1423.6327825789374,Bacteria
Gadus morhua,esm3_seq_only_score,2013.6038832919567,6.195698357544062,1929.6660803654167,2086.493626778471,Eukaryota
Gallus gallus,esm3_seq_only_score,1752.649519894689,30.24427064117644,1395.55663284277,2091.3068889990277,Eukaryota
Geobacillus kaustophilus,esm3_seq_only_score,2193.050022182625,36.843415841220285,1597.0282407052646,2551.564975882041,Bacteria
Geobacillus stearothermophilus,esm3_seq_only_score,1862.666011893787,34.30124236867917,1485.9615781855305,2150.6360661861036,Bacteria
Gibberella zeae,esm3_seq_only_score,1453.6166001500176,8.013216906332607,1371.364146077396,1585.262824363905,Eukaryota
Gorilla gorilla,esm3_seq_only_score,1636.6478660665923,12.229225430526606,1493.7643553125263,1793.6950528135872,Eukaryota
Gorilla gorilla gorilla,esm3_seq_only_score,1233.4399628413582,8.818969843821527,1103.617104774654,1365.8461902102802,Eukaryota
Gossypium barbadense,esm3_seq_only_score,1106.6787196539015,11.357269737495324,942.0622984024982,1200.0053886215348,Eukaryota
Haemophilus ducreyi,esm3_seq_only_score,1887.46406668875,8.168998956697587,1796.2560732423317,1976.5062424957666,Bacteria
Haemophilus influenzae,esm3_seq_only_score,1806.868193157496,48.87393489962177,1051.7189375453206,2278.5846076074636,Bacteria
Halalkalibacterium halodurans,esm3_seq_only_score,2012.5097175415485,32.65864573817,1473.747187293575,2294.7890785078207,Bacteria
Haloarcula hispanica,esm3_seq_only_score,1018.5574259314485,3.5850652168503623,969.004990904425,1058.7150612029384,Archaea
Haloarcula marismortui,esm3_seq_only_score,1413.667919922407,38.108788124431,983.2178049474783,1852.2092123103905,Archaea
Halobacterium salinarum,esm3_seq_only_score,1112.9727305300485,32.708242026890204,758.2538310966759,1646.0924534178214,Archaea
Haloferax mediterranei,esm3_seq_only_score,1115.1083009462845,23.800910307270534,921.7800352340818,1390.7677118567842,Archaea
Haloferax volcanii,esm3_seq_only_score,1336.9367046871826,25.324027149545948,1071.3733654277798,1690.5913010771058,Archaea
Halopiger xanaduensis,esm3_seq_only_score,1604.9091381699038,29.546216664573887,1314.8706296729797,1836.2836402056184,Archaea
Haloquadratum walsbyi,esm3_seq_only_score,1383.7867664089883,31.756706059433714,977.7880364061037,1753.9958875686873,Archaea
Halorhodospira halophila,esm3_seq_only_score,1852.9971387846633,47.35347493961931,1469.7154827840882,2255.944245636934,Bacteria
Halorubrum lacusprofundi,esm3_seq_only_score,1407.12266459999,11.785909357882375,1275.5547016165683,1532.7098766286279,Archaea
Helianthus annuus,esm3_seq_only_score,1817.1571669048908,6.0719788572276325,1754.030011880136,1904.8318499404327,Eukaryota
Helicobacter pylori,esm3_seq_only_score,1163.6550294469887,41.514155868165,710.1471589629526,1901.0930531019258,Bacteria
Homo sapiens,esm3_seq_only_score,1614.0158698010698,30.43732010839362,1239.911450118483,2098.581141555076,Eukaryota
Hordeum vulgare,esm3_seq_only_score,1398.3593466271132,13.211343458018042,1262.6903039504298,1536.9164236156168,Eukaryota
Huperzia lucidula,esm3_seq_only_score,1001.2865148421023,23.355908605311722,826.2607381381141,1284.7733269480032,Eukaryota
Hydra vulgaris,esm3_seq_only_score,1315.6030482953624,14.16607092564402,1116.459962606966,1483.205426494352,Eukaryota
Hydrogenobacter thermophilus,esm3_seq_only_score,1475.6125229462612,3.0113196434469134,1438.3834044498608,1516.1976132724824,Bacteria
Hylobates lar,esm3_seq_only_score,1477.0878024570932,14.016326590149767,1307.7043017124834,1628.1434092271502,Eukaryota
Hyperthermus butylicus,esm3_seq_only_score,1420.9139429253316,33.413971668226004,1111.378113302291,1775.300603065345,Archaea
Ignicoccus hospitalis,esm3_seq_only_score,1566.6915973246225,17.303917199368314,1399.9949917916565,1768.6651853473559,Archaea
Ipomoea purpurea,esm3_seq_only_score,1339.7003249448362,9.29171569007352,1238.975908597205,1466.4671446628997,Eukaryota
Jasminum nudiflorum,esm3_seq_only_score,1329.5666845825513,29.23895315376975,1113.772125571005,1718.669922263668,Eukaryota
Klebsiella aerogenes,esm3_seq_only_score,1680.391015808886,3.9059791382223503,1628.1337771831827,1720.6887539665593,Bacteria
Klebsiella pneumoniae,esm3_seq_only_score,2045.398019579373,27.27602722087509,1653.1203882079465,2368.3195362669235,Bacteria
Klebsiella pneumoniae subsp. pneumoniae,esm3_seq_only_score,1532.0373726711018,4.884786512087735,1464.8035221655996,1587.0211358503925,Bacteria
Kluyveromyces lactis,esm3_seq_only_score,1354.8532317128609,33.520102414374605,875.8487549786216,1790.9115720532277,Eukaryota
Korarchaeum cryptofilum,esm3_seq_only_score,1226.0964544744904,10.181983907938683,1117.4876146569115,1347.3605636925122,Archaea
Lactiplantibacillus plantarum,esm3_seq_only_score,1595.3777559062012,41.0760225204846,1170.6199102504054,2180.4235093939374,Bacteria
Lactococcus lactis,esm3_seq_only_score,1620.4608949640713,32.69888821962252,1249.1887622271404,2065.7848910970515,Bacteria
Lactococcus lactis subsp. cremoris,esm3_seq_only_score,1367.969109568066,3.0127311155798417,1323.8732717647345,1403.4728780286273,Bacteria
Lactococcus lactis subsp. lactis,esm3_seq_only_score,1783.3100108264355,31.56450530418164,1461.4773542787611,2073.4848935503896,Bacteria
Latimeria chalumnae,esm3_seq_only_score,1269.4253407643535,41.60519366482558,880.007774614027,1619.00297825872,Eukaryota
Legionella pneumophila,esm3_seq_only_score,1649.7459090389032,17.552793826858807,1465.7165311388067,1798.0807938561688,Bacteria
Legionella pneumophila subsp. pneumophila,esm3_seq_only_score,1378.821743159475,22.267254026726725,1136.5270624613506,1621.006601502395,Bacteria
Leifsonia xyli subsp. xyli,esm3_seq_only_score,1516.1875915993223,4.729556094982176,1462.6250073290837,1573.1325740130687,Bacteria
Lemna minor,esm3_seq_only_score,1386.7813503371374,9.125363594579852,1267.7039751861919,1504.3561391223125,Eukaryota
Lemur catta,esm3_seq_only_score,1557.7538897445606,16.682969294021273,1367.3933292556565,1755.939010834823,Eukaryota
Lepidium virginicum,esm3_seq_only_score,1215.8639652518677,4.258744847282526,1153.03882892056,1264.7627504529758,Eukaryota
Levilactobacillus brevis,esm3_seq_only_score,1539.3601392494893,6.8220170279511825,1472.2011427343023,1618.7881619371922,Bacteria
Liriodendron tulipifera,esm3_seq_only_score,957.2414927679325,11.278880943441145,831.067296454547,1126.766615928193,Eukaryota
Listeria monocytogenes,esm3_seq_only_score,1851.190823433433,35.455920405592956,1387.8642080591549,2278.7308960799987,Bacteria
Listeria monocytogenes serotype 1/2a,esm3_seq_only_score,1603.1718473789151,9.682504240876849,1491.040117973483,1707.975937486777,Bacteria
Listeria monocytogenes serovar 1/2a,esm3_seq_only_score,1403.03780029764,3.7279273312687486,1352.7080978356894,1439.8169590719774,Bacteria
Lobularia maritima,esm3_seq_only_score,1367.519401405228,27.91980291545767,1136.7943125346906,1771.15999169084,Eukaryota
Lodderomyces elongisporus,esm3_seq_only_score,1208.9366708659086,8.492743245165952,1118.6683899886214,1301.8313078843235,Eukaryota
Lotus japonicus,esm3_seq_only_score,1339.4205820670968,20.516604677446807,1130.4367781509627,1546.8630143898336,Eukaryota
Loxodonta africana,esm3_seq_only_score,1747.590153476641,11.885314255330009,1601.5543943057153,1860.4033359032012,Eukaryota
Lumbricus terrestris,esm3_seq_only_score,1113.9050750804552,16.29402393568411,966.1224693783865,1279.1457963053033,Eukaryota
Lycodon semicarinatus,esm3_seq_only_score,1466.0673129321867,13.481699107410591,1255.2146353730343,1589.5483394371997,Eukaryota
Macaca fascicularis,esm3_seq_only_score,1541.1998515987489,31.367076116419412,1149.035705785733,1954.2762417836384,Eukaryota
Mammuthus primigenius,esm3_seq_only_score,1419.2205141423149,35.76569612904416,1072.2318298381738,1704.8204239500758,Eukaryota
Mannheimia succiniciproducens,esm3_seq_only_score,1897.5152915031044,31.935970848077385,1422.8383127523302,2277.970918196571,Bacteria
Marchantia polymorpha,esm3_seq_only_score,1492.8387537600775,16.904722986189398,1319.8489087820599,1698.5180354012007,Eukaryota
Marinobacter nauticus,esm3_seq_only_score,1953.6400784722157,6.538293888080484,1870.322125437864,2022.3058079915454,Bacteria
Mesocricetus auratus,esm3_seq_only_score,1408.8155112843367,51.335149060344826,884.361593813091,1864.58844873053,Eukaryota
Mesorhizobium japonicum,esm3_seq_only_score,1666.641933776609,42.41268480823206,1074.42150677278,2098.5140507774577,Bacteria
Mesostigma viride,esm3_seq_only_score,1432.3854645090535,5.877066330587351,1361.0741384449818,1507.3434714275745,Eukaryota
Metallosphaera sedula,esm3_seq_only_score,1038.869773672758,33.58536592388387,714.6525479367648,1434.9447437515728,Archaea
Methanobacterium formicicum,esm3_seq_only_score,1097.3637429772332,10.07019830530383,997.3204975842372,1220.827910335043,Archaea
Methanobrevibacter smithii,esm3_seq_only_score,1100.778256204996,21.02260894701052,924.2405934539871,1431.4471713443575,Archaea
Methanocaldococcus jannaschii,esm3_seq_only_score,1363.6877459026232,45.54905463552497,957.6046415764471,1923.3107625184914,Archaea
Methanocella arvoryzae,esm3_seq_only_score,1731.4880736847792,6.819579067880718,1635.9289078037839,1831.72494237357,Archaea
Methanococcoides burtonii,esm3_seq_only_score,1563.6411676505702,20.681474305584118,1327.027954600088,1856.479696716402,Archaea
Methanococcus aeolicus,esm3_seq_only_score,1553.5764358776673,25.397171153428697,1280.8102743340046,1817.367785709518,Archaea
Methanococcus maripaludis,esm3_seq_only_score,1446.7954953746812,27.82613785641701,1026.5077787019663,1723.464783388443,Archaea
Methanococcus vannielii,esm3_seq_only_score,1295.5788147253186,26.542491824144417,1041.940280867586,1639.2047375021418,Archaea
Methanocorpusculum labreanum,esm3_seq_only_score,1039.5368330517313,19.67428118898606,840.627114127022,1292.7062716198661,Archaea
Methanoculleus marisnigri,esm3_seq_only_score,1183.2537627059644,18.41703044835154,993.2763184982164,1420.3763931232875,Archaea
Methanopyrus kandleri,esm3_seq_only_score,1499.4443890196815,39.02009919401174,1031.8979399852258,1866.3401261657039,Archaea
Methanoregula boonei,esm3_seq_only_score,1220.5937728171746,15.460371656422502,1083.7992095669927,1389.0572012415175,Archaea
Methanosarcina acetivorans,esm3_seq_only_score,1187.1738003906487,32.8678368129509,862.4357957957583,1694.0695443373013,Archaea
Methanosarcina barkeri,esm3_seq_only_score,1447.106407533794,36.404280797138675,945.7938390599169,1834.0245116417404,Archaea
Methanosarcina mazei,esm3_seq_only_score,1394.5025029214858,25.107635271519687,1077.3563859933206,1717.19777549516,Archaea
Methanosphaera stadtmanae,esm3_seq_only_score,1266.0735537138278,10.920683145174655,1144.6621225957044,1389.0036864723718,Archaea
Methanosphaerula palustris,esm3_seq_only_score,1284.0789496159623,27.07778263280556,1066.136854111646,1587.0151953165212,Archaea
Methanospirillum hungatei JF-1,esm3_seq_only_score,1314.47474691981,14.838230534436494,1161.3208130127498,1502.9250515371284,Archaea
Methanothermobacter marburgensis,esm3_seq_only_score,1361.3058524346798,23.148825581837404,1160.5288378014068,1647.7937204122304,Archaea
Methanothermobacter thermautotrophicus,esm3_seq_only_score,1334.1009441016465,34.803062644029296,934.3399680344756,1739.8859727654583,Archaea
Methanothermus fervidus,esm3_seq_only_score,1397.9352545945592,17.944297830314085,1217.138281171061,1556.1598601172393,Archaea
Methanothrix thermoacetophila,esm3_seq_only_score,1513.7664072619227,30.55262872452165,1191.79140401787,1810.818248326358,Archaea
Methylococcus capsulatus,esm3_seq_only_score,1771.6045300788546,40.67297668943273,1320.497170026071,2216.008101732466,Bacteria
Meyerozyma guilliermondii,esm3_seq_only_score,1371.4625277833172,12.35139620484928,1178.2088606475877,1484.2225793621305,Eukaryota
Micrococcus luteus,esm3_seq_only_score,1483.0467456535805,2.6736287035965347,1448.8963609445354,1513.930105659885,Bacteria
Microcystis aeruginosa,esm3_seq_only_score,1815.502597402833,10.826590993116485,1657.8979260241954,1933.8171943639495,Bacteria
Micromonas commoda,esm3_seq_only_score,1360.8652216833675,7.351298787787017,1271.6149195018756,1469.5742966276118,Eukaryota
Monodelphis domestica,esm3_seq_only_score,1653.119165151896,18.005129060182682,1394.3933610257245,1869.133614413022,Eukaryota
Mus musculus,esm3_seq_only_score,1623.2546936600463,36.36634781705353,1211.4555224828935,2171.5558083150545,Eukaryota
Mycobacterium bovis,esm3_seq_only_score,1661.7839732418788,22.769766888385682,1392.281450275213,1943.7160932994825,Bacteria
Mycobacterium leprae,esm3_seq_only_score,1331.6795026674795,12.56671636100499,1213.9634939016228,1470.9753293256613,Bacteria
Mycobacterium sp.,esm3_seq_only_score,1572.289201743459,11.913802428361192,1441.3490067567334,1699.4848167434473,Bacteria
Mycobacterium tuberculosis,esm3_seq_only_score,1492.1038390641977,32.473904766507665,1138.3259373508918,1920.7554945376858,Bacteria
Mycobacteroides abscessus,esm3_seq_only_score,1471.1285458015304,3.975444592544688,1432.2482776202608,1527.9321512245315,Bacteria
Mycolicibacterium gilvum,esm3_seq_only_score,1533.5284578339226,52.3485360310499,1231.729266507379,2101.2565971037475,Bacteria
Mycolicibacterium paratuberculosis,esm3_seq_only_score,1482.10563867891,2.2922516658847125,1452.2547634733803,1515.48126862965,Bacteria
Mycolicibacterium smegmatis,esm3_seq_only_score,1672.4261861118073,35.46859245436509,1356.3461877371424,2224.6596423500137,Bacteria
Mycolicibacterium smegmatis155),esm3_seq_only_score,1622.8604344774828,16.320790458026565,1414.8707589216126,1834.7242694032825,Bacteria
Mycoplasma genitalium,esm3_seq_only_score,1110.713400769236,26.943722578134363,881.7274480710648,1351.1040070131742,Bacteria
Mycoplasma pneumoniae,esm3_seq_only_score,1002.4245122278572,33.486165238763434,639.6989382182584,1425.4304356837695,Bacteria
Mycosarcoma maydis,esm3_seq_only_score,1231.2306102744228,36.59864430542257,886.2592120685645,1536.1270522226685,Eukaryota
Myxococcus xanthus,esm3_seq_only_score,1555.2218099702704,19.459689559781015,1369.629852449046,1775.870269725184,Bacteria
Nanoarchaeum equitans,esm3_seq_only_score,1035.2744455810948,33.32959562057451,688.7978213031056,1517.8177268822592,Archaea
Nasturtium officinale,esm3_seq_only_score,1243.4167729547821,11.552256161747213,1134.1396255552484,1368.40541788267,Eukaryota
Natrialba magadii,esm3_seq_only_score,1238.185159210502,6.630976480102791,1145.9463633635296,1309.391919841285,Archaea
Natronomonas pharaonis,esm3_seq_only_score,1662.722019544146,18.305038458699762,1476.5609997069475,1894.6222235793246,Archaea
Neisseria gonorrhoeae,esm3_seq_only_score,1496.6657546401195,4.492307071385151,1440.0473723566756,1579.3325493737284,Bacteria
Neisseria meningitidis,esm3_seq_only_score,1648.9721234392032,46.743445358631945,1006.7401815419886,2190.458558740506,Bacteria
Nematostella vectensis,esm3_seq_only_score,1508.320469199429,25.54239663119934,1177.07847762033,1872.3821913497227,Eukaryota
Neosartorya fischeri,esm3_seq_only_score,1453.9628775358412,29.666709520252546,1123.5504834548915,1738.0091305098435,Eukaryota
Neurospora crassa,esm3_seq_only_score,1452.5411465892746,35.6341037458663,976.3666984437326,1867.6078485416729,Eukaryota
Nicotiana sylvestris,esm3_seq_only_score,1242.9400874713947,5.5687872425434275,1176.8218483748558,1322.438294002934,Eukaryota
Nicotiana tabacum,esm3_seq_only_score,1410.0616120093619,58.79191616559174,786.8672541227514,2143.9769511530735,Eukaryota
Nitratidesulfovibrio vulgaris,esm3_seq_only_score,1407.9048118141561,55.82707149754291,943.9787610794154,2078.7281062874463,Bacteria
Nitrosomonas europaea,esm3_seq_only_score,1093.521213652428,5.26080224098803,1033.5813391869117,1161.752763062961,Bacteria
Nitrosopumilus maritimus,esm3_seq_only_score,1305.8449776506045,9.936063341694418,1182.0215670534226,1437.4043603086068,Archaea
Nocardia farcinica,esm3_seq_only_score,1216.4513956713809,25.709915867563396,949.4703621060694,1525.0011570667923,Bacteria
Nocardioides sp.,esm3_seq_only_score,1627.6938693113539,22.859872624410897,1408.3043536380708,1909.1431587067493,Bacteria
Nostoc punctiforme,esm3_seq_only_score,1592.2986686984552,30.557545342523454,1283.610380002022,1837.6580601622213,Bacteria
Nostoc sp.,esm3_seq_only_score,1462.3449561668722,37.77482924461895,1104.0553981796943,2075.092605832788,Bacteria
Notamacropus eugenii,esm3_seq_only_score,1314.0063536927157,25.09755565977093,1134.0509406206334,1641.718114071513,Eukaryota
Oceanobacillus iheyensis,esm3_seq_only_score,1822.9359934299605,31.548404469820934,1388.8308229822715,2262.083635901045,Bacteria
Oenothera berteroana,esm3_seq_only_score,1723.312144692538,29.1078676066047,1497.9443123375029,2047.032169718234,Eukaryota
Oenothera elata subsp. hookeri,esm3_seq_only_score,1033.3232716689265,5.5073252503892185,967.9994490327609,1106.7311676743177,Eukaryota
Ogataea parapolymorpha,esm3_seq_only_score,1571.497695330327,14.731334633137465,1435.2772261564512,1736.0688239747928,Eukaryota
Olimarabidopsis pumila,esm3_seq_only_score,1402.790293697447,36.254896908520045,1144.9998803534284,1779.3686906772134,Eukaryota
Oncorhynchus mykiss,esm3_seq_only_score,1505.5575359433276,47.64167538201506,927.5994740993868,1990.6853481457154,Eukaryota
Ornithorhynchus anatinus,esm3_seq_only_score,1734.1061110535554,21.839953790244156,1352.817581028819,1922.1446420712289,Eukaryota
Oryctolagus cuniculus,esm3_seq_only_score,1797.4657186551783,28.33669616909005,1377.4088138737206,2043.0698459564492,Eukaryota
Oryza sativa,esm3_seq_only_score,1450.3164756732374,33.622400347828616,1086.0102866838984,1998.0015369401387,Eukaryota
Oryza sativa subsp. indica,esm3_seq_only_score,1555.7181008317887,10.189676946165974,1444.1228304901108,1689.9357143369684,Eukaryota
Oryza sativa subsp. japonica,esm3_seq_only_score,1241.0544668450855,38.59436355113047,851.0648127835226,1696.049109472685,Eukaryota
Ostreococcus lucimarinus,esm3_seq_only_score,1672.1320281339597,7.241246693353689,1590.7516267912351,1756.9621950279368,Eukaryota
Ostreococcus tauri,esm3_seq_only_score,1499.5686022252485,17.91173013309937,1307.2486423755038,1685.2441211041769,Eukaryota
Ovis aries,esm3_seq_only_score,1879.2707336252354,21.347561187544596,1526.7600999964902,2061.9162778826253,Eukaryota
Paenarthrobacter aurescens,esm3_seq_only_score,1343.9625241496885,12.659702886066977,1216.6491290045176,1475.8017889930597,Bacteria
Paenarthrobacter nicotinovorans,esm3_seq_only_score,1581.1820225910833,22.496323405394286,1359.966339437774,1788.454493230309,Bacteria
Pan paniscus,esm3_seq_only_score,1523.1567685649702,19.806606649611716,1242.5585794763128,1676.0826095024752,Eukaryota
Pan troglodytes,esm3_seq_only_score,1672.9532664696092,14.43173049603834,1496.9289782437745,1838.2077816925823,Eukaryota
Papio hamadryas,esm3_seq_only_score,1620.1169491163766,9.163275219136963,1520.4605684362675,1726.1065456033905,Eukaryota
Paracoccidioides brasiliensis,esm3_seq_only_score,1034.9916346408222,7.5570530716611,938.023250686573,1133.601809500023,Eukaryota
Paracoccidioides lutzii,esm3_seq_only_score,1247.2845571661892,6.269648747975055,1168.611367298601,1315.1473958748863,Eukaryota
Paracoccus denitrificans,esm3_seq_only_score,1621.9308188559444,31.801081001893742,1293.2248558118592,2029.36057602948,Bacteria
Paramagnetospirillum magneticum,esm3_seq_only_score,1727.3538356920526,3.6741978664243664,1678.5687072551398,1769.381886921712,Bacteria
Paramecium tetraurelia,esm3_seq_only_score,875.6179015316116,22.430276123489975,611.0015421863336,1238.668595092929,Eukaryota
Pasteurella multocida,esm3_seq_only_score,1904.881144724621,41.86730329525808,1440.7144586447623,2293.9813279956584,Bacteria
Paulinella chromatophora,esm3_seq_only_score,1731.7626006134954,18.651730661926145,1542.3658926187613,1912.5146772820312,Eukaryota
Pectobacterium atrosepticum,esm3_seq_only_score,1943.0161085286757,31.278824559694886,1575.9584299294042,2373.195334145745,Bacteria
Pelotomaculum thermopropionicum,esm3_seq_only_score,1929.7921804833097,40.0056469809529,1641.993391916195,2291.0412530905496,Bacteria
Penicillium rubens,esm3_seq_only_score,1187.7122157763663,6.823149559666272,1092.744719189163,1270.0322226057174,Eukaryota
Persephonella marina,esm3_seq_only_score,1767.3343625676955,13.716366026123913,1625.076343290921,1931.2864734828242,Bacteria
Petromyzon marinus,esm3_seq_only_score,1553.0366808544093,15.959037586760026,1315.8452456300342,1740.5414807534294,Eukaryota
Phaseolus vulgaris,esm3_seq_only_score,1035.3757090020208,5.135879316774522,979.6856345868273,1098.4917209488488,Eukaryota
Phoca vitulina,esm3_seq_only_score,1733.8941484026782,6.858369640830884,1645.964429132903,1830.2192702018165,Eukaryota
Photobacterium profundum,esm3_seq_only_score,1791.8156111427008,36.532906703751486,1347.2459627510584,2247.819311616622,Bacteria
Photorhabdus laumondii,esm3_seq_only_score,1897.37816976444,35.72182517469245,1384.3350012143094,2257.213752273512,Bacteria
Photorhabdus laumondii subsp. laumondii,esm3_seq_only_score,1392.511897679714,4.265916930554695,1335.42168614036,1436.5552242856463,Bacteria
Physcomitrium patens,esm3_seq_only_score,1450.5035480342997,7.0481747739350915,1355.8488010693245,1533.8678727029321,Eukaryota
Phytophthora infestans,esm3_seq_only_score,1373.0617516719954,40.07222858972758,734.713455927959,1761.083559257232,Eukaryota
Pichia angusta,esm3_seq_only_score,1210.0163723969958,39.2470559615014,905.9644778562102,1729.2790923572566,Eukaryota
Picosynechococcus sp.,esm3_seq_only_score,1691.5519156519545,31.63699397924565,1383.5358643242748,1945.4961635189995,Bacteria
Picrophilus torridus,esm3_seq_only_score,1096.0538183699482,14.796395926294332,896.3542207510677,1255.3298749457413,Archaea
Pisum sativum,esm3_seq_only_score,1487.4584011062573,58.51494573440953,877.2706928798038,1978.2872455066038,Eukaryota
Plasmodium falciparum,esm3_seq_only_score,982.2088088136478,33.986343409745366,703.2632701639966,1638.183140534878,Eukaryota
Platanus occidentalis,esm3_seq_only_score,1044.5310089595846,8.703063153095846,956.5945937792642,1151.2953910045796,Eukaryota
Polaromonas naphthalenivorans,esm3_seq_only_score,1840.1911545500873,19.100394942766545,1627.897918796402,2001.3443494311018,Bacteria
Pongo abelii,esm3_seq_only_score,1613.4837292793045,34.57552002071634,1166.0958216212962,2097.519921451339,Eukaryota
Pongo pygmaeus,esm3_seq_only_score,1685.0781813390472,22.960993431682503,1448.2724637019592,1952.3531567709158,Eukaryota
Populus trichocarpa,esm3_seq_only_score,1072.9515279003017,15.995688676883084,890.1714972403432,1250.5878190103424,Eukaryota
Porphyromonas gingivalis,esm3_seq_only_score,1876.8263015718785,15.480276810793635,1714.9293808072164,2027.7146790017098,Bacteria
Prochlorococcus marinus,esm3_seq_only_score,1450.1991235273736,18.326705287433544,1222.2051940317713,1696.3193935672143,Bacteria
Proteus mirabilis,esm3_seq_only_score,1978.5434886491078,31.759778551948422,1431.7792561006675,2341.4522813898175,Bacteria
Pseudomonas aeruginosa,esm3_seq_only_score,1913.016182860693,41.50343649284675,1237.0730027418788,2450.5242520820725,Bacteria
Pseudomonas fluorescens,esm3_seq_only_score,1858.4198656739409,8.765941232149524,1745.3730940918424,1973.9489694861888,Bacteria
Pseudomonas paraeruginosa,esm3_seq_only_score,2233.660842351251,23.27254080178356,2032.3453300716928,2479.188159437229,Bacteria
Pseudomonas putida,esm3_seq_only_score,1820.097837863753,63.49161563706814,1071.4737253674484,2460.0228007117794,Bacteria
Pseudomonas sp,esm3_seq_only_score,1654.7643434509632,5.794449785478068,1592.1219714421602,1728.2285190944788,Bacteria
Pseudomonas sp.,esm3_seq_only_score,990.4155859362711,4.903501562743755,926.4213772071141,1050.561876469783,Bacteria
Pseudomonas syringae pv. tomato,esm3_seq_only_score,2013.7426273830488,14.214158562483227,1855.7114246017668,2136.18538531651,Bacteria
Pseudomonas taetrolens,esm3_seq_only_score,1522.6216316678137,5.251453807313829,1449.993821487841,1588.9679061480647,Bacteria
Pyricularia oryzae,esm3_seq_only_score,1030.3682574453426,20.4718349129394,810.7566310206411,1244.9953902938557,Eukaryota
Pyrobaculum aerophilum,esm3_seq_only_score,1095.3764717532883,31.62313916930636,744.5528310634314,1507.7493944502066,Archaea
Pyrobaculum arsenaticum,esm3_seq_only_score,1107.2450196413658,7.554332505489129,1010.7645391092174,1195.9761110713807,Archaea
Pyrobaculum calidifontis,esm3_seq_only_score,1354.9026297649648,25.55744999587653,1034.9761734182448,1657.9707631324745,Archaea
Pyrobaculum islandicum,esm3_seq_only_score,1179.123098473589,35.33498958301198,837.7161184614376,1515.0161955967035,Archaea
Pyrobaculum neutrophilum,esm3_seq_only_score,1357.4228560432748,5.619951393967772,1291.262489355886,1440.6472599013048,Archaea
Pyrococcus abyssi,esm3_seq_only_score,1604.1195958015805,31.72716166133281,1261.4930700399964,1979.4808339011327,Archaea
Pyrococcus furiosus,esm3_seq_only_score,1601.237664463312,44.87766707187155,1147.8198913865424,2280.7886996886505,Archaea
Pyrococcus horikoshii,esm3_seq_only_score,1578.9226714111721,44.72945296057949,1125.6960547947278,2191.0515061087126,Archaea
Pyrococcus woesei,esm3_seq_only_score,1421.550965932648,43.72224391774267,1103.446273009171,1884.8125383751974,Archaea
Ralstonia solanacearum,esm3_seq_only_score,1697.5969114765978,33.1045395010428,1219.7886184419071,2143.4713360455517,Bacteria
Rattus norvegicus,esm3_seq_only_score,1668.7296553264046,38.89189013641734,1238.8518419644859,2217.789361134074,Eukaryota
Rhinoceros unicornis,esm3_seq_only_score,2002.925189435594,6.633713067586527,1925.49579806787,2074.0221731459715,Eukaryota
Rhipicephalus sanguineus,esm3_seq_only_score,1489.9190250427318,9.728167761573191,1384.027450587745,1608.4687104189431,Eukaryota
Rhizobium meliloti,esm3_seq_only_score,1715.5056584143188,40.927161073088904,1144.0964665335778,2149.9862390026315,Bacteria
Rhodobacter capsulatus,esm3_seq_only_score,1692.7383989299342,42.69993768594254,1234.0945126505444,2101.374209725973,Bacteria
Rhodococcus erythropolis,esm3_seq_only_score,1207.958646033219,6.682688371663775,1121.2504014347726,1303.5363105221925,Bacteria
Rhodococcus jostii,esm3_seq_only_score,1003.5886475479083,5.869917996998611,936.9617885696472,1075.046601211444,Bacteria
Rhodococcus sp,esm3_seq_only_score,1451.9443877733868,3.046062544610735,1405.3130483334398,1486.745851191828,Bacteria
Rhodopseudomonas palustris,esm3_seq_only_score,1560.3476858902702,41.85509578641245,1119.6463891142932,2133.9333659449217,Bacteria
Rhodospirillum rubrum,esm3_seq_only_score,1953.0001309294444,20.325135620543218,1674.0536929552156,2140.1087604482145,Bacteria
Rhodovulum sulfidophilum,esm3_seq_only_score,1366.22289512659,3.341799647284025,1316.943806910888,1397.2776409270207,Bacteria
Ricinus communis,esm3_seq_only_score,1496.5727834151648,10.608883628195715,1371.7962733435393,1614.9512792131816,Eukaryota
Rickettsia conorii,esm3_seq_only_score,1485.7912830434664,17.30563099764722,1297.4004534837775,1675.5211213973112,Bacteria
Rickettsia felis,esm3_seq_only_score,1372.3381756524136,9.660446926551806,1247.0236457345661,1460.2400953758738,Bacteria
Rickettsia prowazekii,esm3_seq_only_score,1142.4828196572487,30.77839399999816,818.5338009872095,1612.3237163114713,Bacteria
Ruegeria pomeroyi,esm3_seq_only_score,1546.0190620616142,3.419095888530361,1498.0405161754927,1583.8109860740922,Bacteria
Saccharolobus islandicus,esm3_seq_only_score,1481.664277642639,23.096299116895047,1226.039856708533,1751.640417977289,Archaea
Saccharolobus shibatae,esm3_seq_only_score,1539.5134542604053,8.077159572043973,1469.717043654404,1657.087011882148,Archaea
Saccharolobus solfataricus,esm3_seq_only_score,1113.5675616666383,40.28306801413787,760.0940864694563,1745.877777482109,Archaea
Saccharomyces cerevisiae,esm3_seq_only_score,1297.9295350918724,25.863408738424987,923.296318475098,1572.7932521346197,Eukaryota
Saccharopolyspora erythraea,esm3_seq_only_score,1528.3197030329031,21.434353443144914,1309.3384669026505,1743.6458358573204,Bacteria
Salmo salar,esm3_seq_only_score,1816.3842966422444,57.807119922257094,1119.8160510584871,2271.9940405530374,Eukaryota
Salmo trutta,esm3_seq_only_score,1700.2324757002527,37.93738527157584,1396.3275471267086,2018.6002701614038,Eukaryota
Salmonella paratyphi B,esm3_seq_only_score,1866.78626725055,32.63504979728267,1517.7863504915415,2211.489164607321,Bacteria
Salmonella typhi,esm3_seq_only_score,1951.5164161798843,24.653827431682604,1641.6243772865575,2174.922636563564,Bacteria
Salmonella typhimurium,esm3_seq_only_score,2015.407075118581,38.184119270628514,1413.730715077274,2440.1526967008444,Bacteria
Scheffersomyces stipitis,esm3_seq_only_score,1285.531818273069,7.923715810874529,1188.858505416322,1397.9591999244237,Eukaryota
Schistosoma japonicum,esm3_seq_only_score,1082.2831706964303,32.25491680948954,687.8292135196543,1442.3796560681021,Eukaryota
Schistosoma mansoni,esm3_seq_only_score,1442.4270444553977,25.250391891093667,1267.9345536082922,1758.873367301757,Eukaryota
Schizosaccharomyces pombe,esm3_seq_only_score,1340.2321099960993,32.893706316653386,956.0608672819902,1892.486845016764,Eukaryota
Scyliorhinus canicula,esm3_seq_only_score,1829.3978507550244,27.59943672667455,1581.4392949006378,2145.9890169487985,Eukaryota
Serratia proteamaculans,esm3_seq_only_score,1916.846837918693,34.59273435187364,1392.8622597411568,2265.926392868674,Bacteria
Shewanella baltica,esm3_seq_only_score,1835.0176719225253,29.633087084338037,1259.2752767510246,2024.3834721615517,Bacteria
Shewanella frigidimarina,esm3_seq_only_score,1422.7236276254905,18.411024728954498,1249.112677565374,1652.027250862476,Bacteria
Shewanella oneidensis,esm3_seq_only_score,1798.1920516296768,45.09806094095063,1217.2476485540546,2220.694512450939,Bacteria
Shewanella putrefaciens,esm3_seq_only_score,1554.7711098759191,38.674324396856754,1260.3416710002116,1911.6849000700854,Bacteria
Shewanella sp.,esm3_seq_only_score,1704.3204396444924,29.199860597498564,1327.6376317673178,1916.0464336513035,Bacteria
Shigella boydii serotype 18,esm3_seq_only_score,1549.3393687386008,5.668504864764455,1460.2131810721942,1602.544804569167,Bacteria
Shigella flexneri,esm3_seq_only_score,2034.6517987223654,43.098231781413695,1220.88173064399,2463.226368263526,Bacteria
Sigmodon hispidus,esm3_seq_only_score,1368.1919670524394,7.203514962725739,1278.4921665722752,1474.6486789752935,Eukaryota
Sinorhizobium fredii,esm3_seq_only_score,1740.0921425090182,47.17324824231997,1234.094696200984,2251.041029415906,Bacteria
Sodalis glossinidius,esm3_seq_only_score,1878.1397884501507,24.475683236473568,1467.7864841943854,2238.4468117411325,Bacteria
Solanum lycopersicum,esm3_seq_only_score,1282.584750639515,24.37061531101108,991.536524238595,1676.1447005703749,Eukaryota
Solanum tuberosum,esm3_seq_only_score,1272.6370505340724,26.266712184599765,1032.677857872595,1499.8805207071596,Eukaryota
Sordaria macrospora / K-hell),esm3_seq_only_score,1165.16715272019,7.568519208810415,1049.9729763071684,1248.6062797676855,Eukaryota
Sorghum bicolor,esm3_seq_only_score,1322.8273721424275,35.09817027062885,957.6976495190416,1703.683954604662,Eukaryota
Spinacia oleracea,esm3_seq_only_score,1231.0075667057506,37.72323778938459,847.967933986365,1638.765746320119,Eukaryota
Staphylococcus aureus,esm3_seq_only_score,1727.5355136551416,44.354230016535546,1037.9728450038642,2212.6002932759043,Bacteria
Staphylococcus epidermidis,esm3_seq_only_score,1246.7624556618932,28.28844090126068,994.975109765893,1488.3564149612184,Bacteria
Staphylococcus haemolyticus,esm3_seq_only_score,916.2167232781229,5.404051761650635,856.0320880066256,977.9942602377477,Bacteria
Staurastrum punctulatum,esm3_seq_only_score,1570.611661725525,6.784151433954463,1487.2446750115064,1661.3771392147962,Eukaryota
Stenotrophomonas maltophilia,esm3_seq_only_score,1564.379313886018,39.20214769915466,1148.242520267346,1888.8482005703643,Bacteria
Streptococcus gordonii,esm3_seq_only_score,1817.1335969982276,30.9160165383731,1423.9495684743372,2087.76393896672,Bacteria
Streptococcus pneumoniae,esm3_seq_only_score,1592.9716669061934,23.63031696679157,1311.539063944401,1851.077648257678,Bacteria
Streptococcus pneumoniae serotype 2,esm3_seq_only_score,1563.5598992330808,5.243046636070999,1493.4598609288141,1631.9559147791033,Bacteria
Streptococcus pneumoniae serotype 4,esm3_seq_only_score,1797.4090480367709,13.405696698626203,1613.0097640815432,1934.5223521446255,Bacteria
Streptococcus pyogenes,esm3_seq_only_score,1375.0796157402779,5.057230322260806,1311.874713239948,1442.4634710535408,Bacteria
Streptococcus pyogenes serotype M1,esm3_seq_only_score,1687.4221510875618,33.24120628074241,1363.927245097711,1945.7701427982404,Bacteria
Streptococcus pyogenes serotype M3,esm3_seq_only_score,1477.7899258566135,5.936942883177589,1408.9309271160382,1560.081893572502,Bacteria
Streptococcus pyogenes serotype M6,esm3_seq_only_score,1849.0392202271626,5.705186559428975,1767.1962678975053,1928.0127257855518,Bacteria
Streptococcus suis,esm3_seq_only_score,1831.9905234831097,37.262711698284946,1536.391691131461,2142.784447308315,Bacteria
Streptomyces arenae,esm3_seq_only_score,1332.0348215511463,4.964880278435942,1268.8028059727005,1398.5090122272716,Bacteria
Streptomyces avermitilis,esm3_seq_only_score,1368.4948013051358,7.970783458023514,1266.4328637209646,1465.7802377613907,Bacteria
Streptomyces coelicolor,esm3_seq_only_score,1659.1508211771338,42.40484743257056,1220.8497908049285,2240.246227979725,Bacteria
Streptomyces coelicolor / M145),esm3_seq_only_score,1267.4132236879561,22.89995074727399,1037.5284556489114,1567.1281665974993,Bacteria
Streptomyces glaucescens,esm3_seq_only_score,1288.0081566278964,14.503223702671665,1144.7874688298778,1435.7627559288128,Bacteria
Streptomyces griseus subsp. griseus,esm3_seq_only_score,1542.6290597801265,12.158767892520444,1426.590882842045,1679.34490285023,Bacteria
Streptomyces lavendulae,esm3_seq_only_score,1447.5308812889002,29.048063634770244,1084.7910798916769,1740.3451103355835,Bacteria
Struthio camelus,esm3_seq_only_score,1880.0485872841912,7.554201993207737,1764.1189220870697,1959.0625251852782,Eukaryota
Stutzerimonas stutzeri,esm3_seq_only_score,1263.8082390324194,22.067597380117572,1064.9276253621188,1493.6012408355873,Bacteria
Sulfolobus acidocaldarius,esm3_seq_only_score,1011.2063107052272,36.98086786544712,632.669583203125,1455.6130852730626,Archaea
Sulfurisphaera tokodaii,esm3_seq_only_score,1376.9100817249036,29.38265817299042,1048.3746943433798,1765.3977662208736,Archaea
Sus scrofa,esm3_seq_only_score,1738.1051414810897,47.039255812407646,1032.407573798793,2289.847139357516,Eukaryota
Synechococcus elongatus,esm3_seq_only_score,1563.1761662997699,48.07618082758124,1062.5088609168752,2242.6649247092505,Bacteria
Synechococcus sp.,esm3_seq_only_score,1339.8383161657976,10.70845403399847,1225.0293042841038,1485.0341594282013,Bacteria
Synechocystis sp.,esm3_seq_only_score,1361.4696087042134,40.42847364938074,996.0167556386111,1865.3946277960504,Bacteria
Syntrophobacter fumaroxidans,esm3_seq_only_score,1117.0812223139467,11.44554187536526,1006.8251199628509,1266.9661791521664,Bacteria
Tachyglossus aculeatus aculeatus,esm3_seq_only_score,1744.0415269379787,16.946204447582588,1566.2306436378976,1883.5723034596099,Eukaryota
Taeniopygia guttata,esm3_seq_only_score,1750.9349495682122,13.886320234278443,1643.345475120197,1948.4423470036013,Eukaryota
Takifugu rubripes,esm3_seq_only_score,1646.6094240877853,16.88241826484862,1450.3566249822477,1878.0049477346236,Eukaryota
Talaromyces stipitatus,esm3_seq_only_score,1030.5188567949676,7.2900747734382385,923.2917239554373,1111.566454507142,Eukaryota
Tetraodon nigroviridis,esm3_seq_only_score,2085.1950732826353,9.328845722017668,1977.453920946859,2219.4731427242823,Eukaryota
Thermococcus gammatolerans,esm3_seq_only_score,1932.0783514115005,21.829513549827617,1706.2996573685984,2165.9605225065684,Archaea
Thermococcus kodakarensis,esm3_seq_only_score,1623.8757014500216,39.3683297920199,1090.5144203836117,2057.7343299250715,Archaea
Thermococcus litoralis,esm3_seq_only_score,2025.4467564841575,11.180565677477595,1909.7569659130468,2155.79217531642,Archaea
Thermococcus onnurineus,esm3_seq_only_score,1819.7310655065812,7.753468605259586,1731.3691150301481,1924.3138142487144,Archaea
Thermococcus sibiricus,esm3_seq_only_score,1505.446921215238,38.43894852179942,1060.939672466372,1887.6691261788753,Archaea
Thermococcus sp.,esm3_seq_only_score,1894.4838583426958,6.134403819758652,1826.0717326492024,2005.121984516208,Archaea
Thermofilum pendens,esm3_seq_only_score,1779.6035158082336,7.227535650449181,1702.8471815842763,1898.8772548811314,Archaea
Thermoplasma acidophilum,esm3_seq_only_score,1223.6799427075757,39.860828488725296,720.720708861916,1712.4192111492105,Archaea
Thermoplasma volcanium,esm3_seq_only_score,871.6543923382102,21.112929433290645,625.3516746115743,1108.700980806309,Archaea
Thermoproteus tenax,esm3_seq_only_score,1283.3687201406995,18.297276964532248,1100.627126745966,1553.5462342599772,Archaea
Thermostichus vulcanus,esm3_seq_only_score,1151.7590071009877,10.034049234713931,1041.4500780613848,1250.507783464185,Bacteria
Thermosynechococcus vestitus,esm3_seq_only_score,1561.2599764979805,45.038341392296395,1113.1071097142046,2179.283191596082,Bacteria
Thermotoga maritima,esm3_seq_only_score,1524.2212640320577,54.747223346368145,950.9906403395648,2188.732203983746,Bacteria
Thermus thermophilus,esm3_seq_only_score,1576.4456395795278,46.517640189822544,1013.6181240399984,2079.5281567937473,Bacteria
Toxoplasma gondii,esm3_seq_only_score,866.1322948520107,9.839770843232449,770.9596291626522,1013.7609217104891,Eukaryota
Treponema pallidum,esm3_seq_only_score,1031.64127263328,34.552021685605034,725.4411054485279,1722.5816879416068,Bacteria
Treponema pallidum subsp. pallidum,esm3_seq_only_score,1505.3339579901578,2.508762083591818,1466.0364115459079,1531.2712885440524,Bacteria
Trichoderma koningii,esm3_seq_only_score,1580.5619421935053,4.9796849971706205,1518.148486300169,1655.5024749664085,Eukaryota
Trichoplax adhaerens,esm3_seq_only_score,1380.5726044434484,20.619356426891713,1076.8037168833168,1668.4889563903587,Eukaryota
Trichormus variabilis,esm3_seq_only_score,1477.4516643471954,43.72064489739433,1066.262081615076,2174.3844352878064,Bacteria
Triticum aestivum,esm3_seq_only_score,1167.5069550794924,42.34704142088284,813.7084528098699,1738.716639670371,Eukaryota
Trypanosoma brucei brucei,esm3_seq_only_score,996.7454953009986,23.407426020640578,794.6785576248236,1309.8066463122746,Eukaryota
Verminephrobacter eiseniae,esm3_seq_only_score,1851.584103096476,20.102855462648186,1599.5540584994335,2035.4143591783254,Bacteria
Vibrio cholerae,esm3_seq_only_score,1948.984581772399,40.19006877941566,1478.868216613023,2460.4940679537353,Bacteria
Vibrio cholerae serotype O1,esm3_seq_only_score,1668.5680985582358,23.308581834288063,1421.228316615144,1904.8429074169712,Bacteria
Vibrio parahaemolyticus serotype O3:K6,esm3_seq_only_score,1890.7546215874659,16.417813626057107,1762.3766721054367,2054.6801295324462,Bacteria
Vibrio vulnificus,esm3_seq_only_score,1605.5133744123225,37.256170565290276,1289.5549545181107,1935.3619083080669,Bacteria
Vitis vinifera,esm3_seq_only_score,1148.0886757474186,10.861270400634403,1017.0076849532771,1267.046811444355,Eukaryota
Xanthobacter autotrophicus,esm3_seq_only_score,1352.2360476078795,31.696043208964916,1038.2592712755593,1692.0567966288252,Bacteria
Xanthomonas campestris,esm3_seq_only_score,1615.8434621140184,39.079681900421036,1086.4521465207135,2017.3898670631102,Bacteria
Xanthomonas campestris pv. campestris,esm3_seq_only_score,1694.1179263974734,3.636900879573347,1639.2332766876161,1731.6908413104302,Bacteria
Xenopus laevis,esm3_seq_only_score,1542.953728834826,26.09308926492938,1253.6300643769778,1873.1815328791852,Eukaryota
Xenopus tropicalis,esm3_seq_only_score,1468.657323804399,28.574000145578164,1110.71215725,1846.282412854544,Eukaryota
Xylella fastidiosa,esm3_seq_only_score,1267.4509574840583,34.172814237965504,868.5654868045391,1734.7573217064812,Bacteria
Yarrowia lipolytica,esm3_seq_only_score,1308.3941750973745,32.99554333894924,871.9888217220827,1805.033252786417,Eukaryota
Yersinia enterocolitica,esm3_seq_only_score,1213.250747160003,5.861917761629799,1160.8957782988532,1285.1130060708595,Bacteria
Yersinia enterocolitica serotype O:8 / biotype 1B,esm3_seq_only_score,1609.1171492016156,59.06321985142615,1202.4477641952687,2146.9643396874576,Bacteria
Yersinia pestis,esm3_seq_only_score,1914.6459297698423,42.876807674901485,1225.1957924767762,2312.590656316402,Bacteria
Yersinia pseudotuberculosis serotype IB,esm3_seq_only_score,1629.4212852011929,18.029481850583572,1469.194085241781,1789.7715185295222,Bacteria
Yersinia pseudotuberculosis serotype O:1b,esm3_seq_only_score,1390.978599040843,5.7841894109230685,1310.9287208654798,1462.9106903971167,Bacteria
Yersinia pseudotuberculosis serotype O:3,esm3_seq_only_score,1317.8225668020118,49.51697892744301,936.4524104612805,1732.9630340950357,Bacteria
Zea mays,esm3_seq_only_score,1451.579151502568,38.614839904383814,884.9530443693023,1876.0274628703223,Eukaryota
Zygnema circumcarinatum,esm3_seq_only_score,1427.7731176024615,11.366840533963309,1303.014148143622,1543.4926939593947,Eukaryota
Zygosaccharomyces rouxii,esm3_seq_only_score,1237.2326189839487,14.47663235279673,1065.8396737849116,1384.1855404683763,Eukaryota
Acetivibrio thermocellus,ESM2_15B_pppl_score,1657.0936849969669,5.368512839045673,1594.1076299219355,1721.8129470330564,Bacteria
Acidianus ambivalens,ESM2_15B_pppl_score,1231.3833062444644,5.102891958750806,1165.1529014389928,1296.3114867307281,Archaea
Acidiphilium cryptum,ESM2_15B_pppl_score,1124.538756697849,14.031984565327068,980.1780940625532,1283.8551678582248,Bacteria
Acidithiobacillus ferrooxidans,ESM2_15B_pppl_score,1499.2644402136689,3.872201156318694,1451.5181497773883,1547.6803867122153,Bacteria
Acinetobacter baumannii,ESM2_15B_pppl_score,1712.1198851780628,53.407989247118266,998.7765947546786,2140.240074559871,Bacteria
Acinetobacter baylyi,ESM2_15B_pppl_score,1472.1162886516292,31.698211018865436,1013.2365939099635,1824.9469244135291,Bacteria
Acorus calamus var. americanus,ESM2_15B_pppl_score,1500.5883309553924,29.591140771760717,1160.3265476632691,1771.5709955791813,Eukaryota
Actinobacillus pleuropneumoniae serotype 5b,ESM2_15B_pppl_score,1509.788780127443,3.1890037596369902,1466.9877137248282,1551.2628857564782,Bacteria
Actinobacillus pleuropneumoniae serotype 7,ESM2_15B_pppl_score,1456.3827119482798,1.244924033964766,1440.5432685569274,1470.219248034854,Bacteria
Adiantum capillus-veneris,ESM2_15B_pppl_score,1135.1966332607358,16.069796298139178,972.8699123390417,1330.2832089353894,Eukaryota
Aedes aegypti,ESM2_15B_pppl_score,1414.0896954370955,37.959438959344276,1041.4457734324544,2008.5335481005034,Eukaryota
Aeromonas hydrophila,ESM2_15B_pppl_score,1789.9593170053827,40.903454089892854,1184.8371174229264,2224.17531938703,Bacteria
Aeromonas hydrophila subsp. hydrophila,ESM2_15B_pppl_score,1380.0210275230036,7.245390037542093,1281.636692859065,1466.7220479092728,Bacteria
Aeromonas salmonicida,ESM2_15B_pppl_score,1164.7186174552655,14.624520900979487,998.2354734139674,1340.3948378855766,Bacteria
Aeropyrum pernix,ESM2_15B_pppl_score,1254.0380526572135,32.83479355588539,1008.6416751408174,1754.0926084340588,Archaea
Agrobacterium fabrum,ESM2_15B_pppl_score,1588.6811602552123,41.7234638013393,1176.5816159783312,2136.2558904634275,Bacteria
Agrostis stolonifera,ESM2_15B_pppl_score,1640.6426172862818,38.01575850266412,1275.9333316402385,1997.2136700350204,Eukaryota
Ajellomyces capsulatus,ESM2_15B_pppl_score,1528.1447302435001,22.737928913687945,1337.5332259092934,1766.7891588766233,Eukaryota
Alcanivorax borkumensis,ESM2_15B_pppl_score,1272.4860521861829,4.7803824009060625,1209.2072822032771,1341.768086591113,Bacteria
Aliivibrio fischeri,ESM2_15B_pppl_score,1606.858345461503,35.29881669608955,1132.772403984826,1925.5597558990266,Bacteria
Alkalihalobacillus clausii,ESM2_15B_pppl_score,1737.1143412780036,48.350665899020754,950.0092296226081,2154.0698945443114,Bacteria
Alkalihalophilus pseudofirmus,ESM2_15B_pppl_score,1570.6192054191429,19.978907029581936,1321.7666321744728,1754.6924843132651,Bacteria
Alligator mississippiensis,ESM2_15B_pppl_score,1225.4882448322505,15.067383899482307,1019.1428735733783,1432.673326413307,Eukaryota
Allochromatium vinosum,ESM2_15B_pppl_score,1437.4303970094472,4.123746611715076,1388.5959606406589,1488.780558411237,Bacteria
Anas platyrhynchos,ESM2_15B_pppl_score,1499.2515631075012,42.43881829007746,974.5781637849018,1899.955086660709,Eukaryota
Anopheles gambiae,ESM2_15B_pppl_score,1412.4167733238364,34.10548803681294,1091.3107821200208,1900.066095302354,Eukaryota
Anopheles quadrimaculatus,ESM2_15B_pppl_score,1520.7115965233909,20.97642950324411,1292.450835847618,1777.6101566740545,Eukaryota
Anthoceros angustus,ESM2_15B_pppl_score,1335.7043091108771,6.655763209693831,1242.8202824882671,1407.3916899407832,Eukaryota
Apis mellifera,ESM2_15B_pppl_score,1172.6389962385124,29.161825000184958,822.2940163482571,1552.8408768211905,Eukaryota
Aquifex aeolicus,ESM2_15B_pppl_score,1247.6828718224792,42.937389979389316,886.8853421715124,1863.3759802192956,Bacteria
Arabidopsis thaliana,ESM2_15B_pppl_score,1615.337147174005,34.59330444545532,1134.5689835360336,2007.0180192914077,Eukaryota
Archaeoglobus fulgidus,ESM2_15B_pppl_score,1498.3387415778125,40.87815684194716,941.2574076134673,2051.695879600028,Archaea
Ashbya gossypii,ESM2_15B_pppl_score,1202.0375155804477,34.19488924591547,891.7129408206114,1607.5319279565554,Eukaryota
Aspergillus clavatus,ESM2_15B_pppl_score,1638.5249594914671,27.302134988804177,1447.191907890925,1940.025572561259,Eukaryota
Aspergillus flavus,ESM2_15B_pppl_score,1609.6693269589161,16.569962763759563,1460.4929809669984,1784.906500700765,Eukaryota
Aspergillus fumigatus,ESM2_15B_pppl_score,1513.1187358926195,30.880920591281047,1180.218762330172,1911.2185572209673,Eukaryota
Aspergillus niger,ESM2_15B_pppl_score,1257.8879876217159,19.974201551343388,1095.2545641722918,1501.5907561220788,Eukaryota
Aspergillus oryzae,ESM2_15B_pppl_score,1498.9037376699991,54.04842519699114,1021.9383755127866,2088.2453500140764,Eukaryota
Azoarcus sp.,ESM2_15B_pppl_score,1129.244978908671,10.742734843252128,1014.5920687130239,1230.1718925877603,Bacteria
Azospirillum brasilense,ESM2_15B_pppl_score,1357.3695964085814,10.390050995569759,1251.4686275146103,1486.1035650593915,Bacteria
Bacillus anthracis,ESM2_15B_pppl_score,1809.1720118345447,39.24574567355968,1190.438677900437,2269.3687057711845,Bacteria
Bacillus cereus,ESM2_15B_pppl_score,1685.5630863881152,26.674477261912923,1266.1218383426187,1925.01096212134,Bacteria
Bacillus cytotoxicus,ESM2_15B_pppl_score,1595.0873024995433,21.929952861149324,1400.830764650047,1840.6602361209345,Bacteria
Bacillus licheniformis,ESM2_15B_pppl_score,1866.9079006741945,44.20317097774007,1177.7029071904399,2311.766319857362,Bacteria
Bacillus sp,ESM2_15B_pppl_score,1772.5565669228477,6.133978757754622,1690.1107674556124,1848.8787248837089,Bacteria
Bacillus sp.,ESM2_15B_pppl_score,1585.3751879466106,38.86629499724587,1098.1471537218795,1931.8882955842546,Bacteria
Bacillus spizizenii,ESM2_15B_pppl_score,1511.5616312071213,34.56445365661087,1109.7219242573196,1813.2352308405834,Bacteria
Bacillus subtilis,ESM2_15B_pppl_score,1774.4825080471558,29.69071740069197,1397.4731284812217,2133.1179998367297,Bacteria
Bacillus thuringiensis,ESM2_15B_pppl_score,1828.5258433251418,7.241710294708128,1725.0629317267758,1913.817758571073,Bacteria
Bacillus thuringiensis serovar kurstaki,ESM2_15B_pppl_score,1419.0332567218843,4.654021674472943,1364.2905398305356,1485.1075104151807,Bacteria
Bacillus thuringiensis subsp. israelensis,ESM2_15B_pppl_score,1121.0444459194703,4.832018390154342,1057.181530647868,1188.7664557178696,Bacteria
Bacillus thuringiensis subsp. konkukian,ESM2_15B_pppl_score,1401.9772561934185,3.5796953996858654,1351.8682754490844,1446.7679821020192,Bacteria
Balaenoptera musculus,ESM2_15B_pppl_score,1518.5104960245292,16.407321519947242,1351.3265247124425,1741.3712327117212,Eukaryota
Balaenoptera physalus,ESM2_15B_pppl_score,1607.64466227986,29.078188975076724,1306.5637422584728,1955.4126080418512,Eukaryota
Barbarea verna,ESM2_15B_pppl_score,1542.94592880494,38.229495544984886,1133.4686776369451,1874.8910706813988,Eukaryota
Bartonella bacilliformis,ESM2_15B_pppl_score,1302.5479499167868,19.475933204809852,1064.1192684126734,1502.027710216128,Bacteria
Bifidobacterium longum,ESM2_15B_pppl_score,1581.8708915915201,6.502429943999817,1497.226152945097,1665.9418589394234,Bacteria
Bifidobacterium longum subsp. infantis,ESM2_15B_pppl_score,1440.4709947057595,5.165880560730475,1368.7242548738357,1510.3994445351166,Bacteria
Blastochloris viridis,ESM2_15B_pppl_score,1851.841185156157,8.899485688513346,1735.8242993083875,1981.37412251369,Bacteria
Blastomyces gilchristii,ESM2_15B_pppl_score,1054.3226489809613,6.95979674917776,985.1623383316896,1156.9512391108178,Eukaryota
Bordetella pertussis,ESM2_15B_pppl_score,1494.68008137374,43.14085373931435,905.9679296806465,2015.0529765886674,Bacteria
Borreliella burgdorferi,ESM2_15B_pppl_score,1386.6415992190894,24.879513968294784,1135.9135877458557,1693.2033293061124,Bacteria
Bos mutus grunniens,ESM2_15B_pppl_score,1831.636129552114,15.391809810635037,1659.7356776988418,2043.5482935632206,Eukaryota
Bos taurus,ESM2_15B_pppl_score,1801.063867068097,38.99071679236431,1240.508563929464,2244.8412578891052,Eukaryota
Bradyrhizobium diazoefficiens,ESM2_15B_pppl_score,1432.8849971102093,36.9528732786215,1034.4082525393196,1905.4816956435677,Bacteria
Branchiostoma floridae,ESM2_15B_pppl_score,1215.5973716841397,28.354640532804652,847.4272233660952,1506.849111849769,Eukaryota
Brucella canis,ESM2_15B_pppl_score,1358.31503371927,10.677282145915422,1248.4378586771802,1486.568212876594,Bacteria
Brucella melitensis,ESM2_15B_pppl_score,1536.2791551608607,39.6780499479286,1073.7885879900648,2131.0006920832393,Bacteria
Brucella melitensis biotype 1,ESM2_15B_pppl_score,1377.0965343622024,4.655228301462469,1313.1993723776836,1440.413432291974,Bacteria
Brucella melitensis biotype 2,ESM2_15B_pppl_score,1398.0741157624198,5.547344012351413,1327.27494050318,1474.5019268645553,Bacteria
Brucella ovis,ESM2_15B_pppl_score,1385.8494807875038,10.730810298835204,1264.993044696982,1500.9750815414245,Bacteria
Brucella suis biovar 1,ESM2_15B_pppl_score,1746.2541568482109,21.021148220206218,1566.1424343900358,1945.536692523802,Bacteria
Brugia malayi,ESM2_15B_pppl_score,1322.6166296431388,41.53179879566061,893.1157997450655,1969.7595827595542,Eukaryota
Buchnera aphidicola,ESM2_15B_pppl_score,1206.1198469215828,33.44687871770025,857.5565580169817,1642.0952709946982,Bacteria
Buchnera aphidicola subsp. Acyrthosiphon pisum,ESM2_15B_pppl_score,1424.6643578775145,44.3282462526357,979.7694629290161,1890.6038762957362,Bacteria
Buchnera aphidicola subsp. Baizongia pistaciae,ESM2_15B_pppl_score,1058.331060561816,17.066919713905175,865.536166829555,1267.3708352060441,Bacteria
Buchnera aphidicola subsp. Schizaphis graminum,ESM2_15B_pppl_score,1435.4080094367773,35.00583135791006,1169.8936749838365,1888.9670102721666,Bacteria
Burkholderia cenocepacia,ESM2_15B_pppl_score,1739.6400467824965,35.101426366826125,1370.2057408426097,2037.5006485350705,Bacteria
Burkholderia mallei,ESM2_15B_pppl_score,1605.7699772627564,31.5703058401874,1186.1205560127453,1958.7868831651951,Bacteria
Burkholderia multivorans,ESM2_15B_pppl_score,1471.1771336993122,49.2956269150035,1084.9547037914779,1885.693080014017,Bacteria
Buxus microphylla,ESM2_15B_pppl_score,1805.1650861122287,19.68939135534559,1597.7059630423314,2039.0983655631417,Eukaryota
Caenorhabditis briggsae,ESM2_15B_pppl_score,1631.6027777349798,28.291819355670402,1213.3549740321512,1874.4412404785685,Eukaryota
Caenorhabditis elegans,ESM2_15B_pppl_score,1280.2517007966644,39.54556543788051,866.4994107522682,1843.787507352886,Eukaryota
Caldanaerobacter subterraneus,ESM2_15B_pppl_score,1840.400777308273,34.40486037144215,1473.2309815414876,2237.0763035399846,Bacteria
Caldivirga maquilingensis,ESM2_15B_pppl_score,1242.7425239270865,31.030208417777043,987.8911585088589,1580.7667358287003,Archaea
Calycanthus floridus var. glaucus,ESM2_15B_pppl_score,1755.5038576372137,20.60563603290248,1541.6633034635563,2000.4674145520976,Eukaryota
Campylobacter fetus subsp. fetus,ESM2_15B_pppl_score,1289.4700777189817,13.560971743860827,1128.33554925297,1432.1621352831053,Bacteria
Campylobacter jejuni,ESM2_15B_pppl_score,1455.8621063667338,53.08471298542752,972.7791167761204,2179.353316218004,Bacteria
Campylobacter jejuni subsp. doylei,ESM2_15B_pppl_score,1424.5878225731099,4.262287309836642,1369.4850430053248,1483.6225066817485,Bacteria
Campylobacter jejuni subsp. jejuni serotype O:2,ESM2_15B_pppl_score,1397.2914571335114,12.487476182119314,1261.7659094648247,1553.5674260640626,Bacteria
Campylobacter jejuni subsp. jejuni serotype O:23/36,ESM2_15B_pppl_score,1569.5876276006186,3.932018871542924,1511.6763617888996,1617.7965519590205,Bacteria
Candida albicans,ESM2_15B_pppl_score,1241.9211998785868,41.449739831878475,857.8286771214279,1876.8970863041802,Eukaryota
Candida glabrata,ESM2_15B_pppl_score,1382.5562285740289,20.550241448382444,1101.7038626379697,1549.5354773538959,Eukaryota
Canis lupus,ESM2_15B_pppl_score,1736.198838221246,38.69904313299485,1114.5662262240955,2137.145369304948,Eukaryota
Capra hircus,ESM2_15B_pppl_score,1983.3076871381036,15.426918453768845,1789.562175401249,2165.200522799515,Eukaryota
Capsella bursa-pastoris,ESM2_15B_pppl_score,1515.3961735131102,39.00775333695537,1141.011591168814,1911.7339408079642,Eukaryota
Carassius auratus,ESM2_15B_pppl_score,1918.9703581330864,35.293469555727405,1481.8993438427465,2247.3850502279092,Eukaryota
Carica papaya,ESM2_15B_pppl_score,1717.8685793854559,40.677992167805435,1177.8323364221103,2029.4751340449805,Eukaryota
Caulobacter vibrioides,ESM2_15B_pppl_score,1449.8354328590108,39.22092132338074,1087.9485545552106,1905.6104621649138,Bacteria
Cenarchaeum symbiosum,ESM2_15B_pppl_score,1270.5483759853419,6.8685751561543364,1176.9792325187273,1367.109328081849,Archaea
Ceratotherium simum,ESM2_15B_pppl_score,1808.662663907821,28.177631138175887,1506.4535589428008,2079.1829573446134,Eukaryota
Cereibacter sphaeroides,ESM2_15B_pppl_score,1534.233376147669,42.97789125542555,1042.9096142574504,2127.661058464385,Bacteria
Chaetosphaeridium globosum,ESM2_15B_pppl_score,1264.601077729695,12.54227700952769,1123.6779376351865,1414.5005389259463,Eukaryota
Chlamydia pneumoniae,ESM2_15B_pppl_score,839.7183012902804,5.392826603928253,781.0863190655385,918.2309648246875,Bacteria
Chlamydia trachomatis serovar D,ESM2_15B_pppl_score,886.2174034371383,6.466197388613406,814.972903578006,982.362609550023,Bacteria
Chlamydomonas reinhardtii,ESM2_15B_pppl_score,1163.8542599080847,24.987568794360016,886.8839931708789,1513.6564009525255,Eukaryota
Chlorobaculum tepidum,ESM2_15B_pppl_score,1152.3800307437969,9.285213191089747,1059.3153517108756,1269.1851239416276,Bacteria
Chlorobaculum thiosulfatiphilum,ESM2_15B_pppl_score,1809.7360096415657,8.136593435727205,1708.4257681207425,1912.6387311662736,Bacteria
Chlorobium phaeobacteroides,ESM2_15B_pppl_score,1065.3014986763824,9.809747005150115,950.9180893367393,1168.0947033984603,Bacteria
Chloroflexus aurantiacus,ESM2_15B_pppl_score,1870.599571201365,5.666670568684675,1804.9813205539642,1944.7341462152986,Bacteria
Chromobacterium violaceum,ESM2_15B_pppl_score,1533.4586312818165,31.288059315191987,1075.0927146171175,1945.2780116678207,Bacteria
Citrobacter koseri,ESM2_15B_pppl_score,1895.9492623160588,36.661735322054675,1435.8774902116743,2243.185867681059,Bacteria
Clostridium acetobutylicum,ESM2_15B_pppl_score,1599.2355837359949,35.75058024578432,1067.232093527554,2099.833985852042,Bacteria
Clostridium beijerinckii,ESM2_15B_pppl_score,1649.381620390937,13.169583421698762,1511.1245710923663,1780.5154674649743,Bacteria
Clostridium botulinum,ESM2_15B_pppl_score,1384.995725237384,31.0755257593177,1015.7362485491954,1578.6100279867762,Bacteria
Clostridium kluyveri,ESM2_15B_pppl_score,1408.7381442386834,39.59016686802897,1082.0685537685395,1864.8281067861344,Bacteria
Clostridium perfringens,ESM2_15B_pppl_score,1293.886221766722,10.365613239650864,1196.5903309701675,1434.4717728235437,Bacteria
Coffea arabica,ESM2_15B_pppl_score,1441.2488947975817,36.481664867253784,1088.5924580098529,1744.6807631376203,Eukaryota
Corynebacterium efficiens,ESM2_15B_pppl_score,1540.3796708830546,23.395122431839063,1344.5101018063624,1824.2681964533342,Bacteria
Corynebacterium glutamicum,ESM2_15B_pppl_score,1506.288611105989,46.17204155621282,1013.7931143726325,2160.4764590593213,Bacteria
Coturnix japonica,ESM2_15B_pppl_score,1853.9722771556835,19.431071918124406,1591.8962595212413,2037.1874850310987,Eukaryota
Cricetulus griseus,ESM2_15B_pppl_score,1727.92670023649,40.911273370364064,1292.0558174801222,2102.8012524506776,Eukaryota
Cronobacter sakazakii,ESM2_15B_pppl_score,1920.1329728196877,34.66283751273122,1434.7800071835559,2210.735497781884,Bacteria
Crucihimalaya wallichii,ESM2_15B_pppl_score,1505.7140905700714,40.878340777521174,1166.1737237947339,1884.5675829498275,Eukaryota
Cryptococcus deneoformans,ESM2_15B_pppl_score,1475.2937185349044,8.057656233949197,1367.323849525827,1570.0580947659084,Eukaryota
Cucumis sativus,ESM2_15B_pppl_score,1520.170546054287,44.74729544265708,1158.8074626324658,1925.6909478525245,Eukaryota
Culex quinquefasciatus,ESM2_15B_pppl_score,1318.5060247368126,28.645419830562716,1002.5412593993195,1745.5317788651512,Eukaryota
Cupriavidus necator,ESM2_15B_pppl_score,1556.6243232307563,27.435736524028275,1144.0077139253242,1907.508069217664,Bacteria
Cycas taitungensis,ESM2_15B_pppl_score,1209.356877549066,22.701947367043548,984.2719204966556,1437.5909007595246,Eukaryota
Cytophaga hutchinsonii,ESM2_15B_pppl_score,1655.6992404812333,3.8183782487760656,1610.688852482235,1702.3684092911312,Bacteria
Danio rerio,ESM2_15B_pppl_score,1580.8488085696836,36.076921000783415,1073.3342103026712,2074.5827005094684,Eukaryota
Dasypus novemcinctus,ESM2_15B_pppl_score,1613.9719461797088,24.898690764088965,1362.8720068065845,1936.960803611482,Eukaryota
Daucus carota,ESM2_15B_pppl_score,1960.0017001275055,7.791635958147181,1866.6677389668585,2048.5980587494296,Eukaryota
Debaryomyces hansenii,ESM2_15B_pppl_score,1186.9801852906467,32.38556900739986,822.3479681323021,1589.085036727423,Eukaryota
Deinococcus radiodurans,ESM2_15B_pppl_score,1227.1053367297868,43.43413984102495,775.9027454298528,1844.683654824371,Bacteria
Dictyostelium discoideum,ESM2_15B_pppl_score,1058.3974662493588,31.094374143929883,745.5393250787341,1561.6301127923734,Eukaryota
Didelphis virginiana,ESM2_15B_pppl_score,1265.5063509650872,27.386362571561826,1014.9261874935794,1585.1277626064057,Eukaryota
Drimys granadensis,ESM2_15B_pppl_score,1872.2489137574746,8.673738895937454,1756.5023294059224,1978.9548242236704,Eukaryota
Drosophila melanogaster,ESM2_15B_pppl_score,1386.838530024128,33.92689017631208,1027.2132498566698,1923.4438979463935,Eukaryota
Drosophila persimilis,ESM2_15B_pppl_score,1520.515287141964,46.21102620469703,1196.3061180860873,2015.9698770588818,Eukaryota
Drosophila sechellia,ESM2_15B_pppl_score,1322.4638860309176,19.06389815869192,1142.917129485279,1577.284123535902,Eukaryota
Drosophila simulans,ESM2_15B_pppl_score,1576.8393507338997,39.668869991407625,1240.01782218971,2031.824799128912,Eukaryota
Drosophila willistoni,ESM2_15B_pppl_score,1331.3091091016258,22.96644568158489,1145.1356675707646,1580.5952149418438,Eukaryota
Drosophila yakuba,ESM2_15B_pppl_score,1349.066980516672,21.77002740949866,1171.9259350316236,1589.4261079188564,Eukaryota
Dugong dugon,ESM2_15B_pppl_score,1683.4542491503314,23.01151298699063,1364.6550698903268,1895.6965201113842,Eukaryota
Emericella nidulans,ESM2_15B_pppl_score,1413.2054423349907,38.577954994119374,985.4813086077958,1898.6339570470593,Eukaryota
Encephalitozoon cuniculi,ESM2_15B_pppl_score,1234.6086119246452,37.190424207832685,964.1173902547811,1611.3015877703363,Eukaryota
Entamoeba histolytica,ESM2_15B_pppl_score,1132.4417526245138,31.07917065579935,803.6725901901349,1510.597867367188,Eukaryota
Enterobacter sp.,ESM2_15B_pppl_score,1858.7009232007729,36.662821074483205,1384.4800324732396,2229.594017723817,Bacteria
Enterococcus faecalis,ESM2_15B_pppl_score,1755.1903389007043,39.73967158554991,1200.9013244854518,2116.2081916783054,Bacteria
Enterococcus hirae,ESM2_15B_pppl_score,1574.3949667022944,4.111668205274232,1521.4377648969858,1618.9269418092642,Bacteria
Equus caballus,ESM2_15B_pppl_score,1930.0225359849753,18.09283433463988,1668.6699167137624,2136.416448237921,Eukaryota
Erwinia tasmaniensis,ESM2_15B_pppl_score,1755.0869447771806,33.75978742145748,1320.8851864963906,2096.5240724857017,Bacteria
Escherichia coli,ESM2_15B_pppl_score,1990.2677910931163,37.146479978370934,1401.1758974146942,2375.677958056601,Bacteria
Escherichia coli O139:H28,ESM2_15B_pppl_score,1608.3065795501532,3.111963721525477,1564.75432273099,1639.0181549598162,Bacteria
Escherichia coli O157:H7,ESM2_15B_pppl_score,1935.9260846477941,44.803535259647006,1275.9029967220063,2268.342449337005,Bacteria
Escherichia coli O17:K52:H18,ESM2_15B_pppl_score,1632.465105674156,3.39314683677031,1586.249145510352,1665.926428269046,Bacteria
Escherichia coli O1:K1 / APEC,ESM2_15B_pppl_score,1929.1779406007945,33.82249060834449,1650.4225038534532,2268.337082100919,Bacteria
Escherichia coli O45:K1,ESM2_15B_pppl_score,1858.6082578370444,8.263708781383894,1751.5766282583113,1961.0360549616128,Bacteria
Escherichia coli O6:H1,ESM2_15B_pppl_score,1451.2604269113372,23.631894835893007,1205.0471408166063,1685.2833412078214,Bacteria
Escherichia coli O7:K1,ESM2_15B_pppl_score,1156.0202962845863,4.297054177863957,1103.6583066622227,1212.3644912579118,Bacteria
Escherichia coli O9:H4,ESM2_15B_pppl_score,1963.3604852134104,6.152906899731286,1871.975920170413,2030.4064764410734,Bacteria
Eucalyptus globulus subsp. globulus,ESM2_15B_pppl_score,1977.0990775294313,9.032229243408691,1866.5298837220373,2086.880759089097,Eukaryota
Fagopyrum esculentum subsp. ancestrale,ESM2_15B_pppl_score,1495.1759457925812,44.145155166065244,1094.4485305618548,1881.5229976071487,Eukaryota
Felis catus,ESM2_15B_pppl_score,1710.5563756596218,32.83685769506438,1222.7690855159813,2072.07949727135,Eukaryota
Formosania lacustris,ESM2_15B_pppl_score,1372.0930457022882,7.338183396715532,1258.6544917282088,1472.5906375011073,Eukaryota
Francisella tularensis subsp. holarctica,ESM2_15B_pppl_score,1153.2023542677377,4.2010248898448905,1102.7796130177392,1207.7511791601016,Bacteria
Francisella tularensis subsp. tularensis,ESM2_15B_pppl_score,1192.106803975493,4.587457369399256,1128.2926883002947,1252.664313548314,Bacteria
Gadus morhua,ESM2_15B_pppl_score,1595.6453972300662,34.375268877460634,1255.264407557716,1997.1829285938259,Eukaryota
Gallus gallus,ESM2_15B_pppl_score,1674.7040213529879,36.99550302854816,1112.7586204288766,2051.04081524047,Eukaryota
Geobacillus kaustophilus,ESM2_15B_pppl_score,1840.8531869282192,40.7373270873613,1353.3854327835954,2290.0312103517563,Bacteria
Geobacillus stearothermophilus,ESM2_15B_pppl_score,1744.8221477570382,28.26024104371767,1358.7438377198762,1986.2697395609032,Bacteria
Gibberella zeae,ESM2_15B_pppl_score,1314.727258307356,10.818521114580726,1171.0760141874496,1442.614629959435,Eukaryota
Gorilla gorilla,ESM2_15B_pppl_score,1744.589436046686,22.703769768979488,1489.1249104399426,2089.3237422582497,Eukaryota
Gorilla gorilla gorilla,ESM2_15B_pppl_score,1155.8570609670996,9.355442331844586,1028.1760512447975,1253.651479229985,Eukaryota
Gossypium barbadense,ESM2_15B_pppl_score,1772.0958824221898,37.93890503273982,1355.3097934875263,2111.6793609895462,Eukaryota
Haemophilus ducreyi,ESM2_15B_pppl_score,1785.2401350301886,20.6504557601562,1585.266969814049,1973.8645767585722,Bacteria
Haemophilus influenzae,ESM2_15B_pppl_score,1727.7899123770706,44.31950501801466,1082.0755567962144,2225.904983997121,Bacteria
Halalkalibacterium halodurans,ESM2_15B_pppl_score,1776.063111492811,38.17069075896754,1169.1061995338437,2220.9616495397245,Bacteria
Haloarcula hispanica,ESM2_15B_pppl_score,1334.482307151961,3.8508426950572794,1274.6087210312664,1380.2614482246981,Archaea
Haloarcula marismortui,ESM2_15B_pppl_score,1471.7994435036537,33.61330954556657,1111.6744317329403,1897.4319238250457,Archaea
Halobacterium salinarum,ESM2_15B_pppl_score,1400.518436921297,52.70436284392562,830.6960628236213,2195.0770641206927,Archaea
Haloferax mediterranei,ESM2_15B_pppl_score,1478.8017390669715,33.491788314807025,1041.680442552902,1798.87334057349,Archaea
Haloferax volcanii,ESM2_15B_pppl_score,1442.3196939875459,15.471858128372526,1201.588393914662,1626.0401121321242,Archaea
Halopiger xanaduensis,ESM2_15B_pppl_score,1187.8607933294477,5.643935612492559,1105.3739598397076,1248.6375096406884,Archaea
Haloquadratum walsbyi,ESM2_15B_pppl_score,1254.267830559857,29.289389668061954,994.4213109049498,1743.6470006877764,Archaea
Halorhodospira halophila,ESM2_15B_pppl_score,1333.2814395037224,27.682576462047745,1078.4139022787954,1583.3002830764688,Bacteria
Halorubrum lacusprofundi,ESM2_15B_pppl_score,1569.7294890793712,27.257545409326994,1298.3142614809406,1843.1739341388359,Archaea
Helianthus annuus,ESM2_15B_pppl_score,1929.5770008742077,8.905634364418193,1825.019839797786,2062.160940376193,Eukaryota
Helicobacter pylori,ESM2_15B_pppl_score,1373.531129719032,44.87303404437939,965.7776886682622,1879.62858352268,Bacteria
Homo sapiens,ESM2_15B_pppl_score,1800.8130478739126,42.12627706617236,1199.3182069344643,2235.825832007789,Eukaryota
Hordeum vulgare,ESM2_15B_pppl_score,1604.7838338146405,33.97773618270495,1294.9931867046134,1883.3170076506833,Eukaryota
Huperzia lucidula,ESM2_15B_pppl_score,1104.4854062307948,17.058883092329136,906.2575023650815,1313.782273428461,Eukaryota
Hydra vulgaris,ESM2_15B_pppl_score,1276.5586953239717,17.806169523999895,1065.4221431133296,1485.3905772510316,Eukaryota
Hydrogenobacter thermophilus,ESM2_15B_pppl_score,1520.9048974865855,2.7214417836359637,1485.9302290928547,1558.9068961348646,Bacteria
Hylobates lar,ESM2_15B_pppl_score,1743.8189212289249,11.968715882030192,1591.7404038276977,1898.7396625507706,Eukaryota
Hyperthermus butylicus,ESM2_15B_pppl_score,1667.4196766132047,17.24558172586927,1489.854249098965,1880.4844952483406,Archaea
Ignicoccus hospitalis,ESM2_15B_pppl_score,1509.3758927137321,10.13812877475436,1358.6059021495878,1623.4888235177445,Archaea
Ipomoea purpurea,ESM2_15B_pppl_score,1740.681194412566,12.43257503027686,1575.9361713890632,1885.3914376656687,Eukaryota
Jasminum nudiflorum,ESM2_15B_pppl_score,1796.4393369979255,13.134962024206443,1651.5200960102202,1992.3275120781761,Eukaryota
Klebsiella aerogenes,ESM2_15B_pppl_score,1709.5203447760439,4.041795924339301,1659.2011474735602,1754.648232561512,Bacteria
Klebsiella pneumoniae,ESM2_15B_pppl_score,1869.3043031411028,34.891521093047494,1433.8075121475945,2231.6761858553373,Bacteria
Klebsiella pneumoniae subsp. pneumoniae,ESM2_15B_pppl_score,1729.2276661215449,5.337308299986902,1660.495899375952,1793.4111411630402,Bacteria
Kluyveromyces lactis,ESM2_15B_pppl_score,1142.333382263029,27.977709747061628,820.9075985346471,1558.6417873304538,Eukaryota
Korarchaeum cryptofilum,ESM2_15B_pppl_score,1446.599816960778,11.816662558339923,1283.1978790330454,1634.805913013773,Archaea
Lactiplantibacillus plantarum,ESM2_15B_pppl_score,1574.141276333168,48.253557595582336,970.8381469543458,2113.097512145974,Bacteria
Lactococcus lactis,ESM2_15B_pppl_score,1497.1724294056376,41.51922428204053,974.8885750947426,2013.397461397506,Bacteria
Lactococcus lactis subsp. cremoris,ESM2_15B_pppl_score,1455.6872575646555,3.8207618678374278,1400.1285035877104,1507.5215522123817,Bacteria
Lactococcus lactis subsp. lactis,ESM2_15B_pppl_score,1358.0399332266177,14.899378920549191,1185.7619369701188,1546.0663647216193,Bacteria
Latimeria chalumnae,ESM2_15B_pppl_score,1456.550248952007,37.571872205705894,1166.8972964962452,1934.7893996050605,Eukaryota
Legionella pneumophila,ESM2_15B_pppl_score,1252.8708600715154,22.037556691217322,1042.2688899139066,1430.3133174235656,Bacteria
Legionella pneumophila subsp. pneumophila,ESM2_15B_pppl_score,1249.3785499353146,11.316229349961173,1109.7739957426209,1368.9923027202617,Bacteria
Leifsonia xyli subsp. xyli,ESM2_15B_pppl_score,1503.3002553748072,4.247460903539996,1448.8127432704957,1558.045863496627,Bacteria
Lemna minor,ESM2_15B_pppl_score,1527.5212226031974,38.95497396684896,1104.1911050917845,1945.7796353098943,Eukaryota
Lemur catta,ESM2_15B_pppl_score,1695.2953635598972,14.108755111045715,1545.7536495307938,1892.7198008877515,Eukaryota
Lepidium virginicum,ESM2_15B_pppl_score,1205.603661595618,7.575378752917119,1103.6630797367206,1288.642838184713,Eukaryota
Levilactobacillus brevis,ESM2_15B_pppl_score,1633.47585293449,4.10431949372639,1585.07645683072,1692.2788251018135,Bacteria
Liriodendron tulipifera,ESM2_15B_pppl_score,1703.7528150246872,47.146790906709334,1126.3361581792751,2056.588595690054,Eukaryota
Listeria monocytogenes,ESM2_15B_pppl_score,1709.8897017197585,34.26456097284324,1228.6347367031465,2144.453542244114,Bacteria
Listeria monocytogenes serotype 1/2a,ESM2_15B_pppl_score,1498.7621481384904,11.251322464341253,1371.7397421402286,1631.6188996965564,Bacteria
Listeria monocytogenes serovar 1/2a,ESM2_15B_pppl_score,1405.16782212044,4.081216570391312,1348.3989074648784,1446.6835382623783,Bacteria
Lobularia maritima,ESM2_15B_pppl_score,1636.1260065309948,27.14697159547672,1293.9534503837685,1890.3953369248172,Eukaryota
Lodderomyces elongisporus,ESM2_15B_pppl_score,1586.5452614188887,7.050196294631482,1484.999785564897,1674.1371431253292,Eukaryota
Lotus japonicus,ESM2_15B_pppl_score,1490.1287716280606,26.07127894804551,1225.6886084419841,1752.4392427450696,Eukaryota
Loxodonta africana,ESM2_15B_pppl_score,1632.189309622652,24.191698300805403,1350.7402952979012,1857.0473165220067,Eukaryota
Lumbricus terrestris,ESM2_15B_pppl_score,937.2941570157659,9.665342521903549,828.8662765096693,1050.7952051334426,Eukaryota
Lycodon semicarinatus,ESM2_15B_pppl_score,1253.0408140612253,27.63889036164632,970.3913322021624,1587.9222007648523,Eukaryota
Macaca fascicularis,ESM2_15B_pppl_score,1812.805904820648,46.49047128214096,1080.8879891959086,2280.021415010499,Eukaryota
Mammuthus primigenius,ESM2_15B_pppl_score,1185.0340046537967,22.112265081528335,966.245078662441,1388.0845717530556,Eukaryota
Mannheimia succiniciproducens,ESM2_15B_pppl_score,1801.4583040486855,28.775370310897692,1434.485244713929,2138.3646549229625,Bacteria
Marchantia polymorpha,ESM2_15B_pppl_score,1520.3820064839417,21.705859995988003,1347.1856346575362,1806.33048584439,Eukaryota
Marinobacter nauticus,ESM2_15B_pppl_score,1357.7423519535173,9.443715309922666,1266.8000311881328,1476.6654064052016,Bacteria
Mesocricetus auratus,ESM2_15B_pppl_score,1428.7072542237452,53.69036432401957,843.9047313036797,1803.8591518770418,Eukaryota
Mesorhizobium japonicum,ESM2_15B_pppl_score,1482.9721351648134,40.93615967202496,1051.5106256217805,2047.9320033425909,Bacteria
Mesostigma viride,ESM2_15B_pppl_score,1116.073360713015,8.613105007390404,1006.8454609443601,1211.6734449079968,Eukaryota
Metallosphaera sedula,ESM2_15B_pppl_score,999.4983502323314,8.058017026255895,914.5971125781522,1123.6626364523572,Archaea
Methanobacterium formicicum,ESM2_15B_pppl_score,1439.9949605403351,6.482951334136476,1342.3843489861276,1524.4131471233366,Archaea
Methanobrevibacter smithii,ESM2_15B_pppl_score,1176.1049134872007,43.30948031291946,760.5133293161276,1729.2543590374307,Archaea
Methanocaldococcus jannaschii,ESM2_15B_pppl_score,1411.6325831603435,40.975825224984064,900.7495978375943,1938.0119546160106,Archaea
Methanocella arvoryzae,ESM2_15B_pppl_score,1606.5539083482336,7.404730370893039,1530.2465534523317,1695.3568115893622,Archaea
Methanococcoides burtonii,ESM2_15B_pppl_score,1483.1727903213543,23.448990398616317,1225.4987411092818,1728.301803149713,Archaea
Methanococcus aeolicus,ESM2_15B_pppl_score,1487.9378545203317,27.12623961087046,1217.9465139212518,1833.1043384957673,Archaea
Methanococcus maripaludis,ESM2_15B_pppl_score,1413.0711832419838,33.758870631719375,1093.2507011142504,1873.7186688469305,Archaea
Methanococcus vannielii,ESM2_15B_pppl_score,1230.965608193462,27.888307435168183,971.2020255687958,1627.163492734724,Archaea
Methanocorpusculum labreanum,ESM2_15B_pppl_score,1039.807087918253,24.488918306962848,783.8860145609933,1290.2718604950069,Archaea
Methanoculleus marisnigri,ESM2_15B_pppl_score,1268.1630216539616,20.84813546195043,1011.440848310943,1469.486213828024,Archaea
Methanopyrus kandleri,ESM2_15B_pppl_score,1412.4269949028064,33.3940175567765,1072.5771678939516,1870.953286799524,Archaea
Methanoregula boonei,ESM2_15B_pppl_score,1487.710407321644,10.560928215066829,1344.0754066882535,1596.9752840213957,Archaea
Methanosarcina acetivorans,ESM2_15B_pppl_score,1264.917162112079,40.8508046479829,818.5410889342423,1863.086889999546,Archaea
Methanosarcina barkeri,ESM2_15B_pppl_score,1501.6866562716825,24.713718500958255,1173.8104125452824,1811.4452502444335,Archaea
Methanosarcina mazei,ESM2_15B_pppl_score,1285.238472399355,27.34528104364877,977.8989980960437,1617.670855942488,Archaea
Methanosphaera stadtmanae,ESM2_15B_pppl_score,1285.6593374595145,25.03388162632756,993.6620093368039,1566.7986650253943,Archaea
Methanosphaerula palustris,ESM2_15B_pppl_score,1549.1771685096912,8.42141673230501,1426.8829106988326,1640.5573970013497,Archaea
Methanospirillum hungatei JF-1,ESM2_15B_pppl_score,1419.522177924528,17.624133099557774,1250.2904261573417,1678.0459344049866,Archaea
Methanothermobacter marburgensis,ESM2_15B_pppl_score,1333.4758439028294,20.157273499950648,1090.9865595904935,1527.3583268159225,Archaea
Methanothermobacter thermautotrophicus,ESM2_15B_pppl_score,1413.4212221772455,31.2926918280594,1022.996786016716,1940.1664017716646,Archaea
Methanothermus fervidus,ESM2_15B_pppl_score,1491.640704655205,19.992797896866996,1313.614658751437,1700.6459693514955,Archaea
Methanothrix thermoacetophila,ESM2_15B_pppl_score,1618.0509555904023,6.903397164561141,1524.0478259178026,1714.6617372316578,Archaea
Methylococcus capsulatus,ESM2_15B_pppl_score,1472.3626385754415,30.964165938058894,986.0276705260617,1894.7199115954627,Bacteria
Meyerozyma guilliermondii,ESM2_15B_pppl_score,1759.5700887299272,9.283622865099883,1666.6384230644233,1916.7078574658965,Eukaryota
Micrococcus luteus,ESM2_15B_pppl_score,1444.1999921578529,2.4541278210460287,1413.1059145661293,1471.6183573457413,Bacteria
Microcystis aeruginosa,ESM2_15B_pppl_score,1459.468555846827,5.217565953416467,1396.8493841310662,1523.6685900202456,Bacteria
Micromonas commoda,ESM2_15B_pppl_score,1176.273904532165,7.305140548830813,1095.2815852255965,1296.03463135953,Eukaryota
Monodelphis domestica,ESM2_15B_pppl_score,1456.711537732743,25.744255270115676,1186.541315539422,1853.0897152894167,Eukaryota
Mus musculus,ESM2_15B_pppl_score,1711.8861355340289,35.17656180804849,1263.2812156619038,2170.0530309141686,Eukaryota
Mycobacterium bovis,ESM2_15B_pppl_score,1604.4233578585886,24.7512052528947,1349.5211164250936,1945.6923237344292,Bacteria
Mycobacterium leprae,ESM2_15B_pppl_score,1498.936795451503,6.1910609978827384,1421.3629437157515,1568.3556363869056,Bacteria
Mycobacterium sp.,ESM2_15B_pppl_score,1710.6509356135787,12.334529217871793,1608.409306179898,1869.7752117624193,Bacteria
Mycobacterium tuberculosis,ESM2_15B_pppl_score,1663.1666427795315,33.558144963167194,1286.2262125573918,2117.492095368434,Bacteria
Mycobacteroides abscessus,ESM2_15B_pppl_score,1564.0834843275288,4.695599773874742,1517.1344937752276,1631.32363124594,Bacteria
Mycolicibacterium gilvum,ESM2_15B_pppl_score,1280.145167891368,45.679411403342975,1000.6604217414407,1775.6210705724318,Bacteria
Mycolicibacterium paratuberculosis,ESM2_15B_pppl_score,1501.4860839554708,2.3178555335799467,1467.7535758557726,1533.458375985303,Bacteria
Mycolicibacterium smegmatis,ESM2_15B_pppl_score,1737.6860021860014,38.36426741186423,1231.1385999751858,2254.3287035871845,Bacteria
Mycolicibacterium smegmatis155),ESM2_15B_pppl_score,1727.9276806218445,13.273715053462604,1606.522788450794,1897.2872363565384,Bacteria
Mycoplasma genitalium,ESM2_15B_pppl_score,934.3127126102096,6.140547963947506,845.0895585573854,1006.8319523038494,Bacteria
Mycoplasma pneumoniae,ESM2_15B_pppl_score,897.8115662011539,24.817161576505132,629.1579757983378,1244.2418819134296,Bacteria
Mycosarcoma maydis,ESM2_15B_pppl_score,1380.1778544697568,26.848483379076725,1059.5687495926334,1619.882775410508,Eukaryota
Myxococcus xanthus,ESM2_15B_pppl_score,1451.6147581952398,21.154166390158004,1225.1369506829515,1717.9788767104635,Bacteria
Nanoarchaeum equitans,ESM2_15B_pppl_score,879.7765599728467,37.5230654370224,576.623323595434,1703.8947325603083,Archaea
Nasturtium officinale,ESM2_15B_pppl_score,1872.5677958897074,10.102714852763903,1739.0617272207983,1998.319492384425,Eukaryota
Natrialba magadii,ESM2_15B_pppl_score,1228.7725003720116,7.421132736019797,1131.4932486175123,1313.6928789083531,Archaea
Natronomonas pharaonis,ESM2_15B_pppl_score,1595.622076559149,14.047328171552314,1435.4896276712534,1745.313096781037,Archaea
Neisseria gonorrhoeae,ESM2_15B_pppl_score,1401.0418968499841,17.632559796710602,1235.9552342102684,1560.3918176247253,Bacteria
Neisseria meningitidis,ESM2_15B_pppl_score,1552.348121689796,37.04480357383748,1152.0882540252453,2169.8899790880596,Bacteria
Nematostella vectensis,ESM2_15B_pppl_score,1316.3063540854046,24.218507397847603,1052.1626424082376,1668.7281305356785,Eukaryota
Neosartorya fischeri,ESM2_15B_pppl_score,1224.087962447009,27.754255533497215,898.6362733175499,1467.0312206524166,Eukaryota
Neurospora crassa,ESM2_15B_pppl_score,1368.078962090151,37.167444967425155,998.5307029695498,1953.123322045586,Eukaryota
Nicotiana sylvestris,ESM2_15B_pppl_score,1716.1604095595853,49.408968607216686,1178.2036590009934,2085.77551951627,Eukaryota
Nicotiana tabacum,ESM2_15B_pppl_score,1572.9865571050086,45.53729217735953,976.8625260665907,2083.8563630037775,Eukaryota
Nitratidesulfovibrio vulgaris,ESM2_15B_pppl_score,1131.8159350938147,31.187175233886787,866.5858651060297,1562.8961509631877,Bacteria
Nitrosomonas europaea,ESM2_15B_pppl_score,1505.4384613732293,20.309592068622067,1282.7862468297321,1682.9367324951554,Bacteria
Nitrosopumilus maritimus,ESM2_15B_pppl_score,1441.7725572475415,11.877355011770707,1305.4546729876977,1615.8723346141494,Archaea
Nocardia farcinica,ESM2_15B_pppl_score,1660.7444070766394,37.65248964509938,1313.9040042702793,2098.455319927004,Bacteria
Nocardioides sp.,ESM2_15B_pppl_score,1370.6185855496972,14.27744139576269,1202.596201040812,1533.405698680238,Bacteria
Nostoc punctiforme,ESM2_15B_pppl_score,1468.4499460236893,39.74873568636074,1094.811419906728,1774.32349866013,Bacteria
Nostoc sp.,ESM2_15B_pppl_score,1441.5244696440623,36.62893403678073,933.0872620278582,1898.3877585378384,Bacteria
Notamacropus eugenii,ESM2_15B_pppl_score,1764.0969455274058,18.192713055774174,1510.207607035098,1917.169527426411,Eukaryota
Oceanobacillus iheyensis,ESM2_15B_pppl_score,1673.366323480212,42.07920607064059,1208.8362899716,2072.9813564975157,Bacteria
Oenothera berteroana,ESM2_15B_pppl_score,1579.1595564485879,10.467546956430864,1429.8830335187909,1693.700226214633,Eukaryota
Oenothera elata subsp. hookeri,ESM2_15B_pppl_score,1544.633538202924,35.588945976954065,1236.0891446838352,1859.4023478468248,Eukaryota
Ogataea parapolymorpha,ESM2_15B_pppl_score,1841.2176973529672,6.7730505163782,1729.3503109196458,1913.0046027966362,Eukaryota
Olimarabidopsis pumila,ESM2_15B_pppl_score,1430.0688094978143,30.885941171159946,1152.7354649499953,1758.226023233003,Eukaryota
Oncorhynchus mykiss,ESM2_15B_pppl_score,1820.1559083481022,31.430380070911085,1167.5801290463999,2125.5558582692975,Eukaryota
Ornithorhynchus anatinus,ESM2_15B_pppl_score,1559.3439617922425,25.627440638256022,1232.534179706374,1876.8440051181547,Eukaryota
Oryctolagus cuniculus,ESM2_15B_pppl_score,1736.731922975459,27.70185581553956,1350.4135651798924,2044.995819975231,Eukaryota
Oryza sativa,ESM2_15B_pppl_score,1599.5767415295102,46.08912624702335,1023.5796763511717,2208.52018231827,Eukaryota
Oryza sativa subsp. indica,ESM2_15B_pppl_score,1734.2600314418191,19.141387589746543,1546.7870921343979,1971.861688754954,Eukaryota
Oryza sativa subsp. japonica,ESM2_15B_pppl_score,1723.0451613803755,35.19351158277346,1261.970749373964,2115.8914937525205,Eukaryota
Ostreococcus lucimarinus,ESM2_15B_pppl_score,1455.0995745836647,24.807380086553824,1147.3398468127266,1685.425046153163,Eukaryota
Ostreococcus tauri,ESM2_15B_pppl_score,1289.5366210264058,27.59255143398953,1018.4925170501868,1561.0031614938284,Eukaryota
Ovis aries,ESM2_15B_pppl_score,1832.8968585324496,36.95929875533879,1217.9618983250937,2241.301900377982,Eukaryota
Paenarthrobacter aurescens,ESM2_15B_pppl_score,1591.689204594262,9.927480120429678,1470.646292434962,1708.474604418914,Bacteria
Paenarthrobacter nicotinovorans,ESM2_15B_pppl_score,1659.4591048145508,18.695819983532655,1457.0206480303918,1868.56978087794,Bacteria
Pan paniscus,ESM2_15B_pppl_score,1820.491496230274,30.39432522574327,1503.785573150599,2102.4480373340143,Eukaryota
Pan troglodytes,ESM2_15B_pppl_score,1752.565492112511,27.31768003216585,1418.647794927476,2138.442931925667,Eukaryota
Papio hamadryas,ESM2_15B_pppl_score,1531.5301366059384,7.677592278871783,1453.1508535340402,1638.8508166353356,Eukaryota
Paracoccidioides brasiliensis,ESM2_15B_pppl_score,1074.746205335266,7.096626058359878,994.9720515577388,1181.1665270624173,Eukaryota
Paracoccidioides lutzii,ESM2_15B_pppl_score,1684.535213375843,10.47016702903128,1573.9641622703994,1811.8629292206506,Eukaryota
Paracoccus denitrificans,ESM2_15B_pppl_score,1591.2954898366131,21.88645851833334,1330.5128998574996,1843.5259342891195,Bacteria
Paramagnetospirillum magneticum,ESM2_15B_pppl_score,1523.6949129547222,3.65527619749607,1474.8516359417845,1570.6477166854615,Bacteria
Paramecium tetraurelia,ESM2_15B_pppl_score,943.1133870496478,26.909320672519286,699.1937147760439,1421.0086945540488,Eukaryota
Pasteurella multocida,ESM2_15B_pppl_score,1836.754284911283,39.68324417184784,1245.1974744962204,2181.231406265249,Bacteria
Paulinella chromatophora,ESM2_15B_pppl_score,1178.9203484611403,16.175926456886287,991.1054417604762,1353.3180448990274,Eukaryota
Pectobacterium atrosepticum,ESM2_15B_pppl_score,1837.3706561192594,29.732519675448124,1491.0844258265004,2132.5752798159824,Bacteria
Pelotomaculum thermopropionicum,ESM2_15B_pppl_score,1445.7089767642015,30.420560119794704,1204.9066207771543,1739.4199722090027,Bacteria
Penicillium rubens,ESM2_15B_pppl_score,1163.6263847004284,16.482712015490417,1003.8718473760565,1379.5147082921962,Eukaryota
Persephonella marina,ESM2_15B_pppl_score,1470.4866352511117,11.325809747367128,1348.0032371501784,1613.37748400405,Bacteria
Petromyzon marinus,ESM2_15B_pppl_score,1219.7985225194504,29.54145061905805,884.2660762763117,1537.9493817609098,Eukaryota
Phaseolus vulgaris,ESM2_15B_pppl_score,1640.2043316656368,15.8144317070268,1466.3293365807574,1833.6478597578105,Eukaryota
Phoca vitulina,ESM2_15B_pppl_score,1972.2298685778774,21.79168552097798,1765.756885855049,2177.9393670841328,Eukaryota
Photobacterium profundum,ESM2_15B_pppl_score,1636.9254030338604,36.79199450334645,1205.039085786953,2261.8876043898913,Bacteria
Photorhabdus laumondii,ESM2_15B_pppl_score,1749.5342503830464,35.73048902961765,1230.470935417777,2232.0486586126913,Bacteria
Photorhabdus laumondii subsp. laumondii,ESM2_15B_pppl_score,1306.666093372539,4.322205818826005,1244.6569573103639,1360.2296063544145,Bacteria
Physcomitrium patens,ESM2_15B_pppl_score,1314.109408039288,10.280626493690106,1185.0957550990086,1450.875612869066,Eukaryota
Phytophthora infestans,ESM2_15B_pppl_score,1371.5063387479108,56.913613802744635,815.8376378357398,2145.774517684574,Eukaryota
Pichia angusta,ESM2_15B_pppl_score,883.3017645589475,8.088424735831563,770.5126463611476,1002.9321119222219,Eukaryota
Picosynechococcus sp.,ESM2_15B_pppl_score,1949.3700096459752,16.641500773683152,1796.9761068027663,2112.012115885359,Bacteria
Picrophilus torridus,ESM2_15B_pppl_score,1220.6672649143532,23.702669597158096,979.7750232591446,1464.6422856625402,Archaea
Pisum sativum,ESM2_15B_pppl_score,1428.698331540787,46.22522703771181,1077.1625366220092,1935.405441090993,Eukaryota
Plasmodium falciparum,ESM2_15B_pppl_score,1282.2881202604428,42.92883100100969,820.8801486409093,1872.7144165144248,Eukaryota
Platanus occidentalis,ESM2_15B_pppl_score,1475.6907841736133,43.18113572341369,1114.2668639641568,1848.6949599450083,Eukaryota
Polaromonas naphthalenivorans,ESM2_15B_pppl_score,1331.6480164634884,36.450111911111925,977.7697807186905,1618.8731080809418,Bacteria
Pongo abelii,ESM2_15B_pppl_score,1678.3497224818618,40.28412269756839,1071.7084147939242,2136.6707596589854,Eukaryota
Pongo pygmaeus,ESM2_15B_pppl_score,1625.1136041011328,28.976186124747052,1243.9445353629646,1943.1278472226645,Eukaryota
Populus trichocarpa,ESM2_15B_pppl_score,1609.1191894937144,25.833018973793706,1311.4044210955656,1863.2706583159336,Eukaryota
Porphyromonas gingivalis,ESM2_15B_pppl_score,1346.8404496881888,4.729693740465733,1290.7903157664546,1410.2432746508134,Bacteria
Prochlorococcus marinus,ESM2_15B_pppl_score,1350.923549780747,20.473233113924028,1080.251879302276,1545.8259834115645,Bacteria
Proteus mirabilis,ESM2_15B_pppl_score,1827.1938289738764,32.81069913028455,1402.9391662635203,2168.346918676881,Bacteria
Pseudomonas aeruginosa,ESM2_15B_pppl_score,1770.1759954912136,31.720851066777705,1398.2535444903474,2254.76236121497,Bacteria
Pseudomonas fluorescens,ESM2_15B_pppl_score,1421.9264145573516,16.34772386713094,1169.9866294008489,1615.371417507478,Bacteria
Pseudomonas paraeruginosa,ESM2_15B_pppl_score,1461.8319615892176,36.02972927357791,1189.7537136582828,1772.4425855621437,Bacteria
Pseudomonas putida,ESM2_15B_pppl_score,1895.5203862033025,35.06744663555377,1436.6740138161338,2283.5910313843665,Bacteria
Pseudomonas sp,ESM2_15B_pppl_score,1801.9895781638893,8.514625767811804,1686.6991015990911,1895.5383466186377,Bacteria
Pseudomonas sp.,ESM2_15B_pppl_score,1031.0966014081093,5.668191500486959,976.6785659337131,1118.6278284266002,Bacteria
Pseudomonas syringae pv. tomato,ESM2_15B_pppl_score,1904.2517945345403,3.9543677246466644,1858.6090239144096,1954.6532900004318,Bacteria
Pseudomonas taetrolens,ESM2_15B_pppl_score,1415.4824942490332,5.180283806433275,1354.4999252955565,1490.6951158303198,Bacteria
Pyricularia oryzae,ESM2_15B_pppl_score,1508.204130049792,14.81010890143336,1376.0779670812842,1699.8264204100094,Eukaryota
Pyrobaculum aerophilum,ESM2_15B_pppl_score,984.9812174707218,39.23805530029207,591.7049610753378,1711.3693356429708,Archaea
Pyrobaculum arsenaticum,ESM2_15B_pppl_score,999.656894790993,17.5199941261696,780.5537602608235,1152.101798207183,Archaea
Pyrobaculum calidifontis,ESM2_15B_pppl_score,1427.640833122191,32.14470737775324,1192.525434172954,1817.9329162055753,Archaea
Pyrobaculum islandicum,ESM2_15B_pppl_score,1225.2831683308782,44.97614250621173,915.9762865675341,1965.934937252811,Archaea
Pyrobaculum neutrophilum,ESM2_15B_pppl_score,1312.3711256753488,8.709572876804195,1205.9566789825526,1425.850045756818,Archaea
Pyrococcus abyssi,ESM2_15B_pppl_score,1681.4706915568856,29.448453120527976,1296.074000494291,2007.0879972036787,Archaea
Pyrococcus furiosus,ESM2_15B_pppl_score,1610.2487451341597,44.594268881467045,1165.6952765247115,2181.666635285648,Archaea
Pyrococcus horikoshii,ESM2_15B_pppl_score,1609.4437461531436,46.18951362324363,1193.0776890385773,2199.7016916357297,Archaea
Pyrococcus woesei,ESM2_15B_pppl_score,1755.8434586197775,31.222866669174653,1494.8008871361055,2130.8874350133556,Archaea
Ralstonia solanacearum,ESM2_15B_pppl_score,1522.0226672425183,40.7233282866004,1030.5301411161058,1991.4367891131794,Bacteria
Rattus norvegicus,ESM2_15B_pppl_score,1712.9913218780928,41.382403875566304,1144.5003191481928,2271.0925003490306,Eukaryota
Rhinoceros unicornis,ESM2_15B_pppl_score,1718.2450094619605,22.108610702435257,1485.7512743844386,1959.1360881162045,Eukaryota
Rhipicephalus sanguineus,ESM2_15B_pppl_score,1202.1670531400205,18.622915108611135,1026.7352244905771,1393.295985277721,Eukaryota
Rhizobium meliloti,ESM2_15B_pppl_score,1625.9082625778656,41.71491059055265,1214.5890677020143,2176.535432050932,Bacteria
Rhodobacter capsulatus,ESM2_15B_pppl_score,1582.1252321161132,24.267554993624668,1312.3803274077613,1858.786225359762,Bacteria
Rhodococcus erythropolis,ESM2_15B_pppl_score,1228.1109177316264,7.62324607073132,1128.237040123976,1341.7162111915197,Bacteria
Rhodococcus jostii,ESM2_15B_pppl_score,1095.2153242433712,8.927896726780247,1000.6140778476912,1202.5675978662043,Bacteria
Rhodococcus sp,ESM2_15B_pppl_score,1445.6047308190912,3.1893509989692195,1413.9791057012087,1499.2133033235366,Bacteria
Rhodopseudomonas palustris,ESM2_15B_pppl_score,1393.0772348377595,36.587692379753825,1033.382972160528,1952.4159907331332,Bacteria
Rhodospirillum rubrum,ESM2_15B_pppl_score,1648.4696335308868,39.3451610674881,1292.811829923631,2019.7000095891347,Bacteria
Rhodovulum sulfidophilum,ESM2_15B_pppl_score,1416.4382092513756,2.7779445303015433,1388.8049893623565,1462.8317253278647,Bacteria
Ricinus communis,ESM2_15B_pppl_score,1580.6457182557365,10.260561632441684,1460.0569125454347,1714.7488047020602,Eukaryota
Rickettsia conorii,ESM2_15B_pppl_score,1567.369940541106,35.732904956911526,1189.3449406430018,1836.9577900000315,Bacteria
Rickettsia felis,ESM2_15B_pppl_score,1353.5065322464234,26.103891931886263,1106.785733034326,1626.8260529603067,Bacteria
Rickettsia prowazekii,ESM2_15B_pppl_score,1122.8380134931217,40.32454059922664,717.1601882972994,1740.0057371952037,Bacteria
Ruegeria pomeroyi,ESM2_15B_pppl_score,1505.208003514438,3.03329330277548,1466.9138784767842,1545.2810278081356,Bacteria
Saccharolobus islandicus,ESM2_15B_pppl_score,1453.5105297959087,23.91187454331805,1068.5855926730467,1658.4245707625698,Archaea
Saccharolobus shibatae,ESM2_15B_pppl_score,1668.3607835830255,7.409667300769945,1586.028339108799,1783.1273879595901,Archaea
Saccharolobus solfataricus,ESM2_15B_pppl_score,1127.7665652768117,35.63306248962702,799.2625841674919,1659.104908043358,Archaea
Saccharomyces cerevisiae,ESM2_15B_pppl_score,1262.2552077079224,35.18683064301783,873.3611908954161,1793.829393755176,Eukaryota
Saccharopolyspora erythraea,ESM2_15B_pppl_score,1593.282012362776,8.083672046016478,1500.9031664374581,1698.280632244128,Bacteria
Salmo salar,ESM2_15B_pppl_score,2058.639527975307,36.1987079211477,1499.5491607841816,2347.064547413054,Eukaryota
Salmo trutta,ESM2_15B_pppl_score,2040.3857270051415,32.80381351076489,1759.6793914610887,2327.0649197946877,Eukaryota
Salmonella paratyphi B,ESM2_15B_pppl_score,1820.6242891375068,61.216023341644046,1205.518507707829,2271.25714362266,Bacteria
Salmonella typhi,ESM2_15B_pppl_score,2240.1732370580758,7.939259372307792,2107.6544513379163,2309.6327075746945,Bacteria
Salmonella typhimurium,ESM2_15B_pppl_score,1994.5535860155221,38.237537159370085,1388.6387750140932,2358.085062184363,Bacteria
Scheffersomyces stipitis,ESM2_15B_pppl_score,1076.9011529491897,15.303325193185202,890.4719893163626,1232.3210599703639,Eukaryota
Schistosoma japonicum,ESM2_15B_pppl_score,1190.8266942139821,32.313687513699385,770.2802821710209,1608.4375326188049,Eukaryota
Schistosoma mansoni,ESM2_15B_pppl_score,1622.3830846407777,11.892797234580152,1483.2441658545536,1748.437824361644,Eukaryota
Schizosaccharomyces pombe,ESM2_15B_pppl_score,1061.6604256085252,30.4024239102762,750.9932901035024,1513.7159095614409,Eukaryota
Scyliorhinus canicula,ESM2_15B_pppl_score,1777.655488198561,22.316995583235702,1554.4079215258814,1994.7131756960666,Eukaryota
Serratia proteamaculans,ESM2_15B_pppl_score,1789.292001789995,27.835378914132264,1462.3771559669813,2161.7572390843106,Bacteria
Shewanella baltica,ESM2_15B_pppl_score,1389.1583173942208,39.89238517904446,1074.3767661425832,1836.3390843031675,Bacteria
Shewanella frigidimarina,ESM2_15B_pppl_score,1241.2852342181832,9.80308151447552,1101.6850174959568,1347.9985018619782,Bacteria
Shewanella oneidensis,ESM2_15B_pppl_score,1666.1787595704527,47.51777068786744,1044.1666243207594,2190.5614777677633,Bacteria
Shewanella putrefaciens,ESM2_15B_pppl_score,1322.371251517946,36.21729751107558,1053.6935538178054,1683.2649927679188,Bacteria
Shewanella sp.,ESM2_15B_pppl_score,1190.8274434520115,8.8861320054808,1072.8489067178905,1292.658561029432,Bacteria
Shigella flexneri,ESM2_15B_pppl_score,1957.3803042958125,42.935297646981816,1331.111086644872,2322.760190955862,Bacteria
Sigmodon hispidus,ESM2_15B_pppl_score,1343.7400841550773,8.116313132996863,1237.7933412471543,1459.7849470979081,Eukaryota
Sinorhizobium fredii,ESM2_15B_pppl_score,1634.2258680984908,42.929315677985336,1214.6019923033332,2126.6408090988207,Bacteria
Sodalis glossinidius,ESM2_15B_pppl_score,1696.1577139804906,35.61462673578417,1197.9454375402674,2065.7241906349495,Bacteria
Solanum lycopersicum,ESM2_15B_pppl_score,1702.1808326357004,38.684243127207345,1281.2944149086443,2133.48395973832,Eukaryota
Solanum tuberosum,ESM2_15B_pppl_score,1813.501565774208,27.827062444588393,1553.2087162765206,2046.366427458058,Eukaryota
Sordaria macrospora / K-hell),ESM2_15B_pppl_score,1252.7153721126392,25.47955694508885,1017.9956163865818,1495.4190790104576,Eukaryota
Sorghum bicolor,ESM2_15B_pppl_score,1813.300210744848,31.530352019321416,1437.7459170147802,2100.734168851806,Eukaryota
Spinacia oleracea,ESM2_15B_pppl_score,1732.727848832342,39.36572116784298,1238.406187186177,2061.45552817474,Eukaryota
Staphylococcus aureus,ESM2_15B_pppl_score,1712.9724157472424,38.352841947630075,1123.688029528336,2243.403946031518,Bacteria
Staphylococcus epidermidis,ESM2_15B_pppl_score,1592.1306870500955,19.342954265740524,1364.85057717395,1766.7864034659449,Bacteria
Staphylococcus haemolyticus,ESM2_15B_pppl_score,1468.3820392212338,47.37899182693704,998.2203905729613,1837.4440671647767,Bacteria
Staurastrum punctulatum,ESM2_15B_pppl_score,1214.1453469736846,11.612133836408304,1052.4044666491977,1354.8680556742386,Eukaryota
Stenotrophomonas maltophilia,ESM2_15B_pppl_score,1215.7754525546434,32.80238697349982,912.9891536898377,1558.3235409559634,Bacteria
Streptococcus gordonii,ESM2_15B_pppl_score,1701.0875887479579,31.546292283777063,1357.425314654679,2038.1290359406842,Bacteria
Streptococcus pneumoniae,ESM2_15B_pppl_score,1688.4545870417464,38.14500010361313,1248.665893466825,2027.0647368812004,Bacteria
Streptococcus pneumoniae serotype 2,ESM2_15B_pppl_score,1576.3216200388167,6.459054084656945,1502.2357223898196,1654.7516096152744,Bacteria
Streptococcus pneumoniae serotype 4,ESM2_15B_pppl_score,1921.7523809182958,16.92265068672328,1738.4997116602667,2084.7239347777927,Bacteria
Streptococcus pyogenes,ESM2_15B_pppl_score,1671.8990215513397,6.270289212346039,1589.3179139583572,1752.2308454511012,Bacteria
Streptococcus pyogenes serotype M1,ESM2_15B_pppl_score,1581.898355505189,18.642641766527753,1416.6710968221114,1769.693969731435,Bacteria
Streptococcus pyogenes serotype M3,ESM2_15B_pppl_score,1606.0724090087856,4.446503937985243,1541.3603290222643,1661.2102379328576,Bacteria
Streptococcus pyogenes serotype M6,ESM2_15B_pppl_score,1324.681813285973,4.815851629685708,1258.3572510520964,1376.375441054458,Bacteria
Streptococcus suis,ESM2_15B_pppl_score,1279.6117519056368,28.8135271046318,1049.3609604144297,1544.7140388303465,Bacteria
Streptomyces arenae,ESM2_15B_pppl_score,1376.1742275877011,5.790561094832101,1301.885557688328,1444.09863699158,Bacteria
Streptomyces avermitilis,ESM2_15B_pppl_score,1906.1310721901027,13.599462672040625,1761.8978461427723,2048.8802120735727,Bacteria
Streptomyces coelicolor,ESM2_15B_pppl_score,1708.5556296516452,43.963487093311976,1082.4697242858279,2265.366652764227,Bacteria
Streptomyces coelicolor / M145),ESM2_15B_pppl_score,1707.5932447474188,30.452366220137918,1383.310056040469,2038.2347759107056,Bacteria
Streptomyces glaucescens,ESM2_15B_pppl_score,1307.4888347567028,34.90267192761599,987.1476415996076,1585.4421199009942,Bacteria
Streptomyces griseus subsp. griseus,ESM2_15B_pppl_score,1767.4980851089742,4.771645725813148,1705.9265738512709,1843.3085426584842,Bacteria
Streptomyces lavendulae,ESM2_15B_pppl_score,1345.0239206802646,43.098974576995246,873.4865921910215,1717.8064152294783,Bacteria
Struthio camelus,ESM2_15B_pppl_score,1649.276683526406,14.18501331977044,1465.2473837380965,1834.4259972598109,Eukaryota
Stutzerimonas stutzeri,ESM2_15B_pppl_score,1985.6209275456151,10.982743628286862,1865.086778314095,2098.060026885325,Bacteria
Sulfolobus acidocaldarius,ESM2_15B_pppl_score,997.4369805732356,44.23412100935561,624.4132538694046,1700.2110197729053,Archaea
Sulfurisphaera tokodaii,ESM2_15B_pppl_score,1458.7255779884206,33.83923037403631,1104.5726987568903,1897.8656384451026,Archaea
Sus scrofa,ESM2_15B_pppl_score,1788.4081784190212,45.998824856480816,1085.9652097971211,2338.5305284705028,Eukaryota
Synechococcus elongatus,ESM2_15B_pppl_score,1500.7851746814008,42.460780797962016,931.8159369653588,2054.231056146169,Bacteria
Synechococcus sp.,ESM2_15B_pppl_score,1666.4635067336917,29.122658830777738,1365.8209494504738,2010.09044903425,Bacteria
Synechocystis sp.,ESM2_15B_pppl_score,1433.0947126542296,41.07736115990633,1026.6782822735115,2049.2031894259685,Bacteria
Syntrophobacter fumaroxidans,ESM2_15B_pppl_score,1067.3670198476218,12.073591706245628,953.042046531866,1210.8656961019844,Bacteria
Tachyglossus aculeatus aculeatus,ESM2_15B_pppl_score,1213.6867773048705,7.554528723644571,1110.0308461564362,1307.5702790364078,Eukaryota
Taeniopygia guttata,ESM2_15B_pppl_score,1579.2880983173852,8.426067975131744,1422.9589460945522,1663.711287069522,Eukaryota
Takifugu rubripes,ESM2_15B_pppl_score,1532.8924208299532,13.082430456845085,1312.7535414934025,1669.4588491614538,Eukaryota
Talaromyces stipitatus,ESM2_15B_pppl_score,1041.07240053921,6.295987555787782,963.6787149869102,1144.7099223982532,Eukaryota
Tetraodon nigroviridis,ESM2_15B_pppl_score,1539.2956010447735,21.477296868943117,1344.9563939532277,1766.4310280680247,Eukaryota
Thermococcus gammatolerans,ESM2_15B_pppl_score,1647.7668315369845,36.32214731391246,1223.0882033808439,1971.3747285604386,Archaea
Thermococcus kodakarensis,ESM2_15B_pppl_score,1443.7921708753313,40.36818046988464,1010.9334750690912,1943.9822178404938,Archaea
Thermococcus litoralis,ESM2_15B_pppl_score,1826.7663381633142,19.948454390142814,1607.7929462331174,2092.4272640948325,Archaea
Thermococcus onnurineus,ESM2_15B_pppl_score,1770.1678485718835,7.986289003222995,1674.3985189009288,1876.8531920217858,Archaea
Thermococcus sibiricus,ESM2_15B_pppl_score,1818.9439398717773,30.944572802003574,1421.2416550227217,2098.2024592566886,Archaea
Thermococcus sp.,ESM2_15B_pppl_score,1809.9721223292343,7.688312001796962,1715.2458069503014,1923.4260484238976,Archaea
Thermofilum pendens,ESM2_15B_pppl_score,1696.7605680070048,6.8095328785169205,1621.0890180358017,1785.8419882783603,Archaea
Thermoplasma acidophilum,ESM2_15B_pppl_score,1282.463341351272,36.55619580224338,841.2181043371017,1746.738151210227,Archaea
Thermoplasma volcanium,ESM2_15B_pppl_score,1082.5869395205282,22.15864429705565,836.7732125908593,1323.6693877540467,Archaea
Thermoproteus tenax,ESM2_15B_pppl_score,1184.9427123438288,7.69000927617288,1082.167117446766,1261.3397383958838,Archaea
Thermostichus vulcanus,ESM2_15B_pppl_score,1431.9643052189183,29.010494660234446,1136.465637384279,1743.3140356875294,Bacteria
Thermosynechococcus vestitus,ESM2_15B_pppl_score,1486.2369144685288,37.65229226991182,1061.9528270784833,1939.4474037091459,Bacteria
Thermotoga maritima,ESM2_15B_pppl_score,1364.742242676387,42.44198912671284,867.7145198087669,1942.0510669972966,Bacteria
Thermus thermophilus,ESM2_15B_pppl_score,1763.3158145358632,30.540935960310705,1295.5115088022194,2053.952284915034,Bacteria
Toxoplasma gondii,ESM2_15B_pppl_score,849.2564176605599,8.104932165834958,761.5709954215033,964.5196403563941,Eukaryota
Treponema pallidum,ESM2_15B_pppl_score,1015.4233335047139,40.91053629237808,646.4505489906647,1679.714675914395,Bacteria
Treponema pallidum subsp. pallidum,ESM2_15B_pppl_score,1481.6901030794106,1.8983626281613064,1452.2113873680405,1501.3024769289386,Bacteria
Trichoderma koningii,ESM2_15B_pppl_score,1454.9559167195603,5.909863098296053,1379.763046835969,1521.4989088930124,Eukaryota
Trichoplax adhaerens,ESM2_15B_pppl_score,1275.1256150048532,15.873407624217169,1001.8299518648305,1505.4991842754248,Eukaryota
Trichormus variabilis,ESM2_15B_pppl_score,1425.1838906925907,40.02416019031931,884.899268985052,1938.2146595970294,Bacteria
Triticum aestivum,ESM2_15B_pppl_score,1659.801370822169,53.71484848993236,1166.9176863696982,2208.961927445131,Eukaryota
Trypanosoma brucei brucei,ESM2_15B_pppl_score,813.2050171026673,8.2650474849746,708.2136313450633,915.7776690657478,Eukaryota
Verminephrobacter eiseniae,ESM2_15B_pppl_score,1302.0360229479963,30.646968796162195,934.4988991068437,1542.3727848585265,Bacteria
Vibrio cholerae,ESM2_15B_pppl_score,1795.9704539373788,39.744529108495335,1295.064994166947,2248.4819272485856,Bacteria
Vibrio cholerae serotype O1,ESM2_15B_pppl_score,1543.0106147307126,15.737492975998578,1353.8028853451392,1757.229697937784,Bacteria
Vibrio parahaemolyticus serotype O3:K6,ESM2_15B_pppl_score,1791.1703724106505,5.421222978208742,1719.2966208091314,1856.473048318883,Bacteria
Vibrio vulnificus,ESM2_15B_pppl_score,1814.2888098446751,9.822576512031782,1703.1171183399697,1926.9003753248057,Bacteria
Vitis vinifera,ESM2_15B_pppl_score,1877.1724305712296,29.010627974973417,1463.3724840226168,2139.248317887379,Eukaryota
Xanthobacter autotrophicus,ESM2_15B_pppl_score,1285.351211416803,12.476376744564487,1131.449330380132,1412.5104135038414,Bacteria
Xanthomonas campestris,ESM2_15B_pppl_score,1513.8160717579553,39.48329626617415,1000.6498399556631,2069.1182526309667,Bacteria
Xanthomonas campestris pv. campestris,ESM2_15B_pppl_score,1080.7861070329375,7.393681532849128,1004.5590391912069,1162.0447442508905,Bacteria
Xenopus laevis,ESM2_15B_pppl_score,1584.0222863858226,41.22344491018169,1142.3372978172367,2105.2134439724755,Eukaryota
Xenopus tropicalis,ESM2_15B_pppl_score,1624.5181949157334,24.46070738686051,1307.1890729330473,1941.8236040598665,Eukaryota
Xylella fastidiosa,ESM2_15B_pppl_score,1163.546443439798,30.209414076030253,756.6689273371464,1532.1482213489917,Bacteria
Yarrowia lipolytica,ESM2_15B_pppl_score,1180.6881129288024,32.103029862778506,891.5493519379892,1620.7226835458187,Eukaryota
Yersinia enterocolitica,ESM2_15B_pppl_score,1881.207853331441,4.97559757969668,1818.8888247443538,1947.3833062270664,Bacteria
Yersinia enterocolitica serotype O:8 / biotype 1B,ESM2_15B_pppl_score,1710.7332212787699,46.71170243773352,1360.156769099599,2149.4816097057314,Bacteria
Yersinia pestis,ESM2_15B_pppl_score,1893.8689056691476,35.9713844439256,1362.891966020875,2193.972308823308,Bacteria
Yersinia pseudotuberculosis serotype IB,ESM2_15B_pppl_score,1242.7572130752417,3.5698661703695462,1195.932144320652,1289.1412352763105,Bacteria
Yersinia pseudotuberculosis serotype O:1b,ESM2_15B_pppl_score,1439.3301294268438,5.54656832303175,1381.3418028065937,1519.5089479773292,Bacteria
Yersinia pseudotuberculosis serotype O:3,ESM2_15B_pppl_score,2058.670882481595,14.04769920288664,1939.824174486504,2231.9639300736926,Bacteria
Zea mays,ESM2_15B_pppl_score,1637.1314648590746,43.41703607342315,1104.5157747208093,2217.889118660003,Eukaryota
Zygnema circumcarinatum,ESM2_15B_pppl_score,1162.2528329158804,7.891615764272888,1056.6788496889199,1249.9590941722936,Eukaryota
Zygosaccharomyces rouxii,ESM2_15B_pppl_score,1152.7273354837423,10.393113523648221,1041.1322560903911,1314.1003783019573,Eukaryota
Acetivibrio thermocellus,carp_640M_score,1855.9913105448204,3.9820778851041783,1808.1822933720043,1909.006044392636,Bacteria
Acidianus ambivalens,carp_640M_score,1017.3717782138882,6.459545012261234,951.2931131971437,1087.252105646751,Archaea
Acidiphilium cryptum,carp_640M_score,2008.3747814288095,7.891667436282961,1905.4391161817196,2135.5845034808476,Bacteria
Acidithiobacillus ferrooxidans,carp_640M_score,1503.8952796905423,2.688877760874441,1470.3341336510182,1544.4061464161434,Bacteria
Acinetobacter baumannii,carp_640M_score,1138.5621225183638,27.884120390223174,847.4166758442057,1487.9645634034143,Bacteria
Acinetobacter baylyi,carp_640M_score,1296.1253100996423,26.483591271687935,991.9940854546375,1627.0029741409835,Bacteria
Acorus calamus var. americanus,carp_640M_score,1711.9784214960234,36.661621709646774,1424.1658851642208,2146.3407516288044,Eukaryota
Actinobacillus pleuropneumoniae serotype 5b,carp_640M_score,1578.3157860317756,2.75191332218005,1541.2959076481293,1614.3646893056944,Bacteria
Actinobacillus pleuropneumoniae serotype 7,carp_640M_score,1448.089348898984,1.3318043164202065,1432.4998905428733,1464.0298187594688,Bacteria
Adiantum capillus-veneris,carp_640M_score,1349.8383175491088,8.105094567984773,1245.3165557585885,1446.8385575723948,Eukaryota
Aedes aegypti,carp_640M_score,1767.1194293978028,33.04490661973948,1245.601198556484,2109.048154347721,Eukaryota
Aeromonas hydrophila,carp_640M_score,1707.5268654026543,32.97760876964552,1381.9104876858949,2147.137566589011,Bacteria
Aeromonas hydrophila subsp. hydrophila,carp_640M_score,1462.9577551635914,6.804474594383621,1384.1148328820723,1554.309912229951,Bacteria
Aeromonas salmonicida,carp_640M_score,1611.7107006630308,22.431122757585566,1360.1917192456488,1840.1126344660724,Bacteria
Aeropyrum pernix,carp_640M_score,867.4298293231167,10.197318852054806,747.3896591777692,1027.8068193209403,Archaea
Agrobacterium fabrum,carp_640M_score,1558.6454287175616,42.630668987818105,1065.4275928226052,2053.1827857910553,Bacteria
Agrostis stolonifera,carp_640M_score,1704.56324932013,12.592665987251092,1555.0063115520973,1840.6334764820203,Eukaryota
Ajellomyces capsulatus,carp_640M_score,1215.859815352261,6.706670218134481,1118.9164636203864,1289.8173307378333,Eukaryota
Alcanivorax borkumensis,carp_640M_score,1635.5358984144177,4.020207405868563,1582.3619069678416,1686.1116428231257,Bacteria
Aliivibrio fischeri,carp_640M_score,1581.2060009261395,30.35085336439862,1272.7129881826645,1943.062600189471,Bacteria
Alkalihalobacillus clausii,carp_640M_score,1688.9308920956955,38.56934577824461,1062.1216118852878,2123.9368693203546,Bacteria
Alkalihalophilus pseudofirmus,carp_640M_score,1215.5147408034295,18.83603631323976,1057.9414787577969,1434.473186908271,Bacteria
Alligator mississippiensis,carp_640M_score,1753.0611233255406,25.756225084158995,1479.5696759652897,2049.2080751968233,Eukaryota
Allochromatium vinosum,carp_640M_score,1535.2876504426251,4.1138806270049795,1491.5252151789475,1585.7725475255515,Bacteria
Anas platyrhynchos,carp_640M_score,2028.6680237712642,51.35111458619332,1275.4198973712344,2502.59883265921,Eukaryota
Anopheles gambiae,carp_640M_score,1788.031808248178,31.377856937902635,1425.7937609941905,2136.1877117162044,Eukaryota
Anopheles quadrimaculatus,carp_640M_score,1953.7749928362493,25.55053410291423,1700.2620914618653,2249.824464448937,Eukaryota
Anthoceros angustus,carp_640M_score,1411.4396724034864,7.532700037956328,1314.3173000537004,1498.3971496583747,Eukaryota
Apis mellifera,carp_640M_score,1428.0200416511213,25.42172206471567,1057.2111995287019,1782.238752944938,Eukaryota
Aquifex aeolicus,carp_640M_score,1184.5225854485766,48.03939442447682,695.2550090736559,2002.2996320780899,Bacteria
Arabidopsis thaliana,carp_640M_score,1764.856394307318,38.50701954860086,1086.9908963261535,2170.9751005246926,Eukaryota
Archaeoglobus fulgidus,carp_640M_score,1164.6047251114346,35.93058662719809,817.5151647936726,1649.257548173911,Archaea
Ashbya gossypii,carp_640M_score,1392.9311653892541,41.48603113727016,941.9825596248206,2004.488700623913,Eukaryota
Aspergillus clavatus,carp_640M_score,1667.796590405162,38.65757881465737,1345.5111391265143,2177.6591915833515,Eukaryota
Aspergillus flavus,carp_640M_score,1716.6350408115354,40.567777190013196,1364.1603925780435,2052.8065615864184,Eukaryota
Aspergillus fumigatus,carp_640M_score,1672.8979700487034,30.43692331135894,1271.6334332027398,2046.9223683501648,Eukaryota
Aspergillus niger,carp_640M_score,1582.012467981897,20.008017039633618,1395.709320296387,1814.4451975734946,Eukaryota
Aspergillus oryzae,carp_640M_score,1605.3398615694005,11.469871489739914,1473.9271554711233,1765.5260788717974,Eukaryota
Azoarcus sp.,carp_640M_score,1868.1868802689514,15.682947704142586,1711.017752541486,2034.440006008893,Bacteria
Azospirillum brasilense,carp_640M_score,1279.630006696902,9.60223254722436,1171.6145276031755,1372.0572436212078,Bacteria
Bacillus anthracis,carp_640M_score,1753.7742089643957,31.250187698025293,1318.597053972432,2076.111017357946,Bacteria
Bacillus cereus,carp_640M_score,1675.6999479420763,35.542225932721166,1266.972610545931,2050.889586738364,Bacteria
Bacillus cytotoxicus,carp_640M_score,1719.1670793019168,41.0335474917143,1418.0726552196686,2090.1718629780867,Bacteria
Bacillus licheniformis,carp_640M_score,1747.977266924755,38.523277248422005,1131.045487620551,2178.164520030822,Bacteria
Bacillus sp,carp_640M_score,1234.5481482738398,14.078290060262596,1102.4442482453064,1426.78562044608,Bacteria
Bacillus sp.,carp_640M_score,1156.2684999010633,17.865667703807627,928.6801841180792,1345.093353288156,Bacteria
Bacillus spizizenii,carp_640M_score,1264.449389520816,15.962303259648937,1092.6891235280848,1428.1974997619802,Bacteria
Bacillus subtilis,carp_640M_score,1642.064788403741,38.63419787109681,1164.6126958393475,2131.5383542800278,Bacteria
Bacillus thuringiensis,carp_640M_score,1680.408167872255,12.010525219213317,1558.9689959597633,1810.5865324719741,Bacteria
Bacillus thuringiensis serovar kurstaki,carp_640M_score,1759.8353285415499,6.65074972141228,1671.5772826758393,1830.2239409175177,Bacteria
Bacillus thuringiensis subsp. israelensis,carp_640M_score,1068.130983346529,5.938253926786232,1003.4001722344098,1135.1060012037522,Bacteria
Bacillus thuringiensis subsp. konkukian,carp_640M_score,1305.9831992588715,2.677880602210088,1275.4792829684634,1340.0884716612088,Bacteria
Balaenoptera musculus,carp_640M_score,1859.9072461420385,31.06653241094121,1535.0196113190236,2171.1125406670294,Eukaryota
Balaenoptera physalus,carp_640M_score,1976.8278386609597,18.865187202201508,1738.0711689315344,2226.5705753018324,Eukaryota
Barbarea verna,carp_640M_score,1733.4719841194697,31.96780187013964,1435.9495845378901,2099.5641360491827,Eukaryota
Bartonella bacilliformis,carp_640M_score,1218.4035385049635,13.026015512004696,1073.6729559066355,1363.5119815186142,Bacteria
Bifidobacterium longum,carp_640M_score,1516.4503725103725,4.131315800822995,1462.033357942836,1568.3443550434479,Bacteria
Bifidobacterium longum subsp. infantis,carp_640M_score,1358.7884748615822,6.218134192066341,1292.025955108665,1444.0461464607754,Bacteria
Blastochloris viridis,carp_640M_score,1337.4864437242902,8.800909630158717,1204.4902843855061,1433.2209507304792,Bacteria
Blastomyces gilchristii,carp_640M_score,1491.6330990064453,11.306274488088935,1375.3133368182207,1633.3191243946155,Eukaryota
Bordetella pertussis,carp_640M_score,1460.900973395462,40.849331188693284,956.4775031906707,1952.9795842049366,Bacteria
Borreliella burgdorferi,carp_640M_score,1174.6774477720658,11.674784078065475,1024.7208699670032,1325.1506798815208,Bacteria
Bos mutus grunniens,carp_640M_score,2145.8412691736203,8.486368786802432,2036.6053201562675,2250.5045408606916,Eukaryota
Bos taurus,carp_640M_score,2187.5255970397725,29.437994631582875,1764.5254864746034,2476.262104322922,Eukaryota
Bradyrhizobium diazoefficiens,carp_640M_score,1343.2299734418057,27.45701976654046,1065.5493916246623,1835.6433180437546,Bacteria
Branchiostoma floridae,carp_640M_score,1500.7368071227477,32.689853150335686,1148.5914005319548,1886.42866372379,Eukaryota
Brucella canis,carp_640M_score,1758.4322292904444,31.325684986452753,1491.1957254973001,2021.630052400314,Bacteria
Brucella melitensis,carp_640M_score,1560.8273814028153,38.48334706147647,1107.5894755594127,1998.1661628231302,Bacteria
Brucella melitensis biotype 1,carp_640M_score,1554.542488147127,4.412610788607714,1499.7536363828326,1617.597890801855,Bacteria
Brucella melitensis biotype 2,carp_640M_score,1572.2163607782434,4.273351259756557,1517.2814610886583,1626.834488597149,Bacteria
Brucella ovis,carp_640M_score,1544.1310355764147,5.4097678108400045,1469.7832938274407,1603.9684471261407,Bacteria
Brucella suis biovar 1,carp_640M_score,1362.3551903498487,14.770712310150511,1223.095426155383,1502.2480845740674,Bacteria
Brugia malayi,carp_640M_score,1497.81129478461,42.77109309110184,995.3522509485721,2014.768409153298,Eukaryota
Buchnera aphidicola,carp_640M_score,1188.0142948360167,34.75438365414892,805.261780842274,1657.734674393094,Bacteria
Buchnera aphidicola subsp. Acyrthosiphon pisum,carp_640M_score,1403.7678543032741,11.857445712595588,1234.8736788947479,1553.850339083975,Bacteria
Buchnera aphidicola subsp. Baizongia pistaciae,carp_640M_score,1091.0740876706059,25.324778404722885,852.3648821911851,1407.8776602097087,Bacteria
Buchnera aphidicola subsp. Schizaphis graminum,carp_640M_score,1282.0371077803582,27.266380198344166,914.3606363245718,1509.0460238927985,Bacteria
Burkholderia cenocepacia,carp_640M_score,1253.3791379351578,24.477127111702217,990.3397344019176,1468.334588929958,Bacteria
Burkholderia mallei,carp_640M_score,1525.6810996630768,34.94091992415457,1107.3401274092719,1981.6308088881046,Bacteria
Burkholderia multivorans,carp_640M_score,1358.7813762507396,30.936536534294945,1077.1337981067695,1618.5062839217305,Bacteria
Buxus microphylla,carp_640M_score,1569.0480770579181,45.60649837466112,1249.3890543738344,1999.3373677805353,Eukaryota
Caenorhabditis briggsae,carp_640M_score,1045.4375540063431,12.42505633282025,888.9524537327999,1164.0554065142517,Eukaryota
Caenorhabditis elegans,carp_640M_score,1385.8266013858915,37.880740471313366,954.3401389994424,1938.5214973037112,Eukaryota
Caldanaerobacter subterraneus,carp_640M_score,1819.0281598109577,27.36230020076058,1405.0890525025372,2120.8618583658617,Bacteria
Caldivirga maquilingensis,carp_640M_score,969.3610969385174,21.66347214412065,679.1731691412792,1161.5200792902438,Archaea
Calycanthus floridus var. glaucus,carp_640M_score,1581.5033963667895,43.32208701698732,1276.510555758008,1995.3286562009675,Eukaryota
Campylobacter fetus subsp. fetus,carp_640M_score,1732.2669076884197,20.073559713131203,1532.8421862590706,1917.751662941089,Bacteria
Campylobacter jejuni,carp_640M_score,1299.7964291998148,48.204773173997665,871.9398218087416,2050.257175596997,Bacteria
Campylobacter jejuni subsp. doylei,carp_640M_score,1210.6274784442435,7.3324346007473755,1123.341952268843,1309.7130807615706,Bacteria
Campylobacter jejuni subsp. jejuni serotype O:2,carp_640M_score,1334.2185255940556,8.542276081670899,1242.7652381527078,1445.5958105614588,Bacteria
Campylobacter jejuni subsp. jejuni serotype O:23/36,carp_640M_score,1219.9027223529583,7.092165341677768,1135.4007258597082,1316.7799615063068,Bacteria
Candida albicans,carp_640M_score,1418.6855132552641,39.29960503676992,981.5003871910121,1964.2931884283003,Eukaryota
Candida glabrata,carp_640M_score,1701.1688055920247,18.273126403557484,1431.274734557775,1867.2092699423854,Eukaryota
Canis lupus,carp_640M_score,2239.3536905011265,21.681388673563387,1961.767375146847,2470.3967792735766,Eukaryota
Capra hircus,carp_640M_score,1772.3978496916084,28.682128829369034,1486.1765375751647,2077.9421880848804,Eukaryota
Capsella bursa-pastoris,carp_640M_score,1907.0631324917067,22.457216864644025,1620.557957356131,2096.2362060231735,Eukaryota
Carassius auratus,carp_640M_score,1934.0149377326682,20.65835351735035,1681.1429829486992,2191.177630100248,Eukaryota
Carica papaya,carp_640M_score,1829.644896435034,42.08611625469773,1485.2040177543577,2225.0318508779596,Eukaryota
Caulobacter vibrioides,carp_640M_score,1481.7155300570098,36.52138803210163,1029.3527186239724,1903.834965573543,Bacteria
Cenarchaeum symbiosum,carp_640M_score,905.8462391361801,6.153946829703875,821.9586963308442,982.0462031416145,Archaea
Ceratotherium simum,carp_640M_score,2196.663379429207,26.749840460216575,1760.9125131682756,2438.42479563105,Eukaryota
Cereibacter sphaeroides,carp_640M_score,1430.9471996272437,38.67480660317183,976.5040404919453,1906.4955399823086,Bacteria
Chaetosphaeridium globosum,carp_640M_score,1445.2220809561113,13.253008291089207,1272.9655152407536,1587.532198239036,Eukaryota
Chlamydia pneumoniae,carp_640M_score,868.1589175377185,10.239687591859731,758.5051420323019,1014.2210962957014,Bacteria
Chlamydia trachomatis serovar D,carp_640M_score,813.793966919452,9.459443551915415,711.5863288331636,984.7006860567919,Bacteria
Chlamydia trachomatis serovar L2,carp_640M_score,892.5589038404875,7.192619756283665,821.5078141083297,1010.3226411401259,Bacteria
Chlamydomonas reinhardtii,carp_640M_score,1316.295291142182,35.46979864279359,972.7070383396591,1962.1982969928533,Eukaryota
Chlorobaculum tepidum,carp_640M_score,1086.0486946601422,11.241010943299658,954.3962502706948,1211.948787051707,Bacteria
Chlorobaculum thiosulfatiphilum,carp_640M_score,1164.6451483316307,7.78458439812247,1061.1385630755128,1234.1113047100255,Bacteria
Chlorobium phaeobacteroides,carp_640M_score,1225.6733730133085,28.988954005450903,914.1263986115099,1435.126472982901,Bacteria
Chloroflexus aurantiacus,carp_640M_score,1585.98646673841,35.133187845277114,1249.5468712092884,1855.9112852961457,Bacteria
Chromobacterium violaceum,carp_640M_score,1535.6229631138358,43.6993335535769,978.1942364818243,2133.0838435292158,Bacteria
Citrobacter koseri,carp_640M_score,1824.4848491593862,30.866111572898305,1515.0538088735013,2244.1198432180327,Bacteria
Clostridium acetobutylicum,carp_640M_score,1557.8688139392596,28.852819003611465,1242.0476474140567,1990.4362755729003,Bacteria
Clostridium beijerinckii,carp_640M_score,1687.1761821194211,5.543762911299727,1614.9679595302325,1760.7048126688674,Bacteria
Clostridium botulinum,carp_640M_score,1483.2485494866946,37.09090707397228,1044.355834133685,1772.1964846962328,Bacteria
Clostridium kluyveri,carp_640M_score,1554.2009591688113,31.11857053167729,1285.3377556511157,1921.9416524623107,Bacteria
Clostridium perfringens,carp_640M_score,1068.1056170115708,10.20436487285938,959.4604356456232,1191.8191087604566,Bacteria
Coffea arabica,carp_640M_score,1590.1192183247613,7.94934185631099,1497.9920474610165,1685.631299398111,Eukaryota
Corynebacterium efficiens,carp_640M_score,1476.1808780721153,18.869845306876503,1272.6752230803272,1659.735335082803,Bacteria
Corynebacterium glutamicum,carp_640M_score,1330.375866484554,30.320740679967464,946.9576748711937,1705.4121213513133,Bacteria
Coturnix japonica,carp_640M_score,2052.96066970087,27.914813528785075,1771.0100198643859,2289.4912082345663,Eukaryota
Cricetulus griseus,carp_640M_score,2136.9511377675553,21.121262116424084,1906.7624434832442,2342.9010076792383,Eukaryota
Cronobacter sakazakii,carp_640M_score,1868.2123215844795,31.167266294865524,1447.185544210846,2311.9949740874117,Bacteria
Crucihimalaya wallichii,carp_640M_score,1703.0246572295405,15.19290236529536,1544.682661752555,1872.6257697053172,Eukaryota
Cryptococcus deneoformans,carp_640M_score,1265.584121910297,12.744611913274193,1075.1848856849633,1393.323260679447,Eukaryota
Cucumis sativus,carp_640M_score,1748.0816422267335,31.46041690903534,1480.7460550275214,2047.0050952314843,Eukaryota
Culex quinquefasciatus,carp_640M_score,1687.7728364357845,27.121073784844388,1342.9996831563774,1975.1264412678197,Eukaryota
Cupriavidus necator,carp_640M_score,1502.9729496510386,30.401716337167578,1090.595417954787,1935.221559632015,Bacteria
Cycas taitungensis,carp_640M_score,1392.6869730835822,12.99893395198841,1253.9045075581712,1524.3072338540815,Eukaryota
Cytophaga hutchinsonii,carp_640M_score,1334.0171630079465,5.9196251140729705,1258.7525952153605,1413.9611978987818,Bacteria
Danio rerio,carp_640M_score,1871.6882942735278,37.598034778793306,1269.2731114265346,2234.579944953948,Eukaryota
Dasypus novemcinctus,carp_640M_score,1992.7709831299865,20.10921211168823,1711.4569361243757,2189.724436693861,Eukaryota
Daucus carota,carp_640M_score,1670.750424923796,37.15136810724786,1384.3063604942238,2018.5027407757966,Eukaryota
Debaryomyces hansenii,carp_640M_score,1332.1247507472574,36.56619512898218,925.2286625553178,1881.5690600555351,Eukaryota
Deinococcus radiodurans,carp_640M_score,1171.934126644779,44.03895106161992,690.8344857397911,1749.501490894082,Bacteria
Dictyostelium discoideum,carp_640M_score,1246.1091473833828,25.253262267027903,925.8476956310151,1643.3435124280807,Eukaryota
Didelphis virginiana,carp_640M_score,1561.740512205421,17.631922314876785,1395.2226418264984,1818.2513752281868,Eukaryota
Drimys granadensis,carp_640M_score,1499.8102157117382,9.441175071429221,1378.4305322616933,1603.2853933594592,Eukaryota
Drosophila melanogaster,carp_640M_score,1745.7684002227438,39.066117951455126,1256.8445358270571,2182.3038370417958,Eukaryota
Drosophila persimilis,carp_640M_score,1415.7817390541552,30.098629524912017,1191.6658405250412,1723.0400034261536,Eukaryota
Drosophila sechellia,carp_640M_score,1800.8226099236595,48.05492808746712,1350.2989756992436,2235.3134467937593,Eukaryota
Drosophila simulans,carp_640M_score,1865.0385532740827,50.94898287787526,1422.21722321636,2304.3356178263334,Eukaryota
Drosophila willistoni,carp_640M_score,1571.6738054390955,35.63656350144792,1291.6691385459521,1909.2782608987404,Eukaryota
Drosophila yakuba,carp_640M_score,1527.9791906357868,27.164145050502587,1304.9682358576438,1801.195937536141,Eukaryota
Dugong dugon,carp_640M_score,1707.66158025227,20.452813755490787,1481.7983381229033,1927.1933565486504,Eukaryota
Emericella nidulans,carp_640M_score,1590.6921627972542,33.02088388883692,1050.4610493047226,1929.7993631529166,Eukaryota
Encephalitozoon cuniculi,carp_640M_score,1042.1275306323055,18.67479422470874,886.3927130299506,1256.2452578400262,Eukaryota
Entamoeba histolytica,carp_640M_score,1049.9950016581113,25.57666385857753,739.8102221922794,1304.0898835564735,Eukaryota
Enterobacter sp.,carp_640M_score,1746.8014494606439,31.461908041073407,1364.7912659085487,2254.9861847688026,Bacteria
Enterococcus faecalis,carp_640M_score,1515.433736330444,37.36623549142636,1099.53189185802,1989.3425567349136,Bacteria
Enterococcus hirae,carp_640M_score,1457.7728110085664,3.7352938474855804,1412.9874812872108,1511.375358977997,Bacteria
Equus caballus,carp_640M_score,2117.7202987656683,24.57111238685151,1776.1814275809977,2355.906835192293,Eukaryota
Erwinia tasmaniensis,carp_640M_score,1723.772673052239,35.389306875853016,1220.7996942996906,2229.0481196843643,Bacteria
Escherichia coli,carp_640M_score,1867.8483507460942,35.56711545559003,1443.625855490043,2320.3487209613986,Bacteria
Escherichia coli O139:H28,carp_640M_score,1431.9341833045019,3.2733293669810064,1387.9078296484806,1464.3632267616988,Bacteria
Escherichia coli O157:H7,carp_640M_score,1733.7845801448398,47.47536379025933,1035.1589070050588,2140.9054989184688,Bacteria
Escherichia coli O17:K52:H18,carp_640M_score,1485.7727696425102,3.4732471100949636,1437.5157575807823,1520.352726537944,Bacteria
Escherichia coli O1:K1 / APEC,carp_640M_score,1705.1428207397319,36.760394255795305,1426.9741106853105,2057.855747718834,Bacteria
Escherichia coli O45:K1,carp_640M_score,1514.1966138778203,18.006330556049964,1318.1128237185112,1722.3394299467718,Bacteria
Escherichia coli O6:H1,carp_640M_score,1770.9053321241165,36.026250128352615,1303.4759757832371,2106.320070919283,Bacteria
Escherichia coli O7:K1,carp_640M_score,1545.4930800285927,33.00426323455141,1223.3103599964124,1807.7940959963635,Bacteria
Escherichia coli O81,carp_640M_score,1487.3541630900913,3.5699064575433255,1436.0688896112874,1523.9520013002248,Bacteria
Escherichia coli O9:H4,carp_640M_score,1042.4513194065073,5.160267462400063,976.7057078272383,1118.5645373672812,Bacteria
Eucalyptus globulus subsp. globulus,carp_640M_score,1733.3614702298023,27.123593789533757,1508.6284973989643,1997.455901597994,Eukaryota
Fagopyrum esculentum subsp. ancestrale,carp_640M_score,1689.2059827277042,13.97518762043425,1512.1358648165756,1843.8960366074232,Eukaryota
Felis catus,carp_640M_score,2158.0342598925763,18.471026843984244,1933.1479941521702,2387.9752805564594,Eukaryota
Formosania lacustris,carp_640M_score,1432.6441337419615,16.566502469602135,1280.4136186096143,1610.8956341587075,Eukaryota
Francisella tularensis subsp. holarctica,carp_640M_score,1405.8739811833482,5.499991662476245,1339.0535844778813,1482.5713714339274,Bacteria
Francisella tularensis subsp. tularensis,carp_640M_score,1312.0312159404077,4.514288666539853,1255.6726770475886,1369.2682163521981,Bacteria
Gadus morhua,carp_640M_score,1723.6146082317118,32.85098723581314,1481.8765758759675,2096.793915340683,Eukaryota
Gallus gallus,carp_640M_score,2030.7531016898893,31.017588336706492,1435.7982414501466,2330.032454756889,Eukaryota
Geobacillus kaustophilus,carp_640M_score,1850.5148672001649,30.419069747994854,1337.4941028816966,2150.8177561343996,Bacteria
Geobacillus stearothermophilus,carp_640M_score,1609.725924325362,26.066945289641726,1276.679565996933,1827.8214428462659,Bacteria
Gibberella zeae,carp_640M_score,1692.9877618165367,10.061605261335435,1563.6127907496038,1841.6827173789582,Eukaryota
Gorilla gorilla,carp_640M_score,2039.1709244598253,26.01015682478642,1692.3095074038506,2377.0229698331,Eukaryota
Gorilla gorilla gorilla,carp_640M_score,1630.1527114868545,8.56096268426774,1529.4091754914996,1730.7687385904087,Eukaryota
Gossypium barbadense,carp_640M_score,1814.4750922306264,37.53588285202405,1443.0857016166658,2176.84094461771,Eukaryota
Haemophilus ducreyi,carp_640M_score,1614.7925933726444,7.215608770836225,1525.8101449863013,1701.8962841188359,Bacteria
Haemophilus influenzae,carp_640M_score,1651.2018428419528,36.8184744304418,1057.1631583955973,1979.663131148972,Bacteria
Halalkalibacterium halodurans,carp_640M_score,1749.3793350337237,32.74776936359413,1230.4136715142622,2109.9451227322584,Bacteria
Haloarcula hispanica,carp_640M_score,1100.546737198718,6.7020244861142,1022.2383028052069,1180.4597666253815,Archaea
Haloarcula marismortui,carp_640M_score,1302.0263902483296,32.13777874939734,991.5545850027436,1705.3634940104146,Archaea
Halobacterium salinarum,carp_640M_score,960.213156008995,29.71879563896084,625.6968921290458,1361.5480038585874,Archaea
Haloferax mediterranei,carp_640M_score,1007.7062770986516,18.024938591364172,818.8064585952542,1217.9135431016325,Archaea
Haloferax volcanii,carp_640M_score,1136.3318883288136,19.514185716885414,901.933716733699,1378.1412050131066,Archaea
Halopiger xanaduensis,carp_640M_score,1656.7743620401814,45.212030467010806,1259.307636003944,2003.7829001300784,Archaea
Haloquadratum walsbyi,carp_640M_score,1223.757822474988,32.395395351792956,780.8219446534434,1563.8646735157554,Archaea
Halorhodospira halophila,carp_640M_score,1879.157088406882,17.893083555155926,1672.74223040479,2079.7442739248363,Bacteria
Halorubrum lacusprofundi,carp_640M_score,1267.7834056310053,8.092245865969401,1164.614864063133,1355.7550775234645,Archaea
Helianthus annuus,carp_640M_score,1801.4784396400798,10.56327626919471,1620.1852977077058,1919.328977651924,Eukaryota
Helicobacter pylori,carp_640M_score,1070.1864150002962,34.638230332815716,624.9756665200313,1614.0784597963702,Bacteria
Homo sapiens,carp_640M_score,2152.755893444825,30.231398611143298,1734.9330501601078,2460.3976217420873,Eukaryota
Hordeum vulgare,carp_640M_score,1735.9392651944913,12.37349545321109,1606.1257260142947,1878.0525017580649,Eukaryota
Huperzia lucidula,carp_640M_score,1212.132776649395,14.505752715347679,1091.913297287139,1398.0098501334737,Eukaryota
Hydra vulgaris,carp_640M_score,1450.2954905194224,12.516117384957814,1229.3170631120897,1591.4765002991694,Eukaryota
Hydrogenobacter thermophilus,carp_640M_score,1453.9423656568467,2.5702565320846835,1424.9882656699158,1487.0389194385812,Bacteria
Hylobates lar,carp_640M_score,1662.7984105976743,8.094274009235306,1574.1059051740563,1763.7866668201548,Eukaryota
Hyperthermus butylicus,carp_640M_score,1294.3063340396482,14.601604046269902,1081.9035024876646,1422.0477803818153,Archaea
Ignicoccus hospitalis,carp_640M_score,1483.9808842862624,35.245278445810136,1148.3303595393554,1821.0118411515964,Archaea
Ipomoea purpurea,carp_640M_score,1702.6575946187122,9.131019732629277,1603.6798066600757,1809.689563738769,Eukaryota
Jasminum nudiflorum,carp_640M_score,1646.0762106088735,6.80383786468281,1576.0072947949438,1723.3858077511886,Eukaryota
Klebsiella aerogenes,carp_640M_score,1686.9298837543352,2.48818308149814,1660.7905912613749,1722.1295394370845,Bacteria
Klebsiella pneumoniae,carp_640M_score,1869.9866573153506,32.71976478331576,1526.4848794636805,2308.6979704795353,Bacteria
Klebsiella pneumoniae subsp. pneumoniae,carp_640M_score,1689.2515004178715,5.842317284579714,1627.1426263732121,1754.1160683470657,Bacteria
Kluyveromyces lactis,carp_640M_score,1369.10070253471,38.02874913153317,887.1218707278974,1818.2912186096073,Eukaryota
Korarchaeum cryptofilum,carp_640M_score,1246.9426913534276,7.864382236179229,1158.691639996994,1363.5374475507363,Archaea
Lactiplantibacillus plantarum,carp_640M_score,1323.7843173828996,43.02187607480178,912.3161235619012,2076.2661711377655,Bacteria
Lactococcus lactis,carp_640M_score,1376.998183957187,26.793732416829688,1084.7187038899817,1740.7478076030188,Bacteria
Lactococcus lactis subsp. cremoris,carp_640M_score,1429.761186248916,5.209405261257296,1361.9644070906088,1504.238952700195,Bacteria
Lactococcus lactis subsp. lactis,carp_640M_score,1484.4466218636421,25.55820640458741,1223.4606404891956,1710.0627330708483,Bacteria
Latimeria chalumnae,carp_640M_score,1711.7387257822265,25.742844574280564,1428.994212259702,1968.389506834261,Eukaryota
Legionella pneumophila,carp_640M_score,1245.3125809511125,14.488782705216519,1106.6002033363714,1425.592997737994,Bacteria
Legionella pneumophila subsp. pneumophila,carp_640M_score,1228.762871682879,20.139920248384744,1001.2798058239907,1429.2232765203782,Bacteria
Leifsonia xyli subsp. xyli,carp_640M_score,1446.6259029789624,4.514580772486228,1394.204973709511,1505.2647040443615,Bacteria
Lemna minor,carp_640M_score,1614.7250143504214,8.42063531688703,1492.5139432769186,1719.1991776327563,Eukaryota
Lemur catta,carp_640M_score,1778.1777576122406,13.981711575485196,1635.4268843151494,1961.1548954434895,Eukaryota
Lepidium virginicum,carp_640M_score,1904.4451405867567,24.76907139126985,1640.3808932143288,2102.6856481034315,Eukaryota
Levilactobacillus brevis,carp_640M_score,1395.3605431251012,6.420351221353356,1317.9489018706079,1466.179960322478,Bacteria
Liriodendron tulipifera,carp_640M_score,1886.6718365147403,52.017665876690955,1334.8691748497545,2336.878155758194,Eukaryota
Listeria monocytogenes,carp_640M_score,1564.9102894432765,36.70247725845379,1119.7454013301567,2080.3814289545244,Bacteria
Listeria monocytogenes serotype 1/2a,carp_640M_score,1485.1713375879315,5.623357308680758,1425.2619222507074,1558.8715362525181,Bacteria
Listeria monocytogenes serovar 1/2a,carp_640M_score,1428.8403850112911,3.734890533093153,1380.0448585363868,1481.4042938569778,Bacteria
Lobularia maritima,carp_640M_score,1643.3830107284457,16.677704179596795,1468.2674570117522,1867.7217388179565,Eukaryota
Lodderomyces elongisporus,carp_640M_score,1289.6279790249514,28.68619839974558,1011.1336104436666,1560.6464848041453,Eukaryota
Lotus japonicus,carp_640M_score,1745.966531540977,25.347575797683575,1502.3691515503142,1983.314165422971,Eukaryota
Loxodonta africana,carp_640M_score,1839.8296080055432,16.209151659756643,1635.7964949058205,1996.4645373053709,Eukaryota
Lumbricus terrestris,carp_640M_score,1261.2268426452786,31.8512364210278,995.8872705963716,1554.6052234768545,Eukaryota
Lycodon semicarinatus,carp_640M_score,1515.2007140211579,16.44813744011417,1349.1341817722505,1708.1598882304672,Eukaryota
Macaca fascicularis,carp_640M_score,2124.7234605522603,28.61035550628857,1671.1327668366728,2456.391487002721,Eukaryota
Mammuthus primigenius,carp_640M_score,1589.9857215482532,38.010040256109555,1216.4152461757265,1911.1800079075974,Eukaryota
Mannheimia succiniciproducens,carp_640M_score,1701.0802559986519,29.195222423076917,1297.2281950086772,1972.785293620803,Bacteria
Marchantia polymorpha,carp_640M_score,1863.8722962107388,45.74009718017456,1531.6299419339462,2385.521861300891,Eukaryota
Marinobacter nauticus,carp_640M_score,1636.5523693006023,14.117216027612875,1490.9054388327559,1763.9611269403915,Bacteria
Mesocricetus auratus,carp_640M_score,1504.2316237773312,66.50904862761662,809.940937428495,2038.3015624230104,Eukaryota
Mesorhizobium japonicum,carp_640M_score,1583.7023842264662,39.17554932449317,1095.3702757234132,2052.8475984114184,Bacteria
Mesostigma viride,carp_640M_score,1528.8586427887099,21.05278979031612,1316.758203408089,1713.2344839000305,Eukaryota
Metallosphaera sedula,carp_640M_score,867.8444765972146,28.088902123766665,609.5207083244042,1222.9993602968345,Archaea
Methanobacterium formicicum,carp_640M_score,887.2299795407912,9.844338530253044,771.9107637023,1027.4933733384858,Archaea
Methanobrevibacter smithii,carp_640M_score,1075.5846195522709,16.01845194877092,861.0465939919476,1234.515574356454,Archaea
Methanocaldococcus jannaschii,carp_640M_score,1110.6291053676368,37.81370708505684,712.5932975549237,1658.3240689441184,Archaea
Methanocella arvoryzae,carp_640M_score,1492.4997043311305,10.074250005562687,1342.2005035685463,1579.33346936638,Archaea
Methanococcoides burtonii,carp_640M_score,1327.9990502788983,10.853451356029995,1198.2199624708169,1479.7411336013922,Archaea
Methanococcus aeolicus,carp_640M_score,1006.9180204245044,20.06748843153201,794.4914519099297,1265.5978337255185,Archaea
Methanococcus maripaludis,carp_640M_score,1130.0909967503896,29.559497501092615,773.031164909082,1539.8168516999267,Archaea
Methanococcus vannielii,carp_640M_score,1033.228786431035,22.947262521714844,827.86786572813,1453.3415047320752,Archaea
Methanocorpusculum labreanum,carp_640M_score,964.7890656351732,17.86743524864342,727.9540218927731,1127.2476075330562,Archaea
Methanoculleus marisnigri,carp_640M_score,1026.6326049291258,18.938512524167376,785.9252549867547,1191.4255613667578,Archaea
Methanopyrus kandleri,carp_640M_score,1344.1091660170114,32.21882281408317,933.4076697835487,1637.3046241323905,Archaea
Methanoregula boonei,carp_640M_score,1148.0645553703014,26.55385535512661,882.6615192479703,1383.6179477314456,Archaea
Methanosarcina acetivorans,carp_640M_score,1027.3805163164152,31.529735762591905,696.6848139916551,1425.9899768945343,Archaea
Methanosarcina barkeri,carp_640M_score,1217.0686982571124,24.037613709894625,849.3637887425485,1604.7491992785983,Archaea
Methanosarcina mazei,carp_640M_score,1310.8221783754257,27.972791549758075,985.8836515433627,1852.9899779657978,Archaea
Methanosphaera stadtmanae,carp_640M_score,1095.7319370923046,11.723428013512361,939.8354281536248,1232.658325076378,Archaea
Methanosphaerula palustris,carp_640M_score,1126.7296261332629,27.284439599236396,874.4314576767882,1421.798329428532,Archaea
Methanospirillum hungatei JF-1,carp_640M_score,1108.9296627336994,17.2768045538414,898.3057872275415,1357.7993182597663,Archaea
Methanothermobacter marburgensis,carp_640M_score,1385.9131089384236,17.38316883506042,1195.8371842960512,1582.4336886060685,Archaea
Methanothermobacter thermautotrophicus,carp_640M_score,1191.5466016844077,32.033944989630086,869.1001723439956,1716.990875157275,Archaea
Methanothermus fervidus,carp_640M_score,1195.0105845460896,15.239238862342352,1035.0578585789124,1341.293556952795,Archaea
Methanothrix thermoacetophila,carp_640M_score,1179.9357131978215,7.954323022642109,1063.685649529642,1281.2982227322134,Archaea
Methylococcus capsulatus,carp_640M_score,1491.1864815917952,37.08383948669903,1005.5349890996591,1990.2531043031995,Bacteria
Meyerozyma guilliermondii,carp_640M_score,1660.0588862160128,25.063528972838586,1347.2869714322471,1855.05334910042,Eukaryota
Micrococcus luteus,carp_640M_score,1484.202459724138,2.3934376464388802,1447.0902056922812,1515.136111641434,Bacteria
Microcystis aeruginosa,carp_640M_score,1546.4354353204858,7.246485738016316,1477.3228350428633,1654.7009702285552,Bacteria
Micromonas commoda,carp_640M_score,1262.669127830978,7.35366042430481,1159.811806648628,1368.5861881445414,Eukaryota
Monodelphis domestica,carp_640M_score,1881.9177629282663,27.68923184928063,1538.290880638427,2136.7058175343213,Eukaryota
Mus musculus,carp_640M_score,2110.701442308332,30.027523739606725,1744.405363281002,2465.76164565887,Eukaryota
Mycobacterium bovis,carp_640M_score,1475.8108647758108,14.863524456560778,1273.9404112289606,1649.2698206936543,Bacteria
Mycobacterium leprae,carp_640M_score,1540.6759966071668,5.289101516367255,1465.0525767312988,1596.5847759406433,Bacteria
Mycobacterium sp.,carp_640M_score,1344.8019510719366,12.144158518277994,1205.8331434592437,1481.7175085580602,Bacteria
Mycobacterium tuberculosis,carp_640M_score,1371.3624886640737,31.099251499635834,938.972244305088,1745.848717571821,Bacteria
Mycobacteroides abscessus,carp_640M_score,1451.5772748462314,3.780156209839459,1409.9932371934924,1502.9289722459923,Bacteria
Mycolicibacterium gilvum,carp_640M_score,1393.3680990304492,50.91879790487933,1094.0485998842726,1969.2857421313272,Bacteria
Mycolicibacterium paratuberculosis,carp_640M_score,1457.1703532147044,2.41700034428068,1427.3843486975838,1491.011555275356,Bacteria
Mycolicibacterium smegmatis,carp_640M_score,1479.1061909133318,33.575149197829845,1194.36918915805,1985.2026094971618,Bacteria
Mycolicibacterium smegmatis155),carp_640M_score,1374.8090610689515,12.51440201761795,1211.7444982827342,1517.550175058829,Bacteria
Mycoplasma genitalium,carp_640M_score,917.4563066668011,13.634003732112461,780.5058961659892,1057.495425650247,Bacteria
Mycoplasma pneumoniae,carp_640M_score,847.9871159068321,37.68594104137548,511.21899534778566,1558.9189739546323,Bacteria
Mycosarcoma maydis,carp_640M_score,1285.3716869263644,36.02807241357151,943.4134231696236,1594.7203577877196,Eukaryota
Myxococcus xanthus,carp_640M_score,1457.0462470907196,25.33151214379647,1227.3927180955156,1710.9491572436857,Bacteria
Nanoarchaeum equitans,carp_640M_score,672.9552845899939,17.54067214940795,447.6541488643103,911.2095715095413,Archaea
Nasturtium officinale,carp_640M_score,1741.0118365590065,24.946407309828857,1514.9711316380192,1997.9863799696293,Eukaryota
Natrialba magadii,carp_640M_score,1250.0382259404003,6.4300852265217046,1141.18568768468,1323.39034004815,Archaea
Natronomonas pharaonis,carp_640M_score,1483.0418271349452,27.26973360926561,1146.546683286583,1782.1930255841867,Archaea
Neisseria gonorrhoeae,carp_640M_score,1562.6101843604586,5.0430326451328975,1503.1811026080036,1621.063550779258,Bacteria
Neisseria meningitidis,carp_640M_score,1420.8821827976105,37.12754576361536,1038.915226284844,1916.9255279256683,Bacteria
Nematostella vectensis,carp_640M_score,1621.0319870267715,20.537370308951985,1321.5685706907907,1862.464819047051,Eukaryota
Neosartorya fischeri,carp_640M_score,1662.5792472323824,8.537883029573942,1557.2310880338825,1785.289347852029,Eukaryota
Neurospora crassa,carp_640M_score,1635.352898448523,36.501568984294,1103.4815642325593,2094.324012130468,Eukaryota
Nicotiana sylvestris,carp_640M_score,2179.690937423575,15.366539602330807,1997.245847169471,2345.291314502254,Eukaryota
Nicotiana tabacum,carp_640M_score,1952.841662633759,34.376846443277515,1500.5714482086223,2276.677644522871,Eukaryota
Nitratidesulfovibrio vulgaris,carp_640M_score,1218.1420051437788,42.637794731304176,812.1162847577278,1699.9361192907352,Bacteria
Nitrosomonas europaea,carp_640M_score,1113.2925963284483,11.158556239492977,1008.1823602850127,1243.1993328943763,Bacteria
Nitrosopumilus maritimus,carp_640M_score,1096.5451272850162,7.122933461311323,1005.2288590642555,1187.198959100276,Archaea
Nocardia farcinica,carp_640M_score,1375.3186874498078,26.926560648906943,1070.0121658111784,1636.2397701457567,Bacteria
Nocardioides sp.,carp_640M_score,1527.7687906281385,23.645214170595157,1296.4613546935436,1778.8296522063733,Bacteria
Nostoc punctiforme,carp_640M_score,1541.3458037906194,5.901238133317624,1474.8113867153158,1623.0476786252334,Bacteria
Nostoc sp.,carp_640M_score,1393.4202898659444,44.930974964295785,894.2983126860933,1991.6790699326737,Bacteria
Notamacropus eugenii,carp_640M_score,2025.055012240931,15.663324631795692,1821.9897929411193,2172.413760603298,Eukaryota
Oceanobacillus iheyensis,carp_640M_score,1599.8521022284172,33.96625424398894,1165.928526166254,2065.1856721677673,Bacteria
Oenothera berteroana,carp_640M_score,1870.779906509778,8.211380615985938,1725.5906847927524,1951.9109886048582,Eukaryota
Oenothera elata subsp. hookeri,carp_640M_score,1844.0822531446852,12.180770876540008,1684.3268778016795,1985.0529825228136,Eukaryota
Ogataea parapolymorpha,carp_640M_score,1350.269965665673,9.030821225455746,1240.1418672959196,1443.2652726995939,Eukaryota
Olimarabidopsis pumila,carp_640M_score,1871.0512164162494,25.214511053103752,1582.7122010498908,2107.1143356226426,Eukaryota
Oncorhynchus mykiss,carp_640M_score,1576.6325834136314,57.06279807565781,1089.5908831921254,2270.877043499658,Eukaryota
Ornithorhynchus anatinus,carp_640M_score,1832.2823876415198,21.071887648938,1435.7077467508225,1967.6468359950366,Eukaryota
Oryctolagus cuniculus,carp_640M_score,2089.3406798037504,25.69396892128673,1781.9556619420785,2407.751214445212,Eukaryota
Oryza sativa,carp_640M_score,1915.6895792514542,40.89996359998034,1222.0317427554473,2328.511896815608,Eukaryota
Oryza sativa subsp. indica,carp_640M_score,1736.8569420366978,23.594344866478288,1487.1001740737547,2000.7866319269056,Eukaryota
Oryza sativa subsp. japonica,carp_640M_score,1895.689087072966,39.33265211166395,1456.314028693689,2407.2106022564953,Eukaryota
Ostreococcus lucimarinus,carp_640M_score,1511.8226288591607,14.204468188380742,1344.898301065601,1683.2280631088956,Eukaryota
Ostreococcus tauri,carp_640M_score,1374.0404239671627,19.211089512086293,1181.4861652362613,1567.5280684621878,Eukaryota
Ovis aries,carp_640M_score,2256.7324594175448,19.788035694247927,1953.6889419449722,2457.14102775876,Eukaryota
Paenarthrobacter aurescens,carp_640M_score,1108.3222790664674,21.736885990000346,902.6393345441853,1328.2077382874998,Bacteria
Paenarthrobacter nicotinovorans,carp_640M_score,1168.9360522394093,8.11003321029639,1056.0738305676257,1249.4887243067885,Bacteria
Pan paniscus,carp_640M_score,1869.641538413758,27.71770563399725,1578.9440129691377,2105.437450856356,Eukaryota
Pan troglodytes,carp_640M_score,2076.394660689453,31.474687512343145,1673.6995785868398,2450.1401015920255,Eukaryota
Papio hamadryas,carp_640M_score,1723.645906967342,5.453269807274926,1635.59128831277,1772.2412706146786,Eukaryota
Paracoccidioides brasiliensis,carp_640M_score,1394.2494371430553,6.564703003813972,1297.1817742726605,1476.2791071541092,Eukaryota
Paracoccidioides lutzii,carp_640M_score,1421.325128254904,18.58515746202902,1211.9124765354825,1580.1910282785118,Eukaryota
Paracoccus denitrificans,carp_640M_score,1395.5442192297307,45.01187536338684,1010.0632764704746,2077.8793659087064,Bacteria
Paramagnetospirillum magneticum,carp_640M_score,1603.9902366424192,2.5109883938286743,1576.727324375138,1640.6834706665925,Bacteria
Paramecium tetraurelia,carp_640M_score,854.8950478432733,23.25539395150734,602.2145743379087,1192.530638396694,Eukaryota
Pasteurella multocida,carp_640M_score,1731.6552692494754,27.011615757544753,1307.7570699549572,1968.1938084351402,Bacteria
Paulinella chromatophora,carp_640M_score,1806.4277454851444,15.955185742003545,1679.8406065644513,2009.9115260480394,Eukaryota
Pectobacterium atrosepticum,carp_640M_score,1744.3670525168843,39.989793428061965,1247.6329091613043,2198.8890072205763,Bacteria
Pelotomaculum thermopropionicum,carp_640M_score,1715.82172667347,29.485595571173768,1496.5934055213766,2008.2629873569535,Bacteria
Penicillium rubens,carp_640M_score,1561.1771972996169,9.793124999976799,1463.6712091707832,1687.9479660813927,Eukaryota
Persephonella marina,carp_640M_score,1516.8003328587097,19.065910126295247,1329.139893734597,1726.4867770369253,Bacteria
Petromyzon marinus,carp_640M_score,1671.4446325675733,28.34536513985636,1304.0362775529238,1949.3767028219363,Eukaryota
Phaseolus vulgaris,carp_640M_score,1458.3581255546878,23.31142336159514,1275.841586133847,1703.587410110438,Eukaryota
Phoca vitulina,carp_640M_score,1889.9180219478249,33.0785965191249,1601.4388958329616,2190.0445161629073,Eukaryota
Photobacterium profundum,carp_640M_score,1531.3141835918577,37.618941806923715,1144.3602459717147,1992.4528975868825,Bacteria
Photorhabdus laumondii,carp_640M_score,1707.8933398537201,37.75394152257281,1225.5916111170297,2276.414632139875,Bacteria
Photorhabdus laumondii subsp. laumondii,carp_640M_score,1323.383118488928,5.320857880560931,1258.4967632283299,1378.725523922419,Bacteria
Physcomitrium patens,carp_640M_score,1758.104582587121,10.999603496429174,1637.452365879422,1883.1930088759286,Eukaryota
Phytophthora infestans,carp_640M_score,1344.0688725339933,30.72338479889111,895.5999748331403,1622.9195972108002,Eukaryota
Pichia angusta,carp_640M_score,1146.9160121242762,29.539182487890663,892.0541074844488,1542.2501731685254,Eukaryota
Picosynechococcus sp.,carp_640M_score,1559.6823199481514,12.793127747591017,1428.5313956593964,1681.2498172213623,Bacteria
Picrophilus torridus,carp_640M_score,905.1257763402382,10.534342635792378,794.2744572450204,1048.0665642027336,Archaea
Pisum sativum,carp_640M_score,1869.460716708537,56.99271165838233,1262.7465720976713,2348.7071409336227,Eukaryota
Plasmodium falciparum,carp_640M_score,1063.4414348791372,40.503280033596155,687.7597884518589,1718.6601409757843,Eukaryota
Platanus occidentalis,carp_640M_score,1549.5342092638791,11.902300677345888,1408.733632247724,1680.6103444616188,Eukaryota
Polaromonas naphthalenivorans,carp_640M_score,1684.1246071684866,67.20287618632766,1071.1518617902855,2148.0560867742183,Bacteria
Pongo abelii,carp_640M_score,2025.6779523215125,31.823293170127798,1557.2292127509588,2375.739608276919,Eukaryota
Pongo pygmaeus,carp_640M_score,2000.5220793343747,20.258606054030373,1749.8156627740539,2226.194239851919,Eukaryota
Populus trichocarpa,carp_640M_score,1658.776227346613,20.406705412246247,1417.7199487108553,1855.8827120393669,Eukaryota
Porphyromonas gingivalis,carp_640M_score,1647.092136944959,9.385485122187653,1549.0815161361656,1773.5133259579127,Bacteria
Prochlorococcus marinus,carp_640M_score,1279.2406352047537,24.422813232934505,1038.258974016933,1565.4598995583585,Bacteria
Proteus mirabilis,carp_640M_score,1742.5960219983526,34.46097077503738,1187.5216788497637,2170.298401202486,Bacteria
Pseudomonas aeruginosa,carp_640M_score,1642.8322244026058,38.60413822199089,1236.0855203128747,2172.2365430700197,Bacteria
Pseudomonas fluorescens,carp_640M_score,1632.4334636475503,13.375246718757065,1475.636707012934,1809.532804585853,Bacteria
Pseudomonas paraeruginosa,carp_640M_score,1995.496976989395,19.908310052356352,1836.822648702865,2184.2849893664816,Bacteria
Pseudomonas putida,carp_640M_score,1656.6158654378962,32.24214074648368,1313.5415892588262,2163.8559507034047,Bacteria
Pseudomonas sp,carp_640M_score,1571.0921128790806,5.073626303157086,1504.139601077145,1631.5166480788391,Bacteria
Pseudomonas sp.,carp_640M_score,940.7803570618402,6.446838983644409,845.5770019616795,1020.2138541468097,Bacteria
Pseudomonas syringae pv. tomato,carp_640M_score,1671.174308593338,3.211661505349861,1637.4862275206603,1714.0708534264234,Bacteria
Pseudomonas taetrolens,carp_640M_score,1457.6983366375468,6.881070373424805,1381.0970021571861,1560.6841557910118,Bacteria
Pyricularia oryzae,carp_640M_score,1201.515378655166,21.8149777244134,972.0903838378275,1421.6050694477537,Eukaryota
Pyrobaculum aerophilum,carp_640M_score,869.5698704332306,28.066526429370423,581.3187015692221,1262.1846031953685,Archaea
Pyrobaculum arsenaticum,carp_640M_score,878.5483130097708,8.375074669149024,780.7494216944278,978.5295388657668,Archaea
Pyrobaculum calidifontis,carp_640M_score,1144.1918532366287,15.57156984137419,948.0638181415981,1317.9341394287374,Archaea
Pyrobaculum islandicum,carp_640M_score,955.7142750218339,27.8836326539257,650.8664174968031,1263.7649975217653,Archaea
Pyrobaculum neutrophilum,carp_640M_score,1243.6122728880016,5.844577363089825,1159.992811026761,1335.6692067225604,Archaea
Pyrococcus abyssi,carp_640M_score,1384.1194770188165,33.369154599585926,1068.6167651209032,1851.800407210375,Archaea
Pyrococcus furiosus,carp_640M_score,1207.7546138256234,35.412294513928046,833.7863470146162,1680.977601113168,Archaea
Pyrococcus horikoshii,carp_640M_score,1204.7540304858128,36.293104053576606,781.3813388698908,1722.477240446075,Archaea
Pyrococcus woesei,carp_640M_score,1234.9823093164187,31.434995397382465,945.6442621283736,1555.6013588728565,Archaea
Ralstonia solanacearum,carp_640M_score,1488.4921420047249,38.56981705805839,1103.5421774218623,1957.3524544397983,Bacteria
Rattus norvegicus,carp_640M_score,2125.7320247091607,30.40001285063635,1708.8295612668635,2539.59013916456,Eukaryota
Rhinoceros unicornis,carp_640M_score,2149.7929652542375,10.34179239359983,2030.75236625724,2292.5373045896104,Eukaryota
Rhipicephalus sanguineus,carp_640M_score,1899.1210559113804,18.04652304214063,1730.7940362737688,2096.2618934878733,Eukaryota
Rhizobium meliloti,carp_640M_score,1608.1081182485755,40.88963320478913,1144.7496204761965,2116.8460781387853,Bacteria
Rhodobacter capsulatus,carp_640M_score,1557.4926476797236,48.565666271186835,1048.2442840645042,2127.3385342033284,Bacteria
Rhodococcus erythropolis,carp_640M_score,1190.3947737922617,6.432037195982293,1095.0665855940163,1270.3803504443738,Bacteria
Rhodococcus jostii,carp_640M_score,1504.7544029003056,20.030675596582626,1300.355052205422,1724.0673869309596,Bacteria
Rhodococcus sp,carp_640M_score,1418.4371795930138,2.355236910357088,1387.0003926336617,1447.5453590562972,Bacteria
Rhodopseudomonas palustris,carp_640M_score,1371.932181675926,37.028738827554136,1006.6677948567017,1879.8565660334166,Bacteria
Rhodospirillum rubrum,carp_640M_score,1671.3623553098423,40.0403253931759,1278.9143098647094,2079.39012159361,Bacteria
Rhodovulum sulfidophilum,carp_640M_score,1376.7747327048535,3.422962791459697,1320.3420851874548,1417.6123486609313,Bacteria
Ricinus communis,carp_640M_score,1927.7612508631346,13.274299642181422,1776.4889419704687,2080.191772990695,Eukaryota
Rickettsia conorii,carp_640M_score,1522.5585856717673,15.080611599334125,1338.2510673036502,1680.9342226939903,Bacteria
Rickettsia felis,carp_640M_score,1184.458353349245,15.360256461279752,1021.010116457057,1345.2073420440033,Bacteria
Rickettsia prowazekii,carp_640M_score,1033.6055189129352,33.33347700064458,689.3226736274402,1605.6868936615438,Bacteria
Ruegeria pomeroyi,carp_640M_score,1470.6719529197462,2.72241793957677,1433.8488345417932,1501.7187682867864,Bacteria
Saccharolobus islandicus,carp_640M_score,1286.775207976285,29.078561183776568,978.7387617761013,1619.5445495944691,Archaea
Saccharolobus shibatae,carp_640M_score,1160.4126629567834,9.171147349399867,1038.5460047526678,1274.1789934791038,Archaea
Saccharolobus solfataricus,carp_640M_score,950.7263536030491,32.5138913318199,593.0066767342629,1399.00417550344,Archaea
Saccharomyces cerevisiae,carp_640M_score,1382.1776846584723,34.602443863560474,1024.9586265847051,1904.1507343313203,Eukaryota
Saccharopolyspora erythraea,carp_640M_score,1588.7317444799007,9.287167882616234,1473.1065256148574,1707.442215461732,Bacteria
Salmo salar,carp_640M_score,1932.5916674276762,41.98225732925669,1575.6945601673601,2310.315157332549,Eukaryota
Salmo trutta,carp_640M_score,2170.4541444108663,18.773643114454018,1995.987580787553,2349.675726942631,Eukaryota
Salmonella paratyphi B,carp_640M_score,2151.7657373351703,9.730558062697035,2024.4806809128365,2252.090713948927,Bacteria
Salmonella typhi,carp_640M_score,1963.7819078315024,11.826658576351717,1807.6008710377564,2110.492683648748,Bacteria
Salmonella typhimurium,carp_640M_score,1860.727933340716,33.588528635493496,1381.38593891557,2296.1180021206746,Bacteria
Scheffersomyces stipitis,carp_640M_score,1533.313386529729,6.7481429144990965,1417.134063590122,1604.2332650609158,Eukaryota
Schistosoma japonicum,carp_640M_score,1203.9265245833485,34.11975714780238,760.6414386814324,1651.6886064040596,Eukaryota
Schistosoma mansoni,carp_640M_score,1818.743524217744,24.02456647352449,1578.5758240308194,2050.4076871052866,Eukaryota
Schizosaccharomyces pombe,carp_640M_score,1371.1905665605439,34.65120005147178,963.5104525531644,1906.6645627718583,Eukaryota
Scyliorhinus canicula,carp_640M_score,1722.971291793375,19.215372079905666,1506.350206453459,1894.8714599186533,Eukaryota
Serratia proteamaculans,carp_640M_score,1783.726885847234,41.7791752675016,1172.9542647212002,2243.239456926388,Bacteria
Shewanella baltica,carp_640M_score,1539.8677396995108,30.572154999207253,1264.2178712312295,1953.5953297796043,Bacteria
Shewanella frigidimarina,carp_640M_score,1387.6085922596187,5.130468403585407,1315.0462022266668,1457.58250902618,Bacteria
Shewanella oneidensis,carp_640M_score,1571.2104528699156,36.18971857715808,1099.103807351626,1942.263158666783,Bacteria
Shewanella putrefaciens,carp_640M_score,1309.7064607362136,5.157281949071876,1243.7027164293575,1371.4964535592346,Bacteria
Shewanella sp.,carp_640M_score,1586.2251416243494,24.304608018550844,1360.2439208223777,1906.9539431000417,Bacteria
Shigella boydii serotype 18,carp_640M_score,1276.9784122680064,6.3834992799709305,1205.524672846728,1363.9798108317034,Bacteria
Shigella flexneri,carp_640M_score,1858.5932250787923,46.79863884613883,1126.8463216514488,2400.859114440562,Bacteria
Sigmodon hispidus,carp_640M_score,1673.3091817050617,9.933011122242135,1530.661438624869,1804.823718627592,Eukaryota
Sinorhizobium fredii,carp_640M_score,1583.282343314047,38.96478872830289,1208.016864310059,2026.2543349200018,Bacteria
Sodalis glossinidius,carp_640M_score,1683.6372712823443,33.153060079552745,1282.2360638310001,2177.1616030739606,Bacteria
Solanum lycopersicum,carp_640M_score,1725.17483338902,39.17381111704263,1060.3719324924148,2163.976470157492,Eukaryota
Solanum tuberosum,carp_640M_score,1984.7628422228734,18.348543035990787,1783.2893094506871,2170.395839536201,Eukaryota
Sordaria macrospora / K-hell),carp_640M_score,1249.6252425880514,13.33212698425685,1092.4417053345119,1391.8837149507428,Eukaryota
Sorghum bicolor,carp_640M_score,1724.7679555473833,28.063708995288767,1513.627509897474,2126.2293235308275,Eukaryota
Spinacia oleracea,carp_640M_score,1535.354868145246,38.608189301011464,1216.8260979231457,1973.5978969327882,Eukaryota
Staphylococcus aureus,carp_640M_score,1451.5958363267162,30.158230029813005,1083.6895396304647,1930.2943910141016,Bacteria
Staphylococcus epidermidis,carp_640M_score,1318.1838982558545,25.628022372483784,1109.2534957526245,1543.8032332913365,Bacteria
Staphylococcus haemolyticus,carp_640M_score,1032.1037156762266,6.239155596556056,972.0178316315718,1109.5155693161144,Bacteria
Staurastrum punctulatum,carp_640M_score,1636.7889149558291,24.37654293035554,1364.5221970498592,1852.2051246176952,Eukaryota
Stenotrophomonas maltophilia,carp_640M_score,1309.8468331727925,19.58024612007771,1114.922967735281,1544.398118046603,Bacteria
Streptococcus gordonii,carp_640M_score,1678.2024529109722,21.79985958617901,1403.2225912928495,1878.9159738915184,Bacteria
Streptococcus pneumoniae,carp_640M_score,1469.6400248299904,18.687243192106052,1276.94037605691,1699.0358714722151,Bacteria
Streptococcus pneumoniae serotype 2,carp_640M_score,1464.6318548702177,6.8138446664324945,1395.4334912846596,1567.0073193790026,Bacteria
Streptococcus pneumoniae serotype 4,carp_640M_score,1566.4033906510085,17.597855619538745,1361.5264051698523,1734.6721760299592,Bacteria
Streptococcus pyogenes,carp_640M_score,1272.5373089899776,5.023480861232823,1227.8578862964182,1348.76024694925,Bacteria
Streptococcus pyogenes serotype M1,carp_640M_score,1247.9785078926666,4.645389393830225,1187.3347818139373,1293.8897639019467,Bacteria
Streptococcus pyogenes serotype M3,carp_640M_score,1509.4331234162278,4.698868423601362,1452.3465802843555,1573.8144180147106,Bacteria
Streptococcus pyogenes serotype M6,carp_640M_score,1213.8892592839577,3.9116536102680692,1154.4624492104354,1262.2307372850778,Bacteria
Streptococcus suis,carp_640M_score,1463.9291226901032,43.35626174550998,1134.8899062058613,1828.8109419461762,Bacteria
Streptomyces arenae,carp_640M_score,1373.5526750225038,4.799713159444333,1326.1806967797222,1444.35546297821,Bacteria
Streptomyces avermitilis,carp_640M_score,1485.0280008350774,11.719840106826156,1366.2165255783302,1625.8494542452675,Bacteria
Streptomyces coelicolor,carp_640M_score,1492.8648906784947,43.2911492517124,1040.040469175531,2136.733589237856,Bacteria
Streptomyces coelicolor / M145),carp_640M_score,1423.9992257603092,23.701738186381284,1040.348220124863,1611.0331589315012,Bacteria
Streptomyces glaucescens,carp_640M_score,1017.8222893985112,4.676686523090693,960.9019366622849,1072.7215769926443,Bacteria
Streptomyces griseus subsp. griseus,carp_640M_score,1721.9005286388558,11.387156273434172,1595.1069546627261,1870.141110399101,Bacteria
Streptomyces lavendulae,carp_640M_score,1325.0346749752716,21.272394362235353,1032.7948341564202,1565.8029076635567,Bacteria
Struthio camelus,carp_640M_score,1491.4668895139416,19.291620066647113,1308.295829964419,1680.694858278707,Eukaryota
Stutzerimonas stutzeri,carp_640M_score,1424.914086114126,11.326887348589667,1306.539991253722,1566.5080105941583,Bacteria
Sulfolobus acidocaldarius,carp_640M_score,868.9969326252761,32.41492522671666,583.4453486747495,1393.7861920435264,Archaea
Sulfurisphaera tokodaii,carp_640M_score,1083.1119304872127,31.592518200007927,745.0605120184688,1576.8961401089468,Archaea
Sus scrofa,carp_640M_score,2177.3073224980203,38.22553176732931,1285.5321391200275,2473.9816789527968,Eukaryota
Synechococcus elongatus,carp_640M_score,1415.835977155257,48.246552326151786,987.5095927164135,2099.445991661902,Bacteria
Synechococcus sp.,carp_640M_score,1282.9367531247124,13.539984000215558,1124.2984165575665,1463.3361918005874,Bacteria
Synechocystis sp.,carp_640M_score,1333.064326762594,38.91535278674604,939.7587958049032,1797.6208915347945,Bacteria
Syntrophobacter fumaroxidans,carp_640M_score,1117.0437930355367,15.898376914801764,992.2343202272536,1278.9475501360366,Bacteria
Tachyglossus aculeatus aculeatus,carp_640M_score,1766.7732288630182,24.061777271343516,1512.5018733853362,1973.8229835641732,Eukaryota
Taeniopygia guttata,carp_640M_score,2207.063520325255,5.3446279543227275,2126.20102856872,2268.826016347866,Eukaryota
Takifugu rubripes,carp_640M_score,1793.1455393244046,11.042958376521554,1642.3353791650743,1936.6504216650644,Eukaryota
Talaromyces stipitatus,carp_640M_score,1636.6056051747216,35.613969796520365,1331.6827344248143,1957.463797056897,Eukaryota
Tetraodon nigroviridis,carp_640M_score,1491.7961985464985,16.75747541652591,1352.2330617439834,1743.6363303918297,Eukaryota
Thermococcus gammatolerans,carp_640M_score,1469.3999746953493,12.205217740966317,1315.565463209581,1596.2232609921796,Archaea
Thermococcus kodakarensis,carp_640M_score,1318.5176883382621,40.684276747931285,790.9264863673683,1793.0775098377956,Archaea
Thermococcus litoralis,carp_640M_score,1705.5162537292751,25.132735702116552,1431.7960792744364,1930.6118787668706,Archaea
Thermococcus onnurineus,carp_640M_score,1625.9795835913123,8.554615053708698,1486.0607336207506,1728.0967435866055,Archaea
Thermococcus sibiricus,carp_640M_score,1307.178785728216,34.211744965780554,890.4347090964487,1647.4255238911594,Archaea
Thermococcus sp.,carp_640M_score,1442.170801711815,7.800650340087345,1315.503556870218,1531.0608792932637,Archaea
Thermofilum pendens,carp_640M_score,1302.2228443251097,6.3160264066848875,1221.9816308085233,1384.7719197980512,Archaea
Thermoplasma acidophilum,carp_640M_score,907.0031234618384,26.308323491010956,637.008870767639,1272.09961498189,Archaea
Thermoplasma volcanium,carp_640M_score,649.9220259859779,9.611771646695447,535.5896174942212,774.8404057002527,Archaea
Thermoproteus tenax,carp_640M_score,1081.4020089311896,9.38667677182609,941.0858369800397,1204.7653682999544,Archaea
Thermostichus vulcanus,carp_640M_score,1114.481087151822,5.7338634560368105,1040.7594653942908,1183.0532722224323,Bacteria
Thermosynechococcus vestitus,carp_640M_score,1421.765315582474,44.509331983556784,963.7629262455404,2037.0703435814364,Bacteria
Thermotoga maritima,carp_640M_score,1297.576690003966,38.85238183595426,822.8070812373122,1831.5238221621764,Bacteria
Thermus thermophilus,carp_640M_score,1350.206684017284,30.998294506114853,957.6510508897768,1831.6842686994205,Bacteria
Toxoplasma gondii,carp_640M_score,959.4530806855823,7.962162574613718,868.6907287767351,1046.3613232840505,Eukaryota
Treponema pallidum,carp_640M_score,887.3911444346538,32.324171367117096,569.6390077033672,1462.6540519203047,Bacteria
Treponema pallidum subsp. pallidum,carp_640M_score,1490.7681672716776,2.280605253144758,1466.3179935060884,1516.8852951674648,Bacteria
Trichoderma koningii,carp_640M_score,1670.6229755637607,4.903429149355261,1616.4555552145405,1740.636167362416,Eukaryota
Trichoplax adhaerens,carp_640M_score,1504.759934934121,23.517040262867013,1097.4446711361602,1758.189203485266,Eukaryota
Trichormus variabilis,carp_640M_score,1361.5465495260803,48.72388529017332,886.0637930660441,2036.3920802010093,Bacteria
Triticum aestivum,carp_640M_score,1791.2565691961631,42.07558233856924,1375.827018068045,2199.621691925194,Eukaryota
Trypanosoma brucei brucei,carp_640M_score,1127.3243675479696,28.211547240335527,881.5381271414536,1483.6871463726657,Eukaryota
Verminephrobacter eiseniae,carp_640M_score,1601.3629791289866,60.84870732828294,999.8143974337376,2136.7463064388185,Bacteria
Vibrio cholerae,carp_640M_score,1714.6101759065768,36.51162818633279,1310.2522344121185,2164.589902967051,Bacteria
Vibrio cholerae serotype O1,carp_640M_score,1386.963798672725,10.748663237538842,1268.1531349111308,1519.7177318627953,Bacteria
Vibrio parahaemolyticus serotype O3:K6,carp_640M_score,1698.5193590814783,4.33666446323623,1641.812164334098,1754.8541532761794,Bacteria
Vibrio vulnificus,carp_640M_score,1520.069416175197,25.843186457718577,1279.7431865691724,1797.8389887230474,Bacteria
Vitis vinifera,carp_640M_score,1594.971765589096,27.984639670042974,1293.3880797704544,1913.0358666253333,Eukaryota
Xanthobacter autotrophicus,carp_640M_score,1164.2438208308545,24.35777084672055,910.8089011537553,1411.0567901496918,Bacteria
Xanthomonas campestris,carp_640M_score,1350.3689862779624,39.20961789109379,791.3987579962088,1826.2487433589013,Bacteria
Xanthomonas campestris pv. campestris,carp_640M_score,1382.6609803840727,5.447943405065718,1310.699079273953,1449.7658548989173,Bacteria
Xenopus laevis,carp_640M_score,1973.941226320261,38.44535583279299,1511.6921727632732,2297.6380857709128,Eukaryota
Xenopus tropicalis,carp_640M_score,1954.7694846784734,26.04630816853181,1564.8515012822534,2204.3035192318407,Eukaryota
Xylella fastidiosa,carp_640M_score,1111.8041366596071,35.181226696639605,738.5152294290596,1655.7308565116764,Bacteria
Yarrowia lipolytica,carp_640M_score,1376.0433283925224,35.40661188530072,1011.3031843492255,1848.1659875143787,Eukaryota
Yersinia enterocolitica,carp_640M_score,1182.5965375493097,5.6467546756443605,1104.5156812271705,1259.5380417538083,Bacteria
Yersinia enterocolitica serotype O:8 / biotype 1B,carp_640M_score,1637.9152499429808,36.118031969505175,1359.4118162359987,1983.2363748266205,Bacteria
Yersinia pestis,carp_640M_score,1710.0900733172384,43.35277166945994,1026.171458448917,2225.5651731463126,Bacteria
Yersinia pseudotuberculosis serotype IB,carp_640M_score,1591.1313486792956,29.076830973652285,1334.9840789960151,1826.3984519836984,Bacteria
Yersinia pseudotuberculosis serotype O:1b,carp_640M_score,1364.7198912488996,6.817085368560624,1285.918271168854,1445.5901401463675,Bacteria
Yersinia pseudotuberculosis serotype O:3,carp_640M_score,1038.9189238599415,32.76066778936714,774.5304029357793,1329.3579124726357,Bacteria
Zea mays,carp_640M_score,1907.1606963083757,40.48342004296613,1287.7605886216625,2276.7834984485107,Eukaryota
Zygnema circumcarinatum,carp_640M_score,1597.7231922389467,18.347840828785586,1410.902283168626,1762.0790888064628,Eukaryota
Zygosaccharomyces rouxii,carp_640M_score,1205.9084352094746,24.65149067507458,991.5176296302878,1434.7660919015227,Eukaryota
Acetivibrio thermocellus,triflow_score,1335.3157352772864,4.838810578326442,1293.8474152385731,1388.9193185976021,Bacteria
Acidianus ambivalens,triflow_score,1418.1929090908848,5.783114724080382,1329.7373091684651,1487.1775567732855,Archaea
Acidiphilium cryptum,triflow_score,1717.3417227615148,37.79300110829203,1415.05940324125,2053.854710341481,Bacteria
Acidithiobacillus ferrooxidans,triflow_score,1447.4249587581676,3.5443408187038914,1404.1518797070553,1487.6886556771944,Bacteria
Acinetobacter baumannii,triflow_score,1475.610573555238,35.60995051620235,1091.3074056629896,1862.7327221191108,Bacteria
Acinetobacter baylyi,triflow_score,1511.1540477329333,43.36464252787959,904.2729892597637,2124.0414617403812,Bacteria
Acorus calamus var. americanus,triflow_score,1352.2718367693794,20.73868663841446,1105.1399400088094,1608.5033875490144,Eukaryota
Actinobacillus pleuropneumoniae serotype 5b,triflow_score,1593.9003735594033,3.429226552480706,1553.2610738993299,1643.801462247435,Bacteria
Actinobacillus pleuropneumoniae serotype 7,triflow_score,1471.6584458040795,1.6557411964437896,1450.8833014955042,1490.142713677149,Bacteria
Adiantum capillus-veneris,triflow_score,1531.1872346380687,11.607359697517023,1406.3942639431943,1706.3544639186014,Eukaryota
Aedes aegypti,triflow_score,1277.0850524318616,30.92534334893753,853.2954411464813,1687.5432895908175,Eukaryota
Aeromonas hydrophila,triflow_score,1506.2241214913668,47.966632999099616,959.404867403436,2146.1585187875157,Bacteria
Aeromonas hydrophila subsp. hydrophila,triflow_score,1922.5674181105237,5.5994312325141955,1853.330367813076,1996.1750905252352,Bacteria
Aeromonas salmonicida,triflow_score,1475.8999620200234,16.362976450845036,1271.1383079085158,1631.8210522386,Bacteria
Aeropyrum pernix,triflow_score,1852.3058367003882,22.73523369777264,1558.0393621231199,2112.355989366277,Archaea
Agrobacterium fabrum,triflow_score,1547.2164388320007,55.14392645530864,921.6809544372131,2182.331509241703,Bacteria
Agrostis stolonifera,triflow_score,1540.2328590343816,42.76915069853075,1149.196466627956,1899.6123904540063,Eukaryota
Ajellomyces capsulatus,triflow_score,1404.1613998184296,39.70090970255952,1096.954308662335,1748.5267502444415,Eukaryota
Alcanivorax borkumensis,triflow_score,1540.596859893433,12.6843440431046,1404.0221215876954,1654.0069662232822,Bacteria
Aliivibrio fischeri,triflow_score,1429.9235703786817,42.082493312243315,1005.7244051250232,2089.3355147792386,Bacteria
Alkalihalobacillus clausii,triflow_score,1518.8969507218121,52.328509583379024,929.104213642459,2150.030662211445,Bacteria
Alkalihalophilus pseudofirmus,triflow_score,1794.3671086494599,21.66861026273497,1603.2874289118572,2070.896858629543,Bacteria
Alligator mississippiensis,triflow_score,1334.5944328950866,33.564477146117184,911.3208143329529,1683.282845870486,Eukaryota
Allochromatium vinosum,triflow_score,1597.4375060682212,3.9169882440677632,1546.5192183472964,1642.4760180965138,Bacteria
Anas platyrhynchos,triflow_score,1330.8781736821957,47.88028775347925,867.7233813545192,1917.0393063706483,Eukaryota
Anopheles gambiae,triflow_score,1255.7991757053323,29.905974807942023,920.8161103405139,1640.4914056916798,Eukaryota
Anopheles quadrimaculatus,triflow_score,1397.3191144531042,11.65398739302616,1271.5672322943603,1556.3301562940558,Eukaryota
Anthoceros angustus,triflow_score,1293.5737260765748,6.91996975557798,1203.024272177443,1378.7204674950565,Eukaryota
Apis mellifera,triflow_score,1097.5472657068137,28.44387647571533,732.6072855905787,1431.3373204361562,Eukaryota
Aquifex aeolicus,triflow_score,1627.2502582734203,53.143697666685725,1005.574201826754,2184.473160587899,Bacteria
Arabidopsis thaliana,triflow_score,1201.5765288519258,43.00166888425135,816.4106134559188,1762.5383692822697,Eukaryota
Archaeoglobus fulgidus,triflow_score,1793.9899184831804,38.22435300147038,1187.0389674857847,2214.2557939272933,Archaea
Ashbya gossypii,triflow_score,1403.9542418798019,38.79179578327202,1028.753565429718,1922.068653977097,Eukaryota
Aspergillus clavatus,triflow_score,1379.7359078703369,33.64215420170735,1042.6622608660198,1725.6725414690218,Eukaryota
Aspergillus flavus,triflow_score,1540.6329598537059,18.613413629284935,1372.7647435041486,1740.1239667548557,Eukaryota
Aspergillus fumigatus,triflow_score,1358.7980921699882,34.657180961914214,966.2676958709792,1755.1885940672896,Eukaryota
Aspergillus niger,triflow_score,1479.0036119546792,18.445886632815803,1205.7897119898894,1673.0320328783214,Eukaryota
Aspergillus oryzae,triflow_score,1568.533127308048,34.79589883041259,1071.1277416477017,1825.5493598115409,Eukaryota
Azoarcus sp.,triflow_score,1391.7036690550726,8.6971195115295,1291.6305237580257,1488.622992385595,Bacteria
Azospirillum brasilense,triflow_score,1426.5251123252328,7.051261214035639,1338.9940442676057,1496.2381662477214,Bacteria
Bacillus anthracis,triflow_score,1550.2823619015983,48.53769880677638,1042.633454652037,2121.3628657113845,Bacteria
Bacillus cereus,triflow_score,1660.4426637675251,31.528475609704714,1316.9853121220758,1963.6662561515063,Bacteria
Bacillus cytotoxicus,triflow_score,1948.152244851484,10.016525593596683,1839.6433451590553,2064.301759589711,Bacteria
Bacillus licheniformis,triflow_score,1675.6134279186704,40.94172673834962,1103.4644152547428,2163.4206902121755,Bacteria
Bacillus sp,triflow_score,1866.5678906704063,7.074562655621209,1770.3376224306298,1947.315068422661,Bacteria
Bacillus sp.,triflow_score,1721.9325420905773,34.634866888024035,1391.8430222855454,2091.540664919048,Bacteria
Bacillus spizizenii,triflow_score,1323.6991890274048,32.63656368198012,1081.6641505512914,1773.8419076072314,Bacteria
Bacillus subtilis,triflow_score,1584.1081030777468,44.712371682962434,970.219234723722,1999.4630305189721,Bacteria
Bacillus thuringiensis,triflow_score,1178.6029960621072,17.980332023288955,1019.447165064044,1387.350850675369,Bacteria
Bacillus thuringiensis serovar kurstaki,triflow_score,1537.0040085144872,6.699880489548289,1462.0299051964628,1623.4462237611015,Bacteria
Bacillus thuringiensis subsp. israelensis,triflow_score,1307.4101621954806,4.486502342910913,1238.343752251824,1357.0004289240871,Bacteria
Bacillus thuringiensis subsp. konkukian,triflow_score,1565.3748973870813,3.549077846979855,1510.8724595122696,1603.0010963338539,Bacteria
Balaenoptera musculus,triflow_score,1600.7950622600201,16.95246413916112,1382.2174978706703,1778.9881088825357,Eukaryota
Balaenoptera physalus,triflow_score,1362.8177658214522,39.06033753335055,942.2070877067686,1883.6043365752962,Eukaryota
Barbarea verna,triflow_score,1552.516835896527,28.870420847155206,1234.7621685008125,1919.2098811812784,Eukaryota
Bartonella bacilliformis,triflow_score,1246.2324516822569,26.995355792818387,969.7992597418964,1501.5307852996946,Bacteria
Bifidobacterium longum,triflow_score,1852.1269046691318,6.355238293956139,1776.2832333011763,1935.0566637272698,Bacteria
Bifidobacterium longum subsp. infantis,triflow_score,1482.4161380815394,4.82985253607377,1428.126227657319,1531.5282287883542,Bacteria
Blastochloris viridis,triflow_score,1622.3052516271396,34.74676430428675,1219.7712740184172,1952.1824026581685,Bacteria
Blastomyces gilchristii,triflow_score,1114.392761996815,16.23434685891743,930.6570158517626,1298.4551960541735,Eukaryota
Bordetella pertussis,triflow_score,1584.0450101189929,43.14022854876579,1038.5815473330442,2125.1314956075457,Bacteria
Borreliella burgdorferi,triflow_score,1420.2605518989353,9.576570404435985,1287.0287164071708,1536.033238489632,Bacteria
Bos mutus grunniens,triflow_score,1261.9801803353178,8.373029522570066,1163.2561392791201,1379.521542615947,Eukaryota
Bos taurus,triflow_score,1385.1210163140865,33.1121548418769,987.5556805603966,1837.4715295138667,Eukaryota
Bradyrhizobium diazoefficiens,triflow_score,1385.3947845396945,40.66973025270284,936.7366203555183,1907.3141231403615,Bacteria
Branchiostoma floridae,triflow_score,1309.6925379370302,32.91039689030601,838.1954661723377,1687.2554510835182,Eukaryota
Brucella canis,triflow_score,2050.675232430309,10.262095642729246,1943.6425278822612,2170.75760264947,Bacteria
Brucella melitensis,triflow_score,1545.4196620633916,46.221392898921984,923.9191057405434,2085.9303969176476,Bacteria
Brucella melitensis biotype 1,triflow_score,1383.78418732184,4.8059104490941,1311.8095575704576,1436.6709631046176,Bacteria
Brucella melitensis biotype 2,triflow_score,997.0131097748351,4.5889066535265375,950.3170213499318,1055.1996555859648,Bacteria
Brucella ovis,triflow_score,1621.3672080048464,7.448523263127876,1525.1277754201285,1717.3879367822124,Bacteria
Brucella suis biovar 1,triflow_score,1357.3281566916735,8.91592027952129,1242.9425647129892,1461.1324766427786,Bacteria
Brugia malayi,triflow_score,1231.6508843635324,32.30365486799324,894.5835217970538,1717.8536613520944,Eukaryota
Buchnera aphidicola,triflow_score,1263.0946431148818,43.3726873206132,867.1810174432745,1793.0090712047204,Bacteria
Buchnera aphidicola subsp. Acyrthosiphon pisum,triflow_score,1341.4407002549299,28.642015476581562,1030.960633728103,1682.9082081580655,Bacteria
Buchnera aphidicola subsp. Baizongia pistaciae,triflow_score,1060.0287531865843,28.71959868229102,823.0817014321259,1401.1858298616323,Bacteria
Buchnera aphidicola subsp. Schizaphis graminum,triflow_score,1287.4879378836972,35.620541053873026,948.2459020431907,1627.9048676142563,Bacteria
Burkholderia cenocepacia,triflow_score,1621.6634017157367,50.67746320615287,1155.6186314493584,2030.672296597089,Bacteria
Burkholderia mallei,triflow_score,1568.3575902583457,47.36125116209257,985.0450946065608,2121.2404464807305,Bacteria
Burkholderia multivorans,triflow_score,1718.0558888589628,5.946806232528957,1654.168706826503,1798.3392050899383,Bacteria
Buxus microphylla,triflow_score,1599.0932582090727,21.71887189164793,1415.0522431007785,1866.834577310542,Eukaryota
Caenorhabditis briggsae,triflow_score,1325.0036902062961,25.69436485231159,1016.1631952154705,1620.7234128791695,Eukaryota
Caenorhabditis elegans,triflow_score,1261.5016077362984,33.45580006139129,877.8640038766057,1683.7988894101366,Eukaryota
Caldanaerobacter subterraneus,triflow_score,1714.2599575279364,44.96828913863444,1123.887736222041,2154.9023520441683,Bacteria
Caldivirga maquilingensis,triflow_score,1649.1848765190286,29.391973470703004,1357.7953020792872,1984.7772637049768,Archaea
Calycanthus floridus var. glaucus,triflow_score,1218.6763261604588,22.497645018089234,1022.0049379537769,1491.8586593646703,Eukaryota
Campylobacter fetus subsp. fetus,triflow_score,1829.667801039052,6.639427392639884,1727.3629001913218,1895.7311322473504,Bacteria
Campylobacter jejuni,triflow_score,1470.0413296075394,53.27698362550997,933.5138384667907,2124.8879859654485,Bacteria
Campylobacter jejuni subsp. doylei,triflow_score,1513.9496978190252,5.0478763606249215,1440.440533161888,1583.7793811332963,Bacteria
Campylobacter jejuni subsp. jejuni serotype O:2,triflow_score,1531.7444114833802,10.30892452397449,1425.4490681992888,1675.5297319886295,Bacteria
Campylobacter jejuni subsp. jejuni serotype O:23/36,triflow_score,1454.025139467324,4.527400146824887,1389.684769671927,1518.096148120151,Bacteria
Candida albicans,triflow_score,1442.540823340754,39.63037840706236,977.7448409984391,2032.7965775789812,Eukaryota
Candida glabrata,triflow_score,1483.2247561812653,30.918724352379037,1173.207409514314,1765.8114661859559,Eukaryota
Canis lupus,triflow_score,1458.3265157274693,33.69760999511446,1028.9321377593683,1935.6699389650944,Eukaryota
Capra hircus,triflow_score,1150.5820112478805,13.745667629355545,990.8977380784805,1309.089350995404,Eukaryota
Capsella bursa-pastoris,triflow_score,1537.5934468486228,34.72525519416545,1072.0700889757193,1828.2399294281697,Eukaryota
Carassius auratus,triflow_score,1652.178141517381,31.09783292335674,1234.7947492551916,1926.0898682759587,Eukaryota
Carica papaya,triflow_score,1504.5118130456203,34.79641216962596,1183.3349865119924,1826.5071391816557,Eukaryota
Caulobacter vibrioides,triflow_score,1664.6995036382732,46.65652757382879,1033.9871167691974,2147.8637630597727,Bacteria
Cenarchaeum symbiosum,triflow_score,1552.4387698279368,17.463778548672874,1324.733978441886,1734.2521414704077,Archaea
Ceratotherium simum,triflow_score,1387.7959886109168,37.264181952551006,905.7198413314823,1856.3932369553393,Eukaryota
Cereibacter sphaeroides,triflow_score,1647.0507166252019,39.393491540743476,1170.6255898684346,2066.5748810548935,Bacteria
Chaetosphaeridium globosum,triflow_score,1450.836042393529,14.456981297285493,1275.8540627765428,1595.3356282710927,Eukaryota
Chlamydia pneumoniae,triflow_score,1171.5155633179222,6.438088224735294,1061.7910327238303,1246.3752360758715,Bacteria
Chlamydia trachomatis serovar D,triflow_score,1509.51023061284,14.549234319105318,1347.5854379165796,1670.901455073672,Bacteria
Chlamydia trachomatis serovar L2,triflow_score,1674.1208535561718,4.492035595110813,1614.959922769238,1744.836600581205,Bacteria
Chlamydomonas reinhardtii,triflow_score,1203.1839649612425,30.96581861885082,852.8652939484591,1613.9584252625243,Eukaryota
Chlorobaculum tepidum,triflow_score,1418.6725032826416,29.072409155446817,1159.9798099761442,1702.2074462011838,Bacteria
Chlorobaculum thiosulfatiphilum,triflow_score,1547.0503158358656,10.076753860870356,1444.3124798901786,1692.8660637606824,Bacteria
Chlorobium phaeobacteroides,triflow_score,1205.291531820962,18.144718320977788,1020.3340181716909,1364.5265893172614,Bacteria
Chloroflexus aurantiacus,triflow_score,1859.624600800731,7.9890429951733735,1751.7453775737836,1962.4794919803653,Bacteria
Chromobacterium violaceum,triflow_score,1450.1882320569152,37.88831126390292,1005.0016717384403,1894.3117355850127,Bacteria
Citrobacter koseri,triflow_score,1537.3459775427532,36.969654342458774,1018.6908220073428,1938.7973911975296,Bacteria
Clostridium acetobutylicum,triflow_score,1510.9667729976425,43.66538748650948,1023.7881099932906,2070.876273735047,Bacteria
Clostridium beijerinckii,triflow_score,1345.4018287370081,35.83321674824055,1043.43085585774,1678.7981306707277,Bacteria
Clostridium botulinum,triflow_score,1784.7661852131048,43.332492524139376,1282.4182456221704,2076.359977047984,Bacteria
Clostridium kluyveri,triflow_score,1366.6195769467229,20.776572395085832,1196.274876177222,1629.2297945087073,Bacteria
Clostridium perfringens,triflow_score,1990.1884756268907,11.240846071279876,1845.4090496601102,2126.2149123148815,Bacteria
Coffea arabica,triflow_score,1621.985067528587,5.418656380181723,1562.7272188147992,1695.0241228861823,Eukaryota
Corynebacterium efficiens,triflow_score,1410.8410116802124,37.84117728846609,1119.3453748172647,1839.2528424452664,Bacteria
Corynebacterium glutamicum,triflow_score,1526.890184403876,40.45297935752089,1044.252481040777,2049.857471882901,Bacteria
Coturnix japonica,triflow_score,1424.1874585434357,41.78897790288075,1000.3343260301818,1784.025571380153,Eukaryota
Cricetulus griseus,triflow_score,1603.902388548163,38.51000608847427,1075.331036184498,1831.1538614817846,Eukaryota
Cronobacter sakazakii,triflow_score,1631.454710952132,37.58991287537164,1159.894277744222,2052.328652313277,Bacteria
Crucihimalaya wallichii,triflow_score,1714.9132322337477,9.033986377057392,1597.4976902418555,1815.1346900508192,Eukaryota
Cryptococcus deneoformans,triflow_score,1673.2479090027243,22.694409259096613,1431.889750002305,1875.8791822577589,Eukaryota
Cucumis sativus,triflow_score,1687.5136289503562,16.392120111206797,1535.774012331264,1898.4243239957593,Eukaryota
Culex quinquefasciatus,triflow_score,1334.1998468600264,31.35080421497489,1023.9826016358546,1865.082590340509,Eukaryota
Cupriavidus necator,triflow_score,1483.578691152836,42.89093577585475,1001.5759947243871,2023.124561376455,Bacteria
Cycas taitungensis,triflow_score,1400.5257595432142,26.03583843909924,1156.843632203401,1683.3437231588703,Eukaryota
Cytophaga hutchinsonii,triflow_score,1424.146214009889,5.872471757822766,1359.4377760697855,1501.051292187176,Bacteria
Danio rerio,triflow_score,1398.5754536560894,38.17419504002445,906.8229994738729,1817.088304535892,Eukaryota
Dasypus novemcinctus,triflow_score,1403.5793904819654,32.307308949609784,1115.9162391082211,1798.346239388348,Eukaryota
Daucus carota,triflow_score,1709.6704270856985,15.29105930248651,1577.2506675939646,1884.7697799759596,Eukaryota
Debaryomyces hansenii,triflow_score,1317.750785938443,38.711270283494514,901.6043719712627,1771.1944822416042,Eukaryota
Deinococcus radiodurans,triflow_score,1583.434746200465,43.27079767683676,1046.4151759103665,2157.936152343229,Bacteria
Dictyostelium discoideum,triflow_score,1244.8119420190446,38.0233130405246,893.7815778276898,1807.6110470976234,Eukaryota
Didelphis virginiana,triflow_score,1266.941726527603,42.444234403133,863.3026332478404,1781.4811115225532,Eukaryota
Drimys granadensis,triflow_score,1787.4577313435782,11.039907023041794,1666.880723221015,1924.9107888970784,Eukaryota
Drosophila melanogaster,triflow_score,1280.9052643363182,32.23979261479731,918.3450571145579,1683.1672881475715,Eukaryota
Drosophila persimilis,triflow_score,1107.6720298745902,8.907425002819759,991.7441574713152,1224.7452845012242,Eukaryota
Drosophila sechellia,triflow_score,1095.4426043593708,19.830498149988113,895.6290053227058,1329.1867766043947,Eukaryota
Drosophila simulans,triflow_score,1188.5154633568038,24.98935848191064,962.6406757621824,1522.8558908870139,Eukaryota
Drosophila willistoni,triflow_score,1311.6643036797686,37.251926763493245,999.5035805726242,1697.1918347535425,Eukaryota
Drosophila yakuba,triflow_score,1222.474216989152,10.536589553640242,1106.0584774522015,1378.2695418320918,Eukaryota
Dugong dugon,triflow_score,1466.08329357005,21.276940310821676,1260.4752114562912,1776.5134215277203,Eukaryota
Emericella nidulans,triflow_score,1419.221521815948,32.06524337367753,1095.7251758049042,1767.8565471522295,Eukaryota
Encephalitozoon cuniculi,triflow_score,1157.4308176239833,38.585105812908836,885.2832429762352,1572.9274543683957,Eukaryota
Entamoeba histolytica,triflow_score,1365.3174024586674,47.99942183185078,886.5822988668273,1960.0543436127339,Eukaryota
Enterobacter sp.,triflow_score,1500.8487723254866,28.827794394238502,1141.0924333705564,1966.7570669125107,Bacteria
Enterococcus faecalis,triflow_score,1539.7205461277367,48.032550254990056,945.6417224518668,2056.805449624844,Bacteria
Enterococcus hirae,triflow_score,1320.7589129463604,3.718120537882574,1266.7407030304996,1363.7978380336422,Bacteria
Equus caballus,triflow_score,1120.4267603160097,12.314551496073408,974.4378839570006,1280.4014379229861,Eukaryota
Erwinia tasmaniensis,triflow_score,1388.3666894875244,38.49265079265624,964.0190963378723,1955.5287036208763,Bacteria
Escherichia coli,triflow_score,1678.0616583331703,33.237771326870494,1243.896489597756,2072.4263834017565,Bacteria
Escherichia coli O139:H28,triflow_score,1546.9168854764387,2.661579881829967,1508.3761993592252,1578.3267917062713,Bacteria
Escherichia coli O157:H7,triflow_score,1671.3034913272072,34.53085972800503,1175.475871048393,1979.4909665040864,Bacteria
Escherichia coli O17:K52:H18,triflow_score,1615.9751561909811,2.8005539443008876,1576.6609543960797,1649.0301068629963,Bacteria
Escherichia coli O1:K1 / APEC,triflow_score,1538.9032391263768,12.691686262376882,1401.8425998839623,1687.8486742516202,Bacteria
Escherichia coli O45:K1,triflow_score,1564.7396976282337,19.14929890846603,1350.8152086583398,1760.6687908728074,Bacteria
Escherichia coli O6:H1,triflow_score,1557.7094952882783,25.824048996304164,1257.0317119585818,1872.5944616583167,Bacteria
Escherichia coli O7:K1,triflow_score,1664.2457026006925,12.764770236791197,1534.4538617434087,1790.6948586743902,Bacteria
Escherichia coli O81,triflow_score,1422.290012256155,2.721984944966217,1384.878479004974,1456.0034631954516,Bacteria
Escherichia coli O9:H4,triflow_score,937.8124887119646,5.623430351311466,850.8910893928858,1000.7422314483154,Bacteria
Eucalyptus globulus subsp. globulus,triflow_score,1345.2770658453455,24.19971348048169,1145.8438712554234,1612.3728505712238,Eukaryota
Fagopyrum esculentum subsp. ancestrale,triflow_score,1379.3936939190087,39.33400812705933,1023.3560279347525,1721.7454143624648,Eukaryota
Felis catus,triflow_score,1394.7622338394833,27.385480073928417,1034.8466694755182,1835.767193355999,Eukaryota
Formosania lacustris,triflow_score,1193.6131855112105,14.426042142515884,1025.1108309965925,1391.3990128967203,Eukaryota
Francisella tularensis subsp. holarctica,triflow_score,1436.4145994542223,3.5930555243643494,1391.122973033029,1487.2809962505373,Bacteria
Francisella tularensis subsp. tularensis,triflow_score,2148.68938879062,5.209507034703862,2073.5853737876173,2210.496275387924,Bacteria
Gadus morhua,triflow_score,1546.2894908726046,9.3894619916027,1447.0112941402456,1670.0361423351508,Eukaryota
Gallus gallus,triflow_score,1455.1933898014563,30.512868782558744,1030.3709038972418,1883.9786019260825,Eukaryota
Geobacillus kaustophilus,triflow_score,1803.6759479444343,49.81315476152152,1102.1896920737252,2231.93213168528,Bacteria
Geobacillus stearothermophilus,triflow_score,1879.2930701725313,19.78330515608394,1611.5509029010232,2090.008386361203,Bacteria
Gibberella zeae,triflow_score,1415.2913844131429,9.096143941194162,1307.4356050722326,1527.6249518306674,Eukaryota
Gorilla gorilla,triflow_score,1333.9400100064033,34.01758064951127,948.7192973214353,1703.0281080330246,Eukaryota
Gorilla gorilla gorilla,triflow_score,1287.5250434960499,13.11161283635995,1145.2562901243832,1475.3482359609463,Eukaryota
Gossypium barbadense,triflow_score,1403.0656623083578,37.75866142647688,996.2152806642044,1779.7237971008467,Eukaryota
Haemophilus ducreyi,triflow_score,1122.0732507095936,7.729619877534244,1026.1279483338121,1203.0101387727675,Bacteria
Haemophilus influenzae,triflow_score,1671.994132690001,47.36522936823081,1031.5236675327174,2162.9064599242306,Bacteria
Halalkalibacterium halodurans,triflow_score,1565.14572961742,40.26674454881272,1058.7287879815412,2112.407973938153,Bacteria
Haloarcula hispanica,triflow_score,1150.3393850383532,5.386717272020328,1087.4453537984746,1205.9939728420748,Archaea
Haloarcula marismortui,triflow_score,1566.1018686535133,29.617009837314512,1087.8269089242167,1844.4932683151417,Archaea
Halobacterium salinarum,triflow_score,1478.8507580397072,39.961425744892686,953.638038965263,1928.1846236359088,Archaea
Haloferax mediterranei,triflow_score,1330.7124610698147,19.089221816411204,1175.0161114522332,1613.5776780261333,Archaea
Haloferax volcanii,triflow_score,1488.44397628714,31.407110774830826,982.4711834126415,1772.9585310219773,Archaea
Halopiger xanaduensis,triflow_score,1333.26130104833,15.744274927670627,1143.422956421177,1503.665141880892,Archaea
Haloquadratum walsbyi,triflow_score,1346.9755236522244,50.75061191683554,823.1405437419878,1971.8161560207996,Archaea
Halorhodospira halophila,triflow_score,1770.9991308048304,6.939099004690535,1678.9935718915003,1844.599028768596,Bacteria
Halorubrum lacusprofundi,triflow_score,1744.3009803669015,23.25105463316333,1463.5170151508682,1968.653825114104,Archaea
Helianthus annuus,triflow_score,1533.793585842336,7.320272811554477,1449.5977331050474,1636.5735053918659,Eukaryota
Helicobacter pylori,triflow_score,1382.4041787938643,42.44863250866448,859.0892605988159,2020.5142369705618,Bacteria
Homo sapiens,triflow_score,1298.371818838283,33.52437330284243,883.8284833045302,1704.4653620053798,Eukaryota
Hordeum vulgare,triflow_score,1609.036796882312,17.272048766039987,1429.2538710032186,1779.3926847076875,Eukaryota
Huperzia lucidula,triflow_score,1473.4249247254693,28.85951691511468,1150.5848475089497,1796.4436379667707,Eukaryota
Hydra vulgaris,triflow_score,1094.5931482084768,11.766689299297331,955.7249938140777,1236.3249066962028,Eukaryota
Hydrogenobacter thermophilus,triflow_score,1514.5540960424541,2.497363392667329,1479.1035338879847,1545.295584313742,Bacteria
Hylobates lar,triflow_score,1274.2330255822264,15.265638560844042,1109.5641587283083,1446.656022852142,Eukaryota
Hyperthermus butylicus,triflow_score,1773.241417939734,30.02125673547827,1335.3188333018984,2039.050783411786,Archaea
Ignicoccus hospitalis,triflow_score,2040.312172241249,6.744743889721237,1969.3203185717505,2163.2988055628252,Archaea
Ipomoea purpurea,triflow_score,1666.154562944726,7.035299261579295,1588.460567586902,1768.9069833767878,Eukaryota
Jasminum nudiflorum,triflow_score,1824.2368459694062,16.256207722951764,1666.085404413834,2009.1378820785924,Eukaryota
Klebsiella aerogenes,triflow_score,1642.270377920625,3.458585397020057,1587.7404521658682,1680.5153003467835,Bacteria
Klebsiella pneumoniae,triflow_score,1641.4898132603944,38.43190028129053,1029.3228144576503,2003.543469163625,Bacteria
Klebsiella pneumoniae subsp. pneumoniae,triflow_score,1482.4720866762298,4.372665600144483,1427.0104767487994,1531.4840890208877,Bacteria
Kluyveromyces lactis,triflow_score,1367.9741200612289,35.60665012876703,1021.4216615602932,1870.9380710834912,Eukaryota
Korarchaeum cryptofilum,triflow_score,1707.791346722819,10.623478198269648,1561.064192324655,1836.866624901387,Archaea
Lactiplantibacillus plantarum,triflow_score,1691.2610734963987,45.003443440361096,1155.3574587350163,2183.751077879389,Bacteria
Lactococcus lactis,triflow_score,1557.2922609662426,56.303169365310886,847.0611128504704,2156.7104935685397,Bacteria
Lactococcus lactis subsp. cremoris,triflow_score,1722.0490590543286,4.559660361140746,1657.2272506648096,1783.24140775637,Bacteria
Lactococcus lactis subsp. lactis,triflow_score,1548.7599818608305,28.389466127975652,1278.7257659430836,1850.2489003494045,Bacteria
Latimeria chalumnae,triflow_score,1365.2315920506558,46.932726681733854,922.6797960047517,1861.2354155757182,Eukaryota
Legionella pneumophila,triflow_score,1184.0840889207473,19.752607065085915,1004.1384192684935,1374.4273632817844,Bacteria
Legionella pneumophila subsp. pneumophila,triflow_score,1357.6399994656035,5.447297090682636,1291.0645506940284,1432.6334473434406,Bacteria
Leifsonia xyli subsp. xyli,triflow_score,1391.505374440896,7.334530197224398,1295.9143097733622,1465.657725124415,Bacteria
Lemna minor,triflow_score,1347.0117769330814,23.707143515661993,1091.9274360276845,1631.7007262767215,Eukaryota
Lemur catta,triflow_score,1201.2395505930683,19.32695112582183,989.8776558385297,1423.9383834092912,Eukaryota
Lepidium virginicum,triflow_score,1230.113096173352,6.876337696330682,1161.258691103856,1324.8760345392582,Eukaryota
Levilactobacillus brevis,triflow_score,1168.268072798974,3.127692143397318,1132.4636861419801,1215.3234656832785,Bacteria
Liriodendron tulipifera,triflow_score,1455.7191886497449,39.51181018950649,984.232586904946,1800.1599347838726,Eukaryota
Listeria monocytogenes,triflow_score,1566.360781146027,50.673932668532196,1009.6964906205176,2225.8459911084083,Bacteria
Listeria monocytogenes serotype 1/2a,triflow_score,1766.8858084622914,12.11746595092739,1630.678276729575,1905.2210373844832,Bacteria
Listeria monocytogenes serovar 1/2a,triflow_score,1341.3130497190714,3.845295439253117,1285.507985456454,1390.2019126833795,Bacteria
Lobularia maritima,triflow_score,1670.9410320785287,23.37015215287345,1360.4263703991178,1898.5412459041277,Eukaryota
Lodderomyces elongisporus,triflow_score,1254.898235980748,10.272937430210522,1136.77018615402,1388.4443767924572,Eukaryota
Lotus japonicus,triflow_score,1530.4882121978214,36.50883043430154,1200.4047317409554,1849.0628499627462,Eukaryota
Loxodonta africana,triflow_score,1284.9081038812992,41.011080052953275,931.2787292091291,1670.2784002713056,Eukaryota
Lumbricus terrestris,triflow_score,1420.0074401218965,31.683001870024636,1114.1259548857322,1698.9585563090905,Eukaryota
Lycodon semicarinatus,triflow_score,1165.4939875801201,19.058443226627556,984.9177225262856,1406.9923769636787,Eukaryota
Macaca fascicularis,triflow_score,1368.022786345461,36.34309691406036,904.7353381940072,1883.6387659238999,Eukaryota
Mammuthus primigenius,triflow_score,1584.1075818139109,7.386581581593051,1468.1679600534999,1677.4309613499088,Eukaryota
Mannheimia succiniciproducens,triflow_score,1483.0242664551436,39.44781866452357,1073.6792543713952,1988.682462748636,Bacteria
Marchantia polymorpha,triflow_score,1532.03238100312,37.2739126408926,1283.7756827331323,1983.8021458572446,Eukaryota
Marinobacter nauticus,triflow_score,1189.4581684938096,4.754154406666165,1121.6085952972553,1246.9202062372947,Bacteria
Mesocricetus auratus,triflow_score,1071.8934583295027,33.81351277539045,768.5791665780498,1389.5154973452331,Eukaryota
Mesorhizobium japonicum,triflow_score,1576.5949142180198,35.37731405668135,998.5434488040326,1982.9668703518169,Bacteria
Mesostigma viride,triflow_score,1592.8588353513642,15.050860265535942,1452.8383412781848,1756.0640092858662,Eukaryota
Metallosphaera sedula,triflow_score,1592.5896381324644,43.55127747533864,1175.311895139376,2132.098990835361,Archaea
Methanobacterium formicicum,triflow_score,1149.7424440934474,11.675202925278628,1030.8019635155565,1271.2981219751725,Archaea
Methanobrevibacter smithii,triflow_score,1461.279080382677,23.40805948014423,1189.9531642605486,1718.301684626499,Archaea
Methanocaldococcus jannaschii,triflow_score,1876.7836500458736,34.06828869141884,1347.2462125011982,2303.523272820803,Archaea
Methanocella arvoryzae,triflow_score,1611.1381333870524,8.752655465452955,1506.6374635016812,1756.2898081447483,Archaea
Methanococcoides burtonii,triflow_score,1683.5971887800686,13.244839295219977,1544.6993178206376,1836.2243875852396,Archaea
Methanococcus aeolicus,triflow_score,1808.9490368151555,12.436768290892953,1656.0592622235702,1935.1053261302354,Archaea
Methanococcus maripaludis,triflow_score,1709.0406555013258,24.342456609922838,1339.5096768525507,2038.5115111012483,Archaea
Methanococcus vannielii,triflow_score,1625.6721532628826,34.812535989626106,1080.5128899869758,1938.8024826281564,Archaea
Methanocorpusculum labreanum,triflow_score,1278.393720190719,12.46993968347405,1133.448809368485,1431.5334374222468,Archaea
Methanoculleus marisnigri,triflow_score,1366.1409327551978,15.458211765408242,1235.9175499563203,1587.38728095997,Archaea
Methanopyrus kandleri,triflow_score,1859.0629714957104,27.61745181582874,1359.4561768925068,2123.2396607537994,Archaea
Methanoregula boonei,triflow_score,1873.2585834158883,22.87352569138233,1653.1471232319889,2152.9549440922233,Archaea
Methanosarcina acetivorans,triflow_score,1596.2613631748018,38.575483171077025,1069.1264198980698,2058.4632365405528,Archaea
Methanosarcina barkeri,triflow_score,1646.4525082271223,24.208725962387536,1207.7706162451548,1870.512365485237,Archaea
Methanosarcina mazei,triflow_score,1554.9969480271625,35.86464756861596,989.8537784460816,1934.2699835233818,Archaea
Methanosphaera stadtmanae,triflow_score,1553.6561874101933,20.8635389604234,1322.659596048905,1776.411765994921,Archaea
Methanosphaerula palustris,triflow_score,1681.0755732000187,8.537200098581026,1589.4300814361825,1812.184736986939,Archaea
Methanospirillum hungatei JF-1,triflow_score,1741.422300482963,22.141111869650878,1417.0063360680256,2011.8068762995201,Archaea
Methanothermobacter marburgensis,triflow_score,1447.4979607068585,33.65385915483686,1012.8816022512995,1784.0396213319154,Archaea
Methanothermobacter thermautotrophicus,triflow_score,1729.0703226672258,41.219846603722516,1247.9075559231458,2215.156749061279,Archaea
Methanothermus fervidus,triflow_score,1609.2641139561645,42.33684201316383,1272.592653855223,1994.230682484921,Archaea
Methanothrix thermoacetophila,triflow_score,1807.7312400605003,16.50311817966822,1595.2319276791054,1958.9511358864565,Archaea
Methylococcus capsulatus,triflow_score,1588.4464611882547,39.250040666532904,1155.8791494993525,2127.165608648987,Bacteria
Meyerozyma guilliermondii,triflow_score,1297.2955380590765,21.957963064027435,995.9843404348729,1455.5482221974446,Eukaryota
Micrococcus luteus,triflow_score,1413.4584658037854,2.816532137707803,1380.117593041853,1448.2970872298783,Bacteria
Microcystis aeruginosa,triflow_score,1678.6270683637988,5.4717339738428,1593.820586352978,1746.9014630696124,Bacteria
Micromonas commoda,triflow_score,1552.5664699526149,9.0477480128915,1428.6356086943947,1652.071434100445,Eukaryota
Monodelphis domestica,triflow_score,1421.4333957327142,31.45343663350634,1194.9615668158287,1891.9164627384168,Eukaryota
Mus musculus,triflow_score,1304.4712047484002,27.080045901901023,972.009283678259,1645.2224821642876,Eukaryota
Mycobacterium bovis,triflow_score,1803.4161668983515,23.41970846375529,1517.4826366162274,2045.308102868602,Bacteria
Mycobacterium leprae,triflow_score,1085.7665764307364,15.675952227777529,920.2051745490492,1269.1393019365185,Bacteria
Mycobacterium sp.,triflow_score,1833.969195115239,36.33986640979231,1469.8581886343793,2131.2399898483686,Bacteria
Mycobacterium tuberculosis,triflow_score,1459.8579237848953,40.528761842255605,862.6436664536254,1971.8814622813775,Bacteria
Mycobacteroides abscessus,triflow_score,1386.7228177770999,3.8447575881892195,1340.281262789725,1435.1413109472217,Bacteria
Mycolicibacterium gilvum,triflow_score,1187.1638730513705,43.177489591332275,939.0823493310803,1668.2692998261257,Bacteria
Mycolicibacterium paratuberculosis,triflow_score,1513.93945291091,2.7797604760154866,1478.2504575844227,1546.3558481020352,Bacteria
Mycolicibacterium smegmatis,triflow_score,1617.732033728456,46.97798265404447,991.757059162118,2039.7589640771114,Bacteria
Mycolicibacterium smegmatis155),triflow_score,1683.8620159643074,15.144441551163366,1465.5023792003508,1860.2064112956434,Bacteria
Mycoplasma genitalium,triflow_score,1525.6572373705721,19.213119010579305,1351.2292668402674,1745.6901940600485,Bacteria
Mycoplasma pneumoniae,triflow_score,1299.6739750773318,42.95869251050418,904.1366317520403,1779.2733377266547,Bacteria
Mycosarcoma maydis,triflow_score,1277.514618306038,33.2443416829751,963.9603676617699,1577.1864079565526,Eukaryota
Myxococcus xanthus,triflow_score,1689.9588575146838,10.805669550627336,1561.9496765470947,1814.723277230084,Bacteria
Nanoarchaeum equitans,triflow_score,1678.0562712071833,51.01009463511985,1161.5037022818542,2281.5367170486134,Archaea
Nasturtium officinale,triflow_score,1496.4223333843486,34.88995680960782,1172.647732817474,1823.1857008485365,Eukaryota
Natrialba magadii,triflow_score,1596.6018710374885,8.935935262555478,1506.9802029002574,1733.8776822698746,Archaea
Natronomonas pharaonis,triflow_score,1447.3184688093097,11.405977352099052,1323.3865347701078,1610.7992773451915,Archaea
Neisseria gonorrhoeae,triflow_score,1564.5607139454723,6.444215994845285,1469.269552450121,1636.5447355804126,Bacteria
Neisseria meningitidis,triflow_score,1566.286692908036,46.82557086160815,926.5757449178462,2051.579250076857,Bacteria
Nematostella vectensis,triflow_score,1302.3556389549879,33.27904229222486,915.2492186672316,1697.7298710693044,Eukaryota
Neosartorya fischeri,triflow_score,1186.6129841307882,21.253543428603233,937.1655893520585,1438.3366198301553,Eukaryota
Neurospora crassa,triflow_score,1397.9688181917306,40.47491525607497,984.709862467897,1946.6285094204688,Eukaryota
Nicotiana sylvestris,triflow_score,1417.4974269730237,34.64537311540298,1110.2010147972494,1843.6917779220541,Eukaryota
Nicotiana tabacum,triflow_score,1280.4113951002205,45.61837247710176,800.4096464500786,1783.7221643465653,Eukaryota
Nitratidesulfovibrio vulgaris,triflow_score,1372.7582264547448,54.608533166746874,862.9167883860802,1980.8482522932381,Bacteria
Nitrosomonas europaea,triflow_score,1337.3574190926752,25.39179466052758,1040.2158860196118,1534.2351973782202,Bacteria
Nitrosopumilus maritimus,triflow_score,1524.0859462880774,13.273072283030446,1372.107725948551,1702.7228853982563,Archaea
Nocardia farcinica,triflow_score,1510.6128325658601,41.91240056514872,1094.1223458235518,1971.333341428481,Bacteria
Nocardioides sp.,triflow_score,1460.8282230897937,9.71068039896992,1359.7354273721933,1599.0870879958413,Bacteria
Nostoc punctiforme,triflow_score,1529.4102788657578,31.89485683113037,1258.5624220787818,1839.3461600604687,Bacteria
Nostoc sp.,triflow_score,1401.880160924113,34.49040767323995,986.4856697483244,1927.853099005431,Bacteria
Notamacropus eugenii,triflow_score,1073.882461321221,25.445597256889382,818.2364617455667,1370.8243986027667,Eukaryota
Oceanobacillus iheyensis,triflow_score,1548.6718672006991,54.07339296266098,921.6636160097262,2143.2148958117787,Bacteria
Oenothera berteroana,triflow_score,1531.672891568141,36.10173252860205,1264.6441081749729,1903.8473163642152,Eukaryota
Oenothera elata subsp. hookeri,triflow_score,1399.5009720105302,48.5296643725776,996.6780131832134,1840.0904712366678,Eukaryota
Ogataea parapolymorpha,triflow_score,1506.2119973441543,28.526108718544013,1260.4403384662605,1827.2178960349052,Eukaryota
Olimarabidopsis pumila,triflow_score,1475.4064303726298,29.785678339733025,1184.7704383972878,1798.9591245649463,Eukaryota
Oncorhynchus mykiss,triflow_score,1526.3419047415941,26.725623824134892,1015.2106572555426,1807.7785644682547,Eukaryota
Ornithorhynchus anatinus,triflow_score,1548.9766812760051,27.274210256214985,1267.3794490336254,1853.8621281569824,Eukaryota
Oryctolagus cuniculus,triflow_score,1511.4955334787433,35.491164293526744,1063.0300725146346,1857.244238552564,Eukaryota
Oryza sativa,triflow_score,1277.3131666647798,47.82615153189838,711.9416550137267,1939.2925252053656,Eukaryota
Oryza sativa subsp. indica,triflow_score,1247.7564749985745,11.632499270983796,1102.495092366165,1382.9198128560834,Eukaryota
Oryza sativa subsp. japonica,triflow_score,1313.0361572783606,42.70841597030719,710.8864516723381,1909.1725350609051,Eukaryota
Ostreococcus lucimarinus,triflow_score,1601.9382889232124,16.522558221979708,1413.7009753086525,1779.5832309404602,Eukaryota
Ostreococcus tauri,triflow_score,1385.0456907094613,9.319297441681783,1269.308497042806,1480.9847132796363,Eukaryota
Ovis aries,triflow_score,1399.6283569624088,36.89863276330867,849.3342916985977,1864.7506549603906,Eukaryota
Paenarthrobacter aurescens,triflow_score,1408.8971032832599,42.985393592567696,1064.3765839248906,1763.4131289081495,Bacteria
Paenarthrobacter nicotinovorans,triflow_score,1793.1640516886057,11.515561089731898,1673.6726069461279,1943.3519594558757,Bacteria
Pan paniscus,triflow_score,1328.7038523748188,23.67160712148629,1130.6088686730793,1626.4550676517997,Eukaryota
Pan troglodytes,triflow_score,1411.1816526094854,34.826616822832406,993.2358868508095,1750.8421541924856,Eukaryota
Papio hamadryas,triflow_score,1405.6724112289655,42.075467903798945,1044.315385239544,1780.5383287162217,Eukaryota
Paracoccidioides brasiliensis,triflow_score,1055.7309549652664,8.371851612063137,942.8303426821407,1142.4051182189085,Eukaryota
Paracoccidioides lutzii,triflow_score,1461.4075115515266,34.66009188206286,1191.8707275703728,1802.0264230772725,Eukaryota
Paracoccus denitrificans,triflow_score,1731.5210596430336,24.395726452362943,1418.6643953952553,1940.3827793425799,Bacteria
Paramagnetospirillum magneticum,triflow_score,1687.9836266985178,3.391489948629311,1636.1325643218968,1723.1258930434283,Bacteria
Paramecium tetraurelia,triflow_score,1198.838743406184,42.81088274552119,725.4494945764059,1820.2958541234068,Eukaryota
Pasteurella multocida,triflow_score,1593.9125742572817,52.706270953169444,987.8644359859193,2142.4758015207167,Bacteria
Paulinella chromatophora,triflow_score,1674.1461890463202,11.68427388858495,1555.4266048561437,1859.6600789843794,Eukaryota
Pectobacterium atrosepticum,triflow_score,1574.4761082001414,45.875712455268456,1060.1915918818343,2079.650243759084,Bacteria
Pelotomaculum thermopropionicum,triflow_score,2019.0921556096487,25.269562685247273,1816.981113755062,2263.384641398567,Bacteria
Penicillium rubens,triflow_score,949.5765332105486,10.812085864045327,805.3496580075667,1076.950529565185,Eukaryota
Persephonella marina,triflow_score,1684.7179424905873,23.284538856300976,1477.8909395032804,1921.2470860740837,Bacteria
Petromyzon marinus,triflow_score,1456.4600013708007,19.75581278466089,1191.9330971673546,1667.4646658218378,Eukaryota
Phaseolus vulgaris,triflow_score,1578.1957248793854,25.010261459867827,1308.5878368471977,1780.3934352073622,Eukaryota
Phoca vitulina,triflow_score,1320.7943312908392,23.009916740647657,1094.221967465513,1525.874053499684,Eukaryota
Photobacterium profundum,triflow_score,1505.3776392939926,42.936058075582956,990.089725462909,1959.7321905474705,Bacteria
Photorhabdus laumondii,triflow_score,1569.727836352195,38.03507158966805,1116.6696074469896,2070.3160354508695,Bacteria
Photorhabdus laumondii subsp. laumondii,triflow_score,1386.5326853853126,4.456620578293751,1333.0994009745048,1437.249606140333,Bacteria
Physcomitrium patens,triflow_score,1665.978596333965,40.655961668986016,1225.961489949062,1941.1146081019251,Eukaryota
Phytophthora infestans,triflow_score,1384.2533294339225,54.091027206632944,746.6641705612129,2075.514800241209,Eukaryota
Pichia angusta,triflow_score,1845.399673782321,27.475492871341316,1538.6751226873791,2096.301550366836,Eukaryota
Picosynechococcus sp.,triflow_score,1996.702690513506,15.203675457899976,1862.7654087851263,2150.204185564804,Bacteria
Picrophilus torridus,triflow_score,1401.0507933560564,16.241799976158337,1236.6621040782934,1611.9721634461948,Archaea
Pisum sativum,triflow_score,1107.4821184028094,30.508273825443947,808.1679609920992,1422.9590637544889,Eukaryota
Plasmodium falciparum,triflow_score,1216.8833369563717,44.933305704844486,757.136798818169,1925.871445893923,Eukaryota
Platanus occidentalis,triflow_score,1801.2357223921679,21.3927695869703,1608.3535279646946,2005.5398003453463,Eukaryota
Polaromonas naphthalenivorans,triflow_score,1922.0922533142032,14.765448884637687,1730.3259273459541,2058.811639519626,Bacteria
Pongo abelii,triflow_score,1376.013811682812,40.83894358150017,908.7228559014627,1841.5818802802241,Eukaryota
Pongo pygmaeus,triflow_score,1305.3569657716278,31.23641511932628,966.8480964810677,1608.1078785412658,Eukaryota
Populus trichocarpa,triflow_score,1453.0944302401426,34.29388641650621,987.3177661709941,1716.5628380565734,Eukaryota
Porphyromonas gingivalis,triflow_score,1114.4490380119066,6.779738184163536,1036.1946165289821,1199.4144177906,Bacteria
Prochlorococcus marinus,triflow_score,1579.1706436097638,44.13861077997218,1047.219013586824,1942.547243882393,Bacteria
Proteus mirabilis,triflow_score,1483.541800119458,43.11998436239259,902.7989535781498,1988.8744000165275,Bacteria
Pseudomonas aeruginosa,triflow_score,1443.7393411528965,29.64938937464161,997.2568534954145,1810.5127339888375,Bacteria
Pseudomonas fluorescens,triflow_score,1689.3990531604243,10.13616418341305,1568.6522840292882,1798.9304830974202,Bacteria
Pseudomonas paraeruginosa,triflow_score,1722.5886641992204,47.03312106878651,1370.0481533262598,2117.217014231742,Bacteria
Pseudomonas putida,triflow_score,1355.1783062751801,31.32532051529395,941.7016594867405,1642.1503576392652,Bacteria
Pseudomonas sp,triflow_score,1721.5456935195302,7.875047518003768,1623.3176349404775,1813.7161013640223,Bacteria
Pseudomonas sp.,triflow_score,1255.8234581837116,9.669304883781056,1127.0831220540701,1362.2170647015498,Bacteria
Pseudomonas syringae pv. tomato,triflow_score,1706.367982475662,5.657822972260105,1627.9300671231365,1775.793518360134,Bacteria
Pseudomonas taetrolens,triflow_score,1572.7975668258375,5.627944018319788,1507.7062850680932,1647.8234291734348,Bacteria
Pyricularia oryzae,triflow_score,1378.7660133027216,20.81433701051479,1140.8485635388877,1617.4023805879183,Eukaryota
Pyrobaculum aerophilum,triflow_score,1803.3403139255129,37.98425185584582,1131.6907702066744,2223.0588774496077,Archaea
Pyrobaculum arsenaticum,triflow_score,1404.5829555832447,62.480069135981125,992.2043760880018,2079.226528487976,Archaea
Pyrobaculum calidifontis,triflow_score,1645.4791520076233,44.18056086459484,1278.1136535020698,2154.0179916061074,Archaea
Pyrobaculum islandicum,triflow_score,1906.034297610741,20.506903878703277,1647.4856394301657,2139.870273967849,Archaea
Pyrobaculum neutrophilum,triflow_score,1638.83058769871,5.67302915946708,1571.2800276237574,1707.7918161318246,Archaea
Pyrococcus abyssi,triflow_score,1984.220756247038,22.404356352739676,1675.7229326966988,2262.6150681956683,Archaea
Pyrococcus furiosus,triflow_score,1927.7883912012744,39.90274886566848,1362.520772403337,2275.2864144604205,Archaea
Pyrococcus horikoshii,triflow_score,1891.174957649887,44.185951096193804,1225.3822971842724,2335.857865528968,Archaea
Pyrococcus woesei,triflow_score,1575.3445995345753,55.13397042712186,992.4441724722026,2037.7112749802457,Archaea
Ralstonia solanacearum,triflow_score,1572.8748779552045,39.99047454711314,1102.510224710313,2158.2200837900814,Bacteria
Rattus norvegicus,triflow_score,1294.4413695727515,32.519264185651856,958.8124933566568,1766.957559119251,Eukaryota
Rhinoceros unicornis,triflow_score,1356.3408772866876,29.06254194935601,1008.1841326755788,1664.7346690988848,Eukaryota
Rhipicephalus sanguineus,triflow_score,1205.9070215060901,7.414398563951363,1123.102538599613,1286.7648222137532,Eukaryota
Rhizobium meliloti,triflow_score,1573.0997655279207,48.77010293344451,1005.8600852332121,2138.547363179603,Bacteria
Rhodobacter capsulatus,triflow_score,1796.5769834055195,45.842150792772166,1072.8569610179165,2119.428344631302,Bacteria
Rhodococcus erythropolis,triflow_score,1619.1000493177705,9.828692732695401,1489.0603902401394,1753.3548625410178,Bacteria
Rhodococcus jostii,triflow_score,1970.2640646348636,5.665833799214955,1892.3331315041266,2050.136313861009,Bacteria
Rhodococcus sp,triflow_score,1539.5353238172893,3.4488000962322403,1495.9668363434512,1579.3677219595281,Bacteria
Rhodopseudomonas palustris,triflow_score,1463.080046943187,40.63064941025689,999.9957351031105,1837.8486186103369,Bacteria
Rhodospirillum rubrum,triflow_score,1425.0909866294749,11.213152446447799,1274.8479678383314,1564.8231894527785,Bacteria
Rhodovulum sulfidophilum,triflow_score,1442.3595430589846,3.1058214698395172,1407.7202257550528,1482.443766836196,Bacteria
Ricinus communis,triflow_score,1454.4866122288513,19.57508759119081,1226.1254126502524,1667.8739856610557,Eukaryota
Rickettsia conorii,triflow_score,1969.3188388419032,7.151676332174704,1873.4489565601125,2084.1152570137997,Bacteria
Rickettsia felis,triflow_score,1351.1139920644246,38.184820207349915,949.3608203028526,1676.9442873045043,Bacteria
Rickettsia prowazekii,triflow_score,1342.1702931021002,51.70517694660435,778.793230064295,2012.356227979637,Bacteria
Ruegeria pomeroyi,triflow_score,1439.141496757089,3.9642400582918897,1399.1741737428135,1498.840761002791,Bacteria
Saccharolobus islandicus,triflow_score,1861.8264100221597,22.486147425756588,1579.8182865604506,2137.886687530583,Archaea
Saccharolobus shibatae,triflow_score,1737.966098601596,8.955025017675997,1632.09743589796,1839.8590515808855,Archaea
Saccharolobus solfataricus,triflow_score,1579.0979520436822,45.25668388524488,1083.9975457014014,2179.306213783033,Archaea
Saccharomyces cerevisiae,triflow_score,1390.0075135707896,30.656254594033424,1065.399041564216,1779.191495101255,Eukaryota
Saccharopolyspora erythraea,triflow_score,1874.7006321560104,8.262844536030647,1764.055496909697,1973.7862431589429,Bacteria
Salmo salar,triflow_score,1370.6684265628521,32.56585053477453,984.6004607777058,1656.7154595577165,Eukaryota
Salmo trutta,triflow_score,1361.4219240968448,48.29485135466301,952.4186348599524,1753.5188330229387,Eukaryota
Salmonella paratyphi B,triflow_score,1317.0250152552735,18.48921611576716,1139.5199312898594,1517.0855235547606,Bacteria
Salmonella typhi,triflow_score,1596.4206900342429,17.71162910840387,1393.3719637543725,1790.0435992946627,Bacteria
Salmonella typhimurium,triflow_score,1562.9552383894968,37.711161106542335,1117.4008856348125,1987.412292704592,Bacteria
Scheffersomyces stipitis,triflow_score,1210.2964063676952,11.154356759229284,1081.043887383571,1367.417321036536,Eukaryota
Schistosoma japonicum,triflow_score,1188.3530175629012,25.003753944503373,808.6630569445134,1500.288046730197,Eukaryota
Schistosoma mansoni,triflow_score,1498.7532166564479,55.984284896411296,936.9377883714204,1968.788194719862,Eukaryota
Schizosaccharomyces pombe,triflow_score,1366.0129635987098,33.7917617334162,954.554653678851,1852.7995638794466,Eukaryota
Scyliorhinus canicula,triflow_score,1608.3154722862068,36.48940309382362,1240.7655881430696,1937.0936015228815,Eukaryota
Serratia proteamaculans,triflow_score,1548.0031567718354,34.845798816554705,1160.0476715744862,2037.9647874890227,Bacteria
Shewanella baltica,triflow_score,1442.4349495833767,40.48315731792385,947.8204691031666,2022.534829450258,Bacteria
Shewanella frigidimarina,triflow_score,1492.2924210592287,11.148191174738065,1353.9476185136202,1647.396313977961,Bacteria
Shewanella oneidensis,triflow_score,1588.2353250012757,43.530752056328296,1082.3879891604997,2110.0525734545117,Bacteria
Shewanella putrefaciens,triflow_score,1554.5495999471013,48.60721427144871,1188.972358420565,2014.9337712672102,Bacteria
Shewanella sp.,triflow_score,1326.3164160311242,33.573426909260576,982.872144285695,1707.7581429225677,Bacteria
Shigella boydii serotype 18,triflow_score,1373.579452904108,6.555274960052796,1286.0556822907358,1445.670761979514,Bacteria
Shigella flexneri,triflow_score,1564.1202705472142,38.848048962275996,1051.9012473739222,1923.7972791893885,Bacteria
Sigmodon hispidus,triflow_score,1177.91445210741,13.858026793660727,1020.1160905646841,1344.752187295023,Eukaryota
Sinorhizobium fredii,triflow_score,1708.066043191633,51.487328741310634,1068.8246896423386,2225.0119899257493,Bacteria
Sodalis glossinidius,triflow_score,1500.7065262524195,49.219252891090946,994.3006297454441,2156.9168385624453,Bacteria
Solanum lycopersicum,triflow_score,1346.4367545029481,44.36235925001155,933.5201643434262,2024.8730304328817,Eukaryota
Solanum tuberosum,triflow_score,1097.836536292491,19.507292184341814,897.6232376832006,1358.1374193552429,Eukaryota
Sordaria macrospora / K-hell),triflow_score,1385.4453473617739,30.79435389200874,966.1631267007782,1625.1320744873522,Eukaryota
Sorghum bicolor,triflow_score,1466.0176324405488,27.898210725388495,1127.8545804801051,1775.0273955554453,Eukaryota
Spinacia oleracea,triflow_score,1193.4036924034867,26.88147419396972,889.7089255109764,1446.3014188959799,Eukaryota
Staphylococcus aureus,triflow_score,1460.3036598301342,49.22333057634721,858.1714585736036,2041.0685013476077,Bacteria
Staphylococcus epidermidis,triflow_score,1169.8292426216326,26.484070716331036,943.355811248495,1400.4555546643114,Bacteria
Staphylococcus haemolyticus,triflow_score,1384.4317449737096,48.389376983737264,1026.0603237656528,1867.4822359968227,Bacteria
Staurastrum punctulatum,triflow_score,1347.0836080587403,20.858188797027605,1161.3243163324144,1574.0421968784317,Eukaryota
Stenotrophomonas maltophilia,triflow_score,1885.4118365400366,17.42829090565028,1683.1669901070243,2046.8367486305713,Bacteria
Streptococcus gordonii,triflow_score,1561.467127613173,56.57032945901647,951.5518899286393,2097.401514237926,Bacteria
Streptococcus pneumoniae,triflow_score,1726.1544374411765,33.3281785614487,1427.7142360190592,2092.75205637678,Bacteria
Streptococcus pneumoniae serotype 2,triflow_score,1739.2460636254111,5.046241605375113,1675.2940632035015,1806.7819344258307,Bacteria
Streptococcus pneumoniae serotype 4,triflow_score,1610.2781345320016,14.259176473909426,1431.9513152391442,1788.8820988794523,Bacteria
Streptococcus pyogenes,triflow_score,1059.4403728456837,5.236916804522861,983.662225178655,1119.711740445823,Bacteria
Streptococcus pyogenes serotype M1,triflow_score,1541.4752233958015,34.25285395176595,1194.9675047109192,1799.107427000904,Bacteria
Streptococcus pyogenes serotype M3,triflow_score,1303.4870594696652,4.803327355732978,1240.3673884508867,1345.3185945749437,Bacteria
Streptococcus pyogenes serotype M6,triflow_score,1231.1218201293398,4.904196767342342,1163.8389301789975,1288.6500665891192,Bacteria
Streptococcus suis,triflow_score,1632.2845876087822,43.89625855906977,1263.690674953694,1984.0310894604263,Bacteria
Streptomyces arenae,triflow_score,1463.380215823116,5.134435093688292,1389.6556362033198,1523.3085314871864,Bacteria
Streptomyces avermitilis,triflow_score,1657.4095277212439,49.18108241118679,1262.6688020287904,2079.721262127209,Bacteria
Streptomyces coelicolor,triflow_score,1574.106769663527,53.7632280804877,979.9744415885424,2149.2206075665804,Bacteria
Streptomyces coelicolor / M145),triflow_score,1444.0082239890812,30.953249851434336,1074.7348658950064,1825.4224671829807,Bacteria
Streptomyces glaucescens,triflow_score,1544.9183179907654,34.25884008269742,1295.3346002557134,1844.0783004685256,Bacteria
Streptomyces griseus subsp. griseus,triflow_score,1836.436911277711,6.6575844487756,1756.4458913904898,1929.3330887964778,Bacteria
Streptomyces lavendulae,triflow_score,1911.6405268125975,50.83395905597715,1289.2988462409323,2267.296111434862,Bacteria
Struthio camelus,triflow_score,1306.6811338981868,25.74145188057163,1076.831521427806,1580.3361714457205,Eukaryota
Stutzerimonas stutzeri,triflow_score,1342.4481795339082,8.104140652912855,1226.8049809067422,1429.3242131175125,Bacteria
Sulfolobus acidocaldarius,triflow_score,1627.1726049309991,47.03605989167675,1064.0490529530657,2138.1986160640035,Archaea
Sulfurisphaera tokodaii,triflow_score,2010.3748806822352,19.88102415891612,1774.3295317912261,2233.2947843295065,Archaea
Sus scrofa,triflow_score,1376.7161551331221,37.09243475305098,950.9428005026177,1776.9106840532497,Eukaryota
Synechococcus elongatus,triflow_score,1641.4619493646503,42.605816388632334,974.3903859146226,2102.2034029812608,Bacteria
Synechococcus sp.,triflow_score,1831.512128050916,24.683725836136574,1592.041741595884,2072.320910513887,Bacteria
Synechocystis sp.,triflow_score,1392.0463246723523,43.32941158660981,944.1894871510867,1985.6570554829216,Bacteria
Syntrophobacter fumaroxidans,triflow_score,1381.164267160435,23.559372586222644,1214.3879089768043,1655.4761778558843,Bacteria
Tachyglossus aculeatus aculeatus,triflow_score,1533.696627785328,37.611638941482425,1163.3532433713704,1810.4466881269157,Eukaryota
Taeniopygia guttata,triflow_score,1808.5960642082384,10.628727836106385,1703.8906642859838,1996.4064209209637,Eukaryota
Takifugu rubripes,triflow_score,1297.3028232858671,17.31113589360085,1098.4488016053817,1539.4811987071328,Eukaryota
Talaromyces stipitatus,triflow_score,1600.9184212926912,27.499874751786294,1308.7977897516123,1861.0083269220247,Eukaryota
Tetraodon nigroviridis,triflow_score,1498.3101727719654,37.1454582503588,993.1151136687764,1743.720118041856,Eukaryota
Thermococcus gammatolerans,triflow_score,2141.2813566383065,13.742243340936557,1952.9421933713868,2256.7457870200274,Archaea
Thermococcus kodakarensis,triflow_score,1890.413133276632,38.39421331899287,1296.2415596066994,2310.593237671141,Archaea
Thermococcus litoralis,triflow_score,2021.6490113290324,13.934792994337739,1853.714768242866,2179.625249483789,Archaea
Thermococcus onnurineus,triflow_score,1830.3537269604994,7.210122800737255,1726.7588340855789,1910.6540236739863,Archaea
Thermococcus sibiricus,triflow_score,1904.8995516258792,12.51943133225756,1714.565352786243,2042.3339195220885,Archaea
Thermococcus sp.,triflow_score,1769.6390622396318,12.959667925043656,1624.3611137088535,1935.233347377205,Archaea
Thermofilum pendens,triflow_score,1892.6773947432441,7.540575636911132,1804.5396250490742,2002.2312470552445,Archaea
Thermoplasma acidophilum,triflow_score,1659.0724790260354,26.87466932561298,1330.260310316518,2026.252909372268,Archaea
Thermoplasma volcanium,triflow_score,1610.3856908947168,37.65665597513636,1249.5646627493736,2065.026076431629,Archaea
Thermoproteus tenax,triflow_score,1435.3365890042933,31.160291421549523,1100.2358348412793,1696.3953280551216,Archaea
Thermostichus vulcanus,triflow_score,1426.5856729989273,32.50649765002704,1108.0366781600394,1811.518215285268,Bacteria
Thermosynechococcus vestitus,triflow_score,1586.8904180199354,37.53670025540464,905.518195529815,1909.9055947723875,Bacteria
Thermotoga maritima,triflow_score,1892.356012781166,40.3167688244166,1266.3183139601679,2330.278042139455,Bacteria
Thermus thermophilus,triflow_score,2087.559722474521,24.35950908355772,1609.9744157959533,2282.6551959237113,Bacteria
Toxoplasma gondii,triflow_score,842.5534006067993,13.279350984305024,697.1911652517746,999.7331499338253,Eukaryota
Treponema pallidum,triflow_score,1148.596072296988,36.64477481931968,831.8713503093171,1784.3575791830979,Bacteria
Treponema pallidum subsp. pallidum,triflow_score,1455.8187060825321,1.7760377865873225,1438.8519279063617,1481.1741736094186,Bacteria
Trichoderma koningii,triflow_score,1649.5299579332393,5.001083817767018,1576.199272284281,1715.5100770655301,Eukaryota
Trichoplax adhaerens,triflow_score,1309.1594295320028,36.20164282461417,794.3387558720673,1776.240542826038,Eukaryota
Trichormus variabilis,triflow_score,1333.6437730737546,34.98664253543562,864.9713725585284,1817.1854068171572,Bacteria
Triticum aestivum,triflow_score,1361.1648355330078,55.49559315477852,686.7026153687351,1876.836390004251,Eukaryota
Trypanosoma brucei brucei,triflow_score,1236.035200251433,27.179978300457464,903.453346706754,1485.391124103968,Eukaryota
Verminephrobacter eiseniae,triflow_score,1790.416449948841,29.828122173148174,1415.2783525020136,2006.504774918588,Bacteria
Vibrio cholerae,triflow_score,1490.498562686671,46.227147718634946,933.9534723075759,2087.8650854793405,Bacteria
Vibrio cholerae serotype O1,triflow_score,1574.7458412118815,16.716745530098116,1421.6504469327479,1779.5884871231879,Bacteria
Vibrio parahaemolyticus serotype O3:K6,triflow_score,1450.2763910167441,18.44066475857654,1250.7024330058578,1614.9939261100283,Bacteria
Vibrio vulnificus,triflow_score,1280.7421990404864,27.822372709394894,1019.2743460459781,1531.0446407930203,Bacteria
Vitis vinifera,triflow_score,1273.835755389105,15.988892971262093,1101.60686481711,1502.1241327567236,Eukaryota
Xanthobacter autotrophicus,triflow_score,1951.7490613535392,27.861551580540016,1712.2031276752198,2217.2302675785845,Bacteria
Xanthomonas campestris,triflow_score,1465.5982477023604,38.46856181973631,884.273827636071,1875.586224799738,Bacteria
Xanthomonas campestris pv. campestris,triflow_score,1626.9224039458538,3.7085497351050907,1580.1613749083851,1673.3889852495115,Bacteria
Xenopus laevis,triflow_score,1288.2493375784788,39.24907334373341,788.2280781101634,1707.8208290272166,Eukaryota
Xenopus tropicalis,triflow_score,1313.1737951109628,30.392101037071548,876.919707020517,1678.555341700435,Eukaryota
Xylella fastidiosa,triflow_score,1242.8781101174552,36.287704215847015,782.4190219801548,1870.3178694795308,Bacteria
Yarrowia lipolytica,triflow_score,1463.4532064013815,32.94052206577459,916.7322567090965,1808.7941012255878,Eukaryota
Yersinia enterocolitica,triflow_score,1943.7222312389495,6.266080427982875,1885.173080441941,2043.386614003818,Bacteria
Yersinia enterocolitica serotype O:8 / biotype 1B,triflow_score,1682.5867448147992,14.307112799226644,1546.039910577483,1848.1559157743911,Bacteria
Yersinia pestis,triflow_score,1606.4325172794765,42.89861274808863,1109.0420369188446,2103.902154233025,Bacteria
Yersinia pseudotuberculosis serotype IB,triflow_score,1437.0757425428603,26.824675810481136,1218.7995187123888,1686.3746631288686,Bacteria
Yersinia pseudotuberculosis serotype O:1b,triflow_score,1705.1719227591702,6.379932797626275,1620.3406987305577,1799.1235359230334,Bacteria
Yersinia pseudotuberculosis serotype O:3,triflow_score,1504.3198234941558,46.00931193847758,1155.937558041669,1896.8980500760028,Bacteria
Zea mays,triflow_score,1351.4594083665577,39.64309435928542,839.9118980499194,1816.6183484690252,Eukaryota
Zygnema circumcarinatum,triflow_score,1868.9958311006505,7.688630868919825,1784.3825303449119,1964.5277853241862,Eukaryota
Zygosaccharomyces rouxii,triflow_score,1259.091316799299,22.252970028614037,1020.9312257540759,1479.8558539131188,Eukaryota
Acetivibrio thermocellus,progen2_score,1510.2545661628737,10.724368704384505,1400.992432251289,1612.8137487840725,Bacteria
Acidianus ambivalens,progen2_score,1119.2305353265995,7.15553623341845,1054.7117128825648,1231.6126236661596,Archaea
Acidiphilium cryptum,progen2_score,1668.1510340429277,36.024100006279404,1369.6316086783872,1982.8611626575578,Bacteria
Acidithiobacillus ferrooxidans,progen2_score,1452.866327778718,2.6877119882097618,1425.7364622586365,1495.8553180949364,Bacteria
Acinetobacter baumannii,progen2_score,1433.1598902942005,46.0354384449573,1014.1236716073388,1902.079118145264,Bacteria
Acinetobacter baylyi,progen2_score,1246.3950215441175,29.93199404037339,889.713703899029,1606.8603679939893,Bacteria
Acorus calamus var. americanus,progen2_score,2175.7439572870762,10.454674194231819,2043.4195010163908,2291.3376033725303,Eukaryota
Actinobacillus pleuropneumoniae serotype 5b,progen2_score,1527.0721240479202,2.4994650685021242,1495.8914941041203,1559.274682483651,Bacteria
Actinobacillus pleuropneumoniae serotype 7,progen2_score,1458.0109256607723,1.572370517877632,1437.7184000387585,1471.5758451194786,Bacteria
Adiantum capillus-veneris,progen2_score,1372.8942404675709,7.264715343264732,1287.2649393212264,1474.3630785158168,Eukaryota
Aedes aegypti,progen2_score,1670.136999462508,37.73215655609598,1102.5497120639989,1996.0950686070855,Eukaryota
Aeromonas hydrophila,progen2_score,1536.6482701997022,49.71583440139423,1005.7713892625078,2073.5948146673,Bacteria
Aeromonas hydrophila subsp. hydrophila,progen2_score,1497.9009564325295,5.82675887094427,1421.649541474579,1590.4068684539536,Bacteria
Aeromonas salmonicida,progen2_score,1408.39728872686,34.45162721235508,1111.9745893132676,1734.5946019883856,Bacteria
Aeropyrum pernix,progen2_score,888.7863141124966,14.392242966866272,685.9685923688744,1058.1948536920727,Archaea
Agrobacterium fabrum,progen2_score,1678.7147008940897,35.07146060840974,1140.5410932478758,2094.5859401284397,Bacteria
Agrostis stolonifera,progen2_score,2085.578410296481,9.983513302734432,1956.964224682184,2194.16919612584,Eukaryota
Ajellomyces capsulatus,progen2_score,1539.9486854725144,20.797081000023553,1354.8090248243095,1753.9770397896666,Eukaryota
Alcanivorax borkumensis,progen2_score,1513.4178032120055,4.863547078486165,1464.7278022854923,1590.8088794296175,Bacteria
Aliivibrio fischeri,progen2_score,1403.198265951089,40.33322687268753,954.0931259882373,1935.545439837983,Bacteria
Alkalihalobacillus clausii,progen2_score,1715.5461022795737,36.935835486025674,1139.0085174201893,2087.7397929839794,Bacteria
Alkalihalophilus pseudofirmus,progen2_score,1314.9482250816852,10.438236898242021,1211.4108938986167,1440.0068297712003,Bacteria
Alligator mississippiensis,progen2_score,1386.6918947713598,12.057900454039878,1226.3803125798252,1506.9572127615518,Eukaryota
Allochromatium vinosum,progen2_score,1531.9700102886625,3.5151064974526234,1489.7381832702908,1570.9211836949175,Bacteria
Anas platyrhynchos,progen2_score,1811.4278087078833,36.92179938121913,1430.8481423684536,2242.0096105619264,Eukaryota
Anopheles gambiae,progen2_score,1690.4203413197215,30.86363801142871,1301.1607516718086,2074.6537767320087,Eukaryota
Anopheles quadrimaculatus,progen2_score,1941.3836019541225,24.96294135252703,1715.8646530484348,2220.6773689089637,Eukaryota
Anthoceros angustus,progen2_score,1443.4464924507138,6.840605875050204,1351.8951694411141,1524.1521553739447,Eukaryota
Apis mellifera,progen2_score,1383.8593568415672,33.50173999489336,1016.9596064913261,1873.9384198624248,Eukaryota
Aquifex aeolicus,progen2_score,1134.9942653827616,38.881347248982244,740.5833141862788,1681.7674197429837,Bacteria
Arabidopsis thaliana,progen2_score,1681.767417145186,35.986506518659354,1078.7854346148713,2031.0899218203224,Eukaryota
Archaeoglobus fulgidus,progen2_score,1281.7281564599455,48.29429396814944,799.1586557190187,1911.4528343794868,Archaea
Ashbya gossypii,progen2_score,1221.3622737388378,36.77453273696253,760.4391233350507,1731.9804942616233,Eukaryota
Aspergillus clavatus,progen2_score,1605.1602904551505,22.21627127145347,1384.107999928842,1838.0609822358342,Eukaryota
Aspergillus flavus,progen2_score,1862.7102118816877,8.91662422009843,1742.3223489832328,1973.5107115708388,Eukaryota
Aspergillus fumigatus,progen2_score,1641.7227899600914,27.944640151394385,1314.4021687357917,2004.6612998077298,Eukaryota
Aspergillus niger,progen2_score,1397.7450821480566,32.54059025756475,999.1445726472632,1748.7489064218746,Eukaryota
Aspergillus oryzae,progen2_score,1551.5479834436512,27.319335627241706,1201.4284260509683,1869.1649827403849,Eukaryota
Azoarcus sp.,progen2_score,1990.66409336688,32.00144237603471,1688.2795289352555,2271.204476026049,Bacteria
Azospirillum brasilense,progen2_score,1650.8435957814704,7.541840112543483,1549.9299951365133,1736.6399746416496,Bacteria
Bacillus anthracis,progen2_score,1701.8701497958339,35.00575291094888,1051.5268469963837,2081.5211969742745,Bacteria
Bacillus cereus,progen2_score,1795.5385760280362,26.4596695670786,1492.159541731765,2086.5411972416173,Bacteria
Bacillus cytotoxicus,progen2_score,1640.1578214214276,42.92919565461041,1315.0734423712279,2054.714332929958,Bacteria
Bacillus licheniformis,progen2_score,1790.182606390005,32.81061142603506,1383.7940120165172,2209.2682048699344,Bacteria
Bacillus sp,progen2_score,1150.514311157328,8.524657469553668,1057.6839750584757,1268.6286781416725,Bacteria
Bacillus sp.,progen2_score,1320.8101813764267,35.890151551351245,979.1751814492935,1792.373870823669,Bacteria
Bacillus spizizenii,progen2_score,1360.6963130181412,10.5204489522208,1257.5739280596244,1498.436792323156,Bacteria
Bacillus subtilis,progen2_score,1695.5988106732027,34.62774616379325,1301.4176222821359,2105.0247711875263,Bacteria
Bacillus thuringiensis,progen2_score,1863.3901158157792,16.500085855445757,1664.3042739751759,2062.3801765158682,Bacteria
Bacillus thuringiensis serovar kurstaki,progen2_score,1527.4790810837678,4.911798932330516,1462.3357247376453,1604.7226124009906,Bacteria
Bacillus thuringiensis subsp. israelensis,progen2_score,1156.4103379807714,6.703912743559903,1092.2002588490989,1268.4635710644404,Bacteria
Bacillus thuringiensis subsp. konkukian,progen2_score,1338.7877348586946,2.9395760971149008,1294.5008881186702,1371.7262439188542,Bacteria
Balaenoptera musculus,progen2_score,1556.0900511907166,39.4052805076394,1265.9777982812395,2018.0809429358308,Eukaryota
Balaenoptera physalus,progen2_score,1733.7179063532205,32.612598804009096,1417.4904378416416,2151.5008673449165,Eukaryota
Barbarea verna,progen2_score,1894.4689217453438,14.12122173712085,1725.2605903495219,2082.694593274183,Eukaryota
Bartonella bacilliformis,progen2_score,1273.7469623941074,8.911220533662718,1182.9214986281402,1405.6762293672018,Bacteria
Bifidobacterium longum,progen2_score,1343.1801808553635,7.768713438817459,1227.077174004491,1423.7542695914506,Bacteria
Bifidobacterium longum subsp. infantis,progen2_score,1446.1251679499921,5.697280616864468,1385.738004046873,1532.8584003368558,Bacteria
Blastochloris viridis,progen2_score,1450.664419239361,9.187137970199512,1326.3111945163892,1553.3432171312365,Bacteria
Blastomyces gilchristii,progen2_score,1520.660858069565,24.81168914814515,1268.649511074359,1757.5467252176468,Eukaryota
Bordetella pertussis,progen2_score,1475.2604676806804,35.62587054341096,971.0654647056631,1861.428755812481,Bacteria
Borreliella burgdorferi,progen2_score,1170.8762440756511,9.250750875400543,1072.307389156613,1318.822445710854,Bacteria
Bos mutus grunniens,progen2_score,1803.2964685457273,39.62537218302125,1335.7755462870646,2148.164106121743,Eukaryota
Bos taurus,progen2_score,2129.4111658892984,32.18927870107613,1506.9266924409299,2376.8719471708214,Eukaryota
Bradyrhizobium diazoefficiens,progen2_score,1553.3537249986923,29.008169869256733,1247.012470162698,1934.5334336151031,Bacteria
Branchiostoma floridae,progen2_score,1510.0669334172426,30.185268328460456,1139.0673366222659,1875.2965988623803,Eukaryota
Brucella canis,progen2_score,1783.5625492803074,42.66895601995077,1408.1771273582492,2112.911528504317,Bacteria
Brucella melitensis,progen2_score,1623.5757555588311,39.295851689751785,1072.9122072092698,2070.2871007443973,Bacteria
Brucella melitensis biotype 1,progen2_score,1617.486431026981,4.418943360182515,1566.1502864020079,1681.06718340551,Bacteria
Brucella melitensis biotype 2,progen2_score,1386.3004830634432,7.7486111146949765,1268.8379747576694,1469.7282910216506,Bacteria
Brucella ovis,progen2_score,1514.8553473983309,9.155148749631632,1381.0099903099763,1626.8393256197292,Bacteria
Brucella suis biovar 1,progen2_score,1719.4291196856827,5.798811762771383,1638.4852080186556,1776.8855067683546,Bacteria
Brugia malayi,progen2_score,1264.2405767030943,41.33740089051763,783.024241719638,1864.4099517545628,Eukaryota
Buchnera aphidicola,progen2_score,1167.338644525787,32.57422801781391,820.3565928946078,1587.3053574237276,Bacteria
Buchnera aphidicola subsp. Acyrthosiphon pisum,progen2_score,1175.0530697184854,12.218745304458555,1038.7430501972292,1354.8886856846862,Bacteria
Buchnera aphidicola subsp. Baizongia pistaciae,progen2_score,949.2362217067478,13.177881911741295,824.7737781186589,1120.01895686204,Bacteria
Buchnera aphidicola subsp. Schizaphis graminum,progen2_score,1126.0779900461569,8.163419583690326,1019.2004909993013,1212.153334631303,Bacteria
Burkholderia cenocepacia,progen2_score,1603.684008456517,21.05367525738377,1399.7715287265453,1852.6657842045574,Bacteria
Burkholderia mallei,progen2_score,1557.3459860830217,45.2376521734452,1061.3961398499614,2137.389263582273,Bacteria
Burkholderia multivorans,progen2_score,1748.5065902034194,5.758994608882944,1653.7582333730088,1800.4420540751053,Bacteria
Buxus microphylla,progen2_score,1989.9473307881592,7.622800940913633,1897.8944157349194,2076.091733063961,Eukaryota
Caenorhabditis briggsae,progen2_score,950.6256059514542,10.818699410396444,809.7022596236761,1076.1559787696913,Eukaryota
Caenorhabditis elegans,progen2_score,1317.6039447444,39.831988215627675,859.9597998217165,1908.1566433845337,Eukaryota
Caldanaerobacter subterraneus,progen2_score,1601.3609695867112,43.38882668547055,906.2922672435662,1996.8658206590478,Bacteria
Caldivirga maquilingensis,progen2_score,748.3621977805383,13.440650264631644,604.3166588449692,923.0415423742558,Archaea
Calycanthus floridus var. glaucus,progen2_score,1817.1304852346427,18.678586200655488,1609.873929932874,1988.45485141504,Eukaryota
Campylobacter fetus subsp. fetus,progen2_score,1577.023317322487,17.8550677076195,1370.7817584707102,1740.1301144713136,Bacteria
Campylobacter jejuni,progen2_score,1143.5891286067997,30.135115454672977,864.8240155411971,1599.563477827816,Bacteria
Campylobacter jejuni subsp. doylei,progen2_score,1257.1349067478118,8.185714615590141,1154.9838083672266,1357.7337960504601,Bacteria
Campylobacter jejuni subsp. jejuni serotype O:2,progen2_score,1221.0189099049749,8.463871928929171,1118.7661783461851,1335.3012456513566,Bacteria
Campylobacter jejuni subsp. jejuni serotype O:23/36,progen2_score,1265.7479395473483,7.843506295887275,1167.17302326273,1362.2733074627106,Bacteria
Candida albicans,progen2_score,1373.2959498499365,39.84333480332678,953.3299300890378,2002.4532591296543,Eukaryota
Candida glabrata,progen2_score,1283.2947238890458,9.164820752927183,1172.2543286119758,1419.2462941977592,Eukaryota
Canis lupus,progen2_score,2117.4611309478605,40.6994775362505,1300.6813299501296,2462.307331619789,Eukaryota
Capra hircus,progen2_score,1919.6487406310064,18.860379494725343,1725.2791237046042,2153.8710813599564,Eukaryota
Capsella bursa-pastoris,progen2_score,1941.0376686030202,13.605054261632958,1731.9215702617114,2075.812006543007,Eukaryota
Carassius auratus,progen2_score,2003.6175507432874,48.189347030009046,1378.774085417937,2323.2311254324563,Eukaryota
Carica papaya,progen2_score,2060.9208622583997,20.2291827764338,1838.3307303637114,2313.1545788723984,Eukaryota
Caulobacter vibrioides,progen2_score,1481.3295989707758,39.62099550046508,1075.9321023027505,1994.3152542274195,Bacteria
Cenarchaeum symbiosum,progen2_score,964.3910598541431,19.289330443885905,721.3260742594734,1176.6756751685984,Archaea
Ceratotherium simum,progen2_score,1830.3650810913869,38.5210811444079,1372.6891443613279,2252.6254362923514,Eukaryota
Cereibacter sphaeroides,progen2_score,1670.3712966087219,39.05350947591089,1202.8896524804143,2141.4377062356984,Bacteria
Chaetosphaeridium globosum,progen2_score,1323.9358081583257,6.486903955588674,1244.4810972991932,1392.8362501095814,Eukaryota
Chlamydia pneumoniae,progen2_score,899.8085536939568,15.33930353829713,739.3961143285028,1111.9955964212588,Bacteria
Chlamydia trachomatis serovar D,progen2_score,776.4258380912195,10.15764178986975,679.6937579630197,940.7010204294262,Bacteria
Chlamydia trachomatis serovar L2,progen2_score,881.4613417735765,9.080520462306344,785.7416955140429,1006.7315050597053,Bacteria
Chlamydomonas reinhardtii,progen2_score,1136.9410083256616,33.76106602708936,758.7743782523445,1639.4221710610277,Eukaryota
Chlorobaculum tepidum,progen2_score,985.6182814920027,9.73300242015737,872.2743864356248,1107.2331414324906,Bacteria
Chlorobaculum thiosulfatiphilum,progen2_score,1122.4753398181135,7.823943923810861,1005.9770957270748,1221.1213506532224,Bacteria
Chlorobium phaeobacteroides,progen2_score,958.7715419094208,8.765626798921959,841.443808365504,1037.7663802580885,Bacteria
Chloroflexus aurantiacus,progen2_score,1470.00764076094,19.328415521694104,1260.9335930761092,1643.7859269329442,Bacteria
Chromobacterium violaceum,progen2_score,1625.848925411282,35.85634541373737,1203.9857565235686,2013.9624827717807,Bacteria
Citrobacter koseri,progen2_score,1672.1876316379971,34.12762127893495,1288.906106992336,2178.045759467455,Bacteria
Clostridium acetobutylicum,progen2_score,1478.3047661621067,32.823888066527076,1024.9926373290627,1888.381740872313,Bacteria
Clostridium beijerinckii,progen2_score,1702.340178893803,12.339043774051838,1587.550545090644,1848.9781717631347,Bacteria
Clostridium botulinum,progen2_score,1334.7990945061997,33.06684576871721,1058.1015998690027,1722.1807596780238,Bacteria
Clostridium kluyveri,progen2_score,1373.9720581774225,26.009661872216277,1118.5870993786937,1614.383382283304,Bacteria
Clostridium perfringens,progen2_score,1397.7861522581484,8.192065172269693,1314.263635424892,1489.418721289188,Bacteria
Coffea arabica,progen2_score,2230.0592976940734,8.595587387158101,2112.4888976259494,2344.206539074714,Eukaryota
Corynebacterium efficiens,progen2_score,1486.7228793227232,11.031681756254061,1342.7510005833578,1590.5384577697307,Bacteria
Corynebacterium glutamicum,progen2_score,1464.7715084524168,31.526118422414946,1041.8769511774724,1894.1670240080452,Bacteria
Coturnix japonica,progen2_score,1970.034068770659,17.259327152991453,1760.520890691027,2152.7496365524694,Eukaryota
Cricetulus griseus,progen2_score,1955.3184940463532,38.35685106021367,1561.898418087502,2304.440851646315,Eukaryota
Cronobacter sakazakii,progen2_score,1714.802830195876,34.797737408279524,1321.5513802661328,2192.2988767242214,Bacteria
Crucihimalaya wallichii,progen2_score,1725.6982729025049,7.726155613566108,1635.232226785523,1811.7205666729863,Eukaryota
Cryptococcus deneoformans,progen2_score,1181.755959475015,12.955308556023452,1014.8199575402343,1306.292333824271,Eukaryota
Cucumis sativus,progen2_score,2109.0508797060056,13.865282311018943,1942.8912803911348,2270.2792182479575,Eukaryota
Culex quinquefasciatus,progen2_score,1507.861080555775,25.619407165378565,1185.227641793402,1854.5375524682026,Eukaryota
Cupriavidus necator,progen2_score,1573.1972710694274,44.98999525822139,987.6845311002337,2047.2496284160873,Bacteria
Cycas taitungensis,progen2_score,1319.0222493504712,5.644700142081943,1240.5760886114342,1385.8694754706721,Eukaryota
Cytophaga hutchinsonii,progen2_score,1654.6028264307076,6.065557792516254,1587.088381393418,1714.606942613549,Bacteria
Danio rerio,progen2_score,1889.6078191814483,26.097878841652943,1468.9215081003529,2186.7675762612685,Eukaryota
Dasypus novemcinctus,progen2_score,1860.621441190754,27.761085596107982,1488.405722947358,2115.529270671889,Eukaryota
Daucus carota,progen2_score,2039.2529916143187,23.838800555666808,1746.439806839815,2265.1278494414405,Eukaryota
Debaryomyces hansenii,progen2_score,1300.363550574166,38.81836277032832,905.0548762076576,1831.3247269232897,Eukaryota
Deinococcus radiodurans,progen2_score,1147.4635865109099,41.71251555149709,707.9219277391792,1750.607402173332,Bacteria
Dictyostelium discoideum,progen2_score,1209.7543111920425,39.14155983872023,852.3085692806908,1824.0747202721614,Eukaryota
Didelphis virginiana,progen2_score,1463.8818247437857,18.731639598640584,1250.8628598652472,1692.4195209271197,Eukaryota
Drimys granadensis,progen2_score,1592.323360030076,17.047424206033924,1372.4093876820011,1789.242057892253,Eukaryota
Drosophila melanogaster,progen2_score,1701.6201868662934,37.49080963239255,1203.3424377547308,2109.8619277962093,Eukaryota
Drosophila persimilis,progen2_score,1408.2754639271946,32.3149743229567,1172.9817900414516,1774.087346836876,Eukaryota
Drosophila sechellia,progen2_score,1767.9098123970687,49.3681772029958,1306.1018270646332,2226.229186945658,Eukaryota
Drosophila simulans,progen2_score,1692.8394762692299,41.24550909009612,1338.1269653712066,2132.1754048523544,Eukaryota
Drosophila willistoni,progen2_score,1423.3786827305119,18.17235307486436,1279.129027871771,1632.1486536641576,Eukaryota
Drosophila yakuba,progen2_score,1405.1643203327053,12.661725590352972,1300.019543239876,1568.9523257211988,Eukaryota
Dugong dugon,progen2_score,1767.4613154533429,8.079127351042686,1664.7295030687444,1879.3530352581995,Eukaryota
Emericella nidulans,progen2_score,1577.818258173654,34.10809030265325,1163.636855781021,2001.80263972135,Eukaryota
Encephalitozoon cuniculi,progen2_score,902.8393760670655,9.226132165681275,805.8052301397373,1020.2554460279912,Eukaryota
Entamoeba histolytica,progen2_score,914.5457085295128,26.294685131741062,638.9162524833723,1249.275561246581,Eukaryota
Enterobacter sp.,progen2_score,1693.8685168865238,36.40205709430698,1210.5214032334181,2160.191806546913,Bacteria
Enterococcus faecalis,progen2_score,1540.3521002504958,41.76858175981165,975.0179896740851,2001.7935305181545,Bacteria
Enterococcus hirae,progen2_score,1403.8894512666334,3.648589173144345,1359.0837980377787,1446.0597202634485,Bacteria
Equus caballus,progen2_score,1838.6716225932414,42.74837540143581,1325.3133167581602,2204.037206822267,Eukaryota
Erwinia tasmaniensis,progen2_score,1628.0096857468554,36.94993540502794,1188.4486803095135,2148.935997742105,Bacteria
Escherichia coli,progen2_score,1783.8066539484994,38.16801581646875,1280.5355172099883,2298.974804433938,Bacteria
Escherichia coli O139:H28,progen2_score,1389.473443633201,2.1923073922540044,1354.5927051339302,1416.124391011271,Bacteria
Escherichia coli O157:H7,progen2_score,1716.0007347322642,38.82455231457861,1075.576303493997,2128.257711259544,Bacteria
Escherichia coli O17:K52:H18,progen2_score,1498.8672815035038,2.4868034865566173,1461.0837304560232,1527.5013518837702,Bacteria
Escherichia coli O1:K1 / APEC,progen2_score,2293.2852217045024,7.3691246938161035,2209.8864297431737,2376.022845506868,Bacteria
Escherichia coli O45:K1,progen2_score,1530.385029129951,7.684966197434326,1429.255070543224,1641.3384787665723,Bacteria
Escherichia coli O6:H1,progen2_score,1678.5605092350813,15.963344066065552,1467.792754914217,1888.584206448987,Bacteria
Escherichia coli O7:K1,progen2_score,1565.046329546852,9.149253150099058,1454.1111718768907,1676.0958711729834,Bacteria
Escherichia coli O81,progen2_score,1504.4340264184418,2.3466734251538743,1468.8613133389554,1530.3870077108966,Bacteria
Escherichia coli O9:H4,progen2_score,1764.7945196029095,6.378907857947935,1691.0769689318847,1850.0122928602084,Bacteria
Eucalyptus globulus subsp. globulus,progen2_score,2090.560188782217,24.562790601647322,1808.990013148185,2316.4208547490284,Eukaryota
Fagopyrum esculentum subsp. ancestrale,progen2_score,1907.0148469410635,10.570598059608805,1741.7144283078349,2033.0545191182728,Eukaryota
Felis catus,progen2_score,2019.5521820843219,39.50806279378785,1302.3856863095134,2339.2149339052244,Eukaryota
Formosania lacustris,progen2_score,1591.9219158200492,34.76452254981558,1281.170776290996,1917.0038399054454,Eukaryota
Francisella tularensis subsp. holarctica,progen2_score,1289.985205068603,6.594157983054734,1208.1864528169247,1368.593915062193,Bacteria
Francisella tularensis subsp. tularensis,progen2_score,1078.6307492341361,4.086155552364339,1011.591571000496,1124.3460253313667,Bacteria
Gadus morhua,progen2_score,1790.0707982235085,47.5289959285305,1309.2586098295947,2220.231903499693,Eukaryota
Gallus gallus,progen2_score,2040.4186817392306,31.425555290283285,1438.537233497137,2371.171155272368,Eukaryota
Geobacillus kaustophilus,progen2_score,1756.4908786727951,36.855913080670284,1125.8759285087965,2157.5254773739157,Bacteria
Geobacillus stearothermophilus,progen2_score,1607.704093094533,30.337382578912138,1166.6329471992221,1894.2830286267806,Bacteria
Gibberella zeae,progen2_score,1643.6208262780956,8.782887761842801,1552.091915405664,1762.1788061774034,Eukaryota
Gorilla gorilla,progen2_score,1735.0174987397536,24.277236885419093,1399.8426640702542,1996.3532371104006,Eukaryota
Gorilla gorilla gorilla,progen2_score,1830.864092740351,7.507479491314951,1722.6122631283217,1938.1184865784442,Eukaryota
Gossypium barbadense,progen2_score,1877.0684780778477,51.32077152745789,1310.0407473987696,2344.3775370231087,Eukaryota
Haemophilus ducreyi,progen2_score,1589.1448072341655,4.470460748130258,1524.7577753122032,1641.212813964799,Bacteria
Haemophilus influenzae,progen2_score,1531.0554182161295,33.32015929102657,956.603762350457,1899.8403995961628,Bacteria
Halalkalibacterium halodurans,progen2_score,1758.0806425847466,39.59325853704553,1109.7100800370997,2142.108226291516,Bacteria
Haloarcula hispanica,progen2_score,1369.7942259031001,4.109590121627346,1322.391122640902,1415.1594502947441,Archaea
Haloarcula marismortui,progen2_score,1453.8515245429596,36.79922569910081,1003.3961012950855,1851.2345291125798,Archaea
Halobacterium salinarum,progen2_score,1256.889936411826,49.823369691718945,758.8443410701024,1961.3822323494105,Archaea
Haloferax mediterranei,progen2_score,1148.2394646698463,28.90153348271518,912.2189191567885,1464.1655273063582,Archaea
Haloferax volcanii,progen2_score,1309.425362889873,22.07394844052047,1009.3927468408823,1582.7716225542144,Archaea
Halopiger xanaduensis,progen2_score,1199.7992457031216,7.547366996944448,1109.7305484858434,1303.450146054883,Archaea
Haloquadratum walsbyi,progen2_score,1589.3061020970242,29.94781076492559,1189.5765983953083,1943.263769064186,Archaea
Halorhodospira halophila,progen2_score,1699.531597525956,28.22034792009411,1427.7219529936717,1959.4017564832027,Bacteria
Halorubrum lacusprofundi,progen2_score,1523.144037156557,18.164797233343677,1309.8510805962362,1714.9711626972412,Archaea
Helianthus annuus,progen2_score,1975.5923752044484,10.377530763025492,1827.7723927267048,2097.6003934635237,Eukaryota
Helicobacter pylori,progen2_score,947.6571705104263,24.431096353196242,636.0825835000826,1271.5657701557254,Bacteria
Homo sapiens,progen2_score,2079.429944087972,33.48732945710551,1623.417419405419,2468.5557770625387,Eukaryota
Hordeum vulgare,progen2_score,1874.8618730859482,9.217948873904756,1715.2564415419288,1983.6603278643993,Eukaryota
Huperzia lucidula,progen2_score,1145.1727387457656,13.692294333018697,983.8636980922146,1279.1207112613852,Eukaryota
Hydra vulgaris,progen2_score,1383.9851956198142,16.206888303165634,1188.9943986289845,1599.3216661590764,Eukaryota
Hydrogenobacter thermophilus,progen2_score,1435.6132752695555,2.2264076957032137,1412.4219433111327,1464.2880356027044,Bacteria
Hylobates lar,progen2_score,1497.586341585329,17.22082507205836,1308.152082018623,1671.2649833700154,Eukaryota
Hyperthermus butylicus,progen2_score,1233.4120170172673,21.45109440814764,1004.1830130005973,1533.620544838579,Archaea
Ignicoccus hospitalis,progen2_score,1140.5407653359318,16.76573796718449,935.0918645858586,1367.5233499106512,Archaea
Ipomoea purpurea,progen2_score,1984.716309025322,10.260831483467545,1835.228264811052,2114.734389548214,Eukaryota
Jasminum nudiflorum,progen2_score,1944.5760009585426,25.797144230450566,1666.384297322925,2210.9861516540877,Eukaryota
Klebsiella aerogenes,progen2_score,1656.0101936985404,3.14900415141541,1611.7285983919278,1690.3564818079738,Bacteria
Klebsiella pneumoniae,progen2_score,1712.0881942187468,37.034518688079565,1267.1247463358577,2194.8323014568737,Bacteria
Klebsiella pneumoniae subsp. pneumoniae,progen2_score,1727.397271890234,5.900089210415512,1650.5160278906371,1796.5916723175148,Bacteria
Kluyveromyces lactis,progen2_score,1192.1844585132299,29.99101100683052,787.1963506731323,1565.493638680497,Eukaryota
Korarchaeum cryptofilum,progen2_score,1147.5058034880578,13.283866796155523,1020.5745081465001,1314.035216440709,Archaea
Lactiplantibacillus plantarum,progen2_score,1372.5602536767847,40.281502240197135,887.4678656568545,1885.72820865882,Bacteria
Lactococcus lactis,progen2_score,1402.2114526977407,36.78819669144661,991.3119722675033,1796.9309417114298,Bacteria
Lactococcus lactis subsp. cremoris,progen2_score,1252.030800822724,6.940730123132942,1167.0850031419757,1330.4774066725956,Bacteria
Lactococcus lactis subsp. lactis,progen2_score,1520.41396250616,26.75380041442708,1263.106877758844,1817.0857130714182,Bacteria
Latimeria chalumnae,progen2_score,1561.1904137340982,17.252867427264412,1397.555907811332,1759.5803949064878,Eukaryota
Legionella pneumophila,progen2_score,1171.8398093143926,26.78298330775752,924.2203659141675,1395.5415124070341,Bacteria
Legionella pneumophila subsp. pneumophila,progen2_score,1295.299151798708,15.879905423602674,1137.7839602743322,1485.5415660665772,Bacteria
Leifsonia xyli subsp. xyli,progen2_score,1498.9935449923955,5.884737159394174,1428.2224406319472,1575.0420981128095,Bacteria
Lemna minor,progen2_score,2064.6987089532854,26.79898429512574,1758.956570183691,2347.845252171278,Eukaryota
Lemur catta,progen2_score,1769.9521327780658,9.604234277009052,1649.293319675239,1885.4696950729353,Eukaryota
Lepidium virginicum,progen2_score,1933.3121815031418,16.11744138828576,1719.993024275444,2089.6264544847913,Eukaryota
Levilactobacillus brevis,progen2_score,1502.8837507218022,7.427692562011071,1419.104555438217,1590.6505035063992,Bacteria
Liriodendron tulipifera,progen2_score,2129.705391875951,17.315841636132152,1879.1902160567288,2316.10545232739,Eukaryota
Listeria monocytogenes,progen2_score,1578.6028668002793,33.50348775548212,1099.177760883288,1971.3968781074789,Bacteria
Listeria monocytogenes serotype 1/2a,progen2_score,1633.8762008066174,10.09867456342258,1530.150781465077,1736.0211896731116,Bacteria
Listeria monocytogenes serovar 1/2a,progen2_score,1538.1552746816512,3.800813952346913,1494.318734980521,1581.3535112343868,Bacteria
Lobularia maritima,progen2_score,1895.0197093748784,15.049155305762449,1735.1986999832898,2077.282210028917,Eukaryota
Lodderomyces elongisporus,progen2_score,1153.9983923530851,20.479075287608275,928.4350945209861,1337.112124209222,Eukaryota
Lotus japonicus,progen2_score,1886.1567388953947,9.545247510578038,1762.543889234467,1992.6588438991957,Eukaryota
Loxodonta africana,progen2_score,1442.3743575316278,11.57500059273623,1291.7040464929173,1548.865295072103,Eukaryota
Lumbricus terrestris,progen2_score,1318.3061478869672,25.072149615043514,1085.7903567708488,1549.6643300290164,Eukaryota
Lycodon semicarinatus,progen2_score,1384.6232480244448,14.369007044831703,1168.8942894503543,1519.9199746940171,Eukaryota
Macaca fascicularis,progen2_score,2047.4497982927576,33.95385663692789,1535.4455664401773,2426.3125094789725,Eukaryota
Mammuthus primigenius,progen2_score,1501.0512372271032,14.936469081079018,1348.5358720795919,1667.089886042995,Eukaryota
Mannheimia succiniciproducens,progen2_score,1538.6051826267562,31.980032248382443,1033.1084506306227,1890.511757310298,Bacteria
Marchantia polymorpha,progen2_score,1477.5004723451038,7.728090257306694,1379.63129114443,1563.3108449223655,Eukaryota
Marinobacter nauticus,progen2_score,1739.7386041283387,22.715085418798243,1524.1903328656701,1923.1057985051675,Bacteria
Mesocricetus auratus,progen2_score,1454.5041924456737,64.58933373434823,762.7100854247657,1950.4399773175398,Eukaryota
Mesorhizobium japonicum,progen2_score,1651.496157739925,49.412296781310125,921.3658545933674,2155.0636309970105,Bacteria
Mesostigma viride,progen2_score,1371.512623829388,5.6746396271620005,1296.3993882212878,1446.9705005412654,Eukaryota
Metallosphaera sedula,progen2_score,714.5404653370865,14.127872113843914,582.2142887637418,925.4011371125973,Archaea
Methanobacterium formicicum,progen2_score,1117.4336343212894,8.366325592079829,1033.973041172873,1249.6399652473808,Archaea
Methanobrevibacter smithii,progen2_score,1090.9395701738802,13.220142477393717,939.7712357163985,1269.7788417317167,Archaea
Methanocaldococcus jannaschii,progen2_score,1172.9714148916012,54.14061589238657,615.7781838812659,1968.6364675204616,Archaea
Methanocella arvoryzae,progen2_score,1365.9007028686663,8.725447032316467,1244.4236730200623,1478.6526350999125,Archaea
Methanococcoides burtonii,progen2_score,1228.0244800010864,13.479802833744584,1100.0838368640111,1425.789169772173,Archaea
Methanococcus aeolicus,progen2_score,950.2306272726377,17.525913177754006,754.5738075734962,1155.5403664151497,Archaea
Methanococcus maripaludis,progen2_score,1111.316358405915,26.125611247277305,750.1918879853217,1368.261775094477,Archaea
Methanococcus vannielii,progen2_score,995.9588300438965,20.361033923554068,787.1797999865056,1341.5066277058547,Archaea
Methanocorpusculum labreanum,progen2_score,1012.6302669728734,15.108426636744069,785.4276247929848,1166.4594452122128,Archaea
Methanoculleus marisnigri,progen2_score,1124.7166151947588,15.24219755584653,944.6922646034742,1301.3194120476205,Archaea
Methanopyrus kandleri,progen2_score,1069.695246873191,22.473534615128226,746.7809446873036,1307.8852783145142,Archaea
Methanoregula boonei,progen2_score,1090.5584041366465,9.916321331916746,995.408518406228,1243.2425881646989,Archaea
Methanosarcina acetivorans,progen2_score,1118.9467331207356,44.636476562420356,660.3315514466623,1840.9394934132051,Archaea
Methanosarcina barkeri,progen2_score,1227.9914490952922,27.26864228856528,967.572026302586,1655.750857915024,Archaea
Methanosarcina mazei,progen2_score,1219.896358656939,24.820821978512612,909.7053464011095,1631.9655689751164,Archaea
Methanosphaera stadtmanae,progen2_score,1051.7203594700966,11.308588423187516,891.4098637748879,1197.8052848675209,Archaea
Methanosphaerula palustris,progen2_score,1181.965499485135,17.36629036169381,997.7740632439815,1379.1879740611737,Archaea
Methanospirillum hungatei JF-1,progen2_score,1019.3290816702741,22.943409171131634,803.9632522647619,1332.6374277844873,Archaea
Methanothermobacter marburgensis,progen2_score,1233.8183753030105,11.141782377076252,1087.7818817470643,1363.3226866674327,Archaea
Methanothermobacter thermautotrophicus,progen2_score,1271.016271599456,48.2018618207906,846.5820864395179,1931.4590252746698,Archaea
Methanothermus fervidus,progen2_score,1169.7247145129363,16.815557543394153,984.5903266419065,1360.3568824682657,Archaea
Methanothrix thermoacetophila,progen2_score,1045.8967155073894,13.591618194995505,894.8199671446371,1220.1928825346424,Archaea
Methylococcus capsulatus,progen2_score,1436.7912485336515,29.55988615490621,1105.2866625089973,1841.08185523798,Bacteria
Meyerozyma guilliermondii,progen2_score,1341.4350212127881,10.967882122282564,1201.6318647445205,1433.4987989631832,Eukaryota
Micrococcus luteus,progen2_score,1454.041345732176,3.0785782542618096,1411.2485929091808,1484.9940964061707,Bacteria
Microcystis aeruginosa,progen2_score,1634.1411511318772,5.2448887759881115,1571.207539754573,1707.2222391103724,Bacteria
Micromonas commoda,progen2_score,1220.4690573565906,11.599664536697281,1113.6625036541072,1366.07763996419,Eukaryota
Monodelphis domestica,progen2_score,1800.5794134844223,30.273413182546022,1356.7526901915417,2094.804943033805,Eukaryota
Mus musculus,progen2_score,2066.1590466022685,27.019874025366878,1601.614689664567,2328.8611535588816,Eukaryota
Mycobacterium bovis,progen2_score,1793.034441621149,34.28423230824716,1460.7033757786674,2226.2522098979907,Bacteria
Mycobacterium leprae,progen2_score,1610.3743555991157,5.507494739389476,1532.9382580408812,1667.4131785466557,Bacteria
Mycobacterium sp.,progen2_score,1667.8477613471293,9.625571662321,1547.7389436324684,1791.8305994152183,Bacteria
Mycobacterium tuberculosis,progen2_score,1646.0751486512888,26.801351719491016,1281.9901771356995,1936.2184649439175,Bacteria
Mycobacteroides abscessus,progen2_score,1552.4273450597843,4.0437386969826905,1509.3954210890186,1613.445259110913,Bacteria
Mycolicibacterium gilvum,progen2_score,1898.80746957466,23.540112725621892,1696.401589520591,2165.2661977095186,Bacteria
Mycolicibacterium paratuberculosis,progen2_score,1487.4737353566038,2.946891835502068,1450.7193122267,1530.5720980501735,Bacteria
Mycolicibacterium smegmatis,progen2_score,1739.8054825426618,30.268460046302412,1289.045230052577,2071.1483943038465,Bacteria
Mycolicibacterium smegmatis155),progen2_score,1784.7948747005053,12.583692244342764,1626.4773514020394,1947.660445664578,Bacteria
Mycoplasma genitalium,progen2_score,852.0381273761072,16.58497473128771,681.8591826426895,1024.5935454896032,Bacteria
Mycoplasma pneumoniae,progen2_score,784.8895483726135,28.016617842753814,545.0379351720824,1263.708452180084,Bacteria
Mycosarcoma maydis,progen2_score,1306.648270201774,26.40279542515743,1004.4862802434922,1545.3041187500303,Eukaryota
Myxococcus xanthus,progen2_score,1431.6951916184778,15.208748282179414,1292.180434279474,1606.5766581532291,Bacteria
Nanoarchaeum equitans,progen2_score,953.4838030954603,66.0043628823289,360.4991630733409,1806.0107833014047,Archaea
Nasturtium officinale,progen2_score,1948.2590826036019,9.50464289030268,1845.1353513875194,2084.5048670764418,Eukaryota
Natrialba magadii,progen2_score,1223.942103667096,6.156887376353486,1164.5269604007772,1300.3693205270301,Archaea
Natronomonas pharaonis,progen2_score,1563.2711810670155,13.419375226635568,1430.245375709108,1739.3471915812017,Archaea
Neisseria gonorrhoeae,progen2_score,1510.912260211551,6.243563456730794,1430.5508664572496,1587.6547842071795,Bacteria
Neisseria meningitidis,progen2_score,1374.974717110263,43.43666788049447,913.101214025925,1968.7414908205938,Bacteria
Nematostella vectensis,progen2_score,1508.6851040696276,28.880687910736924,1125.0286017502444,1916.615309668503,Eukaryota
Neosartorya fischeri,progen2_score,1392.4987963092728,32.53539665963204,992.4006665661075,1683.7138465251176,Eukaryota
Neurospora crassa,progen2_score,1593.4394939033941,38.46154681445556,1207.0952701627054,2031.8235660577539,Eukaryota
Nicotiana sylvestris,progen2_score,2156.4217552820564,22.210622606585044,1874.6317783969089,2344.456321696081,Eukaryota
Nicotiana tabacum,progen2_score,1708.9036971232258,46.6676012372216,1157.2167743960756,2161.245397843399,Eukaryota
Nitratidesulfovibrio vulgaris,progen2_score,1061.2100491095086,22.723183068897953,820.5836595287487,1364.5064028141608,Bacteria
Nitrosomonas europaea,progen2_score,1053.9475639381992,8.426974903741435,968.2534216804424,1150.2324349872981,Bacteria
Nitrosopumilus maritimus,progen2_score,1234.9922794704676,12.545669134108232,1062.9465971160207,1388.0748086337683,Archaea
Nocardia farcinica,progen2_score,1491.9821841602127,15.991308109230673,1302.99457010636,1676.0555518578835,Bacteria
Nocardioides sp.,progen2_score,1840.4105406665392,29.695096567718064,1579.2276323236829,2193.1331872538767,Bacteria
Nostoc punctiforme,progen2_score,2012.194958929759,17.237291009821927,1828.7028589483373,2164.022694695837,Bacteria
Nostoc sp.,progen2_score,1464.2678664343332,37.670494273680106,1049.4724620297327,1931.3766384240516,Bacteria
Notamacropus eugenii,progen2_score,1932.0078849493739,34.65755228133349,1528.6631781651872,2227.8392340199007,Eukaryota
Oceanobacillus iheyensis,progen2_score,1658.1034582555644,30.515375553523338,1344.2050226114898,2038.969527728519,Bacteria
Oenothera berteroana,progen2_score,1717.528023744219,23.504598048087306,1442.728798077189,1909.7831670628163,Eukaryota
Oenothera elata subsp. hookeri,progen2_score,1930.5275947730913,7.2791182799345515,1849.856627693586,2022.5507909125336,Eukaryota
Ogataea parapolymorpha,progen2_score,1157.0118371256694,13.514431663149294,989.9791151295514,1288.171243324728,Eukaryota
Olimarabidopsis pumila,progen2_score,1896.030988627102,17.847971377012815,1664.870277660944,2093.8871553337476,Eukaryota
Oncorhynchus mykiss,progen2_score,1729.6497837478971,40.717468571068295,1310.0282507421812,2136.7823416631277,Eukaryota
Ornithorhynchus anatinus,progen2_score,1753.434226823501,19.380355603993635,1515.3203970523984,1942.2486848565093,Eukaryota
Oryctolagus cuniculus,progen2_score,1959.78287494849,27.475719419605078,1510.1615407506833,2219.9876941890498,Eukaryota
Oryza sativa,progen2_score,1878.1152426302062,36.89687749198178,1412.153816786952,2312.050241538633,Eukaryota
Oryza sativa subsp. indica,progen2_score,1811.3057530658525,21.703829447670294,1544.789564104866,2074.8378471761935,Eukaryota
Oryza sativa subsp. japonica,progen2_score,1823.134936720118,39.750434519281825,1404.7876532349328,2315.4662982871514,Eukaryota
Ostreococcus lucimarinus,progen2_score,1313.9771969142907,14.974027509741981,1140.723399040371,1536.4582680592537,Eukaryota
Ostreococcus tauri,progen2_score,1177.844070882255,16.28717767855763,983.2356297463668,1360.1542909015627,Eukaryota
Ovis aries,progen2_score,2063.2666214763794,31.833584810748786,1426.7414313568306,2315.1156524034122,Eukaryota
Paenarthrobacter aurescens,progen2_score,1735.7770069482942,7.95359508517924,1641.4331339720877,1834.427580647982,Bacteria
Paenarthrobacter nicotinovorans,progen2_score,1501.2367706113137,22.61854219150156,1305.959237446211,1706.9855853486217,Bacteria
Pan paniscus,progen2_score,1643.5677517322497,7.65899057385832,1539.1082586065597,1733.24484076079,Eukaryota
Pan troglodytes,progen2_score,1880.0471215023729,29.569584291245874,1531.516179245348,2303.554181366813,Eukaryota
Papio hamadryas,progen2_score,1554.5009929686018,13.967144505817062,1407.5327859567385,1713.555220034274,Eukaryota
Paracoccidioides brasiliensis,progen2_score,1299.4027208305474,10.609706501944794,1198.891294122055,1421.2619034911922,Eukaryota
Paracoccidioides lutzii,progen2_score,1593.451790326715,9.120331993812338,1480.7461097002183,1701.2610483442163,Eukaryota
Paracoccus denitrificans,progen2_score,1712.4153386937262,37.36051878447063,1355.3991125163332,2159.591630849019,Bacteria
Paramagnetospirillum magneticum,progen2_score,1565.4940522490172,2.969149250120212,1524.8749193511437,1597.2723835641073,Bacteria
Paramecium tetraurelia,progen2_score,860.5302594583051,32.41168988211662,543.0210580920237,1372.9513016641893,Eukaryota
Pasteurella multocida,progen2_score,1571.2469411878035,32.630449274419256,1052.3990141356098,1879.3235949758669,Bacteria
Paulinella chromatophora,progen2_score,1878.4024737969216,38.77198731114034,1519.158084233268,2250.508549719147,Eukaryota
Pectobacterium atrosepticum,progen2_score,1686.8059282515123,35.98800578560817,1295.40369113258,2123.5637662687345,Bacteria
Pelotomaculum thermopropionicum,progen2_score,1358.2051345850255,35.12516001894034,1092.142297558829,1679.4527911212542,Bacteria
Penicillium rubens,progen2_score,1448.5069570745184,13.57386972021433,1323.8523565437272,1636.1353917903875,Eukaryota
Persephonella marina,progen2_score,1326.760274363829,8.210835888613211,1231.757957936787,1429.3201094085623,Bacteria
Petromyzon marinus,progen2_score,1503.245938573773,24.410393196860404,1241.1066329539847,1791.7082384809669,Eukaryota
Phaseolus vulgaris,progen2_score,1776.663680788828,6.995680622737798,1689.8766719892708,1866.0335264328598,Eukaryota
Phoca vitulina,progen2_score,1905.1563672596737,26.808430773436083,1640.7405310242168,2158.492866837869,Eukaryota
Photobacterium profundum,progen2_score,1448.6221381578064,42.60723428787307,980.2464233390151,1982.264286011531,Bacteria
Photorhabdus laumondii,progen2_score,1581.059379612268,36.44329994399876,1150.1676972942455,2030.3285432127236,Bacteria
Photorhabdus laumondii subsp. laumondii,progen2_score,1340.1143559520337,5.839481097152721,1259.4133699863687,1402.3390389075762,Bacteria
Physcomitrium patens,progen2_score,1641.4763024185868,11.43164348967209,1515.5359147991085,1811.5003257071799,Eukaryota
Phytophthora infestans,progen2_score,1233.2278726680624,45.70857526694684,734.6391697971966,1861.9402219829356,Eukaryota
Pichia angusta,progen2_score,1093.4519236666624,27.170144059800773,842.9581252626633,1454.7931289141725,Eukaryota
Picosynechococcus sp.,progen2_score,1465.9920150811065,26.25306987522099,1219.0244440155868,1685.2641151436985,Bacteria
Picrophilus torridus,progen2_score,736.6421495392041,12.410185665267132,558.0232745422365,911.7430015121865,Archaea
Pisum sativum,progen2_score,1560.167813097849,45.34174729917831,1170.5390520367612,2033.0028012540445,Eukaryota
Plasmodium falciparum,progen2_score,898.1544009206754,23.68515789734611,607.7666998316228,1198.5217694669236,Eukaryota
Platanus occidentalis,progen2_score,1913.9477061386312,14.27114656936863,1733.9546842388186,2084.440357544744,Eukaryota
Polaromonas naphthalenivorans,progen2_score,2135.426993760954,23.41605724639835,1896.4435307548956,2357.0013787590588,Bacteria
Pongo abelii,progen2_score,1942.486209622673,30.197512172497774,1538.046425887982,2310.867480612483,Eukaryota
Pongo pygmaeus,progen2_score,1665.8890411574414,25.231900490429023,1280.436450270317,2005.778601775457,Eukaryota
Populus trichocarpa,progen2_score,1933.2464849060839,32.0019096383933,1612.1907116474476,2268.314701035413,Eukaryota
Porphyromonas gingivalis,progen2_score,1823.3438108039031,13.254035359556186,1677.953726686051,1982.6870043215529,Bacteria
Prochlorococcus marinus,progen2_score,1252.2666951049878,33.577929747727225,883.0793433836859,1804.5732221540843,Bacteria
Proteus mirabilis,progen2_score,1619.875616469892,31.150133779715095,1197.0376671496,1864.956912169269,Bacteria
Pseudomonas aeruginosa,progen2_score,1587.7457559620523,50.92077558733061,1048.1249210978701,2271.728610218474,Bacteria
Pseudomonas fluorescens,progen2_score,1572.0792690893418,12.254496639905554,1413.0278663242825,1729.2900185275682,Bacteria
Pseudomonas paraeruginosa,progen2_score,2158.0611483251832,10.647762007691732,2050.000617107428,2294.0558424173614,Bacteria
Pseudomonas putida,progen2_score,1759.5520475098522,44.57736435971194,1283.6619471902138,2219.0463193829764,Bacteria
Pseudomonas sp,progen2_score,1743.5606252362495,4.5493738573138165,1673.683706355441,1808.5063194163627,Bacteria
Pseudomonas sp.,progen2_score,961.6138922962732,9.357444706949623,843.5443222550698,1075.7725706218114,Bacteria
Pseudomonas syringae pv. tomato,progen2_score,1609.0787093417644,11.160899370297402,1506.3848526573117,1736.3169645406103,Bacteria
Pseudomonas taetrolens,progen2_score,1519.018223477353,10.02932878580572,1399.966254477759,1635.2073818652862,Bacteria
Pyricularia oryzae,progen2_score,1401.268144149122,27.68168850361041,1061.065463355156,1639.2080641260504,Eukaryota
Pyrobaculum aerophilum,progen2_score,1113.0885856057332,60.11653201933543,636.0496370189909,1913.4685813195165,Archaea
Pyrobaculum arsenaticum,progen2_score,903.7266977591752,11.02162121927607,780.5424881955907,1061.409509393514,Archaea
Pyrobaculum calidifontis,progen2_score,1114.5743146197817,20.561443640089717,881.2142217162115,1341.5569451468784,Archaea
Pyrobaculum islandicum,progen2_score,943.4623791479222,33.978494762781075,628.8239828516537,1347.2736515102752,Archaea
Pyrobaculum neutrophilum,progen2_score,1331.5250574561082,7.498730815548986,1224.1428598793868,1431.0461438839682,Archaea
Pyrococcus abyssi,progen2_score,1257.204033722683,28.21084989425603,888.0585421818383,1651.0274171586377,Archaea
Pyrococcus furiosus,progen2_score,1199.163467306689,47.671170169779536,783.6719471880302,1981.5024677358372,Archaea
Pyrococcus horikoshii,progen2_score,1189.9471885890216,44.11256833440593,809.9382411830948,1914.5412364709864,Archaea
Pyrococcus woesei,progen2_score,1147.9805272955582,32.13703769986813,874.6425086145385,1513.2637540752619,Archaea
Ralstonia solanacearum,progen2_score,1613.7603929507723,48.27308500362462,1004.4122440207578,2023.5859728026537,Bacteria
Rattus norvegicus,progen2_score,2045.601781985478,34.502609993292275,1484.8742483522233,2388.1784771047437,Eukaryota
Rhinoceros unicornis,progen2_score,1815.5888413459938,24.524259283949576,1540.5207702320497,2070.568542057685,Eukaryota
Rhipicephalus sanguineus,progen2_score,1598.7918473898876,53.464120329980105,1162.272023949961,2030.5087866248775,Eukaryota
Rhizobium meliloti,progen2_score,1738.492619603335,34.49373909069133,1211.0856947321076,2104.8012591427296,Bacteria
Rhodobacter capsulatus,progen2_score,1822.5175879914395,39.846539091504965,1442.6431750102033,2280.430017424966,Bacteria
Rhodococcus erythropolis,progen2_score,1366.7771896510137,10.112445770338825,1264.1066311575792,1486.86846877224,Bacteria
Rhodococcus jostii,progen2_score,1206.1355478844937,9.082624969346366,1097.0705428926874,1306.2163043107141,Bacteria
Rhodococcus sp,progen2_score,1368.123758892192,3.1905869953743493,1327.0208147298872,1410.096187558409,Bacteria
Rhodopseudomonas palustris,progen2_score,1559.1570429805156,36.22739739423448,1103.9693087348207,1964.1360260691768,Bacteria
Rhodospirillum rubrum,progen2_score,1662.7167953918836,9.816352970188857,1539.5027117817474,1794.0654903785799,Bacteria
Rhodovulum sulfidophilum,progen2_score,1445.310765861389,3.735372341403332,1390.9277848427823,1486.8714664926165,Bacteria
Ricinus communis,progen2_score,1854.5681237875935,7.151948927530675,1765.3594395651542,1965.252288827598,Eukaryota
Rickettsia conorii,progen2_score,1294.0738905430292,16.811251649169357,1095.289113949633,1469.0412555501784,Bacteria
Rickettsia felis,progen2_score,1158.2264922013428,5.7307669240963275,1084.8861855007553,1232.2828914821343,Bacteria
Rickettsia prowazekii,progen2_score,1133.248451560684,44.496577472747305,684.2021201654985,1760.4441199103715,Bacteria
Ruegeria pomeroyi,progen2_score,1560.8797395295855,3.1700720139964624,1522.934948512023,1602.269254900121,Bacteria
Saccharolobus islandicus,progen2_score,1081.1381280681078,40.29477772769945,722.5485799580305,1585.9911848130528,Archaea
Saccharolobus shibatae,progen2_score,966.9826978190779,8.143165734404048,865.6561814871095,1068.9046361027688,Archaea
Saccharolobus solfataricus,progen2_score,1030.8061155511894,53.61604376986256,627.5990220819458,1930.0433102075115,Archaea
Saccharomyces cerevisiae,progen2_score,1278.6412950322047,39.42869584245287,930.7820642192253,1977.387419674577,Eukaryota
Saccharopolyspora erythraea,progen2_score,1942.6192182968498,6.439550629533831,1839.1148338087746,2018.0490065060053,Bacteria
Salmo salar,progen2_score,2141.1641754829293,40.182042783597716,1610.150058544152,2462.1552955081847,Eukaryota
Salmo trutta,progen2_score,1883.0243232498015,9.038774207903545,1770.9734025415216,1999.024481651523,Eukaryota
Salmonella paratyphi B,progen2_score,2167.332737593104,13.188735502751697,2025.1261118416212,2328.4798540892352,Bacteria
Salmonella typhi,progen2_score,2155.925331505406,11.811831162621592,2013.2724126808544,2289.088648657546,Bacteria
Salmonella typhimurium,progen2_score,1778.5994943725295,41.80393962448982,1258.9387383025557,2286.6434375253,Bacteria
Scheffersomyces stipitis,progen2_score,1348.1523110844835,16.99917122041803,1193.6695720899131,1568.9903843757145,Eukaryota
Schistosoma japonicum,progen2_score,1083.242705151228,30.966836027828723,694.9856377900301,1436.3047096093685,Eukaryota
Schistosoma mansoni,progen2_score,1373.5042750947978,7.913113721627264,1295.1354781037858,1482.9395866820146,Eukaryota
Schizosaccharomyces pombe,progen2_score,1195.6277451512672,35.31837650009895,804.5679226166117,1877.673905558238,Eukaryota
Scyliorhinus canicula,progen2_score,1993.2659610317528,34.00830832639775,1613.1477137816228,2339.1942422210755,Eukaryota
Serratia proteamaculans,progen2_score,1697.6303269449093,41.80275573985922,1140.3247477404418,2127.241492816547,Bacteria
Shewanella baltica,progen2_score,1682.535012460154,45.477513309701166,1109.77690784977,2034.2426092767712,Bacteria
Shewanella frigidimarina,progen2_score,1299.3440973104648,7.2461610474100135,1203.5035387883759,1388.5025471847828,Bacteria
Shewanella oneidensis,progen2_score,1478.512380000712,42.20983213731357,881.8014978700392,1934.4632391716957,Bacteria
Shewanella putrefaciens,progen2_score,1402.5805340538436,38.07116779259493,1099.245551882975,1777.2320453718519,Bacteria
Shewanella sp.,progen2_score,1438.434124252969,25.58103501737126,1168.66827773629,1742.1495682622278,Bacteria
Shigella boydii serotype 18,progen2_score,1561.9543907864122,5.496627034426903,1485.554526799063,1619.4555221839516,Bacteria
Shigella flexneri,progen2_score,1725.7603934881,50.73017392752744,1169.3091517236576,2371.922116174455,Bacteria
Sigmodon hispidus,progen2_score,1624.3385219218244,9.204664737453832,1509.6022296447536,1742.6136341144802,Eukaryota
Sinorhizobium fredii,progen2_score,1623.8743384889292,38.0039170050741,1052.2682026918233,2056.7547578607628,Bacteria
Sodalis glossinidius,progen2_score,1552.5913000969147,35.20773566257725,1092.4121285751237,2068.5817932941095,Bacteria
Solanum lycopersicum,progen2_score,1764.6989541637993,46.305937390754785,1088.2494709325001,2240.711036751899,Eukaryota
Solanum tuberosum,progen2_score,1878.958478828318,21.008018495250774,1669.4664228258553,2078.9466982914596,Eukaryota
Sordaria macrospora / K-hell),progen2_score,1330.0952344863338,13.35945461302496,1195.4847235043346,1488.3090829856103,Eukaryota
Sorghum bicolor,progen2_score,1869.1299510227639,25.714267742539285,1539.0762585890377,2149.449126856165,Eukaryota
Spinacia oleracea,progen2_score,1456.1438068502966,36.87991294872274,1162.7013961993698,1861.5594040182793,Eukaryota
Staphylococcus aureus,progen2_score,1447.6287562616417,31.441902360559936,1038.720742506133,1768.6075044382571,Bacteria
Staphylococcus epidermidis,progen2_score,1355.546138574314,31.7208327090112,1080.9180182411017,1618.0634242082658,Bacteria
Staphylococcus haemolyticus,progen2_score,1020.4385245644272,6.6137012277913785,934.0015260334967,1109.4234643633085,Bacteria
Staurastrum punctulatum,progen2_score,1759.2550170670645,40.12467012432536,1425.4895980854064,2136.958368499238,Eukaryota
Stenotrophomonas maltophilia,progen2_score,1365.547538285285,33.575803076720305,977.6150841321783,1686.4793051160937,Bacteria
Streptococcus gordonii,progen2_score,1362.213334985735,14.864543840211555,1210.631306693805,1546.8162694251414,Bacteria
Streptococcus pneumoniae,progen2_score,1269.3272385640857,10.721518951597925,1126.6802092899986,1408.694240083111,Bacteria
Streptococcus pneumoniae serotype 2,progen2_score,1450.6128773669523,4.471580629788054,1400.9797096892298,1509.728829343898,Bacteria
Streptococcus pneumoniae serotype 4,progen2_score,1526.6139198620037,22.441294766770852,1283.2508683892736,1785.8376830513696,Bacteria
Streptococcus pyogenes,progen2_score,1528.2704633481733,6.10541516607945,1461.1732608904967,1618.7327690162049,Bacteria
Streptococcus pyogenes serotype M1,progen2_score,1423.990130599286,14.097654904657329,1301.2096379187233,1611.2971699021293,Bacteria
Streptococcus pyogenes serotype M3,progen2_score,1526.5366884837647,4.289394225095335,1478.7839907051377,1593.9225888861986,Bacteria
Streptococcus pyogenes serotype M6,progen2_score,1322.4362154659254,4.416090363833432,1262.3979583464813,1388.6017595554129,Bacteria
Streptococcus suis,progen2_score,1383.4217925961013,5.158808118961417,1320.2619537480618,1449.1439839825664,Bacteria
Streptomyces arenae,progen2_score,1266.349177519703,6.503751135656446,1203.8153808082725,1362.4838680589546,Bacteria
Streptomyces avermitilis,progen2_score,1560.3910521221903,25.03371366536977,1334.268904270992,1784.6208503363898,Bacteria
Streptomyces coelicolor,progen2_score,1818.3157593620426,42.92295280473758,1248.2012265982612,2253.1661814820673,Bacteria
Streptomyces coelicolor / M145),progen2_score,1796.044802612052,16.18108233664033,1590.4866745849065,1978.7410232885022,Bacteria
Streptomyces glaucescens,progen2_score,1094.8417208576977,22.97595303583536,904.2755545686063,1307.0545017566008,Bacteria
Streptomyces griseus subsp. griseus,progen2_score,2016.6361342570456,3.1983103223973437,1980.701080699766,2069.436428866619,Bacteria
Streptomyces lavendulae,progen2_score,1613.3468742130444,31.51905928862068,1314.3867360385848,1940.96588657747,Bacteria
Struthio camelus,progen2_score,1762.0683343980656,7.752563653085736,1653.406592890105,1877.0935571104683,Eukaryota
Stutzerimonas stutzeri,progen2_score,1505.4090816997787,7.173684365122022,1425.1840261409484,1600.6774707968693,Bacteria
Sulfolobus acidocaldarius,progen2_score,1020.9313933064612,50.26807506952472,551.7701510919778,1767.2804015147644,Archaea
Sulfurisphaera tokodaii,progen2_score,994.0203367590402,21.131225159953274,769.4571976188348,1314.0406051735708,Archaea
Sus scrofa,progen2_score,2152.8986186010147,29.521157898839846,1615.7789900151863,2412.049609679786,Eukaryota
Synechococcus elongatus,progen2_score,1420.889829389942,40.63557178857086,1039.545754811893,2044.854471783789,Bacteria
Synechococcus sp.,progen2_score,1349.7726910113627,15.546780964103156,1183.8217169760264,1536.534394640587,Bacteria
Synechocystis sp.,progen2_score,1375.0566879586556,32.38061433148414,992.2905355454703,1854.9837222204353,Bacteria
Syntrophobacter fumaroxidans,progen2_score,1049.071893481311,13.542762491856955,933.0096744439812,1198.2692369190343,Bacteria
Tachyglossus aculeatus aculeatus,progen2_score,1487.0077803763447,6.450525105802705,1407.6461549205565,1558.6080321548104,Eukaryota
Taeniopygia guttata,progen2_score,1921.6095667054458,8.545428043490347,1798.8931148058991,2007.3303395439964,Eukaryota
Takifugu rubripes,progen2_score,1724.400571120009,12.28363348267737,1513.6701020543255,1869.0675011956125,Eukaryota
Talaromyces stipitatus,progen2_score,1161.9812532376625,13.253654929465451,1003.0974324166502,1363.494277176481,Eukaryota
Tetraodon nigroviridis,progen2_score,2008.0969045734194,28.960071147987804,1648.8102785826081,2255.042427534337,Eukaryota
Thermococcus gammatolerans,progen2_score,1285.727110758408,13.487606798393946,1103.0469714569106,1457.0707405225457,Archaea
Thermococcus kodakarensis,progen2_score,1233.5023801280677,45.32647405670255,774.639860090059,1958.4655077026148,Archaea
Thermococcus litoralis,progen2_score,1452.8301640496625,18.879192432239854,1231.3375761167486,1648.6675166027596,Archaea
Thermococcus onnurineus,progen2_score,1383.2021619776153,8.371661317212796,1282.9093287252888,1466.263154515326,Archaea
Thermococcus sibiricus,progen2_score,1165.8166753944743,30.420689265592088,786.2970114821147,1464.2348204844454,Archaea
Thermococcus sp.,progen2_score,1387.1292655326504,8.970640019364412,1291.2568571204372,1528.357986008695,Archaea
Thermofilum pendens,progen2_score,1435.1014610159366,10.718373285106921,1302.7895213861086,1582.4538290282328,Archaea
Thermoplasma acidophilum,progen2_score,801.25813345395,31.165178714102108,476.65924196782595,1241.6153745243876,Archaea
Thermoplasma volcanium,progen2_score,593.3324974082783,8.612630415638398,468.83372957702346,685.5978680242008,Archaea
Thermoproteus tenax,progen2_score,974.1209157491321,10.410615412379828,845.5642578164653,1083.7098478910023,Archaea
Thermostichus vulcanus,progen2_score,1275.9892934035038,14.197700287691692,1063.4015245802548,1424.006961638573,Bacteria
Thermosynechococcus vestitus,progen2_score,1420.0405384537562,32.06622640486434,1114.2845424715003,1855.4108002634312,Bacteria
Thermotoga maritima,progen2_score,1155.4268671193322,39.281661911811604,622.738062563302,1720.0589322223175,Bacteria
Thermus thermophilus,progen2_score,1163.8306275270145,27.74703430052102,844.4401865986603,1515.1913926760803,Bacteria
Toxoplasma gondii,progen2_score,853.858710620478,9.542020002059418,713.6415440345262,961.5220075117859,Eukaryota
Treponema pallidum,progen2_score,844.4258167892262,24.22946049846433,603.1675299510961,1119.5109147670669,Bacteria
Treponema pallidum subsp. pallidum,progen2_score,1496.43459100979,1.7683791053924953,1468.1317733066157,1518.872061069444,Bacteria
Trichoderma koningii,progen2_score,1445.0882946816816,5.975513392296392,1385.0767287229464,1530.7417995952699,Eukaryota
Trichoplax adhaerens,progen2_score,1208.9813926839956,23.221098319040326,960.5498925304516,1577.5142152604064,Eukaryota
Trichormus variabilis,progen2_score,1462.12817742352,39.92042485335351,1029.5687235062358,1985.1123672134602,Bacteria
Triticum aestivum,progen2_score,1817.458015920978,44.88262237212118,1275.97381723023,2241.4366572875583,Eukaryota
Trypanosoma brucei brucei,progen2_score,1063.3068376165718,22.53843794075357,822.7603190247754,1325.0818340424744,Eukaryota
Verminephrobacter eiseniae,progen2_score,1997.5437037106574,35.000392931182496,1616.8988071115377,2315.8891687429386,Bacteria
Vibrio cholerae,progen2_score,1547.7913166025235,41.82364396039003,974.7601244358286,2001.1237635164196,Bacteria
Vibrio cholerae serotype O1,progen2_score,1204.577688388408,8.468612383607455,1092.214510505333,1306.787420880771,Bacteria
Vibrio parahaemolyticus serotype O3:K6,progen2_score,1842.6255164443983,6.340531504039094,1765.2535545065705,1940.829266295108,Bacteria
Vibrio vulnificus,progen2_score,1439.495876170425,43.18501778017328,1097.5570770873233,1839.561978749763,Bacteria
Vitis vinifera,progen2_score,1846.3122288813686,35.349881474938684,1344.4322264537386,2110.932763563942,Eukaryota
Xanthobacter autotrophicus,progen2_score,1140.284292664666,16.858138312706238,978.7882833030393,1322.8768358881482,Bacteria
Xanthomonas campestris,progen2_score,1490.391545200867,43.83861476233775,947.1085212656002,1997.5711675388136,Bacteria
Xanthomonas campestris pv. campestris,progen2_score,1530.022599756043,5.232038816372306,1458.7012757499126,1594.445885805189,Bacteria
Xenopus laevis,progen2_score,1583.4908295620417,23.996482277527456,1297.520507726584,1859.387792622041,Eukaryota
Xenopus tropicalis,progen2_score,1793.1017394316555,25.628245322418138,1362.4030364725775,2071.001094936856,Eukaryota
Xylella fastidiosa,progen2_score,1197.2383385463747,32.9029446720243,811.7552535222528,1681.8748808159676,Bacteria
Yarrowia lipolytica,progen2_score,1285.085006741088,36.07506052816542,912.5134320286336,1904.0615643120432,Eukaryota
Yersinia enterocolitica,progen2_score,1190.781565111496,6.6825779294312015,1099.002572925574,1279.6244197060068,Bacteria
Yersinia enterocolitica serotype O:8 / biotype 1B,progen2_score,2229.627648903441,8.198996506645482,2120.8086622160026,2330.7123084159925,Bacteria
Yersinia pestis,progen2_score,1617.001007589612,44.75056564329239,1103.5852490278262,2144.9844993840097,Bacteria
Yersinia pseudotuberculosis serotype IB,progen2_score,1750.117529196491,7.669235226100244,1634.9602285129115,1819.1077960109285,Bacteria
Yersinia pseudotuberculosis serotype O:1b,progen2_score,1400.9746713005038,6.080115253941241,1332.5237312474756,1499.4472029482124,Bacteria
Yersinia pseudotuberculosis serotype O:3,progen2_score,1626.443884964492,10.294099210236508,1511.179145374501,1757.1814247459733,Bacteria
Zea mays,progen2_score,1797.9763451153738,40.05207513135051,1160.8073125037388,2201.024082338746,Eukaryota
Zygnema circumcarinatum,progen2_score,1284.8293905489556,7.043266727885445,1183.3113859680539,1377.8273562765612,Eukaryota
Zygosaccharomyces rouxii,progen2_score,1121.5155216406374,19.71653291040022,911.7206285754402,1309.2611783928219,Eukaryota
Acetivibrio thermocellus,protgpt2_score,1788.605220445442,3.6984038915117305,1739.8958219250887,1837.0863198400548,Bacteria
Acidianus ambivalens,protgpt2_score,1113.1402794538174,6.800134607656942,1050.820322502553,1211.3713116760262,Archaea
Acidiphilium cryptum,protgpt2_score,1628.2136139204727,33.59607069396123,1343.2020683103426,1907.4728772899734,Bacteria
Acidithiobacillus ferrooxidans,protgpt2_score,1473.3611436391022,3.3255607544960037,1434.5917252971576,1520.2730813569426,Bacteria
Acinetobacter baumannii,protgpt2_score,1264.427384131585,14.41326447599089,1103.6738323694685,1419.765839602527,Bacteria
Acinetobacter baylyi,protgpt2_score,1395.4727744867932,38.19494720487025,850.8260136992687,1770.7028970921758,Bacteria
Acorus calamus var. americanus,protgpt2_score,1725.2465727491506,34.97914505421429,1352.4323880548777,2078.054332278633,Eukaryota
Actinobacillus pleuropneumoniae serotype 5b,protgpt2_score,1501.098344230987,3.0749568390261866,1464.8577071096195,1542.6003604433795,Bacteria
Actinobacillus pleuropneumoniae serotype 7,protgpt2_score,1443.5303612415598,1.4579261760832767,1425.8471855206656,1464.7374767270044,Bacteria
Adiantum capillus-veneris,protgpt2_score,1413.157036891494,8.706042700791894,1311.0982100029717,1520.5737654952632,Eukaryota
Aedes aegypti,protgpt2_score,1718.6199829002624,34.839605760412375,1290.6658038173566,2172.886829627109,Eukaryota
Aeromonas hydrophila,protgpt2_score,1557.9711433853672,44.83198216841564,954.6303063743939,2008.1971022547732,Bacteria
Aeromonas hydrophila subsp. hydrophila,protgpt2_score,1370.5287857513115,5.71956300533013,1284.4870975141837,1436.0660185260638,Bacteria
Aeromonas salmonicida,protgpt2_score,1591.7348933161272,13.396162423692825,1441.4485140740435,1755.4107796722635,Bacteria
Aeropyrum pernix,protgpt2_score,841.251481617359,14.02555834608171,686.7480169446113,1003.9632625262268,Archaea
Agrobacterium fabrum,protgpt2_score,1395.0771298802345,35.6426546485034,991.7712095687483,1808.3843693627564,Bacteria
Agrostis stolonifera,protgpt2_score,1772.3174765243448,18.384095697423035,1565.0482083522452,1976.2024275474914,Eukaryota
Ajellomyces capsulatus,protgpt2_score,1866.050189404237,5.719514654967369,1796.582060287095,1945.650420224538,Eukaryota
Alcanivorax borkumensis,protgpt2_score,1521.1184479019616,8.3559944561399,1432.8912986394773,1621.8576288543316,Bacteria
Aliivibrio fischeri,protgpt2_score,1618.1483642653045,43.784587223416835,897.1223863760274,1957.3842196258167,Bacteria
Alkalihalobacillus clausii,protgpt2_score,1521.9838499252755,43.4722371796756,953.3580959365534,1992.2253970872673,Bacteria
Alkalihalophilus pseudofirmus,protgpt2_score,1373.3613347504174,27.068189639588557,1159.2729605267796,1688.6442416673613,Bacteria
Alligator mississippiensis,protgpt2_score,1736.6283844121049,13.824794659559542,1561.1887734975476,1887.828458756781,Eukaryota
Allochromatium vinosum,protgpt2_score,1548.4903049190764,3.6796126014206756,1507.5314201863273,1607.203266259178,Bacteria
Anas platyrhynchos,protgpt2_score,1669.9645615720904,61.36013391516278,958.8983905859606,2249.475292877333,Eukaryota
Anopheles gambiae,protgpt2_score,1694.2186720911725,32.102513368822315,1306.6356704928733,2224.2380433429707,Eukaryota
Anopheles quadrimaculatus,protgpt2_score,1946.6193580485872,26.590529219228614,1690.548234818138,2246.6236677550396,Eukaryota
Anthoceros angustus,protgpt2_score,1564.1334089503764,6.586739537533564,1490.6191752752386,1647.068931747287,Eukaryota
Apis mellifera,protgpt2_score,1539.9508467833275,30.38011652381052,1222.1015806068037,1917.38865014065,Eukaryota
Aquifex aeolicus,protgpt2_score,1223.3160782477128,35.01096363084644,829.0601648799455,1688.8723893344163,Bacteria
Arabidopsis thaliana,protgpt2_score,1745.1338355443045,36.192391001906245,1180.4456184190103,2175.827437426404,Eukaryota
Archaeoglobus fulgidus,protgpt2_score,1140.6124748375523,35.417396318579605,746.1839230684253,1765.2195142860976,Archaea
Ashbya gossypii,protgpt2_score,1358.0543929673215,37.79913424305551,899.4587676059565,1889.3178055288702,Eukaryota
Aspergillus clavatus,protgpt2_score,1634.8409944831822,31.518827244898382,1211.0333826177273,1860.7880955269814,Eukaryota
Aspergillus flavus,protgpt2_score,1911.2227578660286,15.618668568431408,1761.7492159190106,2078.401684090785,Eukaryota
Aspergillus fumigatus,protgpt2_score,1640.974959128849,31.98810135949523,1233.4044202468854,2025.5183114732276,Eukaryota
Aspergillus niger,protgpt2_score,1547.6048931895164,26.451186914448652,1199.6669614707264,1796.6497932661403,Eukaryota
Aspergillus oryzae,protgpt2_score,1590.4443831122671,12.51163972696029,1448.9601786819617,1742.4559540393275,Eukaryota
Azoarcus sp.,protgpt2_score,2026.9916688637684,9.265535361646851,1916.2096542992908,2117.049632590077,Bacteria
Azospirillum brasilense,protgpt2_score,1387.2190641810296,5.843288787396582,1314.092972121602,1465.202294017162,Bacteria
Bacillus anthracis,protgpt2_score,1607.3787956403226,38.209022930324075,1151.1339115357903,2030.6249805651055,Bacteria
Bacillus cereus,protgpt2_score,1640.2651740673825,17.053242381130893,1437.7500902533961,1861.102710596795,Bacteria
Bacillus cytotoxicus,protgpt2_score,1476.2131920731676,43.41774826540958,1160.9714080841102,1921.4610114134828,Bacteria
Bacillus licheniformis,protgpt2_score,1586.697622582059,33.52436379341328,1271.0773135088373,1982.5190477940928,Bacteria
Bacillus sp,protgpt2_score,1303.1841380237277,10.584659925346502,1186.2336651314636,1433.4534772616246,Bacteria
Bacillus sp.,protgpt2_score,1413.6450894826248,25.748541934160357,1153.520972666438,1647.3752097943973,Bacteria
Bacillus spizizenii,protgpt2_score,1253.036524851828,16.664521973920035,1056.5171375390862,1429.5487904644137,Bacteria
Bacillus subtilis,protgpt2_score,1499.142446706349,34.32832383710389,1055.9558133747694,1931.774001622352,Bacteria
Bacillus thuringiensis,protgpt2_score,1501.0188340095372,8.227334571761176,1375.5160037932162,1584.8390508727903,Bacteria
Bacillus thuringiensis serovar kurstaki,protgpt2_score,1778.5448551968782,4.927811661176443,1719.0787138562573,1834.5497627153582,Bacteria
Bacillus thuringiensis subsp. israelensis,protgpt2_score,971.8657906766203,6.330575686734857,915.5102757274452,1074.0588549278962,Bacteria
Bacillus thuringiensis subsp. konkukian,protgpt2_score,1274.0727997417307,2.949126886436254,1237.6645271999587,1307.4557781332016,Bacteria
Balaenoptera musculus,protgpt2_score,1754.4921702583558,31.771351216376793,1504.6876968838978,2101.093176595559,Eukaryota
Balaenoptera physalus,protgpt2_score,1861.4125642260597,31.054809496017565,1586.2903050222424,2227.159309717923,Eukaryota
Barbarea verna,protgpt2_score,1972.75915143182,21.999134845909566,1755.1220119409168,2218.5845636715017,Eukaryota
Bartonella bacilliformis,protgpt2_score,1125.494522895933,27.687548654626916,855.1928846053261,1373.4757249639536,Bacteria
Bifidobacterium longum,protgpt2_score,1629.6739498020477,7.522448710200283,1510.5452286769382,1710.4824834504582,Bacteria
Bifidobacterium longum subsp. infantis,protgpt2_score,1236.0756280380906,6.976430813094785,1160.9161949363734,1335.9583166136085,Bacteria
Blastochloris viridis,protgpt2_score,1413.1830218668454,9.146652937872851,1329.8882369031044,1543.558089253729,Bacteria
Blastomyces gilchristii,protgpt2_score,1525.0352604697555,21.532997332662017,1300.9750906648683,1736.6830319073276,Eukaryota
Bordetella pertussis,protgpt2_score,1432.8275961053164,39.47437907631894,910.0210270890744,1899.1259772482479,Bacteria
Borreliella burgdorferi,protgpt2_score,1436.719570353578,18.14014074105222,1250.6694541676547,1641.0189187370956,Bacteria
Bos mutus grunniens,protgpt2_score,2317.5190197527454,10.822367385628352,2167.01563625406,2433.8396865108302,Eukaryota
Bos taurus,protgpt2_score,2069.2571427813978,27.64051489897089,1529.980490934998,2314.307200882328,Eukaryota
Bradyrhizobium diazoefficiens,protgpt2_score,1361.1876644219954,35.40200101242936,1010.8221597404731,1880.1488649123735,Bacteria
Branchiostoma floridae,protgpt2_score,1606.777455728679,35.62090776609221,1184.0359654665021,1979.663995646342,Eukaryota
Brucella canis,protgpt2_score,1622.4812307745465,22.19166111858465,1370.0235073937206,1797.4046616104995,Bacteria
Brucella melitensis,protgpt2_score,1363.4180877528406,33.934119519165066,963.846970955499,1810.6811537034605,Bacteria
Brucella melitensis biotype 1,protgpt2_score,1336.5374067672922,5.245876057027001,1285.0909734091813,1417.1105157936872,Bacteria
Brucella melitensis biotype 2,protgpt2_score,1063.9805443264463,7.512100762133233,958.1362314243402,1140.7529892563725,Bacteria
Brucella ovis,protgpt2_score,1395.269980978641,10.350514682322467,1292.0444951244588,1509.7936994914621,Bacteria
Brucella suis biovar 1,protgpt2_score,1294.8883064064894,12.929220445258546,1159.0865703520908,1427.0758639069766,Bacteria
Brugia malayi,protgpt2_score,1346.4883745185884,26.994236022033395,1048.0008680084652,1727.854233962027,Eukaryota
Buchnera aphidicola,protgpt2_score,1219.5416720558178,48.33112163928099,729.891734207304,1817.747094745651,Bacteria
Buchnera aphidicola subsp. Acyrthosiphon pisum,protgpt2_score,1291.9233742134218,17.91664501481724,1078.9432950367275,1510.1653790117273,Bacteria
Buchnera aphidicola subsp. Baizongia pistaciae,protgpt2_score,1007.0324949170077,15.135498975490233,835.9477594248561,1197.7808469761044,Bacteria
Buchnera aphidicola subsp. Schizaphis graminum,protgpt2_score,987.5426642397128,12.712734615271433,842.1888641286918,1123.988981619728,Bacteria
Burkholderia cenocepacia,protgpt2_score,1473.2500594900782,36.33425196359147,1164.2883060202853,1913.508156038008,Bacteria
Burkholderia mallei,protgpt2_score,1561.0807034487777,38.02971601931005,1059.468164587828,1944.2074334434512,Bacteria
Burkholderia multivorans,protgpt2_score,1498.967816900671,4.478813076750322,1422.6073477483792,1565.2886385300233,Bacteria
Buxus microphylla,protgpt2_score,1479.7763966722837,14.17065818002977,1335.8562742247648,1652.3619730686273,Eukaryota
Caenorhabditis briggsae,protgpt2_score,1153.7146915355106,24.66634722834506,869.5564274684102,1426.7140203987751,Eukaryota
Caenorhabditis elegans,protgpt2_score,1448.2658524152605,36.53315528266732,949.3091915196611,1965.6487220186618,Eukaryota
Caldanaerobacter subterraneus,protgpt2_score,1587.3375782795881,42.85176777676778,1038.1325872093257,2051.504314733097,Bacteria
Caldivirga maquilingensis,protgpt2_score,835.3756375918595,16.08887088954359,703.0991460353364,1079.718649609281,Archaea
Calycanthus floridus var. glaucus,protgpt2_score,1616.9994729483626,9.409058497870104,1501.012825667939,1728.011818633415,Eukaryota
Campylobacter fetus subsp. fetus,protgpt2_score,1634.4656472352228,24.80491591482561,1382.4568394578203,1815.2465184486355,Bacteria
Campylobacter jejuni,protgpt2_score,1247.902462063202,33.44845880101375,823.0476361206572,1677.1506503035403,Bacteria
Campylobacter jejuni subsp. doylei,protgpt2_score,1413.8025967490303,5.997091374057067,1357.9175396819494,1505.6265221380531,Bacteria
Campylobacter jejuni subsp. jejuni serotype O:2,protgpt2_score,1253.0185462464915,8.993120113280787,1145.3343987991768,1347.2826172181876,Bacteria
Campylobacter jejuni subsp. jejuni serotype O:23/36,protgpt2_score,1420.3800586246916,5.813768783626814,1366.3316999105493,1509.1593324645396,Bacteria
Candida albicans,protgpt2_score,1425.1897034285823,32.56268288773747,1035.5150772578406,1885.0628266052358,Eukaryota
Candida glabrata,protgpt2_score,1664.6264830413297,17.222226358021313,1392.7827190719242,1807.5683747419976,Eukaryota
Canis lupus,protgpt2_score,2093.234939508411,35.059422003836666,1453.013704059864,2385.876998191762,Eukaryota
Capra hircus,protgpt2_score,1862.9178826481057,21.288377602200768,1656.946931770003,2109.4176225048773,Eukaryota
Capsella bursa-pastoris,protgpt2_score,1745.4086808481477,34.534817314634964,1416.5082079921335,2157.660125567698,Eukaryota
Carassius auratus,protgpt2_score,2184.642411642511,17.54640186705793,1981.8640877471626,2377.758333348018,Eukaryota
Carica papaya,protgpt2_score,1954.9277212363493,16.011271790671174,1777.4547450469831,2113.7468721363202,Eukaryota
Caulobacter vibrioides,protgpt2_score,1283.5777521837865,38.2699332524226,869.2931340474051,1799.3054091711706,Bacteria
Cenarchaeum symbiosum,protgpt2_score,813.7874954155774,12.13093714763189,661.254158133226,962.7875286674333,Archaea
Ceratotherium simum,protgpt2_score,1906.7033846569539,40.81691847946352,1337.7257432192962,2289.857320977367,Eukaryota
Cereibacter sphaeroides,protgpt2_score,1365.0180733718066,31.068234719758504,974.6906552703358,1694.2043980420935,Bacteria
Chaetosphaeridium globosum,protgpt2_score,1878.0240566802074,42.48159931720948,1479.3858245010342,2209.367658841583,Eukaryota
Chlamydia pneumoniae,protgpt2_score,873.6111369966993,13.694797664489135,736.3791885212485,1044.6637047286201,Bacteria
Chlamydia trachomatis serovar D,protgpt2_score,807.240464578765,9.734106361620322,684.9022328289133,979.6294216288593,Bacteria
Chlamydia trachomatis serovar L2,protgpt2_score,871.3081771290543,8.139611019896204,790.2277485796251,997.147715017187,Bacteria
Chlamydomonas reinhardtii,protgpt2_score,1393.229633953792,30.2335310318276,982.0388814464789,1877.6749579954867,Eukaryota
Chlorobaculum tepidum,protgpt2_score,1076.9323508388745,9.978759783635484,976.3848773116648,1213.2076258242987,Bacteria
Chlorobaculum thiosulfatiphilum,protgpt2_score,1140.1504193156327,7.549353908116468,1033.9504363141111,1247.114219852987,Bacteria
Chlorobium phaeobacteroides,protgpt2_score,1435.494278525577,45.183483793133924,1001.4570139351289,1815.04405796142,Bacteria
Chloroflexus aurantiacus,protgpt2_score,1807.408560007064,35.19175865279869,1466.739848811545,2065.3061366034876,Bacteria
Chromobacterium violaceum,protgpt2_score,1465.7597705086323,39.94337658941279,916.4960407003389,1916.35233925836,Bacteria
Citrobacter koseri,protgpt2_score,1726.5057402683556,44.603634360481905,1158.7341705232625,2174.2260355559533,Bacteria
Clostridium acetobutylicum,protgpt2_score,1395.8414117196883,34.184982927120046,919.8392877256068,1780.5339379795355,Bacteria
Clostridium beijerinckii,protgpt2_score,1537.7227216769184,30.763909963165275,1271.0362770271681,1841.690761195208,Bacteria
Clostridium botulinum,protgpt2_score,1266.0321832199218,10.616470586031335,1137.5385113855891,1359.4696621752362,Bacteria
Clostridium kluyveri,protgpt2_score,1799.2417088700554,14.93155730435248,1643.0316316929589,1985.0863966198551,Bacteria
Clostridium perfringens,protgpt2_score,1525.2278420548596,9.04816812401662,1426.7684600061677,1617.8524232159102,Bacteria
Coffea arabica,protgpt2_score,1649.138104909273,19.347980895580015,1472.482681599394,1864.790724804321,Eukaryota
Corynebacterium efficiens,protgpt2_score,1432.1730992217458,9.46352874759718,1301.3369321045539,1529.865627415065,Bacteria
Corynebacterium glutamicum,protgpt2_score,1359.62434478145,30.347827800880605,994.0723250304585,1716.7263294531142,Bacteria
Coturnix japonica,protgpt2_score,2089.1707098185293,19.829354944561736,1870.7493278248173,2293.932907298606,Eukaryota
Cricetulus griseus,protgpt2_score,2086.8189683541186,17.743996655580688,1840.1690183038663,2246.5627769478842,Eukaryota
Cronobacter sakazakii,protgpt2_score,1749.8890763225756,47.12046626502531,1040.8983770218854,2200.033392115042,Bacteria
Crucihimalaya wallichii,protgpt2_score,1622.3968832306853,27.81706720507098,1352.0184713266008,1883.0568909352494,Eukaryota
Cryptococcus deneoformans,protgpt2_score,1383.2547248646092,18.682249285617242,1173.8373340321355,1554.621026809426,Eukaryota
Cucumis sativus,protgpt2_score,1700.2507477132067,11.77606113657819,1563.633087951047,1847.0728843224645,Eukaryota
Culex quinquefasciatus,protgpt2_score,1627.4263572371624,25.78663815966076,1344.558461134571,1929.2366065873578,Eukaryota
Cupriavidus necator,protgpt2_score,1562.126688185048,35.04671514229761,1108.8615920063808,1965.472481414979,Bacteria
Cycas taitungensis,protgpt2_score,1318.8865425272595,5.7814058884165,1239.7898399217152,1379.7633122313553,Eukaryota
Cytophaga hutchinsonii,protgpt2_score,1310.9326663500376,7.620960695454254,1224.0837728591791,1398.874507064474,Bacteria
Danio rerio,protgpt2_score,1827.3072292723873,32.23559578867647,1217.7305230734062,2186.5969317272193,Eukaryota
Dasypus novemcinctus,protgpt2_score,1827.7104504768636,34.703295095483305,1389.9839610677777,2133.635024194789,Eukaryota
Daucus carota,protgpt2_score,1985.716634350853,9.003276970830214,1863.3557550573257,2097.322559140539,Eukaryota
Debaryomyces hansenii,protgpt2_score,1364.970808143764,34.842990463262524,1012.5180566556634,1839.743239243538,Eukaryota
Deinococcus radiodurans,protgpt2_score,1187.8213501517373,38.63736481436267,757.6813609873095,1720.2620051249053,Bacteria
Dictyostelium discoideum,protgpt2_score,1398.5786835102786,32.980242225059,1032.3002031923893,1808.6587111993176,Eukaryota
Didelphis virginiana,protgpt2_score,1563.3569955874489,23.549429548398116,1253.6125484284496,1784.6354965185253,Eukaryota
Drimys granadensis,protgpt2_score,1641.7703819284538,25.737315417951883,1380.9715079908424,1869.0101669277005,Eukaryota
Drosophila melanogaster,protgpt2_score,1709.4828814937223,33.46946087481117,1276.7926160799382,2163.424684467865,Eukaryota
Drosophila persimilis,protgpt2_score,1698.0873652818984,5.794822438922713,1613.5853303560011,1782.8837481872818,Eukaryota
Drosophila sechellia,protgpt2_score,1930.388606667232,15.13880626580178,1780.0908642169868,2140.455177726447,Eukaryota
Drosophila simulans,protgpt2_score,1981.582004941194,9.920003406624087,1880.7466468863047,2101.6019165564294,Eukaryota
Drosophila willistoni,protgpt2_score,1914.7072846487308,11.108601145710216,1792.5928274737403,2049.3113057247247,Eukaryota
Drosophila yakuba,protgpt2_score,1960.3729866426022,7.02053414967294,1870.964346938173,2048.2568138784436,Eukaryota
Dugong dugon,protgpt2_score,1784.960812868897,31.963746503371564,1539.8699877444253,2195.1218135700115,Eukaryota
Emericella nidulans,protgpt2_score,1597.8721875801575,32.61122317462742,1146.0768599038354,1987.2467335935771,Eukaryota
Encephalitozoon cuniculi,protgpt2_score,1066.2552208325926,18.60190176968995,877.4923761291158,1273.46309102336,Eukaryota
Entamoeba histolytica,protgpt2_score,1182.7328372914867,28.065332485679743,857.8469552461122,1510.855478947555,Eukaryota
Enterobacter sp.,protgpt2_score,1687.524969707528,44.330139985123814,1084.8263536648146,2198.9669316726718,Bacteria
Enterococcus faecalis,protgpt2_score,1427.0458483572436,32.3060215162241,1093.9624791169842,1927.6527752377563,Bacteria
Enterococcus hirae,protgpt2_score,1435.9984345654243,3.08352118168032,1399.3522870039835,1478.9891672818353,Bacteria
Equus caballus,protgpt2_score,1866.8418935598593,39.498154199962265,1354.0430070353223,2180.9419463289514,Eukaryota
Erwinia tasmaniensis,protgpt2_score,1695.0315695911693,47.58330319260216,1070.993629601708,2166.6519348245797,Bacteria
Escherichia coli,protgpt2_score,1734.6598888680837,45.69629148702353,1220.5933204555986,2232.3164861976375,Bacteria
Escherichia coli O139:H28,protgpt2_score,1427.4240840820605,2.6920232471512366,1387.6432385990704,1460.399427027348,Bacteria
Escherichia coli O157:H7,protgpt2_score,1595.2485855149432,52.217206997742885,1062.2446571531714,2122.706997547898,Bacteria
Escherichia coli O17:K52:H18,protgpt2_score,1532.3953905634946,2.90980568570143,1492.956852848785,1564.8300104352659,Bacteria
Escherichia coli O1:K1 / APEC,protgpt2_score,2022.0627151595174,8.646263720282617,1901.4829410735094,2118.734729148792,Bacteria
Escherichia coli O45:K1,protgpt2_score,1238.910779127783,11.731116001847909,1129.1228329227677,1374.22221684565,Bacteria
Escherichia coli O6:H1,protgpt2_score,1600.356684330354,42.60679363971817,1241.9754820486744,2086.7494414198086,Bacteria
Escherichia coli O7:K1,protgpt2_score,1581.2199119767724,13.911098361284326,1422.8163917613767,1738.5349990677198,Bacteria
Escherichia coli O81,protgpt2_score,1537.4544257114421,2.885322462431839,1498.791343905824,1570.7066892830824,Bacteria
Escherichia coli O9:H4,protgpt2_score,1175.7619643853086,4.469518242528432,1114.2764332938107,1227.652984282435,Bacteria
Eucalyptus globulus subsp. globulus,protgpt2_score,1918.3117516957236,11.30446394789821,1744.2230011629756,2041.2705382001984,Eukaryota
Fagopyrum esculentum subsp. ancestrale,protgpt2_score,1901.394892298666,11.1217939506481,1734.3075508408913,2012.6065325549464,Eukaryota
Felis catus,protgpt2_score,2071.3284423267255,23.614101272099514,1709.39239416369,2307.297011307629,Eukaryota
Formosania lacustris,protgpt2_score,1697.6977149072895,41.823672054598596,1372.1756126451878,2062.4172964513223,Eukaryota
Francisella tularensis subsp. holarctica,protgpt2_score,1277.5891478022431,6.643419032898542,1204.762156297898,1372.3863272929814,Bacteria
Francisella tularensis subsp. tularensis,protgpt2_score,1113.1741393648197,4.328320336087705,1054.4701266467266,1165.0954320747417,Bacteria
Gadus morhua,protgpt2_score,1735.3638066922565,32.782684166803776,1417.8273483459707,2104.8152923426837,Eukaryota
Gallus gallus,protgpt2_score,2031.6359548988319,27.862282831647917,1554.689054588423,2273.659663857218,Eukaryota
Geobacillus kaustophilus,protgpt2_score,1631.6435843456773,35.32061812984394,1058.9566379796604,2047.5056628861998,Bacteria
Geobacillus stearothermophilus,protgpt2_score,1559.5956054882458,16.498475281194782,1330.51691674207,1752.751784129601,Bacteria
Gibberella zeae,protgpt2_score,1658.3253842346248,8.559567768309673,1575.1857503191306,1792.406467631796,Eukaryota
Gorilla gorilla,protgpt2_score,1769.4261265065402,31.758817099619876,1271.792827945223,2125.9816109218527,Eukaryota
Gorilla gorilla gorilla,protgpt2_score,1784.2241930547161,7.726890211352553,1692.3199235938405,1890.7043754413064,Eukaryota
Gossypium barbadense,protgpt2_score,1745.142482050168,42.397126698982355,1310.2611185471924,2134.528357817278,Eukaryota
Haemophilus ducreyi,protgpt2_score,1438.2425575352381,6.370340745862508,1369.088729878423,1528.1186332411717,Bacteria
Haemophilus influenzae,protgpt2_score,1525.4204443426052,51.16645086621623,941.5836904071709,2168.248588187091,Bacteria
Halalkalibacterium halodurans,protgpt2_score,1607.2888078557078,31.644223732546326,1151.318582433308,1989.5475314696137,Bacteria
Haloarcula hispanica,protgpt2_score,1100.237072868843,8.520342875403287,1006.1635082344453,1210.5570256234964,Archaea
Haloarcula marismortui,protgpt2_score,1257.893743781352,39.61337970797009,911.5372711962154,1760.4220469185177,Archaea
Halobacterium salinarum,protgpt2_score,986.2477422084746,35.95076885515151,632.3447092882931,1606.95695634701,Archaea
Haloferax mediterranei,protgpt2_score,1029.799122404761,19.882548065237085,840.9970014513417,1269.0528999985188,Archaea
Haloferax volcanii,protgpt2_score,1195.4211718930462,26.31581044287256,880.6347207077856,1567.906260302188,Archaea
Halopiger xanaduensis,protgpt2_score,1242.504490924874,15.312664165298735,1068.0813805007197,1386.2309528373758,Archaea
Haloquadratum walsbyi,protgpt2_score,1243.619851488706,23.9136578506059,992.0415146472211,1515.0277550523297,Archaea
Halorhodospira halophila,protgpt2_score,1739.7446982394572,37.17767571852317,1375.5645515877595,2058.734272194815,Bacteria
Halorubrum lacusprofundi,protgpt2_score,1435.0550431455642,17.064912854641463,1257.2974634829206,1611.873976911281,Archaea
Helianthus annuus,protgpt2_score,2047.1997384427727,10.132097657823088,1927.5573325354144,2151.296323056311,Eukaryota
Helicobacter pylori,protgpt2_score,1128.3596373836947,30.580163321161745,810.2351184408819,1522.6064699386914,Bacteria
Homo sapiens,protgpt2_score,2018.9700779191471,30.026329627399203,1581.2144327678607,2362.043686668202,Eukaryota
Hordeum vulgare,protgpt2_score,1995.6937085714512,9.43251466093421,1874.8689880168902,2114.6908257510395,Eukaryota
Huperzia lucidula,protgpt2_score,1290.9528999059046,13.023166268557476,1151.1934089653462,1461.8296541452999,Eukaryota
Hydra vulgaris,protgpt2_score,1523.26336695808,11.303566337192335,1342.558596750625,1648.7756965141054,Eukaryota
Hydrogenobacter thermophilus,protgpt2_score,1456.991135158236,2.5566116300467674,1423.3109849150098,1484.9637524680145,Bacteria
Hylobates lar,protgpt2_score,1614.2474210884836,21.799181675505157,1396.9436884673903,1831.7128104376939,Eukaryota
Hyperthermus butylicus,protgpt2_score,1006.3890640481285,15.323966031039271,841.4409452875165,1195.5395574040647,Archaea
Ignicoccus hospitalis,protgpt2_score,1263.7510183271975,10.314812636182628,1115.5346205048472,1402.6019492250016,Archaea
Ipomoea purpurea,protgpt2_score,1847.2877816577486,9.76853808043426,1724.6708940192082,1967.535547919185,Eukaryota
Jasminum nudiflorum,protgpt2_score,1853.964894373392,11.294485005490566,1707.5837639919016,2006.8285560658271,Eukaryota
Klebsiella aerogenes,protgpt2_score,1647.873683810633,2.794087930206331,1613.0304709079408,1684.6264840950262,Bacteria
Klebsiella pneumoniae,protgpt2_score,1800.6060270248397,46.24631941320461,1126.9870482985295,2252.9953877239523,Bacteria
Klebsiella pneumoniae subsp. pneumoniae,protgpt2_score,1528.0887332366535,5.427750844528898,1468.4427936023278,1590.763003557256,Bacteria
Kluyveromyces lactis,protgpt2_score,1389.04671352453,34.616179613248434,917.5002055363638,1877.8699488644459,Eukaryota
Korarchaeum cryptofilum,protgpt2_score,1171.2356353101966,10.469561022528923,1051.3778325277133,1283.9421314131466,Archaea
Lactiplantibacillus plantarum,protgpt2_score,1286.2763835591486,33.59555018832385,888.6200139136156,1829.9164775384463,Bacteria
Lactococcus lactis,protgpt2_score,1345.6117017355405,33.80708120850824,876.1604772592459,1675.5272069691912,Bacteria
Lactococcus lactis subsp. cremoris,protgpt2_score,1263.9839568646541,6.636276228442095,1191.8228332483802,1359.1608532880716,Bacteria
Lactococcus lactis subsp. lactis,protgpt2_score,1442.0906354920307,24.223126683029264,1205.9050100873897,1697.1599352961439,Bacteria
Latimeria chalumnae,protgpt2_score,1888.9280648254614,14.419174926542064,1683.6326953443815,2037.6813229932882,Eukaryota
Legionella pneumophila,protgpt2_score,1263.0185098367574,21.18318611978967,1071.0991869341694,1465.6763523100212,Bacteria
Legionella pneumophila subsp. pneumophila,protgpt2_score,1510.2541579978854,15.329454174441706,1337.0748723712775,1675.7336881837027,Bacteria
Leifsonia xyli subsp. xyli,protgpt2_score,1555.6013222377746,5.796294707776864,1497.3572220887577,1639.3800535138835,Bacteria
Lemna minor,protgpt2_score,1833.306410239812,27.3291705521395,1538.2255335872283,2072.500549106698,Eukaryota
Lemur catta,protgpt2_score,1703.4065264328622,18.07505037754493,1531.4498731970593,1950.8348417151878,Eukaryota
Lepidium virginicum,protgpt2_score,1984.5690223629683,28.1767464279738,1669.9623913789908,2196.6246343246858,Eukaryota
Levilactobacillus brevis,protgpt2_score,1435.2167341896472,5.382934593762072,1362.4862357371082,1509.4116266750968,Bacteria
Liriodendron tulipifera,protgpt2_score,1807.9837470598563,27.17187942692042,1519.4229144487213,2045.924080399992,Eukaryota
Listeria monocytogenes,protgpt2_score,1538.4152009801137,33.65704244523094,1094.9246860464143,1951.9232704388114,Bacteria
Listeria monocytogenes serotype 1/2a,protgpt2_score,1647.9264804362133,17.081291429364082,1486.4237621474592,1811.9497227760173,Bacteria
Listeria monocytogenes serovar 1/2a,protgpt2_score,1484.5570899980385,2.9767749595391204,1449.0580251093804,1526.5107673769144,Bacteria
Lobularia maritima,protgpt2_score,1906.3357028749963,10.783598706225968,1782.90823810703,2033.0614006499188,Eukaryota
Lodderomyces elongisporus,protgpt2_score,1357.7298824003717,25.983730246678036,1091.9909802687976,1582.759691521324,Eukaryota
Lotus japonicus,protgpt2_score,2078.072839420722,12.267410652611552,1898.142775164037,2204.7667574716575,Eukaryota
Loxodonta africana,protgpt2_score,1577.032359262742,20.189791296722767,1353.7484557441066,1770.8985615264307,Eukaryota
Lumbricus terrestris,protgpt2_score,1761.631975961345,20.048699047886196,1559.9645867812528,1979.1451048583626,Eukaryota
Lycodon semicarinatus,protgpt2_score,1521.4786624481565,19.951152068616953,1278.0336323385486,1711.4941230700827,Eukaryota
Macaca fascicularis,protgpt2_score,2022.2476017898368,30.024466738332205,1708.4035095034467,2351.088492669693,Eukaryota
Mammuthus primigenius,protgpt2_score,1255.3659770759366,13.841003724059389,1057.5473028157396,1395.108179880241,Eukaryota
Mannheimia succiniciproducens,protgpt2_score,1506.9467739303418,50.049266268912234,942.0339566768013,2039.027482033372,Bacteria
Marchantia polymorpha,protgpt2_score,1855.3660697478479,21.624811573526042,1588.7829847500548,2031.7877609804586,Eukaryota
Marinobacter nauticus,protgpt2_score,1813.6042548255448,16.176116353296557,1650.9925508954293,1954.7962591237645,Bacteria
Mesocricetus auratus,protgpt2_score,1546.861224026801,64.87366263741536,858.0512995208684,2019.3292906702673,Eukaryota
Mesorhizobium japonicum,protgpt2_score,1405.2999061983082,43.71186264262353,919.7772573958879,2192.3356871244846,Bacteria
Mesostigma viride,protgpt2_score,1520.1479514833607,8.398397254702038,1411.9760929561542,1620.7134970073969,Eukaryota
Metallosphaera sedula,protgpt2_score,851.056609529927,16.329306270978314,645.017562481788,1038.4817441914659,Archaea
Methanobacterium formicicum,protgpt2_score,962.7165109543014,13.498084965701064,822.4386360046707,1152.2082076709937,Archaea
Methanobrevibacter smithii,protgpt2_score,947.4530752375255,15.946647730853758,775.8241182626235,1138.3454116339858,Archaea
Methanocaldococcus jannaschii,protgpt2_score,1150.0823101360347,39.075804108718074,744.5359811131628,1856.5851409916834,Archaea
Methanocella arvoryzae,protgpt2_score,1434.462835065861,9.386202420679735,1289.9061632459889,1563.7189067617048,Archaea
Methanococcoides burtonii,protgpt2_score,1391.0043237538275,23.85976897236693,1077.4392793664736,1639.39203148759,Archaea
Methanococcus aeolicus,protgpt2_score,1193.0156900339105,10.058973300700734,1045.2774645540421,1288.5994592904228,Archaea
Methanococcus maripaludis,protgpt2_score,1204.9233555538187,27.099646446307872,816.0068431645175,1497.660844078094,Archaea
Methanococcus vannielii,protgpt2_score,1098.0863600603602,26.469575483815817,789.8371453218118,1412.273567432191,Archaea
Methanocorpusculum labreanum,protgpt2_score,868.7176713453754,16.630764691626563,689.0189208860894,1091.0265122517742,Archaea
Methanoculleus marisnigri,protgpt2_score,1010.507206391489,15.896866523840291,852.8192286977004,1242.2024374085343,Archaea
Methanopyrus kandleri,protgpt2_score,1243.1174541012806,32.12562822069746,881.2486819717299,1612.885972502894,Archaea
Methanoregula boonei,protgpt2_score,1035.7838101700647,13.50058435220201,891.2637010117032,1216.252800485499,Archaea
Methanosarcina acetivorans,protgpt2_score,1087.4527282586175,40.26436425529733,781.0313078694339,1790.8506540722392,Archaea
Methanosarcina barkeri,protgpt2_score,1293.4986617654884,29.951634911635054,921.4107427021195,1648.6166388802358,Archaea
Methanosarcina mazei,protgpt2_score,1241.479615471129,31.679573319408465,957.9447332231703,1749.152303211231,Archaea
Methanosphaera stadtmanae,protgpt2_score,1140.388103310863,28.43306996670602,814.7819470097776,1479.435585214014,Archaea
Methanosphaerula palustris,protgpt2_score,1297.9183033824497,30.185322713337797,995.1628048080366,1612.7875113422012,Archaea
Methanospirillum hungatei JF-1,protgpt2_score,1011.690211689612,22.940906203969988,801.7382001922124,1297.3840993084677,Archaea
Methanothermobacter marburgensis,protgpt2_score,997.4845830100779,11.46507938677339,880.4969133631345,1139.2735670902293,Archaea
Methanothermobacter thermautotrophicus,protgpt2_score,1111.336999107001,39.27942363514226,682.4509153847666,1792.5246898643832,Archaea
Methanothermus fervidus,protgpt2_score,940.1381170662281,8.082334691251042,846.9879260428899,1050.1598247343557,Archaea
Methanothrix thermoacetophila,protgpt2_score,1065.2865233711852,13.031368083371285,864.0702064517021,1195.9740561534763,Archaea
Methylococcus capsulatus,protgpt2_score,1501.8400704539888,28.81653820153246,1061.6037680255208,1864.9697023766823,Bacteria
Meyerozyma guilliermondii,protgpt2_score,1443.8048370505473,6.405299723210943,1376.1307602066522,1505.8419088983678,Eukaryota
Micrococcus luteus,protgpt2_score,1533.0266265163777,3.3828108302500515,1486.3160997947157,1575.409836496575,Bacteria
Microcystis aeruginosa,protgpt2_score,1268.3769513038053,4.088775625306743,1222.3240878478427,1327.8801661748296,Bacteria
Micromonas commoda,protgpt2_score,1575.4481111763191,9.721059571343645,1473.0696123619687,1734.9166103696152,Eukaryota
Monodelphis domestica,protgpt2_score,1973.4065340055238,18.693398712398754,1721.1793389882837,2198.707188078495,Eukaryota
Mus musculus,protgpt2_score,1974.1457521078235,37.01499951113267,1417.0110918595408,2340.763701487543,Eukaryota
Mycobacterium bovis,protgpt2_score,1413.2799128518259,17.63029368753522,1182.1912678239257,1606.240627068792,Bacteria
Mycobacterium leprae,protgpt2_score,1415.9585364332147,13.844704573574036,1291.7876953487132,1580.5043018697538,Bacteria
Mycobacterium sp.,protgpt2_score,1383.5941759781658,12.109899919731566,1269.477369005584,1541.9440210679456,Bacteria
Mycobacterium tuberculosis,protgpt2_score,1398.3058785417365,33.24539024583243,1029.1009776950712,1892.36478681654,Bacteria
Mycobacteroides abscessus,protgpt2_score,1475.4286180929726,3.8186104038423965,1433.663252398268,1535.1094765454327,Bacteria
Mycolicibacterium gilvum,protgpt2_score,1369.887872543287,41.146490348399325,1134.1033877101468,1840.5781002520635,Bacteria
Mycolicibacterium paratuberculosis,protgpt2_score,1488.3335984857608,3.3242566990264115,1447.262680250035,1524.676889553244,Bacteria
Mycolicibacterium smegmatis,protgpt2_score,1447.3278123528462,41.85111287662102,936.9071311529912,1969.3995769499932,Bacteria
Mycolicibacterium smegmatis155),protgpt2_score,1411.5897549244485,14.351799034520651,1206.9615713703631,1548.9060593197948,Bacteria
Mycoplasma genitalium,protgpt2_score,1008.1714584929147,25.164849145559636,783.9341338536834,1243.3398566750245,Bacteria
Mycoplasma pneumoniae,protgpt2_score,956.9403062198492,34.91585477752802,600.5917479489137,1488.463523775955,Bacteria
Mycosarcoma maydis,protgpt2_score,1517.0922403866418,25.833942346242083,1170.2916796444113,1748.6108777944462,Eukaryota
Myxococcus xanthus,protgpt2_score,1420.5183960731247,24.788315653989454,1194.5760949595513,1664.497175926988,Bacteria
Nanoarchaeum equitans,protgpt2_score,889.2701212503837,37.88210009619271,487.4280686680224,1444.5561527109996,Archaea
Nasturtium officinale,protgpt2_score,1710.9411958581002,22.046331368754373,1456.3650179125746,1913.8906563063151,Eukaryota
Natrialba magadii,protgpt2_score,1269.2885042198272,7.95168168723362,1132.9663608973412,1354.832540226078,Archaea
Natronomonas pharaonis,protgpt2_score,1507.7177518806136,19.823566270035744,1276.1495710397335,1681.0911071358826,Archaea
Neisseria gonorrhoeae,protgpt2_score,1655.3634397679386,7.3859328825691515,1566.8707686403695,1747.9290748092355,Bacteria
Neisseria meningitidis,protgpt2_score,1446.1932556225988,36.58808205559039,1054.8457790750688,1979.0421224150332,Bacteria
Nematostella vectensis,protgpt2_score,1587.7342984198176,21.60899275949815,1283.0274930541243,1887.821315260462,Eukaryota
Neosartorya fischeri,protgpt2_score,1628.6372040742822,35.85782311984793,1284.653322499687,1957.7396099443197,Eukaryota
Neurospora crassa,protgpt2_score,1643.9025030452874,37.029433553911666,1182.0816394468745,2176.2918905626125,Eukaryota
Nicotiana sylvestris,protgpt2_score,1904.0667002007738,31.717240812284395,1618.962077713736,2242.7733716537614,Eukaryota
Nicotiana tabacum,protgpt2_score,1878.1975187135517,34.34271711527455,1430.2980912254818,2258.1197206840147,Eukaryota
Nitratidesulfovibrio vulgaris,protgpt2_score,1370.6216332638082,49.2549316124209,895.2488224892248,1987.4518723624392,Bacteria
Nitrosomonas europaea,protgpt2_score,1306.5386963817575,5.286067218689188,1241.709333000051,1377.905232170857,Bacteria
Nitrosopumilus maritimus,protgpt2_score,828.1017956685665,10.78657918162794,688.9353186553299,977.2839494035851,Archaea
Nocardia farcinica,protgpt2_score,1450.694329296095,22.460390353877777,1143.5389269085981,1668.8011223043013,Bacteria
Nocardioides sp.,protgpt2_score,1390.4306181727068,17.54049385938707,1228.146647645208,1591.0762715668802,Bacteria
Nostoc punctiforme,protgpt2_score,1663.8472556875474,37.03516179526287,1277.5276460439961,1920.1173920374365,Bacteria
Nostoc sp.,protgpt2_score,1309.719866185279,50.33661100191523,855.0829113057349,2172.542596630351,Bacteria
Notamacropus eugenii,protgpt2_score,2079.080841827062,8.237109260520654,2005.7053272686578,2175.460823216272,Eukaryota
Oceanobacillus iheyensis,protgpt2_score,1501.7023531438347,39.4781322012556,1059.5581143424974,1972.4987267072108,Bacteria
Oenothera berteroana,protgpt2_score,1748.3845232975907,21.687588320954816,1501.7956931995825,1920.682462316778,Eukaryota
Oenothera elata subsp. hookeri,protgpt2_score,1836.1450990747005,16.33750255861909,1680.2078016645764,1987.9211818302758,Eukaryota
Ogataea parapolymorpha,protgpt2_score,1507.8720188266661,23.58136552654254,1329.503996718586,1757.7878932068995,Eukaryota
Olimarabidopsis pumila,protgpt2_score,2041.0686908774298,19.7035307505928,1758.9205437227665,2201.2318213573353,Eukaryota
Oncorhynchus mykiss,protgpt2_score,1675.1723755063742,47.4335345700464,1161.60751201168,2233.8569314549272,Eukaryota
Ornithorhynchus anatinus,protgpt2_score,2005.4440005431245,23.709791812001114,1627.2077856432843,2209.0654820686245,Eukaryota
Oryctolagus cuniculus,protgpt2_score,2001.3298397346107,19.63004130653047,1716.0458196538532,2242.681391180136,Eukaryota
Oryza sativa,protgpt2_score,1834.5943835263215,32.1516969695852,1399.2865579080408,2223.7004163854454,Eukaryota
Oryza sativa subsp. indica,protgpt2_score,1819.7916942821516,23.715195151907647,1542.4724414340963,2110.8508759413903,Eukaryota
Oryza sativa subsp. japonica,protgpt2_score,1963.0128336747684,32.08329905098396,1452.4617829084264,2316.2626580360275,Eukaryota
Ostreococcus lucimarinus,protgpt2_score,1473.9997787175557,17.76455137851797,1265.465723580618,1647.9322869575317,Eukaryota
Ostreococcus tauri,protgpt2_score,1698.7079182996126,17.430059761703628,1494.5906432720355,1867.0254768878137,Eukaryota
Ovis aries,protgpt2_score,2123.0725253894507,29.629628406162883,1524.7675093042524,2421.690932039161,Eukaryota
Paenarthrobacter aurescens,protgpt2_score,1235.3515484934571,7.4511146763946705,1151.8732134451786,1334.0783910540708,Bacteria
Paenarthrobacter nicotinovorans,protgpt2_score,1323.0556399216646,15.865121283375512,1167.0818151718308,1501.1273481072992,Bacteria
Pan paniscus,protgpt2_score,1847.143470548975,39.5786258073951,1425.7586326338055,2151.963101084589,Eukaryota
Pan troglodytes,protgpt2_score,1924.0332743645517,29.83457925772701,1530.569763358333,2236.791450263748,Eukaryota
Papio hamadryas,protgpt2_score,1389.1499695525192,40.09924134148579,1072.6383050569268,1707.5756337766893,Eukaryota
Paracoccidioides brasiliensis,protgpt2_score,1298.5554836494289,10.05188593458103,1196.0685988434284,1455.489645155144,Eukaryota
Paracoccidioides lutzii,protgpt2_score,1552.8804168463967,8.331421380829278,1446.7037888892874,1653.3172172461957,Eukaryota
Paracoccus denitrificans,protgpt2_score,1529.8363826846812,25.89045168640178,1240.9567253225484,1930.4732398516153,Bacteria
Paramagnetospirillum magneticum,protgpt2_score,1620.9862066831113,2.836868449866227,1586.4424424359497,1659.2707098218634,Bacteria
Paramecium tetraurelia,protgpt2_score,1012.3127507223471,25.19858444249502,783.972164061132,1394.1894440503215,Eukaryota
Pasteurella multocida,protgpt2_score,1524.6904545728519,48.47043304792382,960.9944467248049,2117.5503292706035,Bacteria
Paulinella chromatophora,protgpt2_score,1835.1688109605536,35.58584849898756,1382.974957573782,2076.9397478999963,Eukaryota
Pectobacterium atrosepticum,protgpt2_score,1736.3223581260133,46.65407915028137,1106.6180349845608,2180.8662151258054,Bacteria
Pelotomaculum thermopropionicum,protgpt2_score,1876.7457015202972,8.84739178904284,1773.1562560659984,1974.54130180607,Bacteria
Penicillium rubens,protgpt2_score,1441.08270960478,11.934471289743826,1288.1093035760578,1577.6006722062475,Eukaryota
Persephonella marina,protgpt2_score,1749.047143243038,7.789345761289615,1667.1769821604444,1865.8375938632787,Bacteria
Petromyzon marinus,protgpt2_score,1666.2428530968405,28.86367918414627,1349.837525170931,2079.5979299602886,Eukaryota
Phaseolus vulgaris,protgpt2_score,1483.0454477637268,10.634671103660692,1372.8116610621576,1619.4415905210626,Eukaryota
Phoca vitulina,protgpt2_score,1918.4755920282023,41.94026122371128,1568.378556933514,2281.5530849714537,Eukaryota
Photobacterium profundum,protgpt2_score,1620.0400892218986,36.9182626251491,1086.0361336209144,2018.6798043515362,Bacteria
Photorhabdus laumondii,protgpt2_score,1720.454717962228,40.43930393318787,1174.5067977635483,2159.375121349457,Bacteria
Photorhabdus laumondii subsp. laumondii,protgpt2_score,1451.7805269667797,5.442977699304877,1391.3065517032999,1515.6752169687722,Bacteria
Physcomitrium patens,protgpt2_score,1810.567733593966,13.368909416462154,1642.4717415910795,1943.1245524936342,Eukaryota
Phytophthora infestans,protgpt2_score,1547.9658840051009,34.19411875682979,1127.405006054019,1905.9987204158442,Eukaryota
Pichia angusta,protgpt2_score,1539.7232150013654,41.65082446420337,1108.3728206037065,1848.595502731631,Eukaryota
Picosynechococcus sp.,protgpt2_score,1837.292569909747,8.353981106625511,1759.3214560404404,1921.119107181233,Bacteria
Picrophilus torridus,protgpt2_score,792.6684180743774,14.184022477560182,643.5706136125332,965.0643383796425,Archaea
Pisum sativum,protgpt2_score,1688.7115512259654,48.26461652598911,1348.1397688685643,2196.186756375327,Eukaryota
Plasmodium falciparum,protgpt2_score,1302.9893138097232,31.53345854155535,910.476775327636,1762.2797593278674,Eukaryota
Platanus occidentalis,protgpt2_score,1676.756190104359,28.928277056893393,1398.4420129794453,1939.67160507713,Eukaryota
Polaromonas naphthalenivorans,protgpt2_score,1535.3632201612074,48.83354787667012,1086.9887900027832,1885.9384411849117,Bacteria
Pongo abelii,protgpt2_score,1903.8192701928763,32.04995097887753,1435.09462717629,2249.565970357706,Eukaryota
Pongo pygmaeus,protgpt2_score,1733.4555653487207,33.97327717823918,1446.8103888011672,2197.78159472191,Eukaryota
Populus trichocarpa,protgpt2_score,1836.7831621529594,32.9561262092254,1515.3699632652654,2204.2375732464766,Eukaryota
Porphyromonas gingivalis,protgpt2_score,1760.1807879255064,6.3814796978265855,1676.0533365763772,1842.1281917395015,Bacteria
Prochlorococcus marinus,protgpt2_score,1322.3243424889881,22.036949789425833,1072.0072095633614,1609.4519796212746,Bacteria
Proteus mirabilis,protgpt2_score,1756.5541465306967,42.3679735044142,1209.5540665076578,2203.4892941277735,Bacteria
Pseudomonas aeruginosa,protgpt2_score,1540.0275462368977,40.22270513789645,1010.7787049074451,1970.5381171660279,Bacteria
Pseudomonas fluorescens,protgpt2_score,1567.6962137233525,15.639719439427772,1348.2559652920859,1785.1883581967288,Bacteria
Pseudomonas paraeruginosa,protgpt2_score,1766.567028118361,7.828025470858894,1683.39379918242,1870.6801632354002,Bacteria
Pseudomonas putida,protgpt2_score,1498.4251552247622,37.28085732887552,1107.9296496480954,2123.9564133291883,Bacteria
Pseudomonas sp,protgpt2_score,1520.6462699535148,5.103466672518704,1439.8353829594053,1580.6370420890873,Bacteria
Pseudomonas sp.,protgpt2_score,1030.312464476601,8.886722336718575,900.2162354539921,1134.971371926791,Bacteria
Pseudomonas syringae pv. tomato,protgpt2_score,1494.599199286004,4.24194876141707,1444.398755796315,1551.39592740486,Bacteria
Pseudomonas taetrolens,protgpt2_score,1461.2674092329983,6.172567146902285,1376.941973826768,1551.69293648689,Bacteria
Pyricularia oryzae,protgpt2_score,1558.0097805709772,27.459871167347973,1205.555859208801,1774.9812251528313,Eukaryota
Pyrobaculum aerophilum,protgpt2_score,990.716407625434,40.83815484104606,538.5575301177444,1613.428130867304,Archaea
Pyrobaculum arsenaticum,protgpt2_score,966.0375184924889,9.103037009715484,880.1584514650065,1101.8464812303096,Archaea
Pyrobaculum calidifontis,protgpt2_score,1322.6798831526676,20.830180232549814,1033.9483873370293,1545.1322766843657,Archaea
Pyrobaculum islandicum,protgpt2_score,845.4760416097928,16.68203946860168,592.4621620037719,1050.6034467400011,Archaea
Pyrobaculum neutrophilum,protgpt2_score,1429.0762196374833,7.3739032159566404,1339.6387852401933,1519.9473683397327,Archaea
Pyrococcus abyssi,protgpt2_score,1324.4170890967296,29.22244329529487,934.789199565577,1752.812916953477,Archaea
Pyrococcus furiosus,protgpt2_score,1192.2571425356005,42.48982884676148,727.6687684245313,1893.403367721385,Archaea
Pyrococcus horikoshii,protgpt2_score,1159.4286416417694,38.82411777967022,739.4555717007803,1780.884158110222,Archaea
Pyrococcus woesei,protgpt2_score,1063.3548144701097,23.71881421310885,832.4640609915641,1353.6998891655944,Archaea
Ralstonia solanacearum,protgpt2_score,1495.687311112569,31.691406391602925,1112.8342188336235,1862.3560824539322,Bacteria
Rattus norvegicus,protgpt2_score,2002.9330227067715,33.90526738337337,1503.886618556592,2328.011646504459,Eukaryota
Rhinoceros unicornis,protgpt2_score,1926.6009042192889,31.580183194779334,1536.821558612522,2189.0131665878675,Eukaryota
Rhipicephalus sanguineus,protgpt2_score,1742.69313014982,30.714590026912386,1474.850130100959,2028.689319038404,Eukaryota
Rhizobium meliloti,protgpt2_score,1373.107946429461,38.97619320798189,978.789375562008,1812.9304287212792,Bacteria
Rhodobacter capsulatus,protgpt2_score,1536.8100260740275,42.65851341783151,1101.5530081169097,2045.551116549181,Bacteria
Rhodococcus erythropolis,protgpt2_score,1139.3812477527467,8.724203397686832,1023.2248473964614,1264.0574348323821,Bacteria
Rhodococcus jostii,protgpt2_score,1183.9208789999723,10.161325824695549,1058.0678802580815,1299.5780170631715,Bacteria
Rhodococcus sp,protgpt2_score,1329.818388016731,3.31622362814353,1297.1001126665976,1384.0620998789084,Bacteria
Rhodopseudomonas palustris,protgpt2_score,1331.7105870433463,41.26637104616638,855.2781921680343,1968.0145059122785,Bacteria
Rhodospirillum rubrum,protgpt2_score,1594.036545964294,17.537488644716962,1391.3538950747895,1794.7832515304337,Bacteria
Rhodovulum sulfidophilum,protgpt2_score,1378.2764871369584,3.7543663017611615,1330.1088752816618,1427.7769952255796,Bacteria
Ricinus communis,protgpt2_score,2084.493251648177,9.267310123973509,1982.5891071695185,2192.6905537556268,Eukaryota
Rickettsia conorii,protgpt2_score,1580.8533189910786,19.718066548998177,1374.732787128423,1762.7262590154157,Bacteria
Rickettsia felis,protgpt2_score,1235.9847931809397,6.079698961878689,1179.2272710440377,1317.5824584817524,Bacteria
Rickettsia prowazekii,protgpt2_score,1073.4978710515707,31.433019251415114,742.5975243831509,1520.7032932600305,Bacteria
Ruegeria pomeroyi,protgpt2_score,1421.448660493258,3.4488159950914787,1377.1178257149359,1465.5112534415548,Bacteria
Saccharolobus islandicus,protgpt2_score,1275.7829268931596,18.883668012300767,1054.7606313133815,1489.39209838896,Archaea
Saccharolobus shibatae,protgpt2_score,1331.8727796515182,10.09994815937113,1184.3778104154223,1448.183637464779,Archaea
Saccharolobus solfataricus,protgpt2_score,1001.808356386957,41.4249127887839,545.4994580564122,1646.0160762778114,Archaea
Saccharomyces cerevisiae,protgpt2_score,1427.8608770773903,34.17068886694098,1049.376380671249,1857.5418687149843,Eukaryota
Saccharopolyspora erythraea,protgpt2_score,1619.8860004467194,15.680773277901254,1472.403100339129,1792.6142392390898,Bacteria
Salmo salar,protgpt2_score,1935.9674402694163,20.36583769830153,1736.0629721939395,2221.653286098818,Eukaryota
Salmo trutta,protgpt2_score,1808.2542379452682,13.852832333187893,1650.5134710743357,1960.9104665574905,Eukaryota
Salmonella paratyphi B,protgpt2_score,2014.477009894255,10.194286535852932,1916.2264934495395,2140.3305254429783,Bacteria
Salmonella typhi,protgpt2_score,1706.0660166620405,20.883793015397327,1475.0372420404153,1905.6808617755446,Bacteria
Salmonella typhimurium,protgpt2_score,1774.3062210779885,47.36154185857634,1042.0660143898547,2229.0188047070524,Bacteria
Scheffersomyces stipitis,protgpt2_score,1608.5593805913772,8.829841522507385,1469.6227562364736,1716.2744774594903,Eukaryota
Schistosoma japonicum,protgpt2_score,1311.6639831141135,41.24303342028649,721.9911695022738,1718.401264376926,Eukaryota
Schistosoma mansoni,protgpt2_score,1815.2442333869303,14.136390715546998,1634.1119303200428,1957.7041213163086,Eukaryota
Schizosaccharomyces pombe,protgpt2_score,1399.4678254151563,29.25740088972433,1098.0088706044612,1787.6051485601042,Eukaryota
Scyliorhinus canicula,protgpt2_score,2047.2214756397325,16.995397834811634,1845.439717061086,2205.0446504344063,Eukaryota
Serratia proteamaculans,protgpt2_score,1717.6804117478773,45.44605593350399,1190.5469299249646,2155.9104515053996,Bacteria
Shewanella baltica,protgpt2_score,1576.79814731473,26.920852980792517,1401.18739314064,1973.1513481365068,Bacteria
Shewanella frigidimarina,protgpt2_score,1430.0950802952693,8.73200886165012,1317.7676476833262,1531.9383969212215,Bacteria
Shewanella oneidensis,protgpt2_score,1515.1227938567258,43.47767295558623,1011.6720914006326,1982.929257077105,Bacteria
Shewanella putrefaciens,protgpt2_score,1367.9666621820527,22.048347376813442,1097.122415339991,1547.9409281329324,Bacteria
Shewanella sp.,protgpt2_score,1519.477362833212,16.8335088679243,1329.7129842903187,1715.3753302196908,Bacteria
Shigella boydii serotype 18,protgpt2_score,1546.6427949931865,7.080104103110562,1435.0240240615265,1624.123091523331,Bacteria
Shigella flexneri,protgpt2_score,1739.7751070424022,56.963187810846826,938.3650261637721,2281.9379998112404,Bacteria
Sigmodon hispidus,protgpt2_score,1715.9072538406463,14.695363883061912,1541.2404116441046,1862.7560828136934,Eukaryota
Sinorhizobium fredii,protgpt2_score,1515.2256303090421,32.295736696525445,1130.5924685167095,1930.3506765645323,Bacteria
Sodalis glossinidius,protgpt2_score,1607.8243324582875,48.501430130619525,1022.1507531413047,2292.942769313348,Bacteria
Solanum lycopersicum,protgpt2_score,1669.5519522628695,35.535515737968005,1198.1385588771138,2226.0948335213466,Eukaryota
Solanum tuberosum,protgpt2_score,1869.5576142808945,13.944772893325881,1714.23991646101,2002.1346638422522,Eukaryota
Sordaria macrospora / K-hell),protgpt2_score,1699.586413797986,28.883062480756855,1363.9374730899358,1975.7235956839825,Eukaryota
Sorghum bicolor,protgpt2_score,1733.4520346121162,15.394627683017276,1577.9122641797526,1945.5124180066484,Eukaryota
Spinacia oleracea,protgpt2_score,1683.0162912797114,27.69337278395833,1452.6121859110508,2009.9939036303904,Eukaryota
Staphylococcus aureus,protgpt2_score,1444.8526803311106,37.66206786728885,1048.7423749747898,1949.7979574143449,Bacteria
Staphylococcus epidermidis,protgpt2_score,1121.8513630804157,9.710518231464281,1013.1268858689851,1230.096344686886,Bacteria
Staphylococcus haemolyticus,protgpt2_score,1017.8179082506801,6.53296731073926,945.7965473703034,1106.1639003549915,Bacteria
Staurastrum punctulatum,protgpt2_score,1734.189399993172,24.423180892500437,1466.7666351191242,1939.7268016715063,Eukaryota
Stenotrophomonas maltophilia,protgpt2_score,1662.4835481211246,40.238063485990864,1247.2772215999391,2005.9201879504271,Bacteria
Streptococcus gordonii,protgpt2_score,1447.207439762747,42.84327471619008,1023.1254907925495,1936.6462436785137,Bacteria
Streptococcus pneumoniae,protgpt2_score,1372.4906085037478,31.34125715952718,1030.574471304633,1695.749377291581,Bacteria
Streptococcus pneumoniae serotype 2,protgpt2_score,1388.6232705425273,5.345204811483336,1330.5238346134256,1463.1007230167554,Bacteria
Streptococcus pneumoniae serotype 4,protgpt2_score,1389.7988745793548,24.119945411878422,1110.8221231059008,1673.276087460213,Bacteria
Streptococcus pyogenes,protgpt2_score,1271.9549565809043,6.317194516762476,1215.7004242690466,1372.9549571506307,Bacteria
Streptococcus pyogenes serotype M1,protgpt2_score,1115.4836389459415,21.686804565178807,943.0838963833525,1325.1486059052343,Bacteria
Streptococcus pyogenes serotype M3,protgpt2_score,1431.3514673915167,5.838740108795759,1372.662498007944,1505.9889199204092,Bacteria
Streptococcus pyogenes serotype M6,protgpt2_score,1061.2867305737816,4.170755438199208,1007.2636482202893,1111.8886460769306,Bacteria
Streptococcus suis,protgpt2_score,1536.6257945099833,24.858837426022262,1323.4106036782441,1772.5518648651866,Bacteria
Streptomyces arenae,protgpt2_score,1314.2989472521078,6.075847280253838,1257.698474121605,1412.4674057077114,Bacteria
Streptomyces avermitilis,protgpt2_score,1357.235028674614,17.84434263458635,1179.4977787452308,1517.9434135379518,Bacteria
Streptomyces coelicolor,protgpt2_score,1474.4004409850072,40.32634798111633,1026.2082403770166,2074.6603225000667,Bacteria
Streptomyces coelicolor / M145),protgpt2_score,1247.3997704382666,29.81002794744426,974.1104727632857,1622.9609931307195,Bacteria
Streptomyces glaucescens,protgpt2_score,1421.5390294571118,54.818606009916095,1016.489323138447,1869.3477571995945,Bacteria
Streptomyces griseus subsp. griseus,protgpt2_score,1336.3104394608515,22.194780497933873,1125.6243304230034,1591.9460702438105,Bacteria
Streptomyces lavendulae,protgpt2_score,1721.2225186054397,51.105889145016334,1164.0673380661046,2173.911572634125,Bacteria
Struthio camelus,protgpt2_score,1481.2731553687158,22.47915984695145,1262.753571736652,1669.3947356454014,Eukaryota
Stutzerimonas stutzeri,protgpt2_score,1222.7807811932937,16.725229053846586,1062.0449209947158,1426.5229088855422,Bacteria
Sulfolobus acidocaldarius,protgpt2_score,1028.3255414666573,40.728995194032485,618.6677688601073,1704.5009024040562,Archaea
Sulfurisphaera tokodaii,protgpt2_score,1039.6087477227582,23.352648144717524,783.4100630663505,1316.6654821254447,Archaea
Sus scrofa,protgpt2_score,1999.889894118112,38.18406489319022,1221.6127794363633,2314.272550918265,Eukaryota
Synechococcus elongatus,protgpt2_score,1351.327366191446,47.89782141759655,826.7867768919865,2072.4454676411274,Bacteria
Synechococcus sp.,protgpt2_score,1562.4010368059855,26.86726824837302,1303.7303053928354,1858.6918300284992,Bacteria
Synechocystis sp.,protgpt2_score,1398.1567870731146,43.70607829369622,868.5629698201597,2049.6854450776723,Bacteria
Syntrophobacter fumaroxidans,protgpt2_score,1049.6707804701252,12.734704223197214,941.9314325497284,1201.8468142025492,Bacteria
Tachyglossus aculeatus aculeatus,protgpt2_score,1630.5785012602032,14.784087886744983,1494.3835286863105,1807.4406519422157,Eukaryota
Taeniopygia guttata,protgpt2_score,1988.3123440278773,15.409157320984677,1767.445253049347,2120.621591428436,Eukaryota
Takifugu rubripes,protgpt2_score,1751.1621136472802,14.320163921240828,1563.6967597532748,1943.347130046933,Eukaryota
Talaromyces stipitatus,protgpt2_score,1235.3946507267572,15.645188078749376,1065.7804895179079,1373.5211609901967,Eukaryota
Tetraodon nigroviridis,protgpt2_score,1674.7320066882028,25.989998379588297,1361.9197901099844,1897.4578807734658,Eukaryota
Thermococcus gammatolerans,protgpt2_score,1699.681389483771,28.85209271849122,1454.5696963687042,2068.038035912921,Archaea
Thermococcus kodakarensis,protgpt2_score,1188.1947315197544,40.23354110445754,759.7058890452696,1834.3376833683728,Archaea
Thermococcus litoralis,protgpt2_score,1520.2344029884,47.773971831249774,1006.6128702776809,1956.8269526730826,Archaea
Thermococcus onnurineus,protgpt2_score,1476.876577030938,9.850666747636751,1327.7474519159396,1589.7018281318349,Archaea
Thermococcus sibiricus,protgpt2_score,1289.2640770078176,36.984016190066285,862.0070211831865,1673.1543455099418,Archaea
Thermococcus sp.,protgpt2_score,1493.2793976949501,7.862007782198716,1387.5437378838192,1581.8805623355568,Archaea
Thermofilum pendens,protgpt2_score,1060.3579665545421,12.903421740365063,874.9309855765374,1189.3955445013,Archaea
Thermoplasma acidophilum,protgpt2_score,914.0685702383666,26.936522666272516,535.2330135875561,1214.9897395198207,Archaea
Thermoplasma volcanium,protgpt2_score,638.9500780678504,14.907949934792514,481.71277780630015,827.7630629572967,Archaea
Thermoproteus tenax,protgpt2_score,1165.7705164136958,7.128806884906599,1043.654629639732,1235.2092027654164,Archaea
Thermostichus vulcanus,protgpt2_score,1226.9297255708618,17.242769815428744,1054.7140575129329,1433.6841121947973,Bacteria
Thermosynechococcus vestitus,protgpt2_score,1346.6373852884965,50.385518352852515,798.416860424757,2152.3394890543705,Bacteria
Thermotoga maritima,protgpt2_score,1305.1961034465703,34.839960174701325,864.480851510923,1852.1452398889535,Bacteria
Thermus thermophilus,protgpt2_score,1406.4197569396576,36.9224593826212,938.7219102210192,1875.8828761675695,Bacteria
Toxoplasma gondii,protgpt2_score,1291.732593140297,19.6724154688876,1057.546510376075,1521.347595188005,Eukaryota
Treponema pallidum,protgpt2_score,972.6346751367757,33.02738944192054,600.4028587279049,1442.9571547341438,Bacteria
Treponema pallidum subsp. pallidum,protgpt2_score,1485.6293547434516,2.342416994927395,1454.5139739844744,1520.1744978255022,Bacteria
Trichoderma koningii,protgpt2_score,1651.9165659488804,5.511273536130506,1586.0246454061155,1740.4051724371855,Eukaryota
Trichoplax adhaerens,protgpt2_score,1491.8295861120243,23.0793908906368,1102.4458597682703,1747.7980018877872,Eukaryota
Trichormus variabilis,protgpt2_score,1267.1060371353199,56.83286675182152,738.194137864555,2214.0657535691607,Bacteria
Triticum aestivum,protgpt2_score,1882.8863396364495,36.937211176000694,1441.5201559351874,2273.0771991633237,Eukaryota
Trypanosoma brucei brucei,protgpt2_score,1239.3920014105038,24.040892212815816,1007.7458497335917,1525.7593744980652,Eukaryota
Verminephrobacter eiseniae,protgpt2_score,1575.4858820239167,61.72036303492882,986.037337348682,2097.8135410742966,Bacteria
Vibrio cholerae,protgpt2_score,1621.1582586844702,50.54806591404981,845.1252915664732,2104.749285182906,Bacteria
Vibrio cholerae serotype O1,protgpt2_score,1218.188750731261,11.320895321951287,1054.764959588171,1336.015547027614,Bacteria
Vibrio parahaemolyticus serotype O3:K6,protgpt2_score,1736.988218192662,24.94692367822725,1546.44870483897,1993.614978641756,Bacteria
Vibrio vulnificus,protgpt2_score,1333.5495421198348,31.448649366783755,1061.2395347829881,1639.4105984730772,Bacteria
Vitis vinifera,protgpt2_score,1943.219994609504,28.449615163544735,1606.3219766531345,2229.5451795710105,Eukaryota
Xanthobacter autotrophicus,protgpt2_score,1433.0058213790483,33.90500460081118,1090.1770327685988,1725.604993397353,Bacteria
Xanthomonas campestris,protgpt2_score,1377.0561506856109,39.969885091959384,850.8423071210741,1896.4526398368512,Bacteria
Xanthomonas campestris pv. campestris,protgpt2_score,1842.3702231396217,11.744770353371702,1736.1247811651006,1979.894436998369,Bacteria
Xenopus laevis,protgpt2_score,1673.4673036091958,28.21350733574791,1367.1722001098717,2061.562777947666,Eukaryota
Xenopus tropicalis,protgpt2_score,1888.0628195700594,20.21686492818116,1633.9110648241262,2193.1352256924906,Eukaryota
Xylella fastidiosa,protgpt2_score,1131.3186006201595,42.445909725219956,602.1662373358716,1685.0541411440556,Bacteria
Yarrowia lipolytica,protgpt2_score,1411.8767440465235,29.44160376332481,1049.9764989274329,1811.0322394172733,Eukaryota
Yersinia enterocolitica,protgpt2_score,1186.3644827305643,4.985609619583288,1119.4498194476644,1243.2405893363778,Bacteria
Yersinia enterocolitica serotype O:8 / biotype 1B,protgpt2_score,1790.2581574590135,44.43551121892132,1442.7005062487542,2203.6807756202156,Bacteria
Yersinia pestis,protgpt2_score,1667.4943591331983,44.825098376463146,1127.0342723878023,2190.716182301869,Bacteria
Yersinia pseudotuberculosis serotype IB,protgpt2_score,1684.4164120382766,27.825975674384395,1402.884830201656,1903.1305669270164,Bacteria
Yersinia pseudotuberculosis serotype O:1b,protgpt2_score,1108.0199626764193,5.011517297218372,1048.1098878725245,1174.5964681337982,Bacteria
Yersinia pseudotuberculosis serotype O:3,protgpt2_score,1116.613910643904,36.97162437000039,837.7070883022128,1452.237204366117,Bacteria
Zea mays,protgpt2_score,1812.736208027482,42.60016101561017,1194.301545294553,2303.4075227280855,Eukaryota
Zygnema circumcarinatum,protgpt2_score,1837.2030853280583,41.16295140097912,1430.5311514745688,2152.0699427593686,Eukaryota
Zygosaccharomyces rouxii,protgpt2_score,1384.7300002261004,36.773560081374846,1039.7356204851244,1696.0654675100848,Eukaryota
