"uniprot_id","model","sample_idx","isoelectric_point","charge_at_ph7","charge_per_residue","buffer_capacity","acidic_residue_fraction","basic_residue_fraction","ionizable_residue_fraction","surface_acidic_fraction","surface_basic_fraction","surface_net_charge","surface_ionizable_fraction"
"O67786","ProteinMPNN",0,4.82997303009033,-12.2699771258527,-0.0550223189500119,1.52359196412209,0.183856502242152,0.139013452914798,0.354260089686099,0.272727272727273,0.212121212121212,-0.0681818181818181,0.484848484848485
"O67786","ProteinMPNN",1,4.96564769744873,-9.3511345679634,-0.041933338869791,1.26916590357678,0.188340807174888,0.152466367713004,0.376681614349776,0.298387096774194,0.25,-0.0564516129032258,0.548387096774194
"O67786","ProteinMPNN",2,5.23836116790771,-5.3733881669951,-0.0240959110627582,1.25432067223722,0.165919282511211,0.147982062780269,0.354260089686099,0.246268656716418,0.238805970149254,-0.0149253731343283,0.485074626865672
"O67786","ProteinMPNN",3,5.00623073577881,-10.1894776437264,-0.0456927248597598,1.77948672193881,0.183856502242152,0.152466367713004,0.376681614349776,0.282051282051282,0.264957264957265,-0.0341880341880341,0.547008547008547
"O67786","ProteinMPNN",4,4.58368968963623,-15.3637222187617,-0.0688956153307698,1.25799621225481,0.174887892376682,0.112107623318386,0.322869955156951,0.266666666666667,0.177777777777778,-0.0962962962962963,0.444444444444444
"O67786","ProteinMPNN",5,4.99781856536865,-6.36822539522354,-0.0285570645525719,1.04115229644592,0.134529147982063,0.112107623318386,0.273542600896861,0.188405797101449,0.173913043478261,-0.0217391304347826,0.36231884057971
"O67786","ProteinMPNN",6,5.01447238922119,-10.1877779427931,-0.0456851028824801,1.78751023500575,0.183856502242152,0.152466367713004,0.37219730941704,0.24822695035461,0.219858156028369,-0.0354609929078014,0.468085106382979
"O67786","ProteinMPNN",7,4.69588985443115,-14.2243130033247,-0.0637861569655814,1.65921181604806,0.165919282511211,0.116591928251121,0.318385650224215,0.233082706766917,0.172932330827068,-0.075187969924812,0.406015037593985
"Q980U8","ProteinMPNN",0,6.04303073883057,-3.89765522437886,-0.0111680665454981,2.90765862571565,0.186246418338109,0.191977077363897,0.406876790830946,0.213793103448276,0.224137931034483,-0.0103448275862068,0.437931034482759
"Q980U8","ProteinMPNN",1,5.20584926605224,-12.8833744921017,-0.0369151131578844,2.81145235324153,0.183381088825215,0.163323782234957,0.372492836676218,0.209558823529412,0.191176470588235,-0.0367647058823529,0.400735294117647
"Q980U8","ProteinMPNN",2,5.12860507965088,-11.9999079989875,-0.0343836905415115,2.46498730518481,0.157593123209169,0.137535816618911,0.326647564469914,0.20532319391635,0.178707224334601,-0.0456273764258555,0.384030418250951
"Q980U8","ProteinMPNN",3,5.2484785079956,-10.9977359265277,-0.0315121373252942,2.61577519056485,0.166189111747851,0.148997134670487,0.346704871060172,0.2,0.181818181818182,-0.0327272727272727,0.381818181818182
"Q980U8","ProteinMPNN",4,4.92779293060303,-18.0537620629755,-0.0517299772578093,2.40684884046304,0.200573065902579,0.160458452722063,0.39541547277937,0.243542435424354,0.199261992619926,-0.055350553505535,0.44280442804428
"Q980U8","ProteinMPNN",5,5.12860507965088,-11.9734448953346,-0.034307865029612,2.34897195447657,0.154727793696275,0.134670487106017,0.320916905444126,0.200873362445415,0.161572052401747,-0.0480349344978165,0.362445414847161
"Q980U8","ProteinMPNN",6,4.89181385040283,-18.7741172827915,-0.0537940323289153,2.29997643745242,0.186246418338109,0.143266475644699,0.361031518624642,0.245059288537549,0.185770750988142,-0.0711462450592885,0.430830039525692
"Q980U8","ProteinMPNN",7,6.01517963409424,-3.88892009239024,-0.0111430375140121,2.67254575441684,0.160458452722063,0.166189111747851,0.349570200573066,0.2,0.215384615384615,-0.0038461538461538,0.415384615384615
"O58832","ProteinMPNN",0,5.04084568023682,-13.8776105012524,-0.0405778084831941,2.07563290153932,0.187134502923977,0.154970760233918,0.383040935672515,0.276595744680851,0.24468085106383,-0.0478723404255319,0.521276595744681
"O58832","ProteinMPNN",1,5.46355724334717,-7.09903884107489,-0.0207574235119148,2.31860735919374,0.157894736842105,0.149122807017544,0.350877192982456,0.255555555555555,0.233333333333333,-0.0388888888888888,0.488888888888889
"O58832","ProteinMPNN",2,5.52119197845459,-5.91937201842553,-0.0173081053170337,2.0981657046052,0.166666666666667,0.157894736842105,0.374269005847953,0.264705882352941,0.264705882352941,-0.0058823529411764,0.529411764705882
"O58832","ProteinMPNN",3,4.90124912261963,-16.1851738993907,-0.0473250698812592,2.01449117261154,0.175438596491228,0.137426900584795,0.345029239766082,0.264550264550264,0.216931216931217,-0.0634920634920634,0.481481481481481
"O58832","ProteinMPNN",4,5.00316143035889,-13.5995677398094,-0.0397648179526591,1.91863484168444,0.16374269005848,0.134502923976608,0.33625730994152,0.245810055865922,0.206703910614525,-0.0614525139664804,0.452513966480447
"O58832","ProteinMPNN",5,5.01515445709228,-14.1630209713737,-0.0414123420215604,2.16240338005602,0.184210526315789,0.152046783625731,0.374269005847953,0.276699029126214,0.233009708737864,-0.058252427184466,0.509708737864078
"O58832","ProteinMPNN",6,5.01714382171631,-14.8098542320392,-0.0433036673451439,2.3520802415764,0.181286549707602,0.149122807017544,0.365497076023392,0.297619047619048,0.238095238095238,-0.0773809523809523,0.535714285714286
"O58832","ProteinMPNN",7,5.10035610198975,-13.0854023532063,-0.038261410389492,2.42857095420659,0.175438596491228,0.149122807017544,0.359649122807017,0.298850574712644,0.235632183908046,-0.0862068965517241,0.53448275862069
"Q9Z9J6","ProteinMPNN",0,4.80894260406494,-4.17420235208171,-0.0673258443884146,0.552590716263674,0.225806451612903,0.161290322580645,0.403225806451613,0.317073170731707,0.219512195121951,-0.0975609756097561,0.536585365853659
"Q9Z9J6","ProteinMPNN",1,5.25870952606201,-2.47205333684004,-0.0398718280135489,0.680387569133358,0.258064516129032,0.225806451612903,0.5,0.365853658536585,0.317073170731707,-0.048780487804878,0.682926829268293
"Q9Z9J6","ProteinMPNN",2,6.83400211334229,-0.123704405142211,-0.0019952323410034,0.891282951597049,0.241935483870968,0.258064516129032,0.516129032258065,0.325,0.35,0,0.675
"Q9Z9J6","ProteinMPNN",3,4.81178455352783,-5.1673101526638,-0.0833437121397387,0.623762787630445,0.258064516129032,0.17741935483871,0.451612903225806,0.357142857142857,0.238095238095238,-0.119047619047619,0.595238095238095
"Q9Z9J6","ProteinMPNN",4,4.68298740386963,-6.99734524795975,-0.112860407225157,0.461298240609286,0.290322580645161,0.17741935483871,0.483870967741935,0.428571428571428,0.214285714285714,-0.214285714285714,0.642857142857143
"Q9Z9J6","ProteinMPNN",5,5.03567333221435,-3.46919809358388,-0.0559548079610303,0.655392809134979,0.241935483870968,0.193548387096774,0.451612903225806,0.341463414634146,0.268292682926829,-0.073170731707317,0.609756097560976
"Q9Z9J6","ProteinMPNN",6,4.81798000335693,-6.45569596912055,-0.104124128534202,0.748843391198373,0.306451612903226,0.209677419354839,0.532258064516129,0.428571428571428,0.261904761904762,-0.166666666666667,0.69047619047619
"Q9Z9J6","ProteinMPNN",7,5.62736721038818,-1.46781505807155,-0.0236744364205088,0.709877109611496,0.258064516129032,0.241935483870968,0.516129032258065,0.302325581395349,0.325581395348837,0.0232558139534883,0.627906976744186
"P02819","ProteinMPNN",0,9.06949291229248,2.74197153289959,0.0559586027122366,0.552038661420212,0.102040816326531,0.163265306122449,0.346938775510204,0.1,0.2,0.1,0.3
"P02819","ProteinMPNN",1,9.56815586090088,4.73635060895317,0.0966602165092484,0.52490914567559,0.0612244897959183,0.163265306122449,0.306122448979592,0.0714285714285714,0.19047619047619,0.119047619047619,0.261904761904762
"P02819","ProteinMPNN",2,8.04089984893799,1.35600031365391,0.0276734757888553,2.23730624372805,0.122448979591837,0.285714285714286,0.489795918367347,0.131578947368421,0.368421052631579,0.0526315789473684,0.5
"P02819","ProteinMPNN",3,8.85726299285889,1.74511507732038,0.0356145934147017,0.509268883257871,0.0816326530612245,0.122448979591837,0.285714285714286,0.0769230769230769,0.153846153846154,0.0769230769230769,0.230769230769231
"P02819","ProteinMPNN",4,9.76156101226807,5.73354014697996,0.117011023407754,0.511344387803279,0.0408163265306122,0.163265306122449,0.285714285714286,0.0512820512820512,0.205128205128205,0.153846153846154,0.256410256410256
"P02819","ProteinMPNN",5,8.90071468353272,1.74610407841938,0.0356347771105996,0.504417878209866,0.0816326530612245,0.122448979591837,0.285714285714286,0.102564102564103,0.153846153846154,0.0512820512820512,0.256410256410256
"P02819","ProteinMPNN",6,9.34586887359619,3.73916107092638,0.0763094096107425,0.538473903547901,0.0816326530612245,0.163265306122449,0.326530612244898,0.0769230769230769,0.205128205128205,0.128205128205128,0.282051282051282
"P02819","ProteinMPNN",7,9.3051248550415,2.74132561414817,0.0559454206969015,0.500505635432564,0.0612244897959183,0.122448979591837,0.244897959183673,0.0526315789473684,0.157894736842105,0.105263157894737,0.210526315789474
"Q4R312","ProteinMPNN",0,6.74868679046631,-0.186230877020213,-0.002271108256344,0.941809280784904,0.0975609756097561,0.109756097560976,0.341463414634146,0.116666666666667,0.15,0.0166666666666666,0.266666666666667
"Q4R312","ProteinMPNN",1,9.19507732391357,5.81226528009236,0.0708812839035653,0.992899542020198,0.109756097560976,0.195121951219512,0.439024390243902,0.112903225806452,0.258064516129032,0.129032258064516,0.370967741935484
"Q4R312","ProteinMPNN",2,5.74189777374268,-1.182421414048,-0.0144197733420488,0.950473538608209,0.109756097560976,0.109756097560976,0.341463414634146,0.129032258064516,0.129032258064516,-0.0161290322580645,0.258064516129032
"Q4R312","ProteinMPNN",3,8.68996753692627,2.81358258195599,0.0343119827067803,0.970075538804229,0.109756097560976,0.158536585365854,0.390243902439024,0.140625,0.1875,0.03125,0.328125
"Q4R312","ProteinMPNN",4,4.61353015899658,-4.18736277155257,-0.0510653996530801,0.661871319186766,0.146341463414634,0.0975609756097561,0.353658536585366,0.183333333333333,0.133333333333333,-0.05,0.316666666666667
"Q4R312","ProteinMPNN",5,8.40933666229249,1.89229658856268,0.0230767876653985,0.932630603626681,0.121951219512195,0.158536585365854,0.390243902439024,0.145161290322581,0.209677419354839,0.0483870967741935,0.354838709677419
"Q4R312","ProteinMPNN",6,5.37216014862061,-1.19374683885206,-0.0145578882786836,0.698558097789393,0.134146341463415,0.121951219512195,0.378048780487805,0.172413793103448,0.172413793103448,0,0.344827586206897
"Q4R312","ProteinMPNN",7,4.60176448822021,-3.19548351884331,-0.0389693112054062,0.641384836994386,0.0975609756097561,0.0609756097560975,0.268292682926829,0.116666666666667,0.0833333333333333,-0.0333333333333333,0.2
"Q54FJ9","ProteinMPNN",0,5.35732517242432,-7.15629626161518,-0.0233865890902456,2.11805470456111,0.140522875816993,0.130718954248366,0.310457516339869,0.181818181818182,0.206060606060606,0.0181818181818181,0.387878787878788
"Q54FJ9","ProteinMPNN",1,4.91949443817139,-12.2375112252587,-0.0399918667492114,1.88764696649611,0.147058823529412,0.117647058823529,0.297385620915033,0.209039548022599,0.175141242937853,-0.0508474576271186,0.384180790960452
"Q54FJ9","ProteinMPNN",2,5.07972354888916,-10.8489435031058,-0.0354540637356398,2.15849369205432,0.156862745098039,0.133986928104575,0.333333333333333,0.23972602739726,0.23972602739726,-0.0205479452054794,0.47945205479452
"Q54FJ9","ProteinMPNN",3,5.56359386444092,-4.34585371586596,-0.0142021363263593,1.76471827451254,0.147058823529412,0.140522875816993,0.330065359477124,0.207547169811321,0.232704402515723,0.0251572327044025,0.440251572327044
"Q54FJ9","ProteinMPNN",4,6.27726421356201,-1.33609448550779,-0.0043663218480646,1.70946996970612,0.143790849673203,0.147058823529412,0.326797385620915,0.268292682926829,0.292682926829268,0.008130081300813,0.560975609756098
"Q54FJ9","ProteinMPNN",5,5.03834476470947,-11.1341019791056,-0.0363859541800837,2.04576737858409,0.150326797385621,0.127450980392157,0.30718954248366,0.226993865030675,0.220858895705521,-0.0184049079754601,0.447852760736196
"Q54FJ9","ProteinMPNN",6,4.7959264755249,-17.5413372098039,-0.0573246314045879,2.71654897690781,0.15359477124183,0.117647058823529,0.30718954248366,0.218934911242604,0.171597633136095,-0.0769230769230769,0.390532544378698
"Q54FJ9","ProteinMPNN",7,7.05118389129639,0.0635035770661929,0.000207528029628,1.75299318215149,0.124183006535948,0.133986928104575,0.300653594771242,0.157303370786517,0.202247191011236,0.0280898876404494,0.359550561797753
"Q54JL0","ProteinMPNN",0,5.21107845306396,-15.9324282949685,-0.0251697129462378,3.09049486758497,0.162717219589258,0.145339652448657,0.347551342812006,0.204347826086957,0.193478260869565,-0.0217391304347826,0.397826086956522
"Q54JL0","ProteinMPNN",1,5.20232524871826,-16.9462461127307,-0.0267713208731922,3.29166345105783,0.175355450236967,0.156398104265403,0.385466034755134,0.209445585215606,0.190965092402464,-0.028747433264887,0.40041067761807
"Q54JL0","ProteinMPNN",2,5.35147075653076,-14.7242694877571,-0.0232610892381628,3.54380132452056,0.165876777251185,0.153238546603475,0.360189573459716,0.213302752293578,0.208715596330275,-0.018348623853211,0.422018348623853
"Q54JL0","ProteinMPNN",3,5.7766263961792,-6.86479626356343,-0.0108448598160559,3.33282860529437,0.156398104265403,0.154818325434439,0.358609794628752,0.192307692307692,0.212669683257918,0.006787330316742,0.404977375565611
"Q54JL0","ProteinMPNN",4,5.75940418243408,-6.9672084171481,-0.0110066483683224,3.41773582800892,0.167456556082148,0.164296998420221,0.388625592417062,0.218097447795824,0.222737819025522,-0.0023201856148491,0.440835266821346
"Q54JL0","ProteinMPNN",5,5.38273220062256,-14.75193196245,-0.0233047898300948,3.84736127773001,0.17693522906793,0.164296998420221,0.394944707740916,0.22787610619469,0.221238938053097,-0.0199115044247787,0.449115044247788
"Q54JL0","ProteinMPNN",6,5.21471614837646,-16.9424843115943,-0.0267653780593906,3.33865698347665,0.175355450236967,0.156398104265403,0.390205371248025,0.248756218905473,0.23134328358209,-0.0273631840796019,0.480099502487562
"Q54JL0","ProteinMPNN",7,5.36624889373779,-12.1908101529637,-0.019258783811949,2.82864157772975,0.186413902053712,0.170616113744076,0.410742496050553,0.25462962962963,0.229166666666667,-0.0277777777777777,0.483796296296296
"Q69NP0","ProteinMPNN",0,9.05208644866943,2.76200923075425,0.0296990239866048,0.5706223368156,0.129032258064516,0.161290322580645,0.354838709677419,0.161290322580645,0.209677419354839,0.0483870967741935,0.370967741935484
"Q69NP0","ProteinMPNN",1,4.82087879180908,-3.19329156767291,-0.0343364684696011,0.548059188293005,0.150537634408602,0.118279569892473,0.32258064516129,0.196428571428571,0.196428571428571,0,0.392857142857143
"Q69NP0","ProteinMPNN",2,9.6387487411499,10.7615801224145,0.11571591529478,0.694070906693367,0.150537634408602,0.268817204301075,0.505376344086022,0.19672131147541,0.40983606557377,0.213114754098361,0.60655737704918
"Q69NP0","ProteinMPNN",3,9.69941349029541,9.75221576168803,0.104862535071914,0.59131158428532,0.118279569892473,0.225806451612903,0.408602150537634,0.147540983606557,0.344262295081967,0.19672131147541,0.491803278688525
"Q69NP0","ProteinMPNN",4,9.20236225128174,3.79748390335439,0.0408331602511225,0.571329694026323,0.129032258064516,0.172043010752688,0.365591397849462,0.186440677966102,0.271186440677966,0.0847457627118644,0.457627118644068
"Q69NP0","ProteinMPNN",5,9.19926776885986,3.46063501377806,0.0372111291804092,0.626620909218609,0.118279569892473,0.161290322580645,0.354838709677419,0.169230769230769,0.230769230769231,0.0615384615384615,0.4
"Q69NP0","ProteinMPNN",6,4.69310474395752,-5.02250420309364,-0.0540054215386413,0.40891090424117,0.182795698924731,0.129032258064516,0.365591397849462,0.254237288135593,0.203389830508475,-0.0508474576271186,0.457627118644068
"Q69NP0","ProteinMPNN",7,9.13576641082764,3.46775909773406,0.0372877322336995,0.690089691050507,0.150537634408602,0.193548387096774,0.419354838709677,0.206896551724138,0.293103448275862,0.0862068965517241,0.5
"P0A7R6","ProteinMPNN",0,6.01552066802978,-1.11526245709124,-0.010827790845546,0.991050216568123,0.213592233009709,0.213592233009709,0.436893203883495,0.287671232876712,0.301369863013699,0,0.589041095890411
"P0A7R6","ProteinMPNN",1,5.5322187423706,-2.07205918982634,-0.020117079512877,0.817342926634357,0.194174757281553,0.184466019417476,0.388349514563107,0.236111111111111,0.25,0,0.486111111111111
"P0A7R6","ProteinMPNN",2,6.8548620223999,-0.114872395785763,-0.0011152659785025,0.983766438259524,0.223300970873786,0.233009708737864,0.475728155339806,0.279411764705882,0.323529411764706,0.0294117647058823,0.602941176470588
"P0A7R6","ProteinMPNN",3,7.38335094451904,0.18043798038488,0.0017518250522803,0.862462114462218,0.194174757281553,0.213592233009709,0.407766990291262,0.231884057971014,0.289855072463768,0.0434782608695652,0.521739130434783
"P0A7R6","ProteinMPNN",4,4.76580181121826,-7.90082942677733,-0.0767070818133721,0.708745188859438,0.223300970873786,0.155339805825243,0.398058252427184,0.28169014084507,0.211267605633803,-0.0845070422535211,0.492957746478873
"P0A7R6","ProteinMPNN",5,6.23719272613525,-0.98793922977039,-0.0095916430074795,1.18661153775092,0.223300970873786,0.233009708737864,0.45631067961165,0.283783783783784,0.310810810810811,0.0135135135135135,0.594594594594595
"P0A7R6","ProteinMPNN",6,6.84019756317139,-0.127685607998824,-0.0012396660970759,1.00466548548689,0.203883495145631,0.213592233009709,0.436893203883495,0.26027397260274,0.301369863013699,0.0273972602739726,0.561643835616438
"P0A7R6","ProteinMPNN",7,4.83724842071533,-7.81236793635912,-0.0758482323918361,0.925584431287119,0.223300970873786,0.16504854368932,0.398058252427184,0.3,0.214285714285714,-0.1,0.514285714285714
"P60724","ProteinMPNN",0,6.70111255645752,-0.348001566331156,-0.0017313510762744,1.26429717673078,0.18407960199005,0.189054726368159,0.393034825870647,0.229299363057325,0.24203821656051,0.0063694267515923,0.471337579617834
"P60724","ProteinMPNN",1,6.68553867340088,-0.353306527077201,-0.0017577439158069,1.18116235822868,0.17910447761194,0.18407960199005,0.378109452736318,0.223021582733813,0.258992805755396,0.0287769784172661,0.482014388489209
"P60724","ProteinMPNN",2,9.11365375518799,3.63556338507081,0.0180873800252279,1.1373450715938,0.164179104477612,0.189054726368159,0.373134328358209,0.19205298013245,0.225165562913907,0.0264900662251655,0.417218543046358
"P60724","ProteinMPNN",3,9.01450138092041,3.72519495305102,0.0185333082241344,1.4468581161434,0.17910447761194,0.208955223880597,0.412935323383085,0.220858895705521,0.245398773006135,0.0184049079754601,0.466257668711656
"P60724","ProteinMPNN",4,9.45179042816162,6.55862916315726,0.0326299958366032,0.956759599216223,0.169154228855721,0.203980099502487,0.388059701492537,0.237410071942446,0.280575539568345,0.0431654676258992,0.517985611510791
"P60724","ProteinMPNN",5,4.95757656097412,-11.2561055961184,-0.0560005253538231,1.58492497416228,0.223880597014925,0.17910447761194,0.437810945273632,0.268292682926829,0.219512195121951,-0.0609756097560975,0.48780487804878
"P60724","ProteinMPNN",6,9.30028972625732,7.6297704553398,0.0379590569917402,1.26417388905576,0.17910447761194,0.223880597014925,0.432835820895522,0.25,0.3203125,0.0625,0.5703125
"P60724","ProteinMPNN",7,5.04579067230225,-9.25997203794855,-0.0460695126266097,1.52720995861292,0.203980099502487,0.169154228855721,0.398009950248756,0.26241134751773,0.234042553191489,-0.0354609929078014,0.49645390070922
"Q07938","ProteinMPNN",0,5.66198215484619,-3.73204430321312,-0.0110743154398015,1.55701027226333,0.13946587537092,0.136498516320475,0.305637982195846,0.2,0.195652173913043,-0.017391304347826,0.395652173913044
"Q07938","ProteinMPNN",1,5.0800645828247,-8.92562966970324,-0.0264855479813152,1.70257093489139,0.13946587537092,0.121661721068249,0.299703264094955,0.171875,0.15625,-0.02734375,0.328125
"Q07938","ProteinMPNN",2,4.87481899261475,-10.729463255116,-0.0318381698964867,1.38947267117413,0.127596439169139,0.103857566765579,0.264094955489614,0.157088122605364,0.130268199233716,-0.0383141762452107,0.28735632183908
"Q07938","ProteinMPNN",3,4.69100170135498,-18.1221637836325,-0.0537749667170104,2.01545854081767,0.1513353115727,0.109792284866469,0.29673590504451,0.198380566801619,0.145748987854251,-0.068825910931174,0.34412955465587
"Q07938","ProteinMPNN",4,4.82752895355225,-12.0082398930773,-0.0356327593266389,1.44243093179231,0.136498516320475,0.106824925816024,0.281899109792285,0.154362416107382,0.11744966442953,-0.0436241610738255,0.271812080536913
"Q07938","ProteinMPNN",5,4.91267375946045,-11.879101887909,-0.0352495604982462,1.69814381101294,0.13946587537092,0.112759643916914,0.287833827893175,0.184210526315789,0.149122807017544,-0.0394736842105263,0.333333333333333
"Q07938","ProteinMPNN",6,4.80166721343994,-11.8079377560864,-0.0350383909676152,1.17297615598845,0.136498516320475,0.106824925816024,0.275964391691395,0.179166666666667,0.145833333333333,-0.0416666666666666,0.325
"Q07938","ProteinMPNN",7,4.7555139541626,-14.7987363538102,-0.0439131642546296,1.31367750503692,0.1513353115727,0.112759643916914,0.299703264094956,0.185185185185185,0.137037037037037,-0.0555555555555555,0.322222222222222
"B1X495","ProteinMPNN",0,9.17709064483643,3.59431905443718,0.0348963014993901,0.907166540462216,0.12621359223301,0.174757281553398,0.368932038834951,0.16,0.24,0.0666666666666666,0.4
"B1X495","ProteinMPNN",1,9.5532636642456,5.80384030861813,0.056347964161341,0.572873200017212,0.116504854368932,0.174757281553398,0.320388349514563,0.142857142857143,0.233766233766234,0.0909090909090909,0.376623376623377
"B1X495","ProteinMPNN",2,9.9647008895874,12.4939050162918,0.121300048701862,0.623193748430333,0.087378640776699,0.213592233009709,0.339805825242718,0.0930232558139534,0.255813953488372,0.162790697674419,0.348837209302326
"B1X495","ProteinMPNN",3,6.66553134918213,-0.363480183117334,-0.0035289338166731,0.928390375797173,0.029126213592233,0.0485436893203883,0.106796116504854,0.036144578313253,0.0602409638554216,0,0.0963855421686747
"B1X495","ProteinMPNN",4,9.99874019622803,6.49340865950623,0.063042802519478,0.4942447166953,0.029126213592233,0.0970873786407767,0.155339805825243,0.0294117647058823,0.147058823529412,0.117647058823529,0.176470588235294
"B1X495","ProteinMPNN",5,4.91028652191162,-4.4828315679972,-0.0435226365824971,0.740635363990774,0.16504854368932,0.12621359223301,0.339805825242718,0.236111111111111,0.166666666666667,-0.0694444444444444,0.402777777777778
"B1X495","ProteinMPNN",6,8.92534160614014,2.5030413411538,0.0243013722442116,0.71151957750291,0.135922330097087,0.16504854368932,0.359223300970874,0.185714285714286,0.228571428571429,0.0428571428571428,0.414285714285714
"B1X495","ProteinMPNN",7,10.8341859817505,4.50245142913808,0.0437131206712434,0.460878931114621,0.0388349514563106,0.087378640776699,0.155339805825243,0.0470588235294117,0.105882352941176,0.0588235294117647,0.152941176470588
"A9CIG1","ProteinMPNN",0,6.62062854766846,-0.432904502087936,-0.0042861831889894,1.30353261857694,0.237623762376238,0.247524752475247,0.554455445544555,0.338235294117647,0.338235294117647,-0.0147058823529411,0.676470588235294
"A9CIG1","ProteinMPNN",1,4.8795934677124,-5.51226900392271,-0.0545769208309179,0.955596091341748,0.188118811881188,0.138613861386139,0.396039603960396,0.228915662650602,0.156626506024096,-0.072289156626506,0.385542168674699
"A9CIG1","ProteinMPNN",2,5.38602886199951,-2.5193985524395,-0.0249445401231633,1.01791837469911,0.198019801980198,0.178217821782178,0.455445544554455,0.2375,0.2125,-0.025,0.45
"A9CIG1","ProteinMPNN",3,4.97371883392334,-6.50656820142279,-0.0644214673408197,1.12888166075609,0.267326732673267,0.207920792079208,0.564356435643564,0.347222222222222,0.263888888888889,-0.0833333333333333,0.611111111111111
"A9CIG1","ProteinMPNN",4,4.9803689956665,-5.51637098751115,-0.0546175345298133,1.06219087590424,0.237623762376238,0.188118811881188,0.504950495049505,0.3,0.225,-0.075,0.525
"A9CIG1","ProteinMPNN",5,4.7766580581665,-8.50067953834308,-0.0841651439439908,1.0792126619836,0.247524752475247,0.168316831683168,0.495049504950495,0.307692307692308,0.217948717948718,-0.0897435897435897,0.525641025641026
"A9CIG1","ProteinMPNN",6,6.42754650115967,-0.497392712297543,-0.0049246803197776,0.977271563992254,0.207920792079208,0.207920792079208,0.475247524752475,0.253164556962025,0.253164556962025,0,0.506329113924051
"A9CIG1","ProteinMPNN",7,6.31261806488037,-0.526311313888757,-0.0052110031078094,0.887722806979191,0.138613861386139,0.138613861386139,0.336633663366337,0.166666666666667,0.154761904761905,-0.0119047619047619,0.321428571428571
"Q6L047","ProteinMPNN",0,6.41492824554443,-1.69960523637256,-0.004734276424436,2.95206558718255,0.164345403899721,0.175487465181058,0.401114206128134,0.202290076335878,0.221374045801527,0,0.423664122137405
"Q6L047","ProteinMPNN",1,8.37716693878174,3.31609131745288,0.0092370231683924,2.90939755220464,0.158774373259053,0.183844011142061,0.392757660167131,0.197628458498024,0.245059288537549,0.0316205533596837,0.442687747035573
"Q6L047","ProteinMPNN",2,7.71898517608643,1.23354671438146,0.0034360632712575,2.66378151276611,0.167130919220056,0.183844011142061,0.401114206128134,0.216,0.248,0.02,0.464
"Q6L047","ProteinMPNN",3,6.271750831604,-1.85270887475973,-0.0051607489547624,2.44325332128359,0.161559888579387,0.167130919220056,0.373259052924791,0.17741935483871,0.187096774193548,-0.0032258064516129,0.364516129032258
"Q6L047","ProteinMPNN",4,8.37529735565186,3.13591672128269,0.0087351440704253,2.40329672223262,0.161559888579387,0.181058495821727,0.395543175487465,0.184818481848185,0.207920792079208,0.0099009900990099,0.392739273927393
"Q6L047","ProteinMPNN",5,5.87649250030517,-3.85689853912672,-0.0107434499697123,2.49140131777511,0.172701949860724,0.172701949860724,0.401114206128134,0.199312714776632,0.209621993127148,0,0.40893470790378
"Q6L047","ProteinMPNN",6,5.86364688873291,-3.85905528012346,-0.0107494576048007,2.44166032029171,0.161559888579387,0.161559888579387,0.373259052924791,0.223577235772358,0.219512195121951,-0.0121951219512195,0.443089430894309
"Q6L047","ProteinMPNN",7,5.33890933990479,-10.0128913422847,-0.0278910622347762,2.74883273940712,0.178272980501393,0.164345403899721,0.387186629526462,0.205387205387205,0.195286195286195,-0.0235690235690235,0.400673400673401
"A9A498","ProteinMPNN",0,4.61625843048096,-17.0814539909817,-0.0595172612926193,1.1671719142949,0.160278745644599,0.104529616724739,0.278745644599303,0.293103448275862,0.206896551724138,-0.0862068965517241,0.5
"A9A498","ProteinMPNN",1,5.09507007598877,-6.20774903545907,-0.0216297875799967,0.960818940796098,0.13588850174216,0.114982578397213,0.278745644599303,0.27027027027027,0.252252252252252,-0.018018018018018,0.522522522522523
"A9A498","ProteinMPNN",2,5.54330234527588,-2.21147225273865,-0.0077054782325388,0.833349347114883,0.121951219512195,0.114982578397213,0.257839721254355,0.175324675324675,0.201298701298701,0.0259740259740259,0.376623376623377
"A9A498","ProteinMPNN",3,4.86367855072021,-9.20304564850197,-0.0320663611446061,0.912405158598506,0.139372822299652,0.10801393728223,0.268292682926829,0.263157894736842,0.236842105263158,-0.0263157894736842,0.5
"A9A498","ProteinMPNN",4,4.93359050750732,-9.11912774391803,-0.0317739642645227,1.18064345202113,0.139372822299652,0.111498257839721,0.27177700348432,0.248,0.208,-0.04,0.456
"A9A498","ProteinMPNN",5,4.90056705474853,-10.4337125939625,-0.0363543992820993,1.09653718607245,0.160278745644599,0.125435540069686,0.306620209059233,0.305555555555556,0.259259259259259,-0.0462962962962962,0.564814814814815
"A9A498","ProteinMPNN",6,5.17305316925049,-6.12410176990402,-0.0213383336930453,1.20865146279016,0.139372822299652,0.121951219512195,0.282229965156794,0.266666666666667,0.276190476190476,0,0.542857142857143
"A9A498","ProteinMPNN",7,4.9792890548706,-7.2093849345185,-0.0251198081342108,0.91053241933044,0.128919860627178,0.104529616724739,0.261324041811847,0.218045112781955,0.203007518796992,-0.0150375939849624,0.421052631578947
"A0A1D8PCG7","ProteinMPNN",0,5.04556331634521,-4.51125338561588,-0.051853487190987,1.02766465887522,0.206896551724138,0.172413793103448,0.436781609195402,0.241935483870968,0.225806451612903,-0.0161290322580645,0.467741935483871
"A0A1D8PCG7","ProteinMPNN",1,6.52121715545654,-0.517591036188804,-0.0059493222550437,1.05432920384976,0.183908045977011,0.195402298850575,0.436781609195402,0.196969696969697,0.242424242424242,0.0454545454545454,0.439393939393939
"A0A1D8PCG7","ProteinMPNN",2,4.91011600494385,-5.60172466571619,-0.0643876398358183,0.922052032720354,0.229885057471264,0.172413793103448,0.471264367816092,0.26865671641791,0.208955223880597,-0.0597014925373134,0.477611940298507
"A0A1D8PCG7","ProteinMPNN",3,6.25867786407471,-0.560754091532129,-0.0064454493279555,0.826495610186996,0.172413793103448,0.172413793103448,0.413793103448276,0.208955223880597,0.223880597014925,0.0149253731343283,0.432835820895522
"A0A1D8PCG7","ProteinMPNN",4,5.31532115936279,-2.60113230259497,-0.0298980724436203,0.85169546405075,0.206896551724138,0.183908045977011,0.459770114942529,0.261538461538461,0.246153846153846,-0.0153846153846153,0.507692307692308
"A0A1D8PCG7","ProteinMPNN",5,5.45707759857178,-1.17482786060415,-0.0135037685126913,0.658697795122361,0.160919540229885,0.149425287356322,0.367816091954023,0.17910447761194,0.194029850746269,0.0149253731343283,0.373134328358209
"A0A1D8PCG7","ProteinMPNN",6,4.20798397064209,-13.2178488834657,-0.1519292975111,0.790144823317492,0.241379310344828,0.0919540229885057,0.390804597701149,0.294117647058823,0.117647058823529,-0.176470588235294,0.411764705882353
"A0A1D8PCG7","ProteinMPNN",7,5.51664485931396,-1.24820924442905,-0.0143472326945867,0.741047264208493,0.172413793103448,0.160919540229885,0.390804597701149,0.21875,0.21875,0,0.4375
"O28542","ProteinMPNN",0,4.93944492340088,-16.8846331836652,-0.0496606858343093,2.64133899415394,0.167647058823529,0.135294117647059,0.338235294117647,0.240223463687151,0.206703910614525,-0.0446927374301676,0.446927374301676
"O28542","ProteinMPNN",1,5.3666467666626,-7.17158675134322,-0.021092902209833,1.94703300025659,0.147058823529412,0.135294117647059,0.329411764705882,0.222826086956522,0.222826086956522,-0.0108695652173913,0.445652173913043
"O28542","ProteinMPNN",2,5.00145626068115,-12.790119422651,-0.0376179983019146,2.10941343605185,0.158823529411765,0.132352941176471,0.326470588235294,0.212962962962963,0.166666666666667,-0.0555555555555555,0.37962962962963
"O28542","ProteinMPNN",3,5.16520938873291,-10.0937073304046,-0.02968737450119,2.16493148598286,0.15,0.132352941176471,0.332352941176471,0.214659685863874,0.219895287958115,-0.0104712041884816,0.43455497382199
"O28542","ProteinMPNN",4,5.21710338592529,-10.9906322522626,-0.0323253889772428,2.49030707062721,0.158823529411765,0.141176470588235,0.341176470588235,0.273809523809524,0.25,-0.0357142857142857,0.523809523809524
"O28542","ProteinMPNN",5,5.19277629852295,-9.17931933845863,-0.0269979980542901,1.95785452089749,0.152941176470588,0.135294117647059,0.323529411764706,0.210526315789474,0.2,-0.0105263157894736,0.410526315789474
"O28542","ProteinMPNN",6,5.2178991317749,-9.16132662155987,-0.0269450782987055,1.93713894366383,0.164705882352941,0.147058823529412,0.35,0.252941176470588,0.247058823529412,-0.0117647058823529,0.5
"O28542","ProteinMPNN",7,5.80538692474365,-4.08981694631126,-0.0120288733715037,2.13100350213029,0.138235294117647,0.138235294117647,0.305882352941176,0.204081632653061,0.209183673469388,-0.0051020408163265,0.413265306122449
"Q8TY15","ProteinMPNN",0,4.75540027618408,-18.7618355470868,-0.051971843620739,2.98896175460087,0.132963988919668,0.102493074792244,0.265927977839335,0.160839160839161,0.125874125874126,-0.0594405594405594,0.286713286713287
"Q8TY15","ProteinMPNN",1,4.8791955947876,-16.9392274763172,-0.0469230678014327,2.76154341518158,0.14404432132964,0.113573407202216,0.301939058171745,0.183908045977011,0.157088122605364,-0.0498084291187739,0.340996168582375
"Q8TY15","ProteinMPNN",2,4.7846155166626,-19.7551863053192,-0.0547235077709674,3.09847181261606,0.14404432132964,0.110803324099723,0.293628808864266,0.157051282051282,0.125,-0.0544871794871794,0.282051282051282
"Q8TY15","ProteinMPNN",3,5.39472522735596,-9.77255636306562,-0.0270707932494892,3.13971636402569,0.132963988919668,0.127423822714681,0.290858725761773,0.145510835913313,0.139318885448916,-0.0278637770897832,0.284829721362229
"Q8TY15","ProteinMPNN",4,5.05937519073486,-16.5101936762909,-0.0457346085215814,3.84339611932443,0.138504155124654,0.121883656509695,0.304709141274238,0.167857142857143,0.15,-0.05,0.317857142857143
"Q8TY15","ProteinMPNN",5,5.2193769454956,-9.93839036776157,-0.0275301672237162,2.55147273868974,0.127423822714681,0.116343490304709,0.2797783933518,0.157706093189964,0.14336917562724,-0.032258064516129,0.301075268817204
"Q8TY15","ProteinMPNN",6,4.80979518890381,-16.8429058706503,-0.0466562489491699,2.73385999577138,0.127423822714681,0.0997229916897506,0.25207756232687,0.155709342560554,0.117647058823529,-0.0588235294117647,0.273356401384083
"Q8TY15","ProteinMPNN",7,4.9643404006958,-14.8533964835207,-0.0411451426136308,2.86376229978741,0.135734072022161,0.113573407202216,0.296398891966759,0.181102362204724,0.149606299212598,-0.0511811023622047,0.330708661417323
"B1YC30","ProteinMPNN",0,4.87288646697998,-9.22955570324174,-0.0352273118444341,1.31000470018685,0.152671755725191,0.118320610687023,0.32442748091603,0.18957345971564,0.146919431279621,-0.0426540284360189,0.336492890995261
"B1YC30","ProteinMPNN",1,4.95399570465088,-9.18278589040548,-0.0350488011084178,1.38567171610742,0.16793893129771,0.133587786259542,0.362595419847328,0.216931216931217,0.17989417989418,-0.037037037037037,0.396825396825397
"B1YC30","ProteinMPNN",2,4.71521511077881,-13.1247160367289,-0.0500943360180493,1.49022015297773,0.156488549618321,0.110687022900763,0.32442748091603,0.186602870813397,0.138755980861244,-0.0526315789473684,0.325358851674641
"B1YC30","ProteinMPNN",3,5.05619220733642,-7.22925520450215,-0.0275925771164204,1.37983995761963,0.17175572519084,0.145038167938931,0.370229007633588,0.226519337016575,0.198895027624309,-0.0276243093922651,0.425414364640884
"B1YC30","ProteinMPNN",4,4.88908557891846,-9.14176013137493,-0.034892214241889,1.47540990662889,0.145038167938931,0.114503816793893,0.312977099236641,0.183783783783784,0.145945945945946,-0.0378378378378378,0.32972972972973
"B1YC30","ProteinMPNN",5,4.64513263702393,-15.2051833214802,-0.0580350508453443,1.32183668075576,0.175572519083969,0.118320610687023,0.343511450381679,0.241573033707865,0.162921348314607,-0.0786516853932584,0.404494382022472
"B1YC30","ProteinMPNN",6,4.90698986053467,-10.1826812497118,-0.0388651956095871,1.39639319923795,0.183206106870229,0.145038167938931,0.381679389312977,0.227722772277228,0.178217821782178,-0.0495049504950495,0.405940594059406
"B1YC30","ProteinMPNN",7,4.76506290435791,-9.24188065013867,-0.0352743536264834,1.21197413929873,0.137404580152672,0.103053435114504,0.297709923664122,0.167664670658683,0.137724550898204,-0.029940119760479,0.305389221556886
"P80505","ProteinMPNN",0,5.18084011077881,-8.27772355627734,-0.0245629779118022,1.72081820582583,0.160237388724036,0.142433234421365,0.353115727002967,0.209876543209877,0.176954732510288,-0.0411522633744856,0.386831275720165
"P80505","ProteinMPNN",1,5.3586893081665,-6.19137060234521,-0.0183720195915288,1.77651809596821,0.13946587537092,0.130563798219584,0.317507418397626,0.173333333333333,0.168888888888889,-0.0133333333333333,0.342222222222222
"P80505","ProteinMPNN",2,5.91201686859131,-3.11709084396963,-0.0092495277269128,1.95327259377249,0.118694362017804,0.121661721068249,0.293768545994065,0.142276422764228,0.150406504065041,0,0.292682926829268
"P80505","ProteinMPNN",3,5.20027904510498,-10.9976983781516,-0.0326341198164737,2.47949354704737,0.160237388724036,0.142433234421365,0.350148367952522,0.201716738197425,0.188841201716738,-0.0343347639484978,0.390557939914163
"P80505","ProteinMPNN",4,5.305885887146,-8.12553044188672,-0.0241113662963997,2.26833257255413,0.1513353115727,0.13946587537092,0.350148367952522,0.185654008438818,0.181434599156118,-0.0168776371308016,0.367088607594937
"P80505","ProteinMPNN",5,5.68812808990479,-4.19897939548714,-0.0124598795118312,1.95411599191405,0.148367952522255,0.14540059347181,0.341246290801187,0.193832599118943,0.202643171806167,0,0.39647577092511
"P80505","ProteinMPNN",6,5.38551731109619,-7.11220760610229,-0.0211044736086121,2.16288222627378,0.148367952522255,0.13946587537092,0.341246290801187,0.173728813559322,0.186440677966102,-0.0042372881355932,0.360169491525424
"P80505","ProteinMPNN",7,5.18231792449951,-9.17982689725754,-0.0272398424250965,1.93508968395475,0.163204747774481,0.14540059347181,0.359050445103857,0.230392156862745,0.220588235294118,-0.0245098039215686,0.450980392156863
"Q9N2D5","ProteinMPNN",0,5.36613521575928,-8.91632619030647,-0.0267757543252446,2.59435398477346,0.147147147147147,0.138138138138138,0.327327327327327,0.203208556149733,0.20855614973262,-0.0106951871657754,0.411764705882353
"Q9N2D5","ProteinMPNN",1,5.91019802093506,-5.39525679594875,-0.0162019723602064,3.17453278927067,0.138138138138138,0.147147147147147,0.318318318318318,0.203208556149733,0.224598930481283,-0.0160427807486631,0.427807486631016
"Q9N2D5","ProteinMPNN",2,6.21070575714111,-2.10117476260838,-0.006309834121947,2.18975827668005,0.144144144144144,0.15015015015015,0.339339339339339,0.195652173913043,0.204347826086957,-0.0043478260869565,0.4
"Q9N2D5","ProteinMPNN",3,5.84182071685791,-5.75046398089988,-0.0172686606033029,3.07129824530951,0.144144144144144,0.15015015015015,0.339339339339339,0.212121212121212,0.227272727272727,-0.0101010101010101,0.439393939393939
"Q9N2D5","ProteinMPNN",4,5.3157190322876,-10.748866742328,-0.0322788791060901,3.05928600317318,0.147147147147147,0.138138138138138,0.336336336336336,0.190082644628099,0.181818181818182,-0.0371900826446281,0.371900826446281
"Q9N2D5","ProteinMPNN",5,5.31623058319092,-9.91735697878957,-0.0297818527891578,2.70077909099927,0.153153153153153,0.141141141141141,0.339339339339339,0.23469387755102,0.198979591836735,-0.0561224489795918,0.433673469387755
"Q9N2D5","ProteinMPNN",6,5.10029926300049,-15.6323982668702,-0.04694413893955,3.33798726288532,0.165165165165165,0.144144144144144,0.348348348348348,0.241025641025641,0.21025641025641,-0.0717948717948717,0.451282051282051
"Q9N2D5","ProteinMPNN",7,5.46520557403564,-6.74510909128988,-0.0202555828567263,2.24949201977342,0.141141141141141,0.135135135135135,0.312312312312312,0.195348837209302,0.186046511627907,-0.0232558139534883,0.381395348837209
"Q6DIY2","ProteinMPNN",0,5.86341953277588,-3.95063106957729,-0.02207056463451,2.20798235864158,0.139664804469274,0.150837988826816,0.329608938547486,0.188888888888889,0.222222222222222,0.0111111111111111,0.411111111111111
"Q6DIY2","ProteinMPNN",1,6.07582683563232,-2.94684160640508,-0.0164628022704194,2.21674560646689,0.145251396648045,0.162011173184358,0.340782122905028,0.222222222222222,0.244444444444444,-0.0222222222222222,0.466666666666667
"Q6DIY2","ProteinMPNN",2,5.61156597137451,-4.99493159747708,-0.0279046457959613,2.0904237020526,0.111731843575419,0.11731843575419,0.262569832402235,0.147368421052632,0.178947368421053,-0.0210526315789473,0.326315789473684
"Q6DIY2","ProteinMPNN",3,4.90704669952392,-12.767382225852,-0.071326157686324,2.71642191469721,0.162011173184358,0.134078212290503,0.335195530726257,0.238095238095238,0.166666666666667,-0.107142857142857,0.404761904761905
"Q6DIY2","ProteinMPNN",4,5.54301815032959,-5.94097716257697,-0.0331898165507093,2.26465962191824,0.167597765363128,0.167597765363128,0.374301675977654,0.228571428571429,0.238095238095238,-0.0380952380952381,0.466666666666667
"Q6DIY2","ProteinMPNN",5,5.07887096405029,-8.93903847710112,-0.0499387624419056,2.16772606450366,0.156424581005587,0.139664804469274,0.329608938547486,0.202127659574468,0.234042553191489,-0.0212765957446808,0.436170212765957
"Q6DIY2","ProteinMPNN",6,4.97707233428955,-10.9299040535829,-0.0610609165004629,2.25942615082706,0.167597765363128,0.139664804469274,0.335195530726257,0.254901960784314,0.166666666666667,-0.107843137254902,0.42156862745098
"Q6DIY2","ProteinMPNN",7,5.1025728225708,-8.9395960588394,-0.0499418774236837,2.19957261030358,0.156424581005587,0.139664804469274,0.318435754189944,0.216981132075472,0.19811320754717,-0.0566037735849056,0.415094339622641
"G0HQ35","ProteinMPNN",0,5.24984264373779,-9.57923625825479,-0.0267576431794826,2.73017771168994,0.122905027932961,0.114525139664804,0.276536312849162,0.131147540983607,0.127868852459016,-0.0229508196721311,0.259016393442623
"G0HQ35","ProteinMPNN",1,5.39893131256103,-9.36565920107211,-0.0261610592208718,2.99825979859196,0.114525139664804,0.111731843575419,0.256983240223464,0.137323943661972,0.137323943661972,-0.028169014084507,0.274647887323944
"G0HQ35","ProteinMPNN",2,5.1710069656372,-8.75182917343863,-0.0244464502051358,2.2241671911299,0.11731843575419,0.106145251396648,0.254189944134078,0.139372822299652,0.128919860627178,-0.0278745644599303,0.268292682926829
"G0HQ35","ProteinMPNN",3,4.88601627349853,-13.6375156971795,-0.0380936192658645,2.36713960055352,0.125698324022346,0.103351955307263,0.254189944134078,0.153846153846154,0.130769230769231,-0.0346153846153846,0.284615384615385
"G0HQ35","ProteinMPNN",4,6.74806156158447,-0.570563929588303,-0.0015937539932634,2.63790639198631,0.103351955307263,0.120111731843575,0.259776536312849,0.118881118881119,0.143356643356643,0.0034965034965034,0.262237762237762
"G0HQ35","ProteinMPNN",5,6.22849636077881,-3.30113647537974,-0.0092210516072059,3.31792237180039,0.111731843575419,0.128491620111732,0.273743016759777,0.13448275862069,0.151724137931034,-0.0103448275862068,0.286206896551724
"G0HQ35","ProteinMPNN",6,5.64146327972412,-4.74179686003291,-0.0132452426257902,2.11288132029485,0.108938547486034,0.108938547486034,0.256983240223464,0.12,0.13,-0.0066666666666666,0.25
"G0HQ35","ProteinMPNN",7,5.87535572052002,-4.54715576744283,-0.0127015524230246,2.61612884973453,0.114525139664804,0.120111731843575,0.268156424581006,0.132890365448505,0.142857142857143,-0.0132890365448504,0.275747508305648
"Q8DLT5","ProteinMPNN",0,4.67878131866455,-16.2664084421986,-0.0362280811630259,1.56127993652107,0.10913140311804,0.0779510022271715,0.202672605790646,0.15807560137457,0.11340206185567,-0.0515463917525773,0.27147766323024
"Q8DLT5","ProteinMPNN",1,4.50439929962158,-19.2741201075929,-0.0429267708409641,1.52980618549208,0.102449888641425,0.0645879732739421,0.191536748329621,0.162055335968379,0.102766798418972,-0.0632411067193675,0.264822134387352
"Q8DLT5","ProteinMPNN",2,4.26340198516846,-26.2193023773133,-0.0583948828002524,1.68469827835961,0.10913140311804,0.0579064587973273,0.182628062360802,0.16,0.0866666666666666,-0.0833333333333333,0.246666666666667
"Q8DLT5","ProteinMPNN",3,4.52906742095947,-19.297379697631,-0.0429785739368173,1.46063824658917,0.111358574610245,0.0734966592427616,0.195991091314031,0.157894736842105,0.105263157894737,-0.0596491228070175,0.263157894736842
"Q8DLT5","ProteinMPNN",4,4.58374652862549,-18.0057852537015,-0.0401019716118074,1.49783852530991,0.106904231625835,0.0712694877505567,0.195991091314031,0.156,0.112,-0.048,0.268
"Q8DLT5","ProteinMPNN",5,4.44983386993408,-21.1785952081961,-0.0471683634926416,1.6885043533706,0.106904231625835,0.0668151447661469,0.195991091314031,0.139931740614334,0.0955631399317406,-0.0546075085324232,0.235494880546075
"Q8DLT5","ProteinMPNN",6,4.69486675262451,-16.004301114283,-0.0356443231943941,1.53788128192519,0.10913140311804,0.0779510022271715,0.20935412026726,0.16078431372549,0.129411764705882,-0.0352941176470588,0.290196078431373
"Q8DLT5","ProteinMPNN",7,4.49348621368408,-20.3054421076086,-0.0452237017986828,1.52367982118735,0.106904231625835,0.066815144766147,0.193763919821826,0.139240506329114,0.0854430379746835,-0.0569620253164556,0.224683544303797
"O67786","ProteinMPNN_v002",0,4.98048267364502,-12.1677165490189,-0.054563751340892,1.87855401905417,0.20627802690583,0.165919282511211,0.417040358744395,0.289855072463768,0.239130434782609,-0.0652173913043478,0.528985507246377
"O67786","ProteinMPNN_v002",1,4.88948345184326,-13.2575852001978,-0.0594510547094072,1.67062378773527,0.2152466367713,0.165919282511211,0.417040358744395,0.318181818181818,0.242424242424242,-0.0909090909090909,0.560606060606061
"O67786","ProteinMPNN_v002",2,4.92205219268799,-12.2595284210129,-0.0549754637713582,1.64181577496157,0.20627802690583,0.161434977578475,0.403587443946188,0.315384615384615,0.230769230769231,-0.0923076923076923,0.546153846153846
"O67786","ProteinMPNN_v002",3,4.64558734893799,-19.2451130289992,-0.0863009552869921,1.65315654328549,0.219730941704036,0.143497757847534,0.394618834080718,0.310606060606061,0.204545454545455,-0.113636363636364,0.515151515151515
"O67786","ProteinMPNN_v002",4,5.20971431732178,-7.27333721099725,-0.032615861932723,1.59477648530675,0.192825112107623,0.170403587443946,0.399103139013453,0.253424657534247,0.232876712328767,-0.0342465753424657,0.486301369863014
"O67786","ProteinMPNN_v002",5,5.07114086151123,-9.2733719923802,-0.041584627768521,1.63328650817644,0.201793721973094,0.170403587443946,0.412556053811659,0.322314049586777,0.272727272727273,-0.0661157024793388,0.59504132231405
"O67786","ProteinMPNN_v002",6,4.86095027923584,-13.2637550644378,-0.0594787222620528,1.64081402372505,0.210762331838565,0.161434977578475,0.403587443946188,0.310077519379845,0.263565891472868,-0.0620155038759689,0.573643410852713
"O67786","ProteinMPNN_v002",7,4.65536365509033,-18.2542898961362,-0.0818578022248259,1.63809777442328,0.2152466367713,0.143497757847534,0.399103139013453,0.330827067669173,0.210526315789474,-0.12781954887218,0.541353383458647
"Q980U8","ProteinMPNN_v002",0,5.25728855133057,-11.7866272363587,-0.0337725708778184,2.53749299906545,0.220630372492837,0.197707736389685,0.452722063037249,0.254180602006689,0.220735785953177,-0.0468227424749163,0.474916387959866
"Q980U8","ProteinMPNN_v002",1,5.07477855682373,-16.7666121653078,-0.0480418686685037,2.60436931410342,0.229226361031519,0.191977077363897,0.461318051575931,0.267605633802817,0.22887323943662,-0.0528169014084507,0.496478873239437
"Q980U8","ProteinMPNN_v002",2,4.62569370269775,-31.8339398688561,-0.0912147274179258,2.27754248439493,0.240687679083094,0.157593123209169,0.435530085959885,0.294117647058823,0.198529411764706,-0.106617647058823,0.492647058823529
"Q980U8","ProteinMPNN_v002",3,5.16572093963623,-13.8081948600687,-0.0395650282523458,2.55546625707143,0.220630372492837,0.191977077363897,0.449856733524355,0.265957446808511,0.230496453900709,-0.0496453900709219,0.49645390070922
"Q980U8","ProteinMPNN_v002",4,4.95769023895264,-19.7672745010858,-0.0566397550174377,2.56271003674087,0.226361031518625,0.180515759312321,0.444126074498567,0.253378378378378,0.206081081081081,-0.0608108108108108,0.45945945945946
"Q980U8","ProteinMPNN_v002",5,4.94223003387451,-22.570797602359,-0.0646727724995959,3.00450623939182,0.240687679083094,0.191977077363897,0.464183381088825,0.278350515463917,0.223367697594502,-0.0756013745704467,0.501718213058419
"Q980U8","ProteinMPNN_v002",6,5.05261135101318,-16.7777286704863,-0.048073721118872,2.57027729109062,0.223495702005731,0.186246418338109,0.446991404011461,0.261168384879725,0.206185567010309,-0.0687285223367697,0.467353951890034
"Q980U8","ProteinMPNN_v002",7,5.06443386077881,-15.7838737532434,-0.0452259992929609,2.50200699921172,0.214899713467049,0.180515759312321,0.432664756446991,0.277566539923954,0.224334600760456,-0.0684410646387832,0.501901140684411
"O58832","ProteinMPNN_v002",0,5.13997287750244,-15.5747982696802,-0.0455403458177784,2.98250395189266,0.201754385964912,0.172514619883041,0.421052631578947,0.295566502463054,0.270935960591133,-0.0443349753694581,0.566502463054187
"O58832","ProteinMPNN_v002",1,4.85771045684814,-23.5204341505985,-0.0687731992707559,3.17551486388766,0.201754385964912,0.152046783625731,0.388888888888889,0.321428571428571,0.214285714285714,-0.127551020408163,0.535714285714286
"O58832","ProteinMPNN_v002",2,5.40376262664795,-9.71666604529111,-0.0284113042259973,2.77142936563068,0.190058479532164,0.175438596491228,0.409356725146199,0.311475409836066,0.284153005464481,-0.0491803278688524,0.595628415300546
"O58832","ProteinMPNN_v002",3,5.43542194366455,-10.4950581017899,-0.0306873043911984,3.14788665462477,0.190058479532164,0.178362573099415,0.406432748538012,0.267676767676768,0.282828282828283,-0.0151515151515151,0.55050505050505
"O58832","ProteinMPNN_v002",4,5.144065284729,-16.4018899075413,-0.0479587424197113,3.35799841497139,0.190058479532164,0.16374269005848,0.391812865497076,0.28780487804878,0.239024390243902,-0.0780487804878048,0.526829268292683
"O58832","ProteinMPNN_v002",5,5.0927396774292,-16.6057179980909,-0.0485547309885697,2.96482534775052,0.198830409356725,0.166666666666667,0.406432748538012,0.3,0.25,-0.07,0.55
"O58832","ProteinMPNN_v002",6,5.38517627716064,-9.97108748806093,-0.0291552265732775,2.7289662320367,0.181286549707602,0.166666666666667,0.391812865497076,0.282051282051282,0.266666666666667,-0.0307692307692307,0.548717948717949
"O58832","ProteinMPNN_v002",7,5.30031566619873,-11.6985655538106,-0.0342063320286858,2.77487188382745,0.195906432748538,0.175438596491228,0.406432748538012,0.306122448979592,0.260204081632653,-0.0663265306122449,0.566326530612245
"Q9Z9J6","ProteinMPNN_v002",0,4.74965953826904,-5.50909638549939,-0.0888563933145062,0.66517773347124,0.258064516129032,0.17741935483871,0.451612903225806,0.357142857142857,0.214285714285714,-0.142857142857143,0.571428571428571
"Q9Z9J6","ProteinMPNN_v002",1,6.35303058624268,-0.472315221078121,-0.0076179874367438,0.688239343671236,0.241935483870968,0.241935483870968,0.5,0.333333333333333,0.30952380952381,-0.0238095238095238,0.642857142857143
"Q9Z9J6","ProteinMPNN_v002",2,6.83070545196533,-0.125394106175577,-0.002022485583477,0.883209943529097,0.241935483870968,0.258064516129032,0.516129032258065,0.341463414634146,0.292682926829268,-0.073170731707317,0.634146341463415
"Q9Z9J6","ProteinMPNN_v002",3,4.82917728424072,-5.4617092920367,-0.0880920853554306,0.69091585417183,0.274193548387097,0.193548387096774,0.467741935483871,0.375,0.225,-0.15,0.6
"Q9Z9J6","ProteinMPNN_v002",4,6.31159496307373,-0.477264199680977,-0.0076978096722738,0.645875285078142,0.241935483870968,0.241935483870968,0.5,0.317073170731707,0.317073170731707,0,0.634146341463415
"Q9Z9J6","ProteinMPNN_v002",5,5.61133861541748,-1.46950475910491,-0.0237016896629824,0.701804101543544,0.258064516129032,0.241935483870968,0.516129032258065,0.375,0.25,-0.125,0.625
"Q9Z9J6","ProteinMPNN_v002",6,4.79137935638428,-5.46451975400991,-0.0881374153872566,0.677351096299518,0.258064516129032,0.17741935483871,0.451612903225806,0.357142857142857,0.214285714285714,-0.142857142857143,0.571428571428571
"Q9Z9J6","ProteinMPNN_v002",7,9.12648296356202,2.52287631495067,0.0406915534669462,0.684475585896934,0.225806451612903,0.274193548387097,0.516129032258065,0.292682926829268,0.341463414634146,0.048780487804878,0.634146341463415
"P02819","ProteinMPNN_v002",0,9.45772151947022,5.51650647725102,0.112581764841858,2.74228379728873,0.0816326530612245,0.36734693877551,0.530612244897959,0.0975609756097561,0.439024390243902,0.121951219512195,0.536585365853659
"P02819","ProteinMPNN_v002",1,9.78754177093506,7.33554817569643,0.149705064810131,2.24097576531081,0.0408163265306122,0.326530612244898,0.448979591836735,0.0512820512820512,0.41025641025641,0.17948717948718,0.461538461538462
"P02819","ProteinMPNN_v002",2,9.88740329742432,8.26089889849027,0.168589773438577,1.99833697560676,0.0816326530612245,0.36734693877551,0.510204081632653,0.102564102564103,0.435897435897436,0.17948717948718,0.538461538461538
"P02819","ProteinMPNN_v002",3,10.1053064346313,5.34359194432927,0.109052896823046,2.21251047977914,0.0612244897959183,0.306122448979592,0.469387755102041,0.0526315789473684,0.394736842105263,0.157894736842105,0.447368421052632
"P02819","ProteinMPNN_v002",4,9.15259265899658,3.00611703940376,0.0613493273347706,1.30880945870779,0.142857142857143,0.26530612244898,0.510204081632653,0.153846153846154,0.333333333333333,0.102564102564103,0.487179487179487
"P02819","ProteinMPNN_v002",5,8.90509853363037,2.36192432034791,0.0482025371499573,2.20824970844102,0.122448979591837,0.306122448979592,0.510204081632653,0.128205128205128,0.384615384615385,0.0769230769230769,0.512820512820513
"P02819","ProteinMPNN_v002",6,7.31957759857178,0.620666422838465,0.0126666616905809,2.91308074748766,0.102040816326531,0.306122448979592,0.489795918367347,0.102564102564103,0.384615384615385,0.0256410256410256,0.487179487179487
"P02819","ProteinMPNN_v002",7,11.8565256118774,9.8203850552609,0.200416021535937,0.765227646085883,0.0408163265306122,0.26530612244898,0.387755102040816,0.048780487804878,0.317073170731707,0.24390243902439,0.365853658536585
"Q4R312","ProteinMPNN_v002",0,9.71862506866455,14.7155427780968,0.179457838757278,0.823395812798602,0.134146341463415,0.317073170731707,0.560975609756098,0.171875,0.390625,0.21875,0.5625
"Q4R312","ProteinMPNN_v002",1,9.73558025360107,15.7158034172257,0.19165613923446,0.843851079228156,0.121951219512195,0.317073170731707,0.573170731707317,0.147540983606557,0.426229508196721,0.278688524590164,0.573770491803279
"Q4R312","ProteinMPNN_v002",2,8.79247226715088,3.73515903305142,0.0455507199152612,0.86929836017873,0.182926829268293,0.231707317073171,0.548780487804878,0.254237288135593,0.305084745762712,0.0508474576271186,0.559322033898305
"Q4R312","ProteinMPNN_v002",3,9.3770715713501,8.72403894509942,0.106390718842676,0.825431578542846,0.146341463414634,0.25609756097561,0.524390243902439,0.171875,0.328125,0.15625,0.5
"Q4R312","ProteinMPNN_v002",4,9.56970310211182,11.462862956547,0.139791011665207,0.88235799768724,0.134146341463415,0.280487804878049,0.536585365853659,0.158730158730159,0.365079365079365,0.206349206349206,0.523809523809524
"Q4R312","ProteinMPNN_v002",5,9.55242557525635,11.7914099059038,0.143797681779314,0.782358858375833,0.146341463414634,0.292682926829268,0.560975609756098,0.180327868852459,0.39344262295082,0.213114754098361,0.573770491803279
"Q4R312","ProteinMPNN_v002",6,4.78472919464111,-6.24748335312089,-0.076188821379523,0.904546641227308,0.24390243902439,0.170731707317073,0.548780487804878,0.316666666666667,0.233333333333333,-0.0833333333333333,0.55
"Q4R312","ProteinMPNN_v002",7,9.40988597869873,9.72497316501548,0.118597233719701,0.859189586366533,0.170731707317073,0.292682926829268,0.585365853658537,0.213114754098361,0.39344262295082,0.180327868852459,0.60655737704918
"Q54FJ9","ProteinMPNN_v002",0,6.3404691696167,-1.06047667210129,-0.0034656100395466,1.82810449333236,0.160130718954248,0.163398692810457,0.375816993464052,0.232258064516129,0.296774193548387,0.0580645161290322,0.529032258064516
"Q54FJ9","ProteinMPNN_v002",1,5.69176578521728,-4.27408488037656,-0.0139675976482894,2.12633033791279,0.163398692810457,0.160130718954248,0.372549019607843,0.305785123966942,0.322314049586777,0,0.628099173553719
"Q54FJ9","ProteinMPNN_v002",2,5.43905963897705,-5.93566326594962,-0.0193975923723843,1.92855463106152,0.166666666666667,0.156862745098039,0.359477124183006,0.217877094972067,0.245810055865922,0.0167597765363128,0.463687150837989
"Q54FJ9","ProteinMPNN_v002",3,5.12900295257568,-9.89850269479004,-0.0323480480221896,1.9793010347329,0.173202614379085,0.150326797385621,0.362745098039216,0.25,0.255952380952381,-0.0059523809523809,0.505952380952381
"Q54FJ9","ProteinMPNN_v002",4,5.51590595245361,-4.44440793606759,-0.0145242089413973,1.71497985875505,0.169934640522876,0.160130718954248,0.382352941176471,0.25,0.25,0,0.5
"Q54FJ9","ProteinMPNN_v002",5,5.61048603057861,-4.89182331764363,-0.0159863507112537,2.23128297442016,0.15359477124183,0.150326797385621,0.359477124183006,0.226415094339623,0.276729559748428,0.0314465408805031,0.50314465408805
"Q54FJ9","ProteinMPNN_v002",6,5.57030086517334,-4.94099957785929,-0.0161470574439846,1.98840047557758,0.156862745098039,0.150326797385621,0.349673202614379,0.215568862275449,0.25748502994012,0.029940119760479,0.473053892215569
"Q54FJ9","ProteinMPNN_v002",7,6.32893085479736,-1.06705659744672,-0.0034871130635513,1.80567749763275,0.15359477124183,0.156862745098039,0.359477124183006,0.253424657534247,0.315068493150685,0.0547945205479452,0.568493150684932
"Q54JL0","ProteinMPNN_v002",0,8.1463701248169,2.79499251054354,0.0044154700008586,2.96397536430382,0.191153238546603,0.199052132701422,0.442338072669826,0.227176220806794,0.263269639065817,0.0318471337579617,0.490445859872611
"Q54JL0","ProteinMPNN_v002",1,5.0702314376831,-22.1953420838979,-0.0350637315701389,3.04071998452779,0.200631911532385,0.169036334913112,0.429699842022117,0.254424778761062,0.223451327433628,-0.0331858407079646,0.47787610619469
"Q54JL0","ProteinMPNN_v002",2,8.47767314910889,5.12900987854493,0.0081027012299288,3.00880566900374,0.17693522906793,0.18957345971564,0.412322274881517,0.221198156682028,0.267281105990783,0.0391705069124423,0.488479262672811
"Q54JL0","ProteinMPNN_v002",3,8.6691442489624,7.77972123572697,0.0122902389189999,3.00230565494478,0.186413902053712,0.202211690363349,0.44391785150079,0.230088495575221,0.27212389380531,0.0398230088495575,0.502212389380531
"Q54JL0","ProteinMPNN_v002",4,5.00213832855225,-28.0764245931709,-0.0443545412214389,3.4180063073925,0.216429699842022,0.17693522906793,0.451816745655608,0.267241379310345,0.228448275862069,-0.0452586206896551,0.495689655172414
"Q54JL0","ProteinMPNN_v002",5,8.32520542144776,3.78615872575418,0.0059812934056148,2.89253256440597,0.186413902053712,0.195892575039494,0.436018957345972,0.221476510067114,0.272930648769575,0.046979865771812,0.494407158836689
"Q54JL0","ProteinMPNN_v002",6,4.86527004241943,-33.0737126244526,-0.052249151065486,3.20762898962244,0.202211690363349,0.154818325434439,0.407582938388626,0.258620689655172,0.196120689655172,-0.0689655172413793,0.454741379310345
"Q54JL0","ProteinMPNN_v002",7,5.80311336517334,-6.12003072446281,-0.0096682949833535,3.27659415867868,0.200631911532385,0.195892575039494,0.456556082148499,0.259345794392523,0.27803738317757,0.014018691588785,0.537383177570093
"Q69NP0","ProteinMPNN_v002",0,9.36250171661377,5.48825354997043,0.0590134790319401,0.669281797895088,0.118279569892473,0.182795698924731,0.376344086021505,0.189655172413793,0.258620689655172,0.0689655172413793,0.448275862068966
"Q69NP0","ProteinMPNN_v002",1,9.59271831512451,9.58026894224608,0.10301364454028,0.927002521698406,0.139784946236559,0.258064516129032,0.494623655913978,0.140625,0.375,0.21875,0.515625
"Q69NP0","ProteinMPNN_v002",2,9.41755771636963,6.85106061363174,0.0736673184261477,0.905910659070043,0.150537634408602,0.236559139784946,0.473118279569892,0.254545454545455,0.381818181818182,0.109090909090909,0.636363636363636
"Q69NP0","ProteinMPNN_v002",3,9.37720050811767,5.50134740111238,0.0591542731302406,0.66873902709527,0.129032258064516,0.193548387096774,0.408602150537634,0.172413793103448,0.293103448275862,0.120689655172414,0.46551724137931
"Q69NP0","ProteinMPNN_v002",4,9.2373685836792,4.87374810061097,0.0524058935549566,0.860749494672022,0.129032258064516,0.193548387096774,0.408602150537634,0.19672131147541,0.278688524590164,0.081967213114754,0.475409836065574
"Q69NP0","ProteinMPNN_v002",5,9.65770244598389,10.5905753251137,0.11387715403348,0.975810586331393,0.139784946236559,0.268817204301075,0.494623655913978,0.210526315789474,0.421052631578947,0.210526315789474,0.631578947368421
"Q69NP0","ProteinMPNN_v002",6,9.10320987701416,3.92285763933757,0.0421812649391136,0.835754180394414,0.161290322580645,0.21505376344086,0.462365591397849,0.245614035087719,0.333333333333333,0.0701754385964912,0.578947368421053
"Q69NP0","ProteinMPNN_v002",7,9.01308307647705,3.84015186774293,0.0412919555671282,0.927508658107666,0.172043010752688,0.225806451612903,0.494623655913978,0.267857142857143,0.357142857142857,0.0892857142857142,0.625
"P0A7R6","ProteinMPNN_v002",0,8.89504146575928,2.80423901334829,0.0272256214888183,0.851122270316576,0.242718446601942,0.271844660194175,0.524271844660194,0.338028169014085,0.366197183098592,0.028169014084507,0.704225352112676
"P0A7R6","ProteinMPNN_v002",1,7.74581317901611,0.49766517854037,0.0048317007625278,0.844252022695938,0.242718446601942,0.252427184466019,0.504854368932039,0.348484848484849,0.348484848484849,0,0.696969696969697
"P0A7R6","ProteinMPNN_v002",2,5.33186130523682,-4.09953881054822,-0.0398013476752254,1.09558328824223,0.271844660194175,0.242718446601942,0.524271844660194,0.371428571428571,0.314285714285714,-0.0714285714285714,0.685714285714286
"P0A7R6","ProteinMPNN_v002",3,9.04731578826904,3.53969362262913,0.0343659575012536,0.891853178324066,0.233009708737864,0.271844660194175,0.524271844660194,0.307692307692308,0.4,0.0923076923076923,0.707692307692308
"P0A7R6","ProteinMPNN_v002",4,6.67178363800049,-0.199569204514717,-0.0019375650923758,0.814150971525843,0.252427184466019,0.252427184466019,0.514563106796116,0.373134328358209,0.343283582089552,-0.0298507462686567,0.716417910447761
"P0A7R6","ProteinMPNN_v002",5,5.10064029693603,-6.09585110751685,-0.0591830204613286,1.09385529621217,0.271844660194175,0.223300970873786,0.504854368932039,0.376811594202899,0.289855072463768,-0.101449275362319,0.666666666666667
"P0A7R6","ProteinMPNN_v002",6,5.47771015167236,-2.12676442301908,-0.0206481982817386,0.767351538767636,0.242718446601942,0.223300970873786,0.495145631067961,0.333333333333333,0.318181818181818,-0.0151515151515151,0.651515151515151
"P0A7R6","ProteinMPNN_v002",7,5.68147792816162,-2.10969631432776,-0.020482488488619,1.05678874518443,0.252427184466019,0.242718446601942,0.504854368932039,0.338461538461538,0.338461538461538,-0.0153846153846153,0.676923076923077
"P60724","ProteinMPNN_v002",0,5.86080493927002,-2.3450919282251,-0.0116671240210204,1.41437448292289,0.228855721393035,0.223880597014925,0.482587064676617,0.241758241758242,0.247252747252747,0,0.489010989010989
"P60724","ProteinMPNN_v002",1,7.6947717666626,0.645532466039214,0.0032116043086528,1.33997169648326,0.203980099502487,0.213930348258706,0.447761194029851,0.26027397260274,0.26027397260274,-0.0068493150684931,0.520547945205479
"P60724","ProteinMPNN_v002",2,9.40775852203369,11.6262638287714,0.0578421086008528,1.36342668825575,0.194029850746269,0.258706467661692,0.482587064676617,0.246666666666667,0.326666666666667,0.0733333333333333,0.573333333333333
"P60724","ProteinMPNN_v002",3,9.13969898223877,7.6304786845122,0.0379625805199612,1.46585405566709,0.199004975124378,0.243781094527363,0.487562189054726,0.248275862068966,0.317241379310345,0.0620689655172413,0.56551724137931
"P60724","ProteinMPNN_v002",4,6.18018321990967,-1.3452784692489,-0.0066929277077059,1.44264074094222,0.233830845771144,0.233830845771144,0.502487562189055,0.308823529411765,0.316176470588235,0,0.625
"P60724","ProteinMPNN_v002",5,5.52539806365967,-4.33790306318615,-0.0215816072795331,1.4391847568821,0.233830845771144,0.218905472636816,0.482587064676617,0.24468085106383,0.234042553191489,-0.0159574468085106,0.478723404255319
"P60724","ProteinMPNN_v002",6,8.76649150848389,3.63303687181293,0.0180748103075269,1.43037676786625,0.203980099502487,0.228855721393035,0.472636815920398,0.22289156626506,0.259036144578313,0.0301204819277108,0.481927710843373
"P60724","ProteinMPNN_v002",7,7.62588291168213,0.635708454598095,0.0031627286298412,1.43387850916237,0.218905472636816,0.228855721393035,0.482587064676617,0.263473053892216,0.269461077844311,0,0.532934131736527
"Q07938","ProteinMPNN_v002",0,9.18991985321045,12.2851350372381,0.0364544066386886,2.80851949210299,0.14540059347181,0.198813056379822,0.388724035608309,0.177777777777778,0.240740740740741,0.0444444444444444,0.418518518518519
"Q07938","ProteinMPNN_v002",1,4.61705417633057,-28.6512659864667,-0.0850185934316519,2.67602239850404,0.207715133531157,0.136498516320475,0.400593471810089,0.294117647058823,0.180672268907563,-0.130252100840336,0.474789915966386
"Q07938","ProteinMPNN_v002",2,9.03113422393799,8.63996000010997,0.0256378635018099,3.67107495176671,0.14540059347181,0.198813056379822,0.391691394658754,0.191235059760956,0.250996015936255,0.0358565737051792,0.442231075697211
"Q07938","ProteinMPNN_v002",3,5.12564945220947,-13.6151496047988,-0.0404010374029637,2.95070074308554,0.178041543026706,0.154302670623145,0.385756676557863,0.223484848484848,0.196969696969697,-0.0492424242424242,0.420454545454545
"Q07938","ProteinMPNN_v002",4,6.08168125152588,-3.54751210883288,-0.0105267421627088,3.06724341560567,0.154302670623145,0.163204747774481,0.370919881305638,0.185454545454545,0.192727272727273,-0.0145454545454545,0.378181818181818
"Q07938","ProteinMPNN_v002",5,8.83405437469483,7.54392835769456,0.0223855440881144,3.59715832621636,0.15727002967359,0.204747774480712,0.409495548961424,0.177474402730375,0.232081911262799,0.0238907849829351,0.409556313993174
"Q07938","ProteinMPNN_v002",6,9.22118701934814,12.0346142237132,0.0357110214353506,2.05061090503235,0.148367952522255,0.192878338278932,0.385756676557863,0.192468619246862,0.251046025104602,0.0502092050209205,0.443514644351464
"Q07938","ProteinMPNN_v002",7,5.15230693817139,-14.4294573739122,-0.0428173809314901,3.33037742765649,0.175074183976261,0.154302670623145,0.382789317507418,0.20863309352518,0.179856115107914,-0.0539568345323741,0.388489208633093
"B1X495","ProteinMPNN_v002",0,5.51283664703369,-2.45709585419219,-0.0238552995552639,0.898084662886777,0.252427184466019,0.233009708737864,0.563106796116505,0.311688311688312,0.285714285714286,-0.0259740259740259,0.597402597402597
"B1X495","ProteinMPNN_v002",1,9.95818958282471,10.7919165154817,0.104775888499823,0.533898206377438,0.058252427184466,0.16504854368932,0.271844660194175,0.08,0.226666666666667,0.146666666666667,0.306666666666667
"B1X495","ProteinMPNN_v002",2,10.1385721206665,16.7429372477563,0.162552788813168,0.628545915599696,0.058252427184466,0.223300970873786,0.330097087378641,0.0789473684210526,0.302631578947368,0.223684210526316,0.381578947368421
"B1X495","ProteinMPNN_v002",3,4.86151866912842,-7.44857366059747,-0.0723162491320142,0.8333528597949,0.262135922330097,0.194174757281553,0.504854368932039,0.265957446808511,0.212765957446809,-0.0531914893617021,0.478723404255319
"B1X495","ProteinMPNN_v002",4,10.1618452072144,16.485734269501,0.160055672519427,0.602954741242952,0.0485436893203883,0.213592233009709,0.320388349514563,0.0515463917525773,0.22680412371134,0.175257731958763,0.278350515463917
"B1X495","ProteinMPNN_v002",5,8.0885419845581,0.795936758285777,0.0077275413425803,0.548904758519104,0.0776699029126213,0.087378640776699,0.203883495145631,0.0909090909090909,0.102272727272727,0.0113636363636363,0.193181818181818
"B1X495","ProteinMPNN_v002",6,10.0000295639038,20.4974824740794,0.199004684214363,0.786113309466222,0.145631067961165,0.349514563106796,0.533980582524272,0.191780821917808,0.47945205479452,0.287671232876712,0.671232876712329
"B1X495","ProteinMPNN_v002",7,10.2987115859985,10.751279344097,0.104381352855311,0.469893805863888,0.0388349514563106,0.145631067961165,0.194174757281553,0.0410958904109589,0.191780821917808,0.150684931506849,0.232876712328767
"A9CIG1","ProteinMPNN_v002",0,10.4435720443726,37.432069514136,0.370614549644911,0.890089924622892,0.0693069306930693,0.445544554455445,0.574257425742574,0.0875,0.55,0.4625,0.6375
"A9CIG1","ProteinMPNN_v002",1,8.26434726715088,1.50191714989944,0.0148704668306875,1.02342054223045,0.247524752475247,0.267326732673267,0.574257425742574,0.311688311688312,0.324675324675325,0.0129870129870129,0.636363636363636
"A9CIG1","ProteinMPNN_v002",2,9.40846767425537,9.49161827671345,0.0939764185813212,1.03117706453131,0.207920792079208,0.306930693069307,0.584158415841584,0.244186046511628,0.36046511627907,0.116279069767442,0.604651162790698
"A9CIG1","ProteinMPNN_v002",3,9.94452228546143,20.461153817945,0.202585681365792,0.933506465976428,0.148514851485149,0.356435643564356,0.564356435643564,0.162790697674419,0.406976744186047,0.244186046511628,0.569767441860465
"A9CIG1","ProteinMPNN_v002",4,9.60683689117432,11.4809366141233,0.113672639743795,0.951241745339228,0.178217821782178,0.297029702970297,0.534653465346535,0.214285714285714,0.345238095238095,0.130952380952381,0.55952380952381
"A9CIG1","ProteinMPNN_v002",5,9.46777858734131,8.49151254346475,0.0840743816184629,0.954066740842826,0.198019801980198,0.287128712871287,0.544554455445545,0.235294117647059,0.329411764705882,0.0941176470588235,0.564705882352941
"A9CIG1","ProteinMPNN_v002",6,5.23699703216553,-4.47675047718607,-0.0443242621503571,1.06747285405243,0.277227722772277,0.237623762376238,0.564356435643564,0.363636363636364,0.285714285714286,-0.0779220779220779,0.649350649350649
"A9CIG1","ProteinMPNN_v002",7,10.2299238204956,29.7097329948052,0.294155772225794,0.883424798153278,0.108910891089109,0.405940594059406,0.574257425742574,0.130952380952381,0.476190476190476,0.345238095238095,0.607142857142857
"Q6L047","ProteinMPNN_v002",0,5.12815036773682,-13.7540141008135,-0.0383120169939095,2.79597517098291,0.183844011142061,0.158774373259053,0.387186629526462,0.221428571428571,0.2,-0.0392857142857142,0.421428571428571
"Q6L047","ProteinMPNN_v002",1,5.35027713775635,-7.10560897724087,-0.0197927826664091,1.86287862514752,0.178272980501393,0.161559888579387,0.392757660167131,0.216417910447761,0.216417910447761,-0.003731343283582,0.432835820895522
"Q6L047","ProteinMPNN_v002",2,5.60917873382568,-6.76620661229225,-0.018847372179087,2.83019419133424,0.178272980501393,0.172701949860724,0.3983286908078,0.22140221402214,0.22140221402214,-0.014760147601476,0.44280442804428
"Q6L047","ProteinMPNN_v002",3,5.29252872467041,-11.6765002633291,-0.0325250703713902,3.10099923301014,0.181058495821727,0.164345403899721,0.401114206128134,0.204152249134948,0.190311418685121,-0.0311418685121107,0.394463667820069
"Q6L047","ProteinMPNN_v002",4,6.39520511627197,-1.04828731416239,-0.0029200203737114,2.0701206488,0.158774373259053,0.161559888579387,0.376044568245125,0.160349854227405,0.166180758017493,0,0.326530612244898
"Q6L047","ProteinMPNN_v002",5,5.46361408233643,-7.85324670304174,-0.0218753390056873,2.63910398513646,0.178272980501393,0.167130919220056,0.392757660167131,0.208904109589041,0.198630136986301,-0.023972602739726,0.407534246575342
"Q6L047","ProteinMPNN_v002",6,5.36425952911377,-8.86212526911406,-0.0246855857078386,2.6062207031093,0.175487465181059,0.161559888579387,0.392757660167131,0.21978021978022,0.205128205128205,-0.0293040293040293,0.424908424908425
"Q6L047","ProteinMPNN_v002",7,5.03499126434326,-14.9151726269319,-0.0415464418577489,2.36165115609784,0.194986072423398,0.161559888579387,0.401114206128134,0.2578125,0.2109375,-0.0546875,0.46875
"A9A498","ProteinMPNN_v002",0,5.1913553237915,-5.19394013912028,-0.0180973524011159,0.8933330934032,0.146341463414634,0.128919860627178,0.29616724738676,0.226190476190476,0.214285714285714,-0.0119047619047619,0.44047619047619
"A9A498","ProteinMPNN_v002",1,4.77864742279053,-12.1864754168354,-0.0424615868182417,0.976861181656652,0.153310104529617,0.111498257839721,0.292682926829268,0.299145299145299,0.247863247863248,-0.0512820512820512,0.547008547008547
"A9A498","ProteinMPNN_v002",2,4.87601261138916,-12.9970709477782,-0.0452859614905164,1.4804524543838,0.16376306620209,0.125435540069686,0.313588850174216,0.276595744680851,0.24113475177305,-0.0496453900709219,0.517730496453901
"A9A498","ProteinMPNN_v002",3,5.02487392425537,-8.19160696335418,-0.0285421845413037,1.02938246491601,0.156794425087108,0.128919860627178,0.306620209059233,0.254777070063694,0.21656050955414,-0.0382165605095541,0.471337579617834
"A9A498","ProteinMPNN_v002",4,4.78603649139404,-12.1766025250926,-0.0424271864985804,0.928680364453772,0.16376306620209,0.121951219512195,0.303135888501742,0.277372262773723,0.226277372262774,-0.0510948905109489,0.503649635036496
"A9A498","ProteinMPNN_v002",5,5.04368762969971,-9.33799949875552,-0.0325365836193572,1.35248042284471,0.167247386759582,0.139372822299652,0.334494773519164,0.258426966292135,0.202247191011236,-0.0617977528089887,0.460674157303371
"A9A498","ProteinMPNN_v002",6,5.25836849212646,-5.1711694442494,-0.0180180120008689,1.03089973582328,0.156794425087108,0.139372822299652,0.317073170731707,0.237179487179487,0.243589743589744,0.0064102564102564,0.480769230769231
"A9A498","ProteinMPNN_v002",7,5.10848407745361,-8.33399637541231,-0.029038314896907,1.33259868437251,0.156794425087108,0.132404181184669,0.313588850174216,0.257142857142857,0.25,-0.0142857142857142,0.507142857142857
"A0A1D8PCG7","ProteinMPNN_v002",0,4.35417385101318,-10.5999902967459,-0.121838968928114,0.828781182885682,0.241379310344828,0.126436781609195,0.436781609195402,0.296875,0.171875,-0.125,0.46875
"A0A1D8PCG7","ProteinMPNN_v002",1,4.65490894317627,-6.27256029436494,-0.0720983941881027,0.911173427632301,0.218390804597701,0.149425287356322,0.471264367816092,0.238805970149254,0.194029850746269,-0.044776119402985,0.432835820895522
"A0A1D8PCG7","ProteinMPNN_v002",2,4.62881984710693,-7.26480248923248,-0.0835034768877296,0.938564959855103,0.218390804597701,0.137931034482759,0.459770114942529,0.264705882352941,0.176470588235294,-0.088235294117647,0.441176470588235
"A0A1D8PCG7","ProteinMPNN_v002",3,4.61949825286865,-6.5352858596535,-0.0751182282718793,0.941782814317501,0.206896551724138,0.137931034482759,0.459770114942529,0.231884057971014,0.173913043478261,-0.0579710144927536,0.405797101449275
"A0A1D8PCG7","ProteinMPNN_v002",4,4.05002841949463,-21.5823413878548,-0.248072889515572,0.909269029077411,0.298850574712644,0.057471264367816,0.436781609195402,0.333333333333333,0.0757575757575757,-0.257575757575758,0.409090909090909
"A0A1D8PCG7","ProteinMPNN_v002",5,4.31074886322021,-9.51347587755748,-0.109350297443189,0.842022229308398,0.206896551724138,0.103448275862069,0.402298850574713,0.272727272727273,0.163636363636364,-0.109090909090909,0.436363636363636
"A0A1D8PCG7","ProteinMPNN_v002",6,4.50991268157959,-8.50151990660258,-0.0977186196161215,0.8363169419814,0.241379310344828,0.149425287356322,0.459770114942529,0.238805970149254,0.194029850746269,-0.044776119402985,0.432835820895522
"A0A1D8PCG7","ProteinMPNN_v002",7,4.05002841949463,-16.4808234525395,-0.18943475232804,0.828786732814741,0.252873563218391,0.0689655172413793,0.379310344827586,0.309859154929577,0.0845070422535211,-0.225352112676056,0.394366197183099
"O28542","ProteinMPNN_v002",0,5.11854457855225,-14.8101559122436,-0.043559282094834,3.03793611706458,0.176470588235294,0.152941176470588,0.370588235294118,0.236514522821577,0.195020746887967,-0.0580912863070539,0.431535269709544
"O28542","ProteinMPNN_v002",1,5.46736545562744,-10.6227482196317,-0.0312433771165637,3.3908297823608,0.167647058823529,0.161764705882353,0.361764705882353,0.232558139534884,0.213953488372093,-0.0465116279069767,0.446511627906977
"O28542","ProteinMPNN_v002",2,5.94822330474854,-4.81481973613481,-0.0141612345180435,3.00947833852578,0.161764705882353,0.167647058823529,0.370588235294118,0.235897435897436,0.256410256410256,0,0.492307692307692
"O28542","ProteinMPNN_v002",3,5.20988483428955,-14.6255982446708,-0.0430164654255022,3.45413658522487,0.176470588235294,0.158823529411765,0.367647058823529,0.256880733944954,0.229357798165138,-0.0596330275229357,0.486238532110092
"O28542","ProteinMPNN_v002",4,5.18123798370361,-12.8924041155942,-0.0379188356341004,2.77786982171192,0.176470588235294,0.155882352941176,0.373529411764706,0.217777777777778,0.195555555555556,-0.0266666666666666,0.413333333333333
"O28542","ProteinMPNN_v002",5,5.20857753753662,-11.9714204375108,-0.0352100601103259,2.55841331998448,0.179411764705882,0.158823529411765,0.376470588235294,0.248908296943231,0.222707423580786,-0.0393013100436681,0.471615720524017
"O28542","ProteinMPNN_v002",6,5.32691631317139,-12.624482701948,-0.0371308314763176,3.42131629216355,0.173529411764706,0.161764705882353,0.373529411764706,0.251231527093596,0.236453201970443,-0.0443349753694581,0.487684729064039
"O28542","ProteinMPNN_v002",7,5.47668704986572,-9.72574164378731,-0.0286051224817273,3.19056956462154,0.161764705882353,0.155882352941176,0.358823529411765,0.212121212121212,0.212121212121212,-0.0216450216450216,0.424242424242424
"Q8TY15","ProteinMPNN_v002",0,5.01396083831787,-16.7756161128993,-0.0464698507282528,3.38467802138802,0.160664819944598,0.135734072022161,0.343490304709141,0.190812720848057,0.162544169611307,-0.0565371024734982,0.353356890459364
"Q8TY15","ProteinMPNN_v002",1,4.84310283660889,-22.6517123915245,-0.0627471257382948,3.57701273147977,0.171745152354571,0.132963988919667,0.340720221606648,0.204861111111111,0.159722222222222,-0.0763888888888889,0.364583333333333
"Q8TY15","ProteinMPNN_v002",2,4.87351169586182,-17.0403192011417,-0.047203100280171,2.65975376990037,0.155124653739612,0.121883656509695,0.31578947368421,0.17948717948718,0.134615384615385,-0.0576923076923076,0.314102564102564
"Q8TY15","ProteinMPNN_v002",3,4.50155735015869,-29.0718358573372,-0.080531401266862,2.32954466051677,0.174515235457064,0.105263157894737,0.307479224376731,0.227611940298507,0.134328358208955,-0.104477611940299,0.361940298507463
"Q8TY15","ProteinMPNN_v002",4,4.86049556732178,-20.6575334125249,-0.0572230842452212,3.4560618990932,0.157894736842105,0.124653739612188,0.318559556786704,0.170278637770898,0.136222910216718,-0.0619195046439628,0.306501547987616
"Q8TY15","ProteinMPNN_v002",5,4.74420299530029,-22.874524273911,-0.0633643331687285,3.24121661746348,0.168975069252078,0.124653739612188,0.340720221606648,0.208791208791209,0.164835164835165,-0.0695970695970696,0.373626373626374
"Q8TY15","ProteinMPNN_v002",6,4.86049556732178,-18.031050573764,-0.0499475085145815,2.68535327361893,0.160664819944598,0.124653739612188,0.326869806094183,0.18936877076412,0.146179401993355,-0.0598006644518272,0.335548172757475
"Q8TY15","ProteinMPNN_v002",7,5.10376644134521,-15.6694624043219,-0.0434057130313625,3.51096642914926,0.157894736842105,0.138504155124654,0.335180055401662,0.162721893491124,0.144970414201183,-0.044378698224852,0.307692307692308
"B1YC30","ProteinMPNN_v002",0,4.7569917678833,-17.0592431105775,-0.0651116149258684,1.71156595953171,0.221374045801527,0.16030534351145,0.438931297709924,0.269607843137255,0.205882352941176,-0.0686274509803921,0.475490196078431
"B1YC30","ProteinMPNN_v002",1,5.05408916473389,-11.1406403046684,-0.0425215278804136,1.87518445740458,0.232824427480916,0.194656488549618,0.484732824427481,0.28042328042328,0.259259259259259,-0.0264550264550264,0.53968253968254
"B1YC30","ProteinMPNN_v002",2,4.82639217376709,-18.2032218302301,-0.0694779459169089,2.28683855835755,0.232824427480916,0.175572519083969,0.465648854961832,0.261538461538461,0.235897435897436,-0.041025641025641,0.497435897435897
"B1YC30","ProteinMPNN_v002",3,4.97144527435303,-13.0491306128437,-0.0498058420337544,2.02893842819047,0.221374045801527,0.179389312977099,0.465648854961832,0.285714285714286,0.279220779220779,-0.0129870129870129,0.564935064935065
"B1YC30","ProteinMPNN_v002",4,5.02669277191162,-13.036339465203,-0.0497570208595536,2.11545450696081,0.229007633587786,0.187022900763359,0.473282442748092,0.282178217821782,0.227722772277228,-0.0643564356435643,0.50990099009901
"B1YC30","ProteinMPNN_v002",5,5.11450901031494,-10.1277445358906,-0.0386555134957655,1.84023045274394,0.225190839694657,0.190839694656489,0.473282442748092,0.278350515463917,0.257731958762887,-0.0257731958762886,0.536082474226804
"B1YC30","ProteinMPNN_v002",6,4.89664516448975,-14.3943884436394,-0.0549404139070205,1.85196408002665,0.225190839694657,0.175572519083969,0.461832061068702,0.295081967213115,0.240437158469945,-0.0601092896174863,0.53551912568306
"B1YC30","ProteinMPNN_v002",7,5.16759662628174,-8.99165018412318,-0.0343192755119205,2.18336013838519,0.198473282442748,0.175572519083969,0.435114503816794,0.25,0.219387755102041,-0.0459183673469387,0.469387755102041
"P80505","ProteinMPNN_v002",0,6.4401647567749,-1.8430444608077,-0.0054689746611504,3.02416736075343,0.15727002967359,0.172106824925816,0.373887240356083,0.218009478672986,0.232227488151659,-0.0094786729857819,0.450236966824644
"P80505","ProteinMPNN_v002",1,6.06417484283447,-3.84152583633732,-0.0113991864579742,2.93466606665045,0.148367952522255,0.15727002967359,0.347181008902077,0.207373271889401,0.216589861751152,-0.0184331797235023,0.423963133640553
"P80505","ProteinMPNN_v002",2,8.15391292572022,1.96625278886248,0.005834578008494,2.53969660071424,0.148367952522255,0.169139465875371,0.362017804154303,0.208121827411167,0.258883248730964,0.0304568527918781,0.467005076142132
"P80505","ProteinMPNN_v002",3,6.44476871490478,-1.84357328795517,-0.0054705438811726,3.08417246251777,0.1513353115727,0.166172106824926,0.362017804154303,0.200956937799043,0.239234449760765,0.0095693779904306,0.440191387559809
"P80505","ProteinMPNN_v002",4,7.64606075286865,0.972242555848446,0.0028849927473247,2.47558605808051,0.142433234421365,0.160237388724036,0.347181008902077,0.203791469194313,0.227488151658768,0.0094786729857819,0.431279620853081
"P80505","ProteinMPNN_v002",5,5.9403226852417,-4.86046180092995,-0.0144227353143321,3.16983150918811,0.163204747774481,0.169139465875371,0.379821958456973,0.220657276995305,0.225352112676056,-0.0140845070422535,0.446009389671362
"P80505","ProteinMPNN_v002",6,5.74525127410889,-5.02009085637138,-0.0148964120367103,2.4545852991316,0.1513353115727,0.1513353115727,0.338278931750742,0.204761904761905,0.219047619047619,-0.0047619047619047,0.423809523809524
"P80505","ProteinMPNN_v002",7,5.75292453765869,-6.75638019245564,-0.0200486059123312,3.25719939259847,0.160237388724036,0.163204747774481,0.362017804154303,0.220657276995305,0.230046948356808,-0.0234741784037558,0.450704225352113
"Q9N2D5","ProteinMPNN_v002",0,5.98187198638916,-4.76617297864399,-0.0143128317676996,3.19045911274563,0.153153153153153,0.162162162162162,0.345345345345345,0.178571428571428,0.21031746031746,0,0.388888888888889
"Q9N2D5","ProteinMPNN_v002",1,5.18697872161865,-15.5701991268163,-0.046757354735184,3.78959595637979,0.18018018018018,0.162162162162162,0.378378378378378,0.241379310344828,0.21551724137931,-0.0689655172413793,0.456896551724138
"Q9N2D5","ProteinMPNN_v002",2,5.68858280181885,-6.56554466036596,-0.0197163503314293,2.91370817901479,0.159159159159159,0.159159159159159,0.357357357357357,0.201754385964912,0.219298245614035,-0.0131578947368421,0.421052631578947
"Q9N2D5","ProteinMPNN_v002",3,5.03413867950439,-15.7458326007273,-0.0472847825847668,3.17634784630852,0.162162162162162,0.138138138138138,0.342342342342342,0.223744292237443,0.191780821917808,-0.0639269406392694,0.415525114155251
"Q9N2D5","ProteinMPNN_v002",4,5.28695850372314,-11.7569944760634,-0.0353062897179082,3.23405516585044,0.159159159159159,0.147147147147147,0.348348348348348,0.216981132075472,0.212264150943396,-0.0377358490566037,0.429245283018868
"Q9N2D5","ProteinMPNN_v002",5,5.43269367218017,-9.75111646911834,-0.0292826320393944,3.15950287836236,0.15015015015015,0.144144144144144,0.324324324324324,0.211267605633803,0.2018779342723,-0.0375586854460093,0.413145539906103
"Q9N2D5","ProteinMPNN_v002",6,5.61730670928955,-8.65620625096419,-0.0259946133662588,3.44754884799243,0.165165165165165,0.165165165165165,0.369369369369369,0.255555555555555,0.227777777777778,-0.05,0.483333333333333
"Q9N2D5","ProteinMPNN_v002",7,5.42814655303955,-9.76190633561911,-0.0293150340408982,3.19126288397817,0.15015015015015,0.144144144144144,0.333333333333333,0.219512195121951,0.190243902439024,-0.0585365853658536,0.409756097560976
"Q6DIY2","ProteinMPNN_v002",0,5.53079776763916,-6.86394528662814,-0.0383460630537884,2.61600469840496,0.184357541899441,0.184357541899441,0.435754189944134,0.238532110091743,0.229357798165138,-0.036697247706422,0.467889908256881
"Q6DIY2","ProteinMPNN_v002",1,5.76383762359619,-4.03905558093762,-0.0225645563180872,2.04029286394196,0.156424581005587,0.162011173184358,0.385474860335196,0.194174757281553,0.242718446601942,0.0194174757281553,0.436893203883495
"Q6DIY2","ProteinMPNN_v002",2,6.08793354034424,-2.96342510485751,-0.0165554475131704,2.36578991419676,0.173184357541899,0.189944134078212,0.446927374301676,0.23,0.27,0.02,0.5
"Q6DIY2","ProteinMPNN_v002",3,5.6715311050415,-5.874967037667,-0.0328210449031675,2.65546799355564,0.17877094972067,0.184357541899441,0.435754189944134,0.2,0.241666666666667,-0.0083333333333333,0.441666666666667
"Q6DIY2","ProteinMPNN_v002",4,5.16140117645264,-7.12991323321553,-0.0398319175039973,1.83721363767105,0.167597765363128,0.150837988826816,0.385474860335196,0.222222222222222,0.240740740740741,-0.0185185185185185,0.462962962962963
"Q6DIY2","ProteinMPNN_v002",5,6.717311668396,-0.78841945124168,-0.0044045779398976,2.9307802655292,0.17877094972067,0.217877094972067,0.46927374301676,0.194174757281553,0.330097087378641,0.0776699029126213,0.524271844660194
"Q6DIY2","ProteinMPNN_v002",6,5.54284763336182,-6.87838986256143,-0.038426759008723,2.71235879435494,0.184357541899441,0.184357541899441,0.446927374301676,0.230769230769231,0.230769230769231,-0.0288461538461538,0.461538461538462
"Q6DIY2","ProteinMPNN_v002",7,5.56109294891357,-5.9394840024674,-0.0331814748741195,2.30104838300652,0.173184357541899,0.173184357541899,0.402234636871508,0.223214285714286,0.223214285714286,-0.0446428571428571,0.446428571428571
"G0HQ35","ProteinMPNN_v002",0,5.92946643829346,-5.67072106545442,-0.0158400029761296,3.46379863940368,0.139664804469274,0.14804469273743,0.332402234636871,0.161716171617162,0.168316831683168,-0.0198019801980198,0.33003300330033
"G0HQ35","ProteinMPNN_v002",1,5.60701885223389,-9.56435138547139,-0.0267160653225457,3.74710369538813,0.153631284916201,0.153631284916201,0.340782122905028,0.17,0.176666666666667,-0.02,0.346666666666667
"G0HQ35","ProteinMPNN_v002",2,5.29014148712158,-15.3682387873582,-0.0429280413054697,4.16132764900502,0.159217877094972,0.14804469273743,0.343575418994413,0.184027777777778,0.177083333333333,-0.0416666666666666,0.361111111111111
"G0HQ35","ProteinMPNN_v002",3,5.29423389434814,-13.5366461512722,-0.0378118607577435,3.59012801912758,0.159217877094972,0.14804469273743,0.335195530726257,0.184300341296928,0.177474402730375,-0.0375426621160409,0.361774744027304
"G0HQ35","ProteinMPNN_v002",4,5.49356822967529,-10.5758912685287,-0.0295415957221471,3.67875763557041,0.14804469273743,0.145251396648045,0.329608938547486,0.183453237410072,0.18705035971223,-0.0323741007194244,0.370503597122302
"G0HQ35","ProteinMPNN_v002",5,6.0789529800415,-3.82024482137809,-0.0106710749200505,2.94448855441293,0.150837988826816,0.159217877094972,0.343575418994413,0.165562913907285,0.188741721854305,0,0.354304635761589
"G0HQ35","ProteinMPNN_v002",6,5.48742961883545,-11.4575739556175,-0.0320043965240712,3.83736434854127,0.142458100558659,0.139664804469274,0.315642458100559,0.154798761609907,0.151702786377709,-0.0340557275541795,0.306501547987616
"G0HQ35","ProteinMPNN_v002",7,5.1374719619751,-15.6342401568732,-0.0436710618907073,3.45552391020532,0.153631284916201,0.134078212290503,0.32122905027933,0.167785234899329,0.147651006711409,-0.046979865771812,0.315436241610738
"Q8DLT5","ProteinMPNN_v002",0,5.06176242828369,-13.9653899714472,-0.0311033184219314,2.75569951087254,0.124721603563474,0.106904231625835,0.260579064587973,0.17,0.146666666666667,-0.0366666666666666,0.316666666666667
"Q8DLT5","ProteinMPNN_v002",1,5.05005359649658,-15.7999135843381,-0.0351891171143386,3.27463509205689,0.124721603563474,0.106904231625835,0.258351893095768,0.168195718654434,0.143730886850153,-0.0489296636085626,0.311926605504587
"Q8DLT5","ProteinMPNN_v002",2,5.02009944915771,-16.9425886576748,-0.0377340504625272,2.93372359800663,0.146993318485523,0.122494432071269,0.298440979955456,0.208053691275168,0.177852348993289,-0.046979865771812,0.385906040268456
"Q8DLT5","ProteinMPNN_v002",3,5.16128749847412,-12.9595831893549,-0.028863214230189,2.84199229592041,0.131403118040089,0.115812917594655,0.282850779510022,0.191489361702128,0.166666666666667,-0.0425531914893617,0.358156028368794
"Q8DLT5","ProteinMPNN_v002",4,5.524147605896,-7.85652290869432,-0.0174978238500987,2.90620284467257,0.10467706013363,0.102449888641425,0.238307349665924,0.144736842105263,0.144736842105263,-0.0197368421052631,0.289473684210526
"Q8DLT5","ProteinMPNN_v002",5,5.0465295791626,-13.0852955077509,-0.0291431971219395,2.28239833033416,0.129175946547884,0.10913140311804,0.260579064587973,0.181494661921708,0.163701067615658,-0.0284697508896797,0.345195729537366
"Q8DLT5","ProteinMPNN_v002",6,5.06187610626221,-11.1937714129853,-0.0249304485812591,2.02361555658513,0.124721603563474,0.106904231625835,0.258351893095768,0.179930795847751,0.15916955017301,-0.0276816608996539,0.339100346020761
"Q8DLT5","ProteinMPNN_v002",7,4.77796535491943,-20.9204984623208,-0.0465935377779973,2.82278820746507,0.126948775055679,0.0935412026726057,0.249443207126949,0.197718631178707,0.136882129277566,-0.0760456273764258,0.334600760456274
"O67786","AlkalineMPNN",0,4.05002841949463,-48.1836240395056,-0.216070062957424,1.76003711266047,0.291479820627803,0.0852017937219731,0.412556053811659,0.456521739130435,0.130434782608696,-0.340579710144927,0.58695652173913
"O67786","AlkalineMPNN",1,4.18081493377685,-38.3722760479876,-0.172072986762276,1.28010856790964,0.282511210762332,0.112107623318386,0.426008968609865,0.418604651162791,0.178294573643411,-0.24031007751938,0.596899224806202
"O67786","AlkalineMPNN",2,4.05002841949463,-46.2772763929648,-0.207521418802532,1.50858659617557,0.286995515695067,0.085201793721973,0.403587443946188,0.5,0.12962962962963,-0.37962962962963,0.62962962962963
"O67786","AlkalineMPNN",3,4.05002841949463,-44.1953207297869,-0.198185294752407,1.75172036735251,0.278026905829596,0.0896860986547085,0.403587443946188,0.419117647058823,0.132352941176471,-0.301470588235294,0.551470588235294
"O67786","AlkalineMPNN",4,4.07776584625244,-40.377866972234,-0.181066668036924,1.25283056716201,0.273542600896861,0.0941704035874439,0.403587443946188,0.386861313868613,0.145985401459854,-0.240875912408759,0.532846715328467
"O67786","AlkalineMPNN",5,4.14398326873779,-35.3927765233582,-0.158712002346898,1.20020053770082,0.255605381165919,0.0986547085201793,0.385650224215247,0.350993377483444,0.139072847682119,-0.211920529801325,0.490066225165563
"O67786","AlkalineMPNN",6,4.18445262908936,-39.2001491935581,-0.175785422392637,1.74805559958021,0.273542600896861,0.10762331838565,0.417040358744395,0.464912280701754,0.184210526315789,-0.289473684210526,0.649122807017544
"O67786","AlkalineMPNN",7,4.0570764541626,-39.3851575974138,-0.176615056490645,1.21752905334744,0.26457399103139,0.0896860986547085,0.385650224215247,0.481818181818182,0.154545454545455,-0.327272727272727,0.636363636363636
"Q980U8","AlkalineMPNN",0,4.05002841949463,-87.7180247489673,-0.251341045125981,2.6889026184584,0.329512893982808,0.0859598853868194,0.446991404011461,0.424812030075188,0.109022556390977,-0.327067669172932,0.533834586466165
"Q980U8","AlkalineMPNN",1,4.05002841949463,-90.703518955168,-0.259895469785582,2.67630682257416,0.343839541547278,0.0916905444126074,0.461318051575931,0.421245421245421,0.113553113553113,-0.318681318681319,0.534798534798535
"Q980U8","AlkalineMPNN",2,4.05002841949463,-111.576638640369,-0.319703835645755,3.12208400932072,0.3810888252149,0.0716332378223495,0.478510028653295,0.456445993031359,0.0836236933797909,-0.386759581881533,0.54006968641115
"Q980U8","AlkalineMPNN",3,4.05002841949463,-77.743290682459,-0.222760145221946,2.58771199936923,0.318051575931232,0.103151862464183,0.449856733524355,0.382142857142857,0.125,-0.267857142857143,0.507142857142857
"Q980U8","AlkalineMPNN",4,4.05002841949463,-86.6228058128708,-0.248202881985303,2.90355659409337,0.332378223495702,0.0945558739255014,0.452722063037249,0.424812030075188,0.109022556390977,-0.330827067669173,0.533834586466165
"Q980U8","AlkalineMPNN",5,4.05002841949463,-88.7115653384535,-0.254187866299294,2.67263032333723,0.33810888252149,0.0916905444126074,0.452722063037249,0.431226765799257,0.100371747211896,-0.33457249070632,0.531598513011152
"Q980U8","AlkalineMPNN",6,4.09510173797607,-71.7564917778591,-0.205605993632834,2.57136302894141,0.300859598853868,0.103151862464183,0.435530085959885,0.345762711864407,0.11864406779661,-0.23728813559322,0.464406779661017
"Q980U8","AlkalineMPNN",7,4.05002841949463,-79.7366767843058,-0.22847185325016,2.67660959389897,0.32378223495702,0.103151862464183,0.455587392550143,0.441295546558704,0.129554655870445,-0.323886639676113,0.57085020242915
"O58832","AlkalineMPNN",0,4.39691677093506,-43.984598930034,-0.128609938391912,2.53390496945429,0.239766081871345,0.12280701754386,0.391812865497076,0.392670157068063,0.193717277486911,-0.214659685863874,0.586387434554974
"O58832","AlkalineMPNN",1,4.18865871429443,-56.1467082454354,-0.164171661536361,2.20561010078706,0.257309941520468,0.0994152046783625,0.394736842105263,0.417910447761194,0.144278606965174,-0.283582089552239,0.562189054726368
"O58832","AlkalineMPNN",2,4.33399600982666,-50.0478832409512,-0.146338839885822,2.39039476015736,0.257309941520468,0.119883040935672,0.412280701754386,0.423280423280423,0.169312169312169,-0.264550264550264,0.592592592592593
"O58832","AlkalineMPNN",3,4.40697727203369,-47.6640860535798,-0.139368672671286,2.61192074345785,0.257309941520468,0.128654970760234,0.41812865497076,0.36986301369863,0.17351598173516,-0.210045662100457,0.54337899543379
"O58832","AlkalineMPNN",4,4.43062229156494,-40.0734009187918,-0.117173686897052,2.24742844959783,0.225146198830409,0.116959064327485,0.368421052631579,0.379487179487179,0.169230769230769,-0.22051282051282,0.548717948717949
"O58832","AlkalineMPNN",5,4.34365863800049,-48.1483090667807,-0.140784529435031,2.20784758430028,0.251461988304093,0.116959064327485,0.406432748538012,0.387254901960784,0.166666666666667,-0.230392156862745,0.553921568627451
"O58832","AlkalineMPNN",6,4.42789402008057,-43.976588850229,-0.128586517105933,2.61033854735026,0.239766081871345,0.12280701754386,0.400584795321637,0.395480225988701,0.19774011299435,-0.209039548022599,0.593220338983051
"O58832","AlkalineMPNN",7,4.21406574249268,-58.1462232704445,-0.170018196697206,2.35449523619621,0.269005847953216,0.105263157894737,0.406432748538012,0.44973544973545,0.142857142857143,-0.312169312169312,0.592592592592593
"Q9Z9J6","AlkalineMPNN",0,4.20752925872803,-16.436228593254,-0.265100461181516,0.78473241700331,0.403225806451613,0.145161290322581,0.548387096774194,0.575,0.175,-0.4,0.75
"Q9Z9J6","AlkalineMPNN",1,4.39083499908447,-12.4439792790393,-0.200709343210311,0.757061146504332,0.354838709677419,0.161290322580645,0.532258064516129,0.452380952380952,0.214285714285714,-0.238095238095238,0.666666666666667
"Q9Z9J6","AlkalineMPNN",2,4.39083499908447,-12.4459572812373,-0.200741246471569,0.76676315660034,0.354838709677419,0.161290322580645,0.532258064516129,0.512820512820513,0.17948717948718,-0.333333333333333,0.692307692307692
"Q9Z9J6","AlkalineMPNN",3,4.13147869110107,-15.4426619771756,-0.249075193180252,0.734237143288365,0.354838709677419,0.112903225806452,0.467741935483871,0.5,0.1,-0.4,0.6
"Q9Z9J6","AlkalineMPNN",4,4.51536922454834,-9.45339966605791,-0.152474188162224,0.7212178779354,0.306451612903226,0.161290322580645,0.483870967741935,0.439024390243902,0.195121951219512,-0.24390243902439,0.634146341463415
"Q9Z9J6","AlkalineMPNN",5,4.12590847015381,-18.4307294292484,-0.297269829504007,0.801469682894568,0.419354838709677,0.129032258064516,0.548387096774194,0.575,0.15,-0.425,0.725
"Q9Z9J6","AlkalineMPNN",6,4.34752368927002,-12.4467797411125,-0.200754511953427,0.743446893631019,0.338709677419355,0.145161290322581,0.5,0.45,0.175,-0.275,0.625
"Q9Z9J6","AlkalineMPNN",7,4.4077730178833,-12.4452565813029,-0.200729944859724,0.779687169716295,0.354838709677419,0.161290322580645,0.532258064516129,0.475,0.2,-0.275,0.675
"P02819","AlkalineMPNN",0,4.6016508102417,-3.24164507278877,-0.0661560218936483,0.553726914649106,0.163265306122449,0.102040816326531,0.326530612244898,0.189189189189189,0.135135135135135,-0.054054054054054,0.324324324324324
"P02819","AlkalineMPNN",1,4.54657382965088,-3.24275583382861,-0.0661786904862982,0.548185669843746,0.142857142857143,0.0816326530612245,0.285714285714286,0.184210526315789,0.105263157894737,-0.0789473684210526,0.289473684210526
"P02819","AlkalineMPNN",2,4.38139972686767,-4.24262407398777,-0.0865841647752606,0.558528424696112,0.163265306122449,0.0816326530612245,0.306122448979592,0.184210526315789,0.105263157894737,-0.0789473684210526,0.289473684210526
"P02819","AlkalineMPNN",3,4.48484668731689,-4.23982361191456,-0.0865270124880523,0.572142677569422,0.183673469387755,0.102040816326531,0.346938775510204,0.2,0.125,-0.075,0.325
"P02819","AlkalineMPNN",4,4.29403820037842,-5.23882461091556,-0.106914787977869,0.567242177520417,0.183673469387755,0.0816326530612245,0.326530612244898,0.205128205128205,0.102564102564103,-0.102564102564103,0.307692307692308
"P02819","AlkalineMPNN",5,4.38139972686767,-4.24262407398777,-0.0865841647752606,0.558528424696112,0.163265306122449,0.0816326530612245,0.306122448979592,0.184210526315789,0.105263157894737,-0.0789473684210526,0.289473684210526
"P02819","AlkalineMPNN",6,5.76253032684326,-5.45244545565007,-0.111274397054083,2.74134028120757,0.204081632653061,0.26530612244898,0.551020408163265,0.243243243243243,0.351351351351351,-0.135135135135135,0.594594594594595
"P02819","AlkalineMPNN",7,4.22304630279541,-6.23601414894235,-0.127265594876374,0.580806935392729,0.204081632653061,0.0816326530612245,0.346938775510204,0.216216216216216,0.108108108108108,-0.108108108108108,0.324324324324324
"Q4R312","AlkalineMPNN",0,4.05002841949463,-30.4627010210159,-0.371496353914828,1.05792161299068,0.426829268292683,0.0609756097560975,0.597560975609756,0.559322033898305,0.0847457627118644,-0.474576271186441,0.64406779661017
"Q4R312","AlkalineMPNN",1,4.05002841949463,-28.4562041011205,-0.347026879281958,1.09806541980036,0.414634146341463,0.073170731707317,0.597560975609756,0.516129032258065,0.0806451612903225,-0.435483870967742,0.596774193548387
"Q4R312","AlkalineMPNN",2,4.05002841949463,-33.4457747132029,-0.407875301380523,1.12895869331929,0.451219512195122,0.048780487804878,0.609756097560976,0.59016393442623,0.0655737704918032,-0.524590163934426,0.655737704918033
"Q4R312","AlkalineMPNN",3,4.05002841949463,-25.4836338949563,-0.310776023109223,0.947413541503948,0.353658536585366,0.048780487804878,0.51219512195122,0.428571428571428,0.0634920634920634,-0.365079365079365,0.492063492063492
"Q4R312","AlkalineMPNN",4,4.05002841949463,-34.4531024574299,-0.420159786066218,1.09408540278389,0.463414634146341,0.048780487804878,0.621951219512195,0.59016393442623,0.0655737704918032,-0.524590163934426,0.655737704918033
"Q4R312","AlkalineMPNN",5,4.05002841949463,-35.1201306882808,-0.428294276686351,0.995309545931288,0.463414634146341,0.0365853658536585,0.609756097560976,0.580645161290323,0.0483870967741935,-0.532258064516129,0.629032258064516
"Q4R312","AlkalineMPNN",6,4.05002841949463,-33.4560346793439,-0.408000422918828,1.07012839505821,0.439024390243902,0.0365853658536585,0.585365853658537,0.566666666666667,0.05,-0.516666666666667,0.616666666666667
"Q4R312","AlkalineMPNN",7,4.05002841949463,-27.4677065881423,-0.33497203156271,1.02335112188156,0.378048780487805,0.048780487804878,0.536585365853659,0.475409836065574,0.0655737704918032,-0.40983606557377,0.540983606557377
"Q54FJ9","AlkalineMPNN",0,4.11937198638916,-46.2869110094726,-0.151264415063636,1.68681970514968,0.235294117647059,0.088235294117647,0.352941176470588,0.350282485875706,0.129943502824859,-0.220338983050847,0.480225988700565
"Q54FJ9","AlkalineMPNN",1,4.07958469390869,-51.2708806974085,-0.167551897703949,1.74494148441524,0.251633986928105,0.088235294117647,0.369281045751634,0.481203007518797,0.12781954887218,-0.353383458646617,0.609022556390977
"Q54FJ9","AlkalineMPNN",2,4.14210758209228,-45.1934673945121,-0.147691069916706,1.87897569905817,0.225490196078431,0.0849673202614379,0.336601307189543,0.350877192982456,0.12280701754386,-0.233918128654971,0.473684210526316
"Q54FJ9","AlkalineMPNN",3,4.20144748687744,-42.2901715321512,-0.138203174941671,1.68083569559197,0.22875816993464,0.0947712418300653,0.356209150326797,0.357142857142857,0.142857142857143,-0.214285714285714,0.5
"Q54FJ9","AlkalineMPNN",4,4.07247982025147,-52.1801605658634,-0.170523400542037,1.97243499317446,0.248366013071895,0.0849673202614379,0.366013071895425,0.458333333333333,0.125,-0.333333333333333,0.583333333333333
"Q54FJ9","AlkalineMPNN",5,4.22287578582764,-43.8456020597935,-0.143286281241155,2.10765481173872,0.23202614379085,0.0980392156862745,0.352941176470588,0.446153846153846,0.161538461538461,-0.292307692307692,0.607692307692308
"Q54FJ9","AlkalineMPNN",6,4.05002841949463,-52.1827668246771,-0.170531917727703,1.8924231876903,0.245098039215686,0.0816993464052287,0.349673202614379,0.4,0.12,-0.285714285714286,0.52
"Q54FJ9","AlkalineMPNN",7,4.08435916900635,-48.1859802284086,-0.15747052362225,1.88596145985242,0.22875816993464,0.0784313725490196,0.333333333333333,0.35593220338983,0.112994350282486,-0.248587570621469,0.468926553672316
"Q54JL0","AlkalineMPNN",0,4.10936832427978,-123.795649851923,-0.195569747001458,4.05189791483933,0.298578199052133,0.109004739336493,0.453396524486572,0.367768595041322,0.130165289256198,-0.245867768595041,0.497933884297521
"Q54JL0","AlkalineMPNN",1,4.12676105499267,-120.711092465271,-0.190696828539132,4.24930192131217,0.290679304897314,0.107424960505529,0.44391785150079,0.391011235955056,0.134831460674157,-0.262921348314607,0.525842696629213
"Q54JL0","AlkalineMPNN",2,4.15762462615967,-118.789437544064,-0.187661038774193,4.00506636138829,0.298578199052133,0.116903633491311,0.454976303317536,0.347091932457786,0.138836772983114,-0.215759849906191,0.485928705440901
"Q54JL0","AlkalineMPNN",3,4.06099834442139,-127.790798944333,-0.201881198964191,3.97902035515241,0.298578199052133,0.102685624012638,0.448657187993681,0.382478632478632,0.128205128205128,-0.260683760683761,0.510683760683761
"Q54JL0","AlkalineMPNN",4,4.22514934539795,-111.548679657231,-0.176222242744441,4.71044663071928,0.289099526066351,0.123222748815166,0.46129541864139,0.344689378757515,0.144288577154309,-0.210420841683367,0.488977955911824
"Q54JL0","AlkalineMPNN",5,4.07020626068115,-133.50954602691,-0.210915554544881,4.79199072889934,0.304897314375987,0.104265402843602,0.453396524486572,0.382536382536383,0.133056133056133,-0.264033264033264,0.515592515592516
"Q54JL0","AlkalineMPNN",6,4.05002841949463,-134.864847380402,-0.213056630932705,3.73544008145811,0.304897314375987,0.0963665086887835,0.448657187993681,0.383817427385892,0.122406639004149,-0.267634854771784,0.506224066390041
"Q54JL0","AlkalineMPNN",7,4.10374126434326,-123.881492639609,-0.195705359620235,3.83857764543757,0.298578199052133,0.107424960505529,0.462875197472354,0.369294605809129,0.134854771784232,-0.240663900414938,0.504149377593361
"Q69NP0","AlkalineMPNN",0,4.05002841949463,-27.3408066795508,-0.29398716859732,1.09343795255539,0.344086021505376,0.064516129032258,0.462365591397849,0.453125,0.09375,-0.375,0.546875
"Q69NP0","AlkalineMPNN",1,4.05002841949463,-26.169147005074,-0.281388677473914,1.56929496581774,0.344086021505376,0.0967741935483871,0.494623655913978,0.508771929824561,0.157894736842105,-0.403508771929824,0.666666666666667
"Q69NP0","AlkalineMPNN",2,4.05002841949463,-25.3532328243572,-0.272615406713519,1.04403863816705,0.333333333333333,0.075268817204301,0.462365591397849,0.492063492063492,0.111111111111111,-0.396825396825397,0.603174603174603
"Q69NP0","AlkalineMPNN",3,4.05002841949463,-21.3595273290908,-0.229672336871944,1.00360638102829,0.279569892473118,0.064516129032258,0.397849462365591,0.39344262295082,0.0983606557377049,-0.311475409836066,0.491803278688525
"Q69NP0","AlkalineMPNN",4,4.05002841949463,-27.3457456582536,-0.2940402758952,1.0510243989613,0.344086021505376,0.064516129032258,0.451612903225806,0.507936507936508,0.0952380952380952,-0.428571428571428,0.603174603174603
"Q69NP0","AlkalineMPNN",5,4.05002841949463,-20.2704952631355,-0.21796231465737,1.25156416596217,0.279569892473118,0.086021505376344,0.408602150537634,0.379310344827586,0.137931034482759,-0.275862068965517,0.517241379310345
"Q69NP0","AlkalineMPNN",6,4.25049953460693,-22.5716832890624,-0.242706271925402,2.42069904157042,0.311827956989247,0.139784946236559,0.494623655913978,0.451612903225806,0.209677419354839,-0.354838709677419,0.661290322580645
"Q69NP0","AlkalineMPNN",7,4.05002841949463,-25.3463058435564,-0.272540923048993,1.07670068666413,0.333333333333333,0.075268817204301,0.462365591397849,0.46875,0.109375,-0.375,0.578125
"P0A7R6","AlkalineMPNN",0,4.05002841949463,-29.0574381769301,-0.282111050261457,1.16257437127828,0.368932038834951,0.0970873786407767,0.475728155339806,0.507042253521127,0.126760563380282,-0.394366197183099,0.633802816901408
"P0A7R6","AlkalineMPNN",1,4.05002841949463,-35.391941901817,-0.343611086425408,0.988745539842338,0.398058252427184,0.058252427184466,0.466019417475728,0.550724637681159,0.072463768115942,-0.478260869565217,0.623188405797101
"P0A7R6","AlkalineMPNN",2,4.05002841949463,-32.396926906912,-0.314533270940893,1.01319854508636,0.398058252427184,0.087378640776699,0.504854368932039,0.549295774647887,0.112676056338028,-0.436619718309859,0.661971830985915
"P0A7R6","AlkalineMPNN",3,4.0647497177124,-29.39892490891,-0.285426455426311,1.02299954518437,0.398058252427184,0.116504854368932,0.524271844660194,0.537313432835821,0.149253731343284,-0.388059701492537,0.686567164179104
"P0A7R6","AlkalineMPNN",4,4.10573062896728,-27.4048541338211,-0.266066544988554,1.01374403760571,0.378640776699029,0.116504854368932,0.524271844660194,0.507246376811594,0.159420289855072,-0.347826086956522,0.666666666666667
"P0A7R6","AlkalineMPNN",5,4.05002841949463,-31.3934257449044,-0.304790541212664,1.03973681107563,0.407766990291262,0.106796116504854,0.524271844660194,0.555555555555556,0.138888888888889,-0.416666666666667,0.694444444444444
"P0A7R6","AlkalineMPNN",6,4.17376689910889,-23.4150969807149,-0.227331038647718,0.954584506067455,0.339805825242718,0.116504854368932,0.475728155339806,0.46969696969697,0.166666666666667,-0.303030303030303,0.636363636363636
"P0A7R6","AlkalineMPNN",7,4.12681789398193,-29.3114988363173,-0.284577658605023,1.25471202628814,0.407766990291262,0.135922330097087,0.54368932038835,0.569444444444444,0.152777777777778,-0.416666666666667,0.722222222222222
"P60724","AlkalineMPNN",0,4.08327922821045,-51.2427112701638,-0.254938862040616,1.69435072033545,0.3681592039801,0.119402985074627,0.502487562189055,0.445859872611465,0.140127388535032,-0.312101910828025,0.585987261146497
"P60724","AlkalineMPNN",1,4.15086078643799,-40.2748512106141,-0.200372394082657,1.49107359448978,0.308457711442786,0.114427860696517,0.432835820895522,0.397350993377483,0.145695364238411,-0.258278145695364,0.543046357615894
"P60724","AlkalineMPNN",2,4.13568477630615,-47.2521416570825,-0.235085281876032,1.65855694676751,0.353233830845771,0.124378109452736,0.492537313432836,0.404907975460123,0.134969325153374,-0.276073619631902,0.539877300613497
"P60724","AlkalineMPNN",3,4.06509075164795,-49.2510962393569,-0.245030329549039,1.64363421309043,0.348258706467662,0.109452736318408,0.477611940298507,0.372972972972973,0.118918918918919,-0.259459459459459,0.491891891891892
"P60724","AlkalineMPNN",4,4.05002841949463,-53.2463613112594,-0.264907270205271,1.65779893277098,0.373134328358209,0.114427860696517,0.502487562189055,0.461538461538462,0.134615384615385,-0.333333333333333,0.596153846153846
"P60724","AlkalineMPNN",5,4.05002841949463,-49.3346027243801,-0.245445784698408,1.40249045042171,0.348258706467662,0.104477611940299,0.472636815920398,0.382513661202186,0.114754098360656,-0.26775956284153,0.497267759562842
"P60724","AlkalineMPNN",6,4.05002841949463,-53.2422464278754,-0.264886798148634,1.64835893915316,0.36318407960199,0.104477611940299,0.487562189054726,0.398907103825137,0.114754098360656,-0.289617486338798,0.513661202185792
"P60724","AlkalineMPNN",7,4.05002841949463,-50.2487999362943,-0.249994029533802,1.61600869982745,0.348258706467662,0.104477611940299,0.462686567164179,0.353535353535353,0.106060606060606,-0.252525252525252,0.45959595959596
"Q07938","AlkalineMPNN",0,4.18126964569092,-54.7471043060153,-0.162454315448116,3.25392806272723,0.240356083086053,0.0979228486646884,0.376854599406528,0.273037542662116,0.109215017064846,-0.184300341296928,0.382252559726962
"Q07938","AlkalineMPNN",1,4.1935468673706,-44.7967241629089,-0.132927964875101,3.07807948618598,0.198813056379822,0.086053412462908,0.326409495548961,0.227118644067797,0.0949152542372881,-0.15593220338983,0.322033898305085
"Q07938","AlkalineMPNN",2,4.18337268829346,-58.4070689949851,-0.17331474479224,3.29198703791889,0.261127596439169,0.106824925816024,0.406528189910979,0.3,0.124137931034483,-0.2,0.424137931034483
"Q07938","AlkalineMPNN",3,4.31381816864014,-39.8894609377968,-0.118366352931148,2.89496326659128,0.198813056379822,0.0979228486646884,0.335311572700297,0.239285714285714,0.110714285714286,-0.146428571428571,0.35
"Q07938","AlkalineMPNN",4,4.19536571502686,-42.9688338980912,-0.127503958154573,2.60980322123822,0.195845697329377,0.0830860534124629,0.323442136498516,0.229965156794425,0.0940766550522648,-0.149825783972125,0.32404181184669
"Q07938","AlkalineMPNN",5,4.3724760055542,-37.7278105902321,-0.111951960208404,3.3324947430231,0.192878338278932,0.103857566765579,0.344213649851632,0.230496453900709,0.117021276595745,-0.138297872340426,0.347517730496454
"Q07938","AlkalineMPNN",6,4.47745761871338,-30.8616126256066,-0.0915774855359245,2.00101014955542,0.198813056379822,0.115727002967359,0.341246290801187,0.252918287937743,0.147859922178988,-0.11284046692607,0.400778210116731
"Q07938","AlkalineMPNN",7,4.42039127349854,-34.8543447862433,-0.103425355448793,3.08056186626871,0.189910979228487,0.106824925816024,0.341246290801187,0.226277372262774,0.12043795620438,-0.124087591240876,0.346715328467153
"B1X495","AlkalineMPNN",0,4.05002841949463,-45.3615116622001,-0.440403025846603,1.18404864762205,0.514563106796116,0.0776699029126213,0.621359223300971,0.519607843137255,0.0784313725490196,-0.441176470588235,0.598039215686275
"B1X495","AlkalineMPNN",1,4.05002841949463,-33.3974062844397,-0.324246662955725,0.933498251081382,0.368932038834951,0.0485436893203883,0.436893203883495,0.447058823529412,0.0588235294117647,-0.388235294117647,0.505882352941176
"B1X495","AlkalineMPNN",2,4.05002841949463,-51.2542093977446,-0.497613683473249,1.47257442718759,0.572815533980582,0.087378640776699,0.679611650485437,0.572815533980582,0.087378640776699,-0.495145631067961,0.660194174757281
"B1X495","AlkalineMPNN",3,4.05002841949463,-42.291864919227,-0.410600630283757,1.26243378407575,0.45631067961165,0.058252427184466,0.533980582524272,0.479166666666667,0.0625,-0.427083333333333,0.541666666666667
"B1X495","AlkalineMPNN",4,4.05002841949463,-51.3551523763836,-0.498593712392074,1.18582239688811,0.54368932038835,0.0485436893203883,0.621359223300971,0.549019607843137,0.0490196078431372,-0.5,0.598039215686275
"B1X495","AlkalineMPNN",5,4.05002841949463,-42.3780401064826,-0.41143728258721,1.0180185233861,0.45631067961165,0.0485436893203883,0.514563106796116,0.505376344086022,0.053763440860215,-0.451612903225806,0.559139784946237
"B1X495","AlkalineMPNN",6,4.05002841949463,-40.3718292900769,-0.39195950767065,1.16359711895748,0.495145631067961,0.106796116504854,0.640776699029126,0.653846153846154,0.115384615384615,-0.538461538461538,0.769230769230769
"B1X495","AlkalineMPNN",7,4.05002841949463,-50.2710421698839,-0.488068370581397,1.39103739495072,0.514563106796116,0.0388349514563106,0.592233009708738,0.557894736842105,0.0421052631578947,-0.526315789473684,0.6
"A9CIG1","AlkalineMPNN",0,4.05002841949463,-42.4098946262026,-0.419899946794085,1.25381701467269,0.475247524752475,0.0594059405940594,0.584158415841584,0.5875,0.0625,-0.525,0.65
"A9CIG1","AlkalineMPNN",1,4.05002841949463,-41.4151419058701,-0.41005090995911,1.22927746924456,0.475247524752475,0.0693069306930693,0.594059405940594,0.564705882352941,0.0823529411764705,-0.482352941176471,0.647058823529412
"A9CIG1","AlkalineMPNN",2,4.05002841949463,-37.4166563108888,-0.370461943672167,1.22129473912571,0.445544554455446,0.0792079207920792,0.574257425742574,0.518072289156627,0.0843373493975903,-0.433734939759036,0.602409638554217
"A9CIG1","AlkalineMPNN",3,4.05002841949463,-30.445356287641,-0.301439171164762,1.09298914576509,0.366336633663366,0.0693069306930693,0.485148514851485,0.435294117647059,0.0705882352941176,-0.364705882352941,0.505882352941176
"A9CIG1","AlkalineMPNN",4,4.05002841949463,-31.4273839998711,-0.311162217820506,1.20822597877174,0.415841584158416,0.108910891089109,0.574257425742574,0.5,0.107142857142857,-0.392857142857143,0.607142857142857
"A9CIG1","AlkalineMPNN",5,4.05002841949463,-44.3950050748784,-0.439554505691865,1.30654603413587,0.514851485148515,0.0792079207920792,0.643564356435644,0.579545454545455,0.0909090909090909,-0.488636363636364,0.670454545454546
"A9CIG1","AlkalineMPNN",6,4.05002841949463,-42.4105953261369,-0.419906884417197,1.24089300155673,0.475247524752475,0.0594059405940594,0.584158415841584,0.545454545454545,0.0568181818181818,-0.488636363636364,0.602272727272727
"A9CIG1","AlkalineMPNN",7,4.05002841949463,-26.4500182101884,-0.261881368417707,1.06115710997545,0.346534653465347,0.0891089108910891,0.495049504950495,0.416666666666667,0.0952380952380952,-0.321428571428571,0.511904761904762
"Q6L047","AlkalineMPNN",0,4.33149509429932,-47.7947492735653,-0.133133006333051,2.55897968979389,0.239554317548747,0.114206128133705,0.406685236768802,0.288256227758007,0.135231316725979,-0.163701067615658,0.423487544483986
"Q6L047","AlkalineMPNN",1,4.43727245330811,-43.2076559637444,-0.120355587642742,2.41931247576088,0.247910863509749,0.133704735376044,0.437325905292479,0.25748502994012,0.143712574850299,-0.119760479041916,0.401197604790419
"Q6L047","AlkalineMPNN",2,4.34507961273193,-45.8670934517806,-0.127763491509138,2.52507979903011,0.233983286908078,0.114206128133705,0.406685236768802,0.28135593220339,0.135593220338983,-0.15593220338983,0.416949152542373
"Q6L047","AlkalineMPNN",3,4.29898319244385,-47.9392963017268,-0.133535644294504,2.23652197667085,0.239554317548747,0.11142061281337,0.398328690807799,0.259375,0.11875,-0.146875,0.378125
"Q6L047","AlkalineMPNN",4,4.31177196502686,-49.1965080737674,-0.137037626946427,2.37537100179603,0.242339832869081,0.11142061281337,0.3983286908078,0.291228070175439,0.129824561403509,-0.168421052631579,0.421052631578947
"Q6L047","AlkalineMPNN",5,4.30864582061768,-50.1087349457193,-0.13957864887387,2.61731853569727,0.239554317548747,0.108635097493036,0.389972144846797,0.284246575342466,0.13013698630137,-0.164383561643836,0.414383561643836
"Q6L047","AlkalineMPNN",6,4.40288486480713,-43.6211397800201,-0.121507353147688,3.21234935743544,0.220055710306407,0.114206128133705,0.387186629526462,0.240625,0.125,-0.13125,0.365625
"Q6L047","AlkalineMPNN",7,4.23054904937744,-53.0962516890572,-0.147900422532193,2.48888115972476,0.242339832869081,0.103064066852368,0.384401114206128,0.275080906148867,0.119741100323625,-0.16504854368932,0.394822006472492
"A9A498","AlkalineMPNN",0,4.09152088165283,-41.3646146784245,-0.14412757727674,1.22079576609504,0.222996515679443,0.0801393728222996,0.32404181184669,0.410958904109589,0.143835616438356,-0.267123287671233,0.554794520547945
"A9A498","AlkalineMPNN",1,4.15245227813721,-38.3683853869058,-0.133687753961344,1.24024056923516,0.212543554006969,0.0801393728222996,0.313588850174216,0.434108527131783,0.155038759689922,-0.27906976744186,0.589147286821705
"A9A498","AlkalineMPNN",2,4.29011631011963,-30.3833289108379,-0.105865257529052,1.12113994094386,0.198606271777003,0.0940766550522648,0.310104529616725,0.360294117647059,0.183823529411765,-0.176470588235294,0.544117647058824
"A9A498","AlkalineMPNN",3,4.25311412811279,-34.3798973115962,-0.119790582967234,1.2246982526725,0.21602787456446,0.0975609756097561,0.337979094076655,0.404761904761905,0.198412698412698,-0.206349206349206,0.603174603174603
"A9A498","AlkalineMPNN",4,4.16069393157959,-40.3547571111531,-0.140608909794959,1.24887753807519,0.226480836236934,0.0871080139372822,0.327526132404181,0.430769230769231,0.146153846153846,-0.284615384615385,0.576923076923077
"A9A498","AlkalineMPNN",5,4.22742290496826,-33.3853316945189,-0.116325197541878,1.16930247890856,0.205574912891986,0.0905923344947735,0.317073170731707,0.387096774193548,0.169354838709677,-0.217741935483871,0.556451612903226
"A9A498","AlkalineMPNN",6,4.36338176727295,-29.3859282966481,-0.102389994064976,1.20495150523848,0.205574912891986,0.104529616724739,0.32404181184669,0.425925925925926,0.231481481481481,-0.194444444444444,0.657407407407407
"A9A498","AlkalineMPNN",7,4.16757144927978,-38.3627684360673,-0.133668182704067,1.20075100114666,0.219512195121951,0.0871080139372822,0.320557491289199,0.434426229508197,0.172131147540984,-0.262295081967213,0.60655737704918
"A0A1D8PCG7","AlkalineMPNN",0,4.05002841949463,-32.4518934923794,-0.373010270027349,0.987980817782351,0.413793103448276,0.0459770114942528,0.528735632183908,0.461538461538462,0.0512820512820512,-0.41025641025641,0.512820512820513
"A0A1D8PCG7","AlkalineMPNN",1,4.05002841949463,-28.4660340063561,-0.327195793176507,1.03175336322669,0.390804597701149,0.0689655172413793,0.540229885057471,0.492063492063492,0.0952380952380952,-0.396825396825397,0.587301587301587
"A0A1D8PCG7","AlkalineMPNN",2,4.05002841949463,-38.1861190039072,-0.438920908090888,1.03602224136479,0.459770114942529,0.0229885057471264,0.551724137931034,0.48780487804878,0.024390243902439,-0.463414634146341,0.51219512195122
"A0A1D8PCG7","AlkalineMPNN",3,4.05002841949463,-27.4696669282045,-0.315743298025339,0.994872342385054,0.367816091954023,0.057471264367816,0.505747126436782,0.453125,0.078125,-0.375,0.53125
"A0A1D8PCG7","AlkalineMPNN",4,4.05002841949463,-33.4555598371555,-0.384546664794891,1.02408711887492,0.402298850574713,0.0229885057471264,0.505747126436782,0.421686746987952,0.0240963855421686,-0.397590361445783,0.44578313253012
"A0A1D8PCG7","AlkalineMPNN",5,4.05002841949463,-27.4731680902121,-0.315783541266806,0.968334076395784,0.35632183908046,0.0459770114942528,0.482758620689655,0.405797101449275,0.0579710144927536,-0.347826086956522,0.463768115942029
"A0A1D8PCG7","AlkalineMPNN",6,4.05002841949463,-28.432206152775,-0.326806967273276,0.887398739742721,0.367816091954023,0.0459770114942528,0.459770114942529,0.407894736842105,0.0526315789473684,-0.355263157894737,0.460526315789474
"A0A1D8PCG7","AlkalineMPNN",7,4.05002841949463,-24.4573507556548,-0.281118974202929,0.932453790745225,0.344827586206897,0.0689655172413793,0.471264367816092,0.402777777777778,0.0833333333333333,-0.319444444444444,0.486111111111111
"O28542","AlkalineMPNN",0,4.22742290496826,-44.1707155109215,-0.129913869149769,1.87181586995171,0.211764705882353,0.088235294117647,0.329411764705882,0.308695652173913,0.121739130434783,-0.195652173913043,0.430434782608696
"O28542","AlkalineMPNN",1,4.24174633026123,-48.0801478216814,-0.141412199475534,2.2117126650742,0.235294117647059,0.102941176470588,0.370588235294118,0.375634517766497,0.152284263959391,-0.223350253807107,0.527918781725888
"O28542","AlkalineMPNN",2,4.43238430023193,-41.7406108165528,-0.122766502401626,3.15438370549741,0.223529411764706,0.120588235294118,0.376470588235294,0.290983606557377,0.151639344262295,-0.15983606557377,0.442622950819672
"O28542","AlkalineMPNN",3,4.34212398529053,-44.8264853650795,-0.13184260401494,2.9302257312333,0.220588235294118,0.105882352941176,0.361764705882353,0.293617021276596,0.153191489361702,-0.165957446808511,0.446808510638298
"O28542","AlkalineMPNN",4,4.32240085601807,-42.0937977326777,-0.123805287449052,2.17463740199355,0.220588235294118,0.105882352941176,0.358823529411765,0.284584980237154,0.138339920948617,-0.158102766798419,0.422924901185771
"O28542","AlkalineMPNN",5,4.29938106536865,-46.8981086187977,-0.137935613584699,2.66913245585324,0.226470588235294,0.102941176470588,0.352941176470588,0.287937743190661,0.132295719844358,-0.175097276264591,0.420233463035019
"O28542","AlkalineMPNN",6,4.34212398529053,-41.9202346969966,-0.123294807932343,2.62992243702634,0.208823529411765,0.1,0.344117647058823,0.315533980582524,0.131067961165049,-0.194174757281553,0.446601941747573
"O28542","AlkalineMPNN",7,4.41629886627197,-41.9046715648852,-0.123249034014368,2.69595419788367,0.229411764705882,0.120588235294118,0.373529411764706,0.311203319502075,0.145228215767635,-0.182572614107884,0.45643153526971
"Q8TY15","AlkalineMPNN",0,4.20565357208252,-45.9424925348227,-0.127264522257127,2.61558718723814,0.199445983379501,0.0858725761772853,0.318559556786704,0.244827586206897,0.103448275862069,-0.155172413793103,0.348275862068965
"Q8TY15","AlkalineMPNN",1,4.26237888336182,-46.8454855607797,-0.129765887979999,2.92164424772763,0.207756232686981,0.0941828254847645,0.329639889196676,0.28,0.112,-0.184,0.392
"Q8TY15","AlkalineMPNN",2,4.18797664642334,-48.8503557852918,-0.135319545111612,2.90719127009397,0.202216066481994,0.0831024930747922,0.310249307479224,0.243816254416961,0.106007067137809,-0.159010600706714,0.34982332155477
"Q8TY15","AlkalineMPNN",3,4.1236349105835,-54.7466864426847,-0.151652871032368,3.15883602881788,0.213296398891967,0.0803324099722991,0.318559556786704,0.268115942028985,0.0942028985507246,-0.195652173913043,0.36231884057971
"Q8TY15","AlkalineMPNN",4,4.33177928924561,-39.8626208729917,-0.110422772501362,2.82322418631604,0.185595567867036,0.0914127423822714,0.310249307479224,0.227118644067797,0.108474576271186,-0.138983050847458,0.335593220338983
"Q8TY15","AlkalineMPNN",5,4.14540424346924,-54.754385910504,-0.151674199198072,3.21497255338563,0.218836565096953,0.0858725761772853,0.337950138504155,0.269896193771626,0.107266435986159,-0.186851211072664,0.377162629757785
"Q8TY15","AlkalineMPNN",6,4.14057292938232,-45.1280975408076,-0.12500858044545,2.12070966733529,0.193905817174515,0.077562326869806,0.304709141274238,0.243055555555555,0.0902777777777777,-0.159722222222222,0.333333333333333
"Q8TY15","AlkalineMPNN",7,4.34655742645264,-43.7628491974675,-0.121226729078857,3.17780102202254,0.202216066481994,0.0997229916897507,0.335180055401662,0.231511254019293,0.112540192926045,-0.141479099678457,0.344051446945338
"B1YC30","AlkalineMPNN",0,4.05002841949463,-59.9528923116837,-0.228827833250701,1.93476588683948,0.316793893129771,0.0916030534351145,0.461832061068702,0.373271889400922,0.110599078341014,-0.267281105990783,0.483870967741935
"B1YC30","AlkalineMPNN",1,4.05002841949463,-68.0271413681386,-0.259645577740987,1.76740741938012,0.33587786259542,0.0763358778625954,0.465648854961832,0.4321608040201,0.0954773869346733,-0.336683417085427,0.527638190954774
"B1YC30","AlkalineMPNN",2,4.05002841949463,-63.9193202959922,-0.243966871358749,1.8637860256208,0.33587786259542,0.0954198473282442,0.469465648854962,0.464864864864865,0.113513513513514,-0.351351351351351,0.578378378378378
"B1YC30","AlkalineMPNN",3,4.05002841949463,-67.9229984284524,-0.25924808560478,2.00131794288817,0.33969465648855,0.0839694656488549,0.465648854961832,0.443850267379679,0.106951871657754,-0.342245989304813,0.550802139037433
"B1YC30","AlkalineMPNN",4,4.05002841949463,-84.9043606130036,-0.3240624450878,2.14244128359366,0.389312977099237,0.0687022900763358,0.49618320610687,0.452488687782805,0.0769230769230769,-0.380090497737556,0.529411764705882
"B1YC30","AlkalineMPNN",5,4.05002841949463,-76.9064587391607,-0.293536102057865,2.13899153115568,0.370229007633588,0.0801526717557251,0.5,0.482233502538071,0.0964467005076142,-0.390862944162436,0.578680203045685
"B1YC30","AlkalineMPNN",6,4.05002841949463,-51.0887933354254,-0.194995394410021,1.60149483397507,0.282442748091603,0.0877862595419847,0.416030534351145,0.314159292035398,0.101769911504425,-0.212389380530973,0.415929203539823
"B1YC30","AlkalineMPNN",7,4.05002841949463,-53.9858693606896,-0.206052936491182,1.94155943748566,0.293893129770992,0.0916030534351145,0.438931297709924,0.356435643564356,0.118811881188119,-0.242574257425743,0.475247524752475
"P80505","AlkalineMPNN",0,4.31927471160889,-43.9172531778032,-0.130318258687843,2.64408745439911,0.222551928783383,0.106824925816024,0.353115727002967,0.305676855895196,0.131004366812227,-0.187772925764192,0.436681222707424
"P80505","AlkalineMPNN",1,4.30773639678955,-43.6620240762976,-0.129560902303553,2.61608631726859,0.216617210682493,0.100890207715134,0.350148367952522,0.344444444444444,0.144444444444444,-0.216666666666667,0.488888888888889
"P80505","AlkalineMPNN",2,4.28272724151611,-43.0235058795283,-0.127666189553496,2.40953618613471,0.216617210682493,0.100890207715134,0.350148367952522,0.340425531914894,0.154255319148936,-0.202127659574468,0.49468085106383
"P80505","AlkalineMPNN",3,4.32217350006104,-43.9178511383877,-0.130320033051596,2.64525918166453,0.225519287833828,0.109792284866469,0.364985163204748,0.338095238095238,0.147619047619048,-0.214285714285714,0.485714285714286
"P80505","AlkalineMPNN",4,4.34752368927002,-40.928421040937,-0.121449320596252,2.57576560732681,0.219584569732938,0.112759643916914,0.359050445103857,0.335,0.16,-0.195,0.495
"P80505","AlkalineMPNN",5,4.31205615997315,-44.0073002714497,-0.130585460746141,2.46774824334936,0.222551928783383,0.103857566765579,0.359050445103857,0.310810810810811,0.13963963963964,-0.189189189189189,0.45045045045045
"P80505","AlkalineMPNN",6,4.32223033905029,-40.6690293942115,-0.120679612445732,2.49999520198292,0.210682492581602,0.103857566765579,0.338278931750742,0.278538812785388,0.146118721461187,-0.155251141552511,0.424657534246575
"P80505","AlkalineMPNN",7,4.22122745513916,-45.9224706614044,-0.136268458935918,1.94159330302168,0.225519287833828,0.0949554896142433,0.356083086053412,0.333333333333333,0.142156862745098,-0.200980392156863,0.475490196078431
"Q9N2D5","AlkalineMPNN",0,4.44193325042725,-37.0118146733643,-0.111146590610704,2.41145243007041,0.216216216216216,0.117117117117117,0.366366366366366,0.309178743961353,0.169082125603865,-0.154589371980676,0.478260869565217
"Q9N2D5","AlkalineMPNN",1,4.42806453704834,-35.9436375345706,-0.107938851455167,2.57548688509609,0.207207207207207,0.114114114114114,0.351351351351351,0.272727272727273,0.138528138528139,-0.151515151515151,0.411255411255411
"Q9N2D5","AlkalineMPNN",2,4.33769054412842,-41.0154233564047,-0.123169439508723,2.40917996156647,0.216216216216216,0.105105105105105,0.348348348348348,0.285714285714286,0.12987012987013,-0.173160173160173,0.415584415584416
"Q9N2D5","AlkalineMPNN",3,4.212815284729,-46.0161328111298,-0.138186585018408,2.36799840248408,0.222222222222222,0.0960960960960961,0.348348348348348,0.29951690821256,0.135265700483092,-0.178743961352657,0.434782608695652
"Q9N2D5","AlkalineMPNN",4,4.21508884429932,-47.0974525554563,-0.141433791457827,2.17644715229578,0.234234234234234,0.102102102102102,0.366366366366366,0.342857142857143,0.133333333333333,-0.219047619047619,0.476190476190476
"Q9N2D5","AlkalineMPNN",5,4.16274013519287,-48.0213584555537,-0.144208283650311,2.37189715129655,0.225225225225225,0.093093093093093,0.351351351351351,0.309417040358744,0.125560538116592,-0.197309417040359,0.434977578475336
"Q9N2D5","AlkalineMPNN",6,4.3699182510376,-39.0269252811951,-0.117197973817403,2.39358815000281,0.219219219219219,0.114114114114114,0.366366366366366,0.274900398406374,0.135458167330677,-0.147410358565737,0.410358565737052
"Q9N2D5","AlkalineMPNN",7,4.29847164154053,-46.66617478254,-0.140138663010631,3.37014949566983,0.222222222222222,0.105105105105105,0.366366366366366,0.341708542713568,0.14070351758794,-0.231155778894472,0.482412060301508
"Q6DIY2","AlkalineMPNN",0,4.31853580474854,-30.7986220526793,-0.172059341076421,2.69308899773455,0.268156424581006,0.134078212290503,0.446927374301676,0.361904761904762,0.161904761904762,-0.247619047619048,0.523809523809524
"Q6DIY2","AlkalineMPNN",1,4.16450214385986,-35.7930928889738,-0.199961412787563,2.70967777862281,0.273743016759777,0.111731843575419,0.430167597765363,0.37719298245614,0.149122807017544,-0.280701754385965,0.526315789473684
"Q6DIY2","AlkalineMPNN",2,4.24737339019775,-31.888492605202,-0.178148003381017,2.48853302366647,0.262569832402235,0.11731843575419,0.441340782122905,0.395833333333333,0.15625,-0.28125,0.552083333333333
"Q6DIY2","AlkalineMPNN",3,4.16626415252686,-35.875907038519,-0.200424061667704,2.51004480831366,0.279329608938548,0.111731843575419,0.441340782122905,0.357142857142857,0.142857142857143,-0.253968253968254,0.5
"Q6DIY2","AlkalineMPNN",4,4.23520984649658,-31.8052119779248,-0.177682748480026,2.67071149703593,0.256983240223464,0.11731843575419,0.424581005586592,0.333333333333333,0.141666666666667,-0.233333333333333,0.475
"Q6DIY2","AlkalineMPNN",5,4.42169857025147,-27.7179089103821,-0.154848653130626,2.92033876925377,0.245810055865922,0.134078212290503,0.430167597765363,0.306451612903226,0.153225806451613,-0.209677419354839,0.459677419354839
"Q6DIY2","AlkalineMPNN",6,4.47950382232666,-23.7362078634731,-0.13260451320376,2.85161221865767,0.223463687150838,0.134078212290503,0.41340782122905,0.352941176470588,0.129411764705882,-0.247058823529412,0.482352941176471
"Q6DIY2","AlkalineMPNN",7,4.24203052520752,-29.8889543205939,-0.166977398439072,2.37065194006898,0.251396648044693,0.11731843575419,0.402234636871508,0.31578947368421,0.149122807017544,-0.219298245614035,0.464912280701754
"G0HQ35","AlkalineMPNN",0,4.05002841949463,-68.8905246070203,-0.192431632980504,2.98707596634747,0.256983240223464,0.0782122905027933,0.377094972067039,0.300675675675676,0.0912162162162162,-0.226351351351351,0.391891891891892
"G0HQ35","AlkalineMPNN",1,4.12869358062744,-65.7091704832683,-0.183545168947677,3.4463431826761,0.259776536312849,0.0949720670391061,0.399441340782123,0.312056737588652,0.117021276595745,-0.216312056737589,0.429078014184397
"G0HQ35","AlkalineMPNN",2,4.06753482818604,-67.4569788351743,-0.188427315182051,3.07131629157922,0.262569832402235,0.0893854748603351,0.385474860335196,0.352941176470588,0.109803921568627,-0.258823529411765,0.462745098039216
"G0HQ35","AlkalineMPNN",3,4.12886409759521,-61.8823008740359,-0.17285558903362,2.85755508086626,0.254189944134078,0.0949720670391061,0.377094972067039,0.314285714285714,0.117857142857143,-0.210714285714286,0.432142857142857
"G0HQ35","AlkalineMPNN",4,4.06958103179932,-65.805314997836,-0.183813729044234,3.16340440515193,0.254189944134078,0.0865921787709497,0.38268156424581,0.325757575757576,0.109848484848485,-0.234848484848485,0.435606060606061
"G0HQ35","AlkalineMPNN",5,4.05002841949463,-69.8466997640913,-0.195102513307518,2.8430145751045,0.259776536312849,0.0782122905027933,0.365921787709497,0.360323886639676,0.11336032388664,-0.267206477732793,0.473684210526316
"G0HQ35","AlkalineMPNN",6,4.05002841949463,-74.703742536815,-0.208669671890545,3.41458916739366,0.270949720670391,0.0810055865921787,0.388268156424581,0.314189189189189,0.0945945945945946,-0.239864864864865,0.408783783783784
"G0HQ35","AlkalineMPNN",7,4.11465435028076,-65.6832279556524,-0.183472703786739,3.29896181445665,0.256983240223464,0.0921787709497206,0.377094972067039,0.3,0.106666666666667,-0.216666666666667,0.406666666666667
"Q8DLT5","AlkalineMPNN",0,4.07441234588623,-46.0395341502593,-0.102537937973851,2.2984621786111,0.144766146993318,0.0512249443207127,0.220489977728285,0.226148409893993,0.0706713780918728,-0.162544169611307,0.296819787985866
"Q8DLT5","AlkalineMPNN",1,4.10277500152588,-52.0298538067759,-0.11587940714204,2.47740776482319,0.171492204899777,0.0645879732739421,0.260579064587973,0.252525252525252,0.0909090909090909,-0.175084175084175,0.343434343434343
"Q8DLT5","AlkalineMPNN",2,4.15222492218018,-49.1058873646037,-0.10936723243787,2.20859171561006,0.169265033407572,0.066815144766147,0.260579064587973,0.25177304964539,0.102836879432624,-0.159574468085106,0.354609929078014
"Q8DLT5","AlkalineMPNN",3,4.05002841949463,-51.0377669276794,-0.113669859527126,2.31763539808777,0.160356347438753,0.0556792873051225,0.240534521158129,0.255555555555555,0.0851851851851851,-0.185185185185185,0.340740740740741
"Q8DLT5","AlkalineMPNN",4,4.11113033294678,-48.9425566330278,-0.109003466888703,2.56681616778826,0.160356347438753,0.0623608017817371,0.242761692650334,0.228476821192053,0.0927152317880794,-0.152317880794702,0.321192052980132
"Q8DLT5","AlkalineMPNN",5,4.05002841949463,-49.112893244749,-0.109382835734408,2.03337811396926,0.155902004454343,0.0534521158129175,0.2271714922049,0.205607476635514,0.0716510903426791,-0.143302180685358,0.277258566978193
"Q8DLT5","AlkalineMPNN",6,4.11260814666748,-56.8286051268047,-0.126567049280189,2.96485200536899,0.182628062360802,0.0690423162583518,0.278396436525612,0.275,0.1,-0.192857142857143,0.375
"Q8DLT5","AlkalineMPNN",7,4.05002841949463,-52.2007445770078,-0.116260010193781,1.90297741987291,0.164810690423162,0.0534521158129175,0.244988864142539,0.23841059602649,0.0794701986754966,-0.165562913907285,0.317880794701987
"O67786","AcidophileMPNN",0,5.99414920806885,-2.19444883936069,-0.0098405777549806,1.51737031618845,0.125560538116592,0.130044843049327,0.282511210762332,0.168831168831169,0.175324675324675,-0.0064935064935064,0.344155844155844
"O67786","AcidophileMPNN",1,8.99174404144287,3.70182825531523,0.0166001267054494,1.38838984040798,0.139013452914798,0.165919282511211,0.349775784753363,0.194029850746269,0.246268656716418,0.0373134328358208,0.440298507462687
"O67786","AcidophileMPNN",2,6.77665157318115,-0.276874563044078,-0.0012415899688075,1.2819162833281,0.130044843049327,0.139013452914798,0.300448430493274,0.172661870503597,0.194244604316547,0.014388489208633,0.366906474820144
"O67786","AcidophileMPNN",3,4.83730525970459,-11.2704965029803,-0.0505403430626919,1.44408965012111,0.170403587443946,0.130044843049327,0.340807174887892,0.255474452554744,0.18978102189781,-0.072992700729927,0.445255474452555
"O67786","AcidophileMPNN",4,8.73831882476807,2.88027771283451,0.0129160435553117,1.89999490146513,0.139013452914798,0.170403587443946,0.349775784753363,0.198412698412698,0.26984126984127,0.0476190476190476,0.468253968253968
"O67786","AcidophileMPNN",5,4.88385639190674,-10.1817979293634,-0.0456582866787595,1.55934607931809,0.147982062780269,0.116591928251121,0.304932735426009,0.248,0.176,-0.08,0.424
"O67786","AcidophileMPNN",6,6.77557163238525,-0.290542818840343,-0.0013028825956966,1.40566886105358,0.147982062780269,0.15695067264574,0.345291479820628,0.217391304347826,0.278260869565217,0.0434782608695652,0.495652173913044
"O67786","AcidophileMPNN",7,5.5132345199585,-4.20778401270939,-0.0188689866040779,1.58478835787927,0.134529147982063,0.130044843049327,0.309417040358744,0.153846153846154,0.17948717948718,0.0064102564102564,0.333333333333333
"Q980U8","AcidophileMPNN",0,5.57922458648682,-4.82752168817672,-0.0138324403672685,1.85011562713229,0.128939828080229,0.126074498567335,0.277936962750716,0.158450704225352,0.151408450704225,-0.0211267605633802,0.309859154929577
"Q980U8","AcidophileMPNN",1,6.31477794647217,-1.72479724826355,-0.0049421124592078,2.15548140035608,0.140401146131805,0.148997134670487,0.30945558739255,0.16140350877193,0.178947368421053,0,0.340350877192982
"Q980U8","AcidophileMPNN",2,5.44588031768799,-6.73590309730751,-0.0193005819407091,2.1462726660589,0.137535816618911,0.131805157593123,0.297994269340974,0.157534246575342,0.157534246575342,-0.0171232876712328,0.315068493150685
"Q980U8","AcidophileMPNN",3,6.30102291107178,-1.75590767516766,-0.0050312540835749,2.10228635622316,0.126074498567335,0.134670487106017,0.286532951289398,0.137931034482759,0.147335423197492,-0.006269592476489,0.285266457680251
"Q980U8","AcidophileMPNN",4,6.53940563201904,-0.829793209756403,-0.002377630973514,1.83928061252657,0.123209169054441,0.131805157593123,0.28080229226361,0.148014440433213,0.166064981949458,0.003610108303249,0.314079422382672
"Q980U8","AcidophileMPNN",5,9.3163423538208,5.26048807944915,0.0150730317462726,2.15836064467114,0.131805157593123,0.160458452722063,0.318051575931232,0.161870503597122,0.197841726618705,0.0215827338129496,0.359712230215827
"Q980U8","AcidophileMPNN",6,6.23116779327392,-1.82857957646423,-0.0052394830271181,2.05389350430676,0.143266475644699,0.148997134670487,0.32378223495702,0.170138888888889,0.180555555555555,-0.0034722222222222,0.350694444444444
"Q980U8","AcidophileMPNN",7,6.05280704498291,-1.94832612647973,-0.0055825963509447,1.56414784591296,0.108882521489971,0.111747851002865,0.243553008595988,0.123239436619718,0.130281690140845,-0.0035211267605633,0.253521126760563
"O58832","AcidophileMPNN",0,8.67430171966553,3.18434197757365,0.0093109414548937,1.97352487327116,0.116959064327485,0.137426900584795,0.283625730994152,0.179611650485437,0.213592233009709,0.0194174757281553,0.393203883495146
"O58832","AcidophileMPNN",1,7.84188594818115,1.15457675001036,0.003375955409387,2.62894115797739,0.10233918128655,0.125730994152047,0.257309941520468,0.144230769230769,0.197115384615385,0.0288461538461538,0.341346153846154
"O58832","AcidophileMPNN",2,6.64739971160889,-0.697590407266496,-0.0020397380329429,2.2016221097051,0.12280701754386,0.134502923976608,0.289473684210526,0.16,0.204444444444444,0.0222222222222222,0.364444444444444
"O58832","AcidophileMPNN",3,9.04480152130127,5.2692894255315,0.0154072790220219,2.16364510143539,0.105263157894737,0.134502923976608,0.277777777777778,0.14027149321267,0.203619909502262,0.0407239819004524,0.343891402714932
"O58832","AcidophileMPNN",4,8.9662790298462,4.20332407481764,0.0122904212713966,1.97883108952799,0.125730994152047,0.149122807017544,0.304093567251462,0.171806167400881,0.224669603524229,0.0352422907488986,0.39647577092511
"O58832","AcidophileMPNN",5,5.8770040512085,-3.99604062814949,-0.0116843293220745,2.23595216146562,0.125730994152047,0.128654970760234,0.283625730994152,0.175355450236967,0.18957345971564,-0.0094786729857819,0.364928909952607
"O58832","AcidophileMPNN",6,6.64757022857666,-0.710123120539976,-0.0020763833933917,2.29245540436726,0.131578947368421,0.14327485380117,0.318713450292398,0.197044334975369,0.221674876847291,0,0.41871921182266
"O58832","AcidophileMPNN",7,8.71620616912842,3.27196236677192,0.0095671414233096,2.20162414179602,0.111111111111111,0.134502923976608,0.277777777777778,0.141078838174274,0.182572614107884,0.0248962655601659,0.323651452282158
"Q9Z9J6","AcidophileMPNN",0,9.22266979217529,1.59792046178851,0.0257729106740081,0.769106748386531,0.129032258064516,0.17741935483871,0.306451612903226,0.175,0.225,0.025,0.4
"Q9Z9J6","AcidophileMPNN",1,5.50306034088135,-1.47406190096938,-0.023775191951119,0.631115577877228,0.193548387096774,0.17741935483871,0.370967741935484,0.268292682926829,0.24390243902439,-0.024390243902439,0.51219512195122
"Q9Z9J6","AcidophileMPNN",2,9.85091419219971,5.50856173051213,0.0888477698469697,0.567659245863219,0.145161290322581,0.241935483870968,0.387096774193548,0.186046511627907,0.325581395348837,0.13953488372093,0.511627906976744
"Q9Z9J6","AcidophileMPNN",3,8.34216060638428,0.516448395589835,0.0083298128320941,0.508189246992726,0.112903225806452,0.129032258064516,0.241935483870968,0.146341463414634,0.170731707317073,0.024390243902439,0.317073170731707
"Q9Z9J6","AcidophileMPNN",4,11.9999677658081,6.59429232162303,0.106359553574565,0.693864189678207,0.064516129032258,0.193548387096774,0.258064516129032,0.073170731707317,0.292682926829268,0.195121951219512,0.365853658536585
"Q9Z9J6","AcidophileMPNN",5,9.9476167678833,1.60175470624366,0.0258347533265107,0.739310478341146,0.112903225806452,0.161290322580645,0.274193548387097,0.142857142857143,0.214285714285714,0.0476190476190476,0.357142857142857
"Q9Z9J6","AcidophileMPNN",6,8.36214580535889,0.61540337213078,0.009925860840819,0.804692782389211,0.161290322580645,0.193548387096774,0.354838709677419,0.219512195121951,0.24390243902439,0,0.463414634146341
"Q9Z9J6","AcidophileMPNN",7,9.85201015472412,5.51268824923977,0.0889143266006415,0.58670704148699,0.129032258064516,0.225806451612903,0.354838709677419,0.166666666666667,0.285714285714286,0.119047619047619,0.452380952380952
"P02819","AcidophileMPNN",0,9.67730083465576,3.35731239730049,0.0685165795367447,2.1761701976464,0.0816326530612245,0.285714285714286,0.428571428571429,0.0769230769230769,0.358974358974359,0.102564102564103,0.435897435897436
"P02819","AcidophileMPNN",1,4.7828535079956,-1.25286692088161,-0.0255687126710533,0.49936889315786,0.0816326530612245,0.0612244897959183,0.204081632653061,0.102564102564103,0.0769230769230769,-0.0256410256410256,0.17948717948718
"P02819","AcidophileMPNN",2,9.49395275115967,3.18196501979232,0.0649380616284146,1.7020411764141,0.0816326530612245,0.244897959183673,0.408163265306122,0.081081081081081,0.324324324324324,0.108108108108108,0.405405405405405
"P02819","AcidophileMPNN",3,11.4670076370239,5.83143680599976,0.119008914408158,0.725615865932197,0.0612244897959183,0.204081632653061,0.326530612244898,0.0512820512820512,0.256410256410256,0.17948717948718,0.307692307692308
"P02819","AcidophileMPNN",4,8.06823444366455,0.837087729646182,0.0170834230540037,0.75259689667382,0.102040816326531,0.142857142857143,0.306122448979592,0.105263157894737,0.184210526315789,0.0526315789473684,0.289473684210526
"P02819","AcidophileMPNN",5,11.5327653884888,5.74146215567196,0.11717269705453,0.472486852418238,0.0408163265306122,0.163265306122449,0.26530612244898,0.0465116279069767,0.186046511627907,0.13953488372093,0.232558139534884
"P02819","AcidophileMPNN",6,10.062306022644,4.44347758465608,0.0906832160133893,2.42063495333705,0.0816326530612245,0.326530612244898,0.489795918367347,0.081081081081081,0.432432432432432,0.135135135135135,0.513513513513514
"P02819","AcidophileMPNN",7,11.1903738021851,4.91862099415435,0.100380020288864,0.965081131571845,0.0612244897959183,0.204081632653061,0.326530612244898,0.0263157894736842,0.263157894736842,0.184210526315789,0.289473684210526
"Q4R312","AcidophileMPNN",0,4.32421970367432,-4.44685436184847,-0.0542299312420545,0.91421666414749,0.0853658536585365,0.048780487804878,0.231707317073171,0.0806451612903225,0.064516129032258,-0.032258064516129,0.145161290322581
"Q4R312","AcidophileMPNN",1,8.74740886688232,2.45703522208888,0.0299638441718156,0.680197391076197,0.0609756097560975,0.0975609756097561,0.268292682926829,0.0806451612903225,0.129032258064516,0.0483870967741935,0.209677419354839
"Q4R312","AcidophileMPNN",2,8.39534702301026,1.45692346204804,0.0177673592932687,0.669755646221831,0.048780487804878,0.073170731707317,0.231707317073171,0.032258064516129,0.0967741935483871,0.064516129032258,0.129032258064516
"Q4R312","AcidophileMPNN",3,6.00381183624267,-0.539724255032428,-0.0065820031101515,0.68628039063591,0.0853658536585365,0.0853658536585365,0.280487804878049,0.081967213114754,0.114754098360656,0.0327868852459016,0.19672131147541
"Q4R312","AcidophileMPNN",4,5.08620319366455,-1.53621309312485,-0.0187343060137177,0.712769161624179,0.0975609756097561,0.0853658536585365,0.292682926829268,0.0967741935483871,0.112903225806452,0.0161290322580645,0.209677419354839
"Q4R312","AcidophileMPNN",5,7.6344087600708,0.547561693263001,0.0066775816251585,0.936236896130923,0.0975609756097561,0.121951219512195,0.329268292682927,0.114754098360656,0.163934426229508,0.0327868852459016,0.278688524590164
"Q4R312","AcidophileMPNN",6,6.03888149261475,-0.540022556097064,-0.0065856409280129,0.704104903800872,0.0853658536585365,0.0853658536585365,0.292682926829268,0.081967213114754,0.114754098360656,0.0327868852459016,0.19672131147541
"Q4R312","AcidophileMPNN",7,6.01580486297607,-0.539145315038907,-0.0065749428663281,0.688812153898502,0.073170731707317,0.073170731707317,0.25609756097561,0.0967741935483871,0.0967741935483871,0,0.193548387096774
"Q54FJ9","AcidophileMPNN",0,9.42941989898682,6.30136405208708,0.0205926929806767,2.18174039784105,0.0915032679738562,0.130718954248366,0.238562091503268,0.115384615384615,0.181318681318681,0.0494505494505494,0.296703296703297
"Q54FJ9","AcidophileMPNN",1,8.39309062957764,2.14898287271362,0.0070228198454693,1.83376058081932,0.107843137254902,0.127450980392157,0.261437908496732,0.127388535031847,0.229299363057325,0.0828025477707006,0.356687898089172
"Q54FJ9","AcidophileMPNN",2,9.36095447540283,5.24287133016247,0.0171335664384394,1.98002378354751,0.0947712418300653,0.127450980392157,0.241830065359477,0.125,0.225,0.08125,0.35
"Q54FJ9","AcidophileMPNN",3,9.37578220367432,8.12725508935404,0.0265596571547517,1.88376374052025,0.107843137254902,0.147058823529412,0.277777777777778,0.127272727272727,0.254545454545455,0.109090909090909,0.381818181818182
"Q54FJ9","AcidophileMPNN",4,9.13170490264893,7.05117031169892,0.0230430402343101,1.66816113213828,0.104575163398693,0.137254901960784,0.26797385620915,0.118226600985222,0.192118226600985,0.064039408866995,0.310344827586207
"Q54FJ9","AcidophileMPNN",5,9.65551052093506,7.07089335482102,0.0231074946235981,1.52209027345212,0.0947712418300653,0.127450980392157,0.241830065359477,0.10989010989011,0.197802197802198,0.0824175824175824,0.307692307692308
"Q54FJ9","AcidophileMPNN",6,9.2974531173706,5.1900072828938,0.016960808114032,1.93323044042584,0.0751633986928104,0.107843137254902,0.202614379084967,0.0947368421052631,0.157894736842105,0.0421052631578947,0.252631578947368
"Q54FJ9","AcidophileMPNN",7,9.5385648727417,7.59261467108849,0.0248124662453872,1.06753330581493,0.0849673202614379,0.11437908496732,0.218954248366013,0.107344632768361,0.186440677966102,0.0790960451977401,0.293785310734463
"Q54JL0","AcidophileMPNN",0,8.93101482391357,8.9716645706948,0.0141732457672903,2.84645547676718,0.126382306477093,0.148499210110585,0.322274881516588,0.163716814159292,0.201327433628319,0.0265486725663716,0.365044247787611
"Q54JL0","AcidophileMPNN",1,9.07871189117432,11.2423687842784,0.0177604562152897,3.54169698968462,0.12480252764613,0.154818325434439,0.325434439178515,0.141434262948207,0.189243027888446,0.0338645418326693,0.330677290836653
"Q54JL0","AcidophileMPNN",2,8.81039447784424,6.24507430922685,0.0098658361915116,3.4535062365778,0.116903633491311,0.139020537124803,0.300157977883096,0.141104294478528,0.173824130879346,0.0184049079754601,0.314928425357873
"Q54JL0","AcidophileMPNN",3,8.71930065155029,6.07367366907992,0.0095950610885938,3.12773029873546,0.126382306477093,0.145339652448657,0.317535545023697,0.147474747474747,0.183838383838384,0.0262626262626262,0.331313131313131
"Q54JL0","AcidophileMPNN",4,9.27985324859619,15.1356261428943,0.0239109417739246,3.16837243606109,0.110584518167456,0.145339652448657,0.296998420221169,0.132911392405063,0.187763713080169,0.0421940928270042,0.320675105485232
"Q54JL0","AcidophileMPNN",5,9.18553600311279,15.0534236929489,0.0237810800836475,3.11790500096443,0.12480252764613,0.157977883096367,0.330173775671406,0.143434343434343,0.193939393939394,0.0383838383838383,0.337373737373737
"Q54JL0","AcidophileMPNN",6,8.87002773284912,6.14996988082156,0.009715592228786,3.0545483424789,0.113744075829384,0.134281200631912,0.289099526066351,0.131524008350731,0.169102296450939,0.022964509394572,0.30062630480167
"Q54JL0","AcidophileMPNN",7,9.12500019073486,12.9904176832963,0.0205219868614475,2.95666926850455,0.134281200631912,0.162717219589258,0.342812006319115,0.175115207373272,0.223502304147465,0.0391705069124423,0.398617511520737
"Q69NP0","AcidophileMPNN",0,9.60193729400635,6.58507520854234,0.0708072603069068,0.84310650887496,0.0967741935483871,0.182795698924731,0.344086021505376,0.140350877192982,0.298245614035088,0.140350877192982,0.43859649122807
"Q69NP0","AcidophileMPNN",1,9.85400867462158,10.8363001452293,0.116519356400315,1.54110027213034,0.075268817204301,0.236559139784946,0.376344086021505,0.11864406779661,0.372881355932203,0.186440677966102,0.491525423728814
"Q69NP0","AcidophileMPNN",2,9.4961446762085,6.10409605872717,0.06563544149169,1.50640286868157,0.10752688172043,0.21505376344086,0.376344086021505,0.129032258064516,0.32258064516129,0.129032258064516,0.451612903225806
"Q69NP0","AcidophileMPNN",3,9.63230190277099,6.57765282352171,0.0707274497152872,0.797462240208019,0.064516129032258,0.150537634408602,0.290322580645161,0.0793650793650793,0.222222222222222,0.126984126984127,0.301587301587302
"Q69NP0","AcidophileMPNN",4,8.00325031280518,0.76501519217579,0.0082259698083418,1.26198450358131,0.0967741935483871,0.139784946236559,0.290322580645161,0.121212121212121,0.196969696969697,0.0303030303030303,0.318181818181818
"Q69NP0","AcidophileMPNN",5,7.98507022857666,0.678419943914726,0.0072948381066099,1.02500150620325,0.086021505376344,0.118279569892473,0.258064516129032,0.125,0.178571428571428,0.0178571428571428,0.303571428571429
"Q69NP0","AcidophileMPNN",6,9.30177249908447,4.58432972732503,0.0492938680357529,0.868742013629695,0.118279569892473,0.182795698924731,0.387096774193548,0.172413793103448,0.293103448275862,0.103448275862069,0.46551724137931
"Q69NP0","AcidophileMPNN",7,9.93253116607666,12.4844746293731,0.134241662681431,0.587399974862404,0.064516129032258,0.204301075268817,0.354838709677419,0.09375,0.296875,0.203125,0.390625
"P0A7R6","AcidophileMPNN",0,9.69199962615967,2.89721982537346,0.0281283478191597,0.716258174475812,0.087378640776699,0.12621359223301,0.213592233009709,0.112676056338028,0.169014084507042,0.056338028169014,0.28169014084507
"P0A7R6","AcidophileMPNN",1,11.7114072799683,2.88314053634951,0.0279916556927137,0.5992351423852,0.0097087378640776,0.0485436893203883,0.058252427184466,0.0140845070422535,0.0422535211267605,0.028169014084507,0.056338028169014
"P0A7R6","AcidophileMPNN",2,9.52354373931885,6.95559953506121,0.0675300925734098,1.1803939624831,0.155339805825243,0.242718446601942,0.41747572815534,0.214285714285714,0.342857142857143,0.1,0.557142857142857
"P0A7R6","AcidophileMPNN",3,11.3386510848999,4.58116612945893,0.044477341062708,0.823858148088856,0.12621359223301,0.184466019417476,0.310679611650485,0.151515151515151,0.257575757575758,0.106060606060606,0.409090909090909
"P0A7R6","AcidophileMPNN",4,8.0307783126831,0.59705322063035,0.0057966332100034,0.7843500032879,0.087378640776699,0.106796116504854,0.203883495145631,0.0909090909090909,0.136363636363636,0.0454545454545454,0.227272727272727
"P0A7R6","AcidophileMPNN",5,11.8579439163208,8.06876252159236,0.0783375002096345,1.14336140001811,0.058252427184466,0.16504854368932,0.223300970873786,0.0704225352112676,0.197183098591549,0.0985915492957746,0.267605633802817
"P0A7R6","AcidophileMPNN",6,9.30286846160888,1.90113104848651,0.0184575829950146,0.735413672154483,0.106796116504854,0.135922330097087,0.252427184466019,0.144927536231884,0.188405797101449,0.0289855072463768,0.333333333333333
"P0A7R6","AcidophileMPNN",7,10.1884061813354,2.9993099818788,0.0291195143871727,0.998578710953558,0.116504854368932,0.16504854368932,0.281553398058252,0.157142857142857,0.214285714285714,0.0428571428571428,0.371428571428571
"P60724","AcidophileMPNN",0,9.75479183197021,12.6039251596124,0.0627060953214549,1.05175104934162,0.114427860696517,0.18407960199005,0.318407960199005,0.132450331125828,0.23841059602649,0.0993377483443708,0.370860927152318
"P60724","AcidophileMPNN",1,9.38867588043213,2.70779650770409,0.0134716244164382,1.14928898985594,0.109452736318408,0.134328358208955,0.248756218905473,0.123076923076923,0.184615384615385,0.0461538461538461,0.307692307692308
"P60724","AcidophileMPNN",2,9.39550952911377,5.62311901589728,0.0279757164970014,1.06700406044283,0.134328358208955,0.169154228855721,0.318407960199005,0.162337662337662,0.201298701298701,0.0324675324675324,0.363636363636364
"P60724","AcidophileMPNN",3,9.66840419769287,8.61017746707108,0.042836703816274,1.00472151588663,0.114427860696517,0.164179104477612,0.303482587064677,0.146853146853147,0.20979020979021,0.0559440559440559,0.356643356643357
"P60724","AcidophileMPNN",4,9.4336103439331,6.62125277374012,0.0329415560882593,1.08714781539321,0.139303482587065,0.17910447761194,0.333333333333333,0.188405797101449,0.246376811594203,0.0507246376811594,0.434782608695652
"P60724","AcidophileMPNN",5,7.97282123565674,0.791613631356206,0.003938376275404,1.4106405439492,0.104477611940299,0.124378109452736,0.233830845771144,0.125827814569536,0.158940397350993,0.0132450331125827,0.28476821192053
"P60724","AcidophileMPNN",6,9.4301290512085,3.70270974246825,0.0184214415048171,1.1632507552446,0.104477611940299,0.134328358208955,0.248756218905473,0.130718954248366,0.163398692810457,0.0196078431372549,0.294117647058823
"P60724","AcidophileMPNN",7,9.80249843597412,4.70833544809761,0.0234245544681473,1.15201873312253,0.104477611940299,0.139303482587065,0.258706467661691,0.138461538461538,0.2,0.0461538461538461,0.338461538461538
"Q07938","AcidophileMPNN",0,8.77848262786865,3.04108750206776,0.0090239985224562,2.31093484767881,0.0919881305637982,0.118694362017804,0.243323442136499,0.105263157894737,0.140350877192982,0.0140350877192982,0.245614035087719
"Q07938","AcidophileMPNN",1,5.80748996734619,-4.90126952053384,-0.0145438264704268,2.69545951803296,0.0949554896142433,0.100890207715134,0.246290801186944,0.129310344827586,0.129310344827586,-0.021551724137931,0.258620689655172
"Q07938","AcidophileMPNN",2,6.19359722137451,-2.57862223346035,-0.0076516980221375,2.54067960233072,0.0949554896142433,0.106824925816024,0.243323442136499,0.105263157894737,0.11578947368421,-0.0140350877192982,0.221052631578947
"Q07938","AcidophileMPNN",3,9.50355854034424,5.2256289723145,0.0155063174252655,2.6852682674484,0.086053412462908,0.124629080118694,0.246290801186944,0.096085409252669,0.138790035587189,0.0213523131672597,0.234875444839858
"Q07938","AcidophileMPNN",4,6.30295543670654,-1.95839287446088,-0.0058112548203586,2.22633405362483,0.0830860534124629,0.0949554896142433,0.219584569732938,0.112033195020747,0.12448132780083,-0.0082987551867219,0.236514522821577
"Q07938","AcidophileMPNN",5,6.32461109161377,-2.41835670919213,-0.0071761326682259,3.02510289945984,0.0919881305637982,0.109792284866469,0.240356083086053,0.116,0.136,-0.008,0.252
"Q07938","AcidophileMPNN",6,8.67107830047608,2.4283689785433,0.0072058426663005,2.3952252221908,0.086053412462908,0.112759643916914,0.231454005934718,0.103703703703704,0.133333333333333,0.0037037037037037,0.237037037037037
"Q07938","AcidophileMPNN",7,8.76649150848389,3.32266109166333,0.009859528461909,2.22664852377528,0.086053412462908,0.112759643916914,0.237388724035608,0.0982456140350877,0.129824561403509,0.0140350877192982,0.228070175438596
"B1X495","AcidophileMPNN",0,11.4925371170044,5.90884651635472,0.0573674419063564,0.72492138479077,0.116504854368932,0.184466019417476,0.300970873786408,0.117647058823529,0.186274509803921,0.0588235294117647,0.303921568627451
"B1X495","AcidophileMPNN",1,10.9481660842896,4.90797927519656,0.0476502842252093,0.740164639692139,0.12621359223301,0.184466019417476,0.320388349514563,0.144736842105263,0.25,0.0921052631578947,0.394736842105263
"B1X495","AcidophileMPNN",2,9.90829105377197,17.5011701771107,0.169914273564182,0.78438531743617,0.145631067961165,0.320388349514563,0.514563106796116,0.17948717948718,0.423076923076923,0.243589743589744,0.602564102564103
"B1X495","AcidophileMPNN",3,11.5606801986694,4.60703499186119,0.0447284950666134,0.746380687664213,0.0970873786407767,0.155339805825243,0.252427184466019,0.1,0.177777777777778,0.0666666666666666,0.277777777777778
"B1X495","AcidophileMPNN",4,9.33007411956787,3.60758368581097,0.0350250843282618,0.91316404398476,0.145631067961165,0.194174757281553,0.368932038834951,0.1625,0.2375,0.0625,0.4
"B1X495","AcidophileMPNN",5,9.90661487579346,1.90618781402235,0.0185066778060422,0.721600391768822,0.116504854368932,0.145631067961165,0.281553398058252,0.117647058823529,0.147058823529412,0.0196078431372549,0.264705882352941
"B1X495","AcidophileMPNN",6,6.8675371170044,-0.0853708001580173,-0.0008288427199807,0.762245170384758,0.145631067961165,0.155339805825243,0.300970873786408,0.180555555555555,0.208333333333333,0.0138888888888888,0.388888888888889
"B1X495","AcidophileMPNN",7,11.3130571365356,3.8132909416805,0.0370222421522378,0.444464875528189,0.087378640776699,0.12621359223301,0.213592233009709,0.0891089108910891,0.128712871287129,0.0396039603960396,0.217821782178218
"A9CIG1","AcidophileMPNN",0,8.79769420623779,2.55280733748689,0.0252753201731375,0.932239157316452,0.0693069306930693,0.108910891089109,0.237623762376238,0.0760869565217391,0.119565217391304,0.0326086956521739,0.195652173913043
"A9CIG1","AcidophileMPNN",1,7.64077472686767,0.470319853262671,0.0046566322105214,0.68609590459674,0.0693069306930693,0.0792079207920792,0.198019801980198,0.074074074074074,0.0987654320987654,0.0246913580246913,0.17283950617284
"A9CIG1","AcidophileMPNN",2,10.070880317688,6.56402396736267,0.0649903363105215,0.948285135942004,0.0891089108910891,0.168316831683168,0.306930693069307,0.0987654320987654,0.197530864197531,0.0987654320987654,0.296296296296296
"A9CIG1","AcidophileMPNN",3,9.26644382476807,4.46632384926667,0.044221028210561,0.705697904792758,0.0693069306930693,0.118811881188119,0.237623762376238,0.072289156626506,0.144578313253012,0.072289156626506,0.216867469879518
"A9CIG1","AcidophileMPNN",4,9.94200801849365,6.55463358004404,0.0648973621786538,0.912293382370078,0.0594059405940594,0.138613861386139,0.247524752475247,0.073170731707317,0.146341463414634,0.073170731707317,0.219512195121951
"A9CIG1","AcidophileMPNN",5,10.1029855728149,5.47883778120609,0.0542459186258028,0.699018870204348,0.0891089108910891,0.148514851485149,0.287128712871287,0.105263157894737,0.171052631578947,0.0657894736842105,0.276315789473684
"A9CIG1","AcidophileMPNN",6,10.6115766525269,10.4665521510313,0.103629229218132,0.6882198566348,0.0693069306930693,0.178217821782178,0.297029702970297,0.0632911392405063,0.215189873417722,0.151898734177215,0.278481012658228
"A9CIG1","AcidophileMPNN",7,11.8647130966187,14.4675459338132,0.143243029047656,0.645007313720102,0.0495049504950495,0.198019801980198,0.297029702970297,0.0588235294117647,0.235294117647059,0.176470588235294,0.294117647058823
"Q6L047","AcidophileMPNN",0,8.7935682296753,5.38043487511285,0.0149872837746876,2.88360718339161,0.125348189415042,0.158774373259053,0.323119777158774,0.13125,0.171875,0.01875,0.303125
"Q6L047","AcidophileMPNN",1,8.89065761566162,7.01460534409375,0.0195392906520717,2.78756987755492,0.128133704735376,0.164345403899721,0.345403899721448,0.148550724637681,0.202898550724638,0.0326086956521739,0.351449275362319
"Q6L047","AcidophileMPNN",2,8.91309261322021,7.37144044289415,0.0205332602866132,3.00055052076386,0.128133704735376,0.167130919220056,0.342618384401114,0.153225806451613,0.229838709677419,0.0524193548387096,0.383064516129032
"Q6L047","AcidophileMPNN",3,8.38193759918213,3.29299011846542,0.0091726744246947,3.52838022035559,0.133704735376044,0.167130919220056,0.33983286908078,0.150159744408946,0.18849840255591,0.0095846645367412,0.338658146964856
"Q6L047","AcidophileMPNN",4,6.48648853302002,-1.79325561076507,-0.0049951409770614,3.35738050487931,0.144846796657382,0.161559888579387,0.350974930362117,0.177777777777778,0.211111111111111,0.0037037037037037,0.388888888888889
"Q6L047","AcidophileMPNN",5,8.86080875396728,6.19852008681399,0.01726607266522,3.21525190303469,0.122562674094708,0.161559888579387,0.328690807799443,0.137071651090343,0.174454828660436,0.0124610591900311,0.311526479750779
"Q6L047","AcidophileMPNN",6,6.87953014373779,-0.355892665582054,-0.0009913444723734,3.79757013665936,0.142061281337047,0.167130919220056,0.348189415041783,0.174418604651163,0.217054263565891,0.0077519379844961,0.391472868217054
"Q6L047","AcidophileMPNN",7,6.15756130218506,-2.9522931493918,-0.0082236577977487,2.76314913222066,0.142061281337047,0.15041782729805,0.334261838440111,0.156441717791411,0.162576687116564,-0.0122699386503067,0.319018404907976
"A9A498","AcidophileMPNN",0,6.05343227386475,-1.12822064595237,-0.0039310823900779,1.01928080601335,0.118466898954704,0.118466898954704,0.257839721254355,0.147959183673469,0.163265306122449,0.0153061224489795,0.311224489795918
"A9A498","AcidophileMPNN",1,8.66566295623779,1.61832821406182,0.0056387742650237,1.02505951307601,0.0940766550522648,0.104529616724739,0.226480836236934,0.141176470588235,0.176470588235294,0.0294117647058823,0.317647058823529
"A9A498","AcidophileMPNN",2,7.98926067352295,0.635800031949039,0.0022153311217736,0.994306201521748,0.111498257839721,0.118466898954704,0.24390243902439,0.154838709677419,0.212903225806452,0.0580645161290322,0.367741935483871
"A9A498","AcidophileMPNN",3,9.04396343231201,2.62242597819866,0.0091373727463367,1.01594875273535,0.0975609756097561,0.111498257839721,0.226480836236934,0.16551724137931,0.2,0.0275862068965517,0.36551724137931
"A9A498","AcidophileMPNN",4,9.07129802703857,2.85928020369116,0.0099626487933489,0.987548807734079,0.104529616724739,0.118466898954704,0.236933797909408,0.162650602409638,0.192771084337349,0.0301204819277108,0.355421686746988
"A9A498","AcidophileMPNN",5,9.21783466339111,3.71419208970067,0.0129414358526155,1.28764201417263,0.104529616724739,0.125435540069686,0.250871080139373,0.152777777777778,0.243055555555555,0.0763888888888889,0.395833333333333
"A9A498","AcidophileMPNN",6,5.98874950408936,-1.37657980248528,-0.0047964453048267,1.04940979055304,0.104529616724739,0.104529616724739,0.222996515679442,0.182389937106918,0.182389937106918,-0.0062893081761006,0.364779874213836
"A9A498","AcidophileMPNN",7,9.1507230758667,2.71640375186966,0.0094648214350859,1.24919602777712,0.0905923344947735,0.10801393728223,0.21602787456446,0.146666666666667,0.2,0.04,0.346666666666667
"A0A1D8PCG7","AcidophileMPNN",0,8.52286548614502,1.64523483220111,0.0189107451977139,1.12962488455111,0.0804597701149425,0.126436781609195,0.264367816091954,0.103448275862069,0.172413793103448,0.0517241379310344,0.275862068965517
"A0A1D8PCG7","AcidophileMPNN",1,8.69241733551025,2.63301139910128,0.0302644988402445,1.20618867157331,0.114942528735632,0.172413793103448,0.35632183908046,0.129032258064516,0.241935483870968,0.0806451612903225,0.370967741935484
"A0A1D8PCG7","AcidophileMPNN",2,8.49063129425049,1.64436759104296,0.0189007769085397,1.14486813945248,0.0919540229885057,0.137931034482759,0.28735632183908,0.0769230769230769,0.169230769230769,0.0769230769230769,0.246153846153846
"A0A1D8PCG7","AcidophileMPNN",3,9.23292026519776,5.46061336275435,0.0627656708362569,0.75568742478952,0.103448275862069,0.172413793103448,0.344827586206897,0.109375,0.234375,0.125,0.34375
"A0A1D8PCG7","AcidophileMPNN",4,6.08054447174072,-1.33951033665215,-0.0153966705362316,1.21353065357439,0.160919540229885,0.172413793103448,0.402298850574713,0.164179104477612,0.208955223880597,0.0298507462686567,0.373134328358209
"A0A1D8PCG7","AcidophileMPNN",5,6.02308025360107,-1.35322200818931,-0.0155542759561989,1.16576617063439,0.0919540229885057,0.103448275862069,0.264367816091954,0.129032258064516,0.129032258064516,-0.0161290322580645,0.258064516129032
"A0A1D8PCG7","AcidophileMPNN",6,9.19636669158935,4.46870289187916,0.0513644010560822,0.692267121913158,0.0919540229885057,0.149425287356322,0.310344827586207,0.0895522388059701,0.194029850746269,0.104477611940299,0.283582089552239
"A0A1D8PCG7","AcidophileMPNN",7,7.7133581161499,0.653646218320741,0.0075131749232269,1.17041814817005,0.114942528735632,0.149425287356322,0.32183908045977,0.131147540983607,0.19672131147541,0.0491803278688524,0.327868852459016
"O28542","AcidophileMPNN",0,7.73507061004639,0.973615864447773,0.0028635760719052,2.25365443446391,0.117647058823529,0.135294117647059,0.285294117647059,0.158139534883721,0.190697674418605,0.0232558139534883,0.348837209302326
"O28542","AcidophileMPNN",1,6.47773532867432,-1.11272918090486,-0.0032727328850143,1.99572014167506,0.123529411764706,0.132352941176471,0.291176470588235,0.15948275862069,0.185344827586207,0.0129310344827586,0.344827586206897
"O28542","AcidophileMPNN",2,5.9643087387085,-3.92347027406247,-0.0115396184531249,2.53098419294355,0.135294117647059,0.141176470588235,0.308823529411765,0.1875,0.205357142857143,-0.0044642857142857,0.392857142857143
"O28542","AcidophileMPNN",3,5.85506420135498,-4.02838789844217,-0.0118481997013004,2.29821247190261,0.123529411764706,0.126470588235294,0.291176470588235,0.160714285714286,0.183035714285714,0.0044642857142857,0.34375
"O28542","AcidophileMPNN",4,6.47750797271728,-1.75729840523599,-0.0051685247212823,3.02453174437816,0.129411764705882,0.147058823529412,0.308823529411765,0.191588785046729,0.214953271028037,-0.0046728971962616,0.406542056074766
"O28542","AcidophileMPNN",5,5.5380163192749,-6.92000609111279,-0.0203529590915082,2.50837271120477,0.129411764705882,0.126470588235294,0.285294117647059,0.15748031496063,0.15748031496063,-0.0196850393700787,0.31496062992126
"O28542","AcidophileMPNN",6,6.0705976486206,-3.0019176558856,-0.0088291695761341,2.31410894947971,0.135294117647059,0.141176470588235,0.308823529411765,0.178571428571428,0.191964285714286,0,0.370535714285714
"O28542","AcidophileMPNN",7,5.51567859649658,-7.86231135307354,-0.0231244451560986,2.90363609641928,0.135294117647059,0.132352941176471,0.314705882352941,0.181034482758621,0.185344827586207,-0.021551724137931,0.366379310344828
"Q8TY15","AcidophileMPNN",0,5.85506420135498,-4.86073354498351,-0.01346463585868,2.70629145303941,0.110803324099723,0.116343490304709,0.263157894736842,0.128205128205128,0.142857142857143,-0.0036630036630036,0.271062271062271
"Q8TY15","AcidophileMPNN",1,5.53562908172607,-6.02577329451489,-0.0166918927825897,2.25266345547267,0.116343490304709,0.113573407202216,0.257617728531856,0.15450643776824,0.163090128755365,-0.0042918454935622,0.317596566523605
"Q8TY15","AcidophileMPNN",2,5.79856624603271,-5.78174064609457,-0.0160159020667439,2.99868578170005,0.110803324099723,0.116343490304709,0.260387811634349,0.118243243243243,0.135135135135135,-0.0067567567567567,0.253378378378378
"Q8TY15","AcidophileMPNN",3,5.59377536773682,-6.84350290931372,-0.0189570717709521,2.69283544136893,0.116343490304709,0.116343490304709,0.260387811634349,0.135714285714286,0.142857142857143,-0.0178571428571428,0.278571428571429
"Q8TY15","AcidophileMPNN",4,8.30857257843018,2.04008727551599,0.0056512112895179,2.47633395525676,0.102493074792244,0.124653739612188,0.260387811634349,0.110320284697509,0.149466192170818,0.0213523131672597,0.259786476868327
"Q8TY15","AcidophileMPNN",5,6.98127193450928,-0.0343352218094352,-9.51114177546683e-05,2.28568169707512,0.119113573407202,0.132963988919668,0.282548476454294,0.128526645768025,0.150470219435737,0.006269592476489,0.278996865203762
"Q8TY15","AcidophileMPNN",6,5.66289157867432,-5.02742821416531,-0.0139263939450562,2.20608042453503,0.110803324099723,0.110803324099723,0.249307479224377,0.128205128205128,0.139194139194139,-0.0073260073260073,0.267399267399267
"Q8TY15","AcidophileMPNN",7,6.3393892288208,-1.93885784425906,-0.0053707973525181,2.4331311685419,0.105263157894737,0.116343490304709,0.254847645429363,0.12639405204461,0.144981412639405,0.0037174721189591,0.271375464684015
"B1YC30","AcidophileMPNN",0,5.79151821136475,-1.23041313469027,-0.0046962333385124,1.08442177129989,0.118320610687023,0.114503816793893,0.290076335877863,0.155844155844156,0.149350649350649,-0.0064935064935064,0.305194805194805
"B1YC30","AcidophileMPNN",1,8.1722864151001,1.85477267222008,0.0070792850084735,1.30281523849904,0.122137404580153,0.133587786259542,0.305343511450382,0.144927536231884,0.164251207729469,0.0144927536231884,0.309178743961353
"B1YC30","AcidophileMPNN",2,9.09856815338135,4.86546515037211,0.0185704776731759,1.03316656338962,0.0839694656488549,0.106870229007634,0.229007633587786,0.0883977900552486,0.143646408839779,0.0497237569060773,0.232044198895028
"B1YC30","AcidophileMPNN",3,5.21659183502197,-3.22709342839191,-0.0123171504900454,0.982562431580712,0.114503816793893,0.103053435114504,0.274809160305344,0.131868131868132,0.126373626373626,-0.0054945054945054,0.258241758241758
"B1YC30","AcidophileMPNN",4,5.19988117218017,-5.12184394711739,-0.0195490226989213,1.31949822411595,0.145038167938931,0.129770992366412,0.32442748091603,0.180851063829787,0.164893617021277,-0.0212765957446808,0.345744680851064
"B1YC30","AcidophileMPNN",5,5.71666126251221,-2.13726274256673,-0.0081574913838424,1.38229229224625,0.137404580152672,0.133587786259542,0.32824427480916,0.185393258426966,0.185393258426966,0,0.370786516853933
"B1YC30","AcidophileMPNN",6,7.66032733917236,0.75298502914417,0.0028739886608556,1.14974004223519,0.129770992366412,0.133587786259542,0.32442748091603,0.158730158730159,0.164021164021164,0.0052910052910052,0.322751322751323
"B1YC30","AcidophileMPNN",7,6.20615863800049,-1.07419195183118,-0.0040999692817984,1.50486951683346,0.106870229007634,0.110687022900763,0.274809160305344,0.128440366972477,0.128440366972477,-0.0091743119266055,0.256880733944954
"P80505","AcidophileMPNN",0,7.72637424468994,0.789593144817822,0.0023430063644445,1.67659058306661,0.115727002967359,0.127596439169139,0.27299703264095,0.133064516129032,0.157258064516129,0.0120967741935483,0.290322580645161
"P80505","AcidophileMPNN",1,9.44940509796143,10.7800612940895,0.0319883124453694,1.72133959749189,0.109792284866469,0.1513353115727,0.29080118694362,0.129464285714286,0.209821428571428,0.0669642857142857,0.339285714285714
"P80505","AcidophileMPNN",2,9.44212017059326,9.95057322846858,0.029526923526613,2.14250561822083,0.0979228486646884,0.142433234421365,0.264094955489614,0.109311740890688,0.186234817813765,0.0566801619433198,0.295546558704453
"P80505","AcidophileMPNN",3,9.60258197784424,13.1182916801323,0.0389266815434194,2.59935561880751,0.0919881305637982,0.1513353115727,0.270029673590504,0.109090909090909,0.218181818181818,0.0818181818181818,0.327272727272727
"P80505","AcidophileMPNN",4,9.45030765533447,11.1198248398419,0.0329965128778691,2.63554639989179,0.0949554896142433,0.148367952522255,0.27299703264095,0.106598984771574,0.233502538071066,0.0913705583756345,0.34010152284264
"P80505","AcidophileMPNN",5,6.84963283538818,-0.224170970238028,-0.0006651957573828,1.70551691258881,0.100890207715134,0.109792284866469,0.246290801186944,0.117391304347826,0.139130434782609,0.008695652173913,0.256521739130435
"P80505","AcidophileMPNN",6,8.51693439483643,2.05461565312323,0.0060967823534813,2.33761786090609,0.103857566765579,0.127596439169139,0.249258160237389,0.124,0.148,0.004,0.272
"P80505","AcidophileMPNN",7,9.47596607208252,11.3038777277927,0.0335426638806906,2.38821896679864,0.106824925816024,0.15727002967359,0.29673590504451,0.136929460580913,0.211618257261411,0.0539419087136929,0.348547717842324
"Q9N2D5","AcidophileMPNN",0,8.40050449371338,2.04237700190633,0.0061332642699889,2.37591910006359,0.108108108108108,0.132132132132132,0.282282282282282,0.150485436893204,0.203883495145631,0.029126213592233,0.354368932038835
"Q9N2D5","AcidophileMPNN",1,6.80700359344482,-0.586534203176043,-0.0017613639735016,3.31743033370059,0.129129129129129,0.156156156156156,0.315315315315315,0.167364016736402,0.200836820083682,-0.00418410041841,0.368200836820084
"Q9N2D5","AcidophileMPNN",2,9.28726711273193,7.85737805506209,0.0235957298950813,1.88319461514516,0.09009009009009,0.126126126126126,0.249249249249249,0.107142857142857,0.183035714285714,0.0580357142857142,0.290178571428571
"Q9N2D5","AcidophileMPNN",3,5.85739459991455,-4.86458778923866,-0.0146083717394554,2.73618671308679,0.123123123123123,0.129129129129129,0.297297297297297,0.162790697674419,0.181395348837209,-0.0093023255813953,0.344186046511628
"Q9N2D5","AcidophileMPNN",4,5.9424825668335,-3.93704376863224,-0.0118229542601568,2.48373821123183,0.12012012012012,0.126126126126126,0.288288288288288,0.158139534883721,0.186046511627907,0.0093023255813953,0.344186046511628
"Q9N2D5","AcidophileMPNN",5,8.62962512969971,2.95091274759915,0.0088615998426401,2.20853839512361,0.114114114114114,0.138138138138138,0.291291291291291,0.158878504672897,0.200934579439252,0.0233644859813084,0.35981308411215
"Q9N2D5","AcidophileMPNN",6,9.029909324646,5.94272721922546,0.0178460276853617,2.22671042080392,0.108108108108108,0.141141141141141,0.288288288288288,0.141078838174274,0.190871369294606,0.0290456431535269,0.33195020746888
"Q9N2D5","AcidophileMPNN",7,9.120680809021,6.11202005575155,0.0183544145818364,2.55905461494193,0.087087087087087,0.126126126126126,0.252252252252252,0.0950413223140495,0.161157024793388,0.0371900826446281,0.256198347107438
"Q6DIY2","AcidophileMPNN",0,7.0669282913208,0.124829555492571,0.0006973718183942,2.2754064991965,0.106145251396648,0.145251396648045,0.279329608938547,0.110169491525424,0.211864406779661,0.0423728813559322,0.322033898305085
"Q6DIY2","AcidophileMPNN",1,5.93753757476807,-3.86458217760175,-0.0215898445676075,2.31626379928961,0.111731843575419,0.128491620111732,0.268156424581006,0.113207547169811,0.169811320754717,0.0188679245283018,0.283018867924528
"Q6DIY2","AcidophileMPNN",2,6.97399654388428,-0.0427030380252446,-0.0002385644582415,1.87771976791306,0.122905027932961,0.150837988826816,0.312849162011173,0.132075471698113,0.207547169811321,0.0471698113207547,0.339622641509434
"Q6DIY2","AcidophileMPNN",3,5.88069858551025,-5.60227427200998,-0.0312976216313406,3.05855256746005,0.134078212290503,0.156424581005587,0.324022346368715,0.176470588235294,0.196078431372549,-0.0294117647058823,0.372549019607843
"Q6DIY2","AcidophileMPNN",4,8.00176753997803,1.13263433958293,0.0063275661429213,2.35189828414635,0.122905027932961,0.167597765363128,0.324022346368715,0.133333333333333,0.225,0.0416666666666666,0.358333333333333
"Q6DIY2","AcidophileMPNN",5,8.00112285614014,1.12313219222346,0.0062744815208014,2.30546478572006,0.100558659217877,0.145251396648045,0.273743016759777,0.104761904761905,0.20952380952381,0.0476190476190476,0.314285714285714
"Q6DIY2","AcidophileMPNN",6,6.19570026397705,-2.03911709513472,-0.0113917156152777,1.86550053602764,0.11731843575419,0.134078212290503,0.279329608938547,0.137254901960784,0.176470588235294,0.0196078431372549,0.313725490196078
"Q6DIY2","AcidophileMPNN",7,6.03626689910889,-3.78099969312964,-0.0211229033135734,2.60275482915636,0.128491620111732,0.150837988826816,0.307262569832402,0.163461538461538,0.211538461538462,-0.0192307692307692,0.375
"G0HQ35","AcidophileMPNN",0,8.4805097579956,2.23439553200222,0.0062413283016821,2.87181291267615,0.0977653631284916,0.125698324022346,0.254189944134078,0.130801687763713,0.185654008438818,0.0253164556962025,0.316455696202532
"G0HQ35","AcidophileMPNN",1,8.46671352386475,2.13242545400807,0.0059564956815867,2.58673561017785,0.0977653631284916,0.122905027932961,0.251396648044693,0.105095541401274,0.136942675159236,0.0095541401273885,0.24203821656051
"G0HQ35","AcidophileMPNN",2,6.61414890289307,-0.933991175877203,-0.0026089138990983,2.32544707651331,0.100558659217877,0.114525139664804,0.245810055865922,0.110738255033557,0.13758389261745,0.0067114093959731,0.248322147651007
"G0HQ35","AcidophileMPNN",3,5.9469160079956,-3.92407239073994,-0.0109610960635193,2.43728714855921,0.11731843575419,0.122905027932961,0.268156424581006,0.126666666666667,0.146666666666667,0,0.273333333333333
"G0HQ35","AcidophileMPNN",4,8.68313388824463,3.21127757236518,0.0089700490848189,2.87244117951314,0.0949720670391061,0.125698324022346,0.248603351955307,0.104575163398693,0.147058823529412,0.0163398692810457,0.251633986928105
"G0HQ35","AcidophileMPNN",5,9.15059413909912,4.15821075742224,0.0116151138475481,2.5549015422973,0.103351955307263,0.134078212290503,0.26536312849162,0.13302752293578,0.206422018348624,0.0504587155963302,0.339449541284404
"G0HQ35","AcidophileMPNN",6,8.68481006622315,3.51253727601237,0.009811556636906,2.84807138509892,0.0949720670391061,0.125698324022346,0.256983240223464,0.102990033222591,0.146179401993355,0.0199335548172757,0.249169435215947
"G0HQ35","AcidophileMPNN",7,8.82941265106201,2.23939176254998,0.0062552842529329,2.68681180490218,0.0810055865921787,0.108938547486034,0.209497206703911,0.09375,0.135416666666667,0.0138888888888888,0.229166666666667
"Q8DLT5","AcidophileMPNN",0,8.36014728546143,2.03488655256437,0.0045320413197424,2.39219420519332,0.066815144766147,0.0846325167037861,0.173719376391982,0.103202846975089,0.124555160142349,0.0071174377224199,0.227758007117438
"Q8DLT5","AcidophileMPNN",1,6.65660762786865,-0.890297629005687,-0.001982845498899,2.60666572688004,0.0601336302895322,0.0734966592427616,0.162583518930958,0.0850340136054421,0.105442176870748,-0.0034013605442176,0.19047619047619
"Q8DLT5","AcidophileMPNN",2,9.26644382476807,6.90615449675814,0.0153811904159424,2.13669178144074,0.0690423162583519,0.0957683741648106,0.191536748329621,0.0973154362416107,0.140939597315436,0.0268456375838926,0.238255033557047
"Q8DLT5","AcidophileMPNN",3,8.43067569732666,2.03392999518406,0.0045299109024143,2.32045338778111,0.0645879732739421,0.0824053452115813,0.171492204899777,0.0945945945945946,0.121621621621622,0.0101351351351351,0.216216216216216
"Q8DLT5","AcidophileMPNN",4,7.0628927230835,0.127425807319426,0.000283799125433,2.60002167728234,0.0690423162583519,0.0846325167037862,0.178173719376392,0.1,0.128571428571429,0.0071428571428571,0.228571428571429
"Q8DLT5","AcidophileMPNN",5,6.23702220916748,-2.05248227527023,-0.0045712300117377,2.17762094032216,0.0757238307349666,0.0824053452115813,0.184855233853007,0.110294117647059,0.128676470588235,0,0.238970588235294
"Q8DLT5","AcidophileMPNN",6,8.30953960418702,1.98096553350515,0.0044119499632631,2.38952484099416,0.066815144766147,0.0846325167037861,0.180400890868597,0.1,0.121428571428571,0.0071428571428571,0.221428571428571
"Q8DLT5","AcidophileMPNN",7,5.78225345611572,-4.04238474424742,-0.0090030840629118,2.10435014234679,0.0734966592427616,0.0757238307349666,0.171492204899777,0.104166666666667,0.114583333333333,-0.0069444444444444,0.21875
"O67786","AlkalineMPNN_020",0,4.09186191558838,-37.2242920477886,-0.166925076447482,1.59346448721542,0.255605381165919,0.0986547085201793,0.381165919282511,0.429752066115702,0.140495867768595,-0.289256198347107,0.570247933884298
"O67786","AlkalineMPNN_020",1,4.1651273727417,-36.3008138709324,-0.162783918703733,1.44357804611776,0.260089686098655,0.103139013452915,0.394618834080718,0.416666666666667,0.166666666666667,-0.258333333333333,0.583333333333333
"O67786","AlkalineMPNN_020",2,4.06372661590576,-38.2193447046293,-0.171387195984885,1.60729126156591,0.251121076233184,0.0896860986547085,0.37219730941704,0.439655172413793,0.146551724137931,-0.301724137931034,0.586206896551724
"O67786","AlkalineMPNN_020",3,4.31302242279053,-29.3198783050406,-0.131479274910496,1.40058599027841,0.251121076233184,0.125560538116592,0.408071748878924,0.342657342657343,0.167832167832168,-0.174825174825175,0.51048951048951
"O67786","AlkalineMPNN_020",4,4.12903461456299,-39.2091495195712,-0.175825782598974,1.70478006769968,0.26457399103139,0.0986547085201793,0.408071748878924,0.4375,0.1484375,-0.296875,0.5859375
"O67786","AlkalineMPNN_020",5,4.05002841949463,-44.2927472219467,-0.198622184851779,1.41524401385927,0.278026905829596,0.0852017937219731,0.394618834080718,0.419847328244275,0.122137404580153,-0.305343511450382,0.541984732824427
"O67786","AlkalineMPNN_020",6,4.14307384490967,-37.2167207836799,-0.166891124590493,1.64912227745756,0.260089686098655,0.103139013452915,0.394618834080717,0.473684210526316,0.166666666666667,-0.31578947368421,0.640350877192982
"O67786","AlkalineMPNN_020",7,4.11829204559326,-37.3051822740981,-0.167287812888332,1.43228303502988,0.260089686098655,0.0986547085201793,0.394618834080718,0.433070866141732,0.133858267716535,-0.307086614173228,0.566929133858268
"Q980U8","AlkalineMPNN_020",0,4.0923734664917,-68.9303229308276,-0.197508088627013,2.67936857645536,0.286532951289398,0.100286532951289,0.406876790830946,0.378600823045267,0.127572016460905,-0.259259259259259,0.506172839506173
"Q980U8","AlkalineMPNN_020",1,4.16012554168701,-61.0396719516719,-0.174898773500492,2.3725842310254,0.275071633237822,0.108882521489971,0.406876790830946,0.319587628865979,0.123711340206186,-0.206185567010309,0.443298969072165
"Q980U8","AlkalineMPNN_020",2,4.05002841949463,-75.0042820506743,-0.214911982953221,2.52277237507464,0.303724928366762,0.0974212034383954,0.415472779369628,0.364912280701754,0.112280701754386,-0.263157894736842,0.47719298245614
"Q980U8","AlkalineMPNN_020",3,4.05002841949463,-75.0979544039335,-0.215180385111557,2.27142084859173,0.300859598853868,0.0916905444126074,0.415472779369628,0.41991341991342,0.112554112554113,-0.316017316017316,0.532467532467532
"Q980U8","AlkalineMPNN_020",4,4.10811786651611,-71.0897024396904,-0.203695422463296,2.34010164195182,0.303724928366762,0.106017191977077,0.429799426934097,0.361702127659574,0.120567375886525,-0.24468085106383,0.482269503546099
"Q980U8","AlkalineMPNN_020",5,4.05002841949463,-78.092314459396,-0.223760213350705,2.29484687380835,0.306590257879656,0.0888252148997134,0.415472779369628,0.377777777777778,0.107407407407407,-0.277777777777778,0.485185185185185
"Q980U8","AlkalineMPNN_020",6,4.18593044281006,-61.1257671663708,-0.175145464660088,2.24013532136691,0.283667621776504,0.114613180515759,0.418338108882521,0.354014598540146,0.145985401459854,-0.215328467153285,0.5
"Q980U8","AlkalineMPNN_020",7,4.16944713592529,-63.1192866635019,-0.180857554909748,2.29015287680167,0.283667621776504,0.108882521489971,0.415472779369628,0.367816091954023,0.137931034482759,-0.237547892720306,0.505747126436782
"O58832","AlkalineMPNN_020",0,4.26112842559814,-52.0685631377848,-0.152247260636797,2.37369077358272,0.257309941520468,0.114035087719298,0.39766081871345,0.43646408839779,0.165745856353591,-0.287292817679558,0.602209944751381
"O58832","AlkalineMPNN_020",1,4.11857624053955,-59.0483020761903,-0.172655854023948,2.27254593983104,0.260233918128655,0.0964912280701754,0.383040935672515,0.487654320987654,0.154320987654321,-0.345679012345679,0.641975308641975
"O58832","AlkalineMPNN_020",2,4.16143283843994,-55.9791796250254,-0.16368181176908,2.53667774823736,0.248538011695906,0.0964912280701754,0.37719298245614,0.447513812154696,0.143646408839779,-0.320441988950276,0.591160220994475
"O58832","AlkalineMPNN_020",3,4.11545009613037,-58.0581873054973,-0.169760781595021,2.28269445244441,0.254385964912281,0.0935672514619883,0.383040935672515,0.469512195121951,0.152439024390244,-0.335365853658537,0.621951219512195
"O58832","AlkalineMPNN_020",4,4.05002841949463,-65.1263165165551,-0.190427826071799,2.04841918132977,0.271929824561403,0.087719298245614,0.385964912280702,0.461111111111111,0.122222222222222,-0.35,0.583333333333333
"O58832","AlkalineMPNN_020",5,4.12249813079834,-57.0708987575696,-0.16687397297535,2.31408473952714,0.251461988304093,0.0935672514619883,0.383040935672515,0.434065934065934,0.126373626373626,-0.324175824175824,0.56043956043956
"O58832","AlkalineMPNN_020",6,4.34127140045166,-42.0901561693846,-0.123070632074224,2.17699162876968,0.228070175438596,0.114035087719298,0.368421052631579,0.432926829268293,0.189024390243902,-0.26219512195122,0.621951219512195
"O58832","AlkalineMPNN_020",7,4.29307193756104,-46.0783077194625,-0.134731893916557,2.19555213892799,0.239766081871345,0.114035087719298,0.371345029239766,0.450617283950617,0.197530864197531,-0.271604938271605,0.648148148148148
"Q9Z9J6","AlkalineMPNN_020",0,4.06884212493897,-13.4533536396658,-0.216989574833319,0.654351319097281,0.306451612903226,0.0967741935483871,0.403225806451613,0.390243902439024,0.121951219512195,-0.268292682926829,0.51219512195122
"Q9Z9J6","AlkalineMPNN_020",1,4.18962497711182,-12.4566289439274,-0.200913370063345,0.686778342407258,0.306451612903226,0.112903225806452,0.435483870967742,0.439024390243902,0.146341463414634,-0.292682926829268,0.585365853658537
"Q9Z9J6","AlkalineMPNN_020",2,4.05002841949463,-20.4343423512969,-0.329586166956401,0.764489672050933,0.387096774193548,0.064516129032258,0.467741935483871,0.406779661016949,0.0677966101694915,-0.338983050847458,0.474576271186441
"Q9Z9J6","AlkalineMPNN_020",3,4.19127330780029,-13.4502709032201,-0.216939853277743,0.716859132640749,0.32258064516129,0.112903225806452,0.451612903225806,0.487179487179487,0.153846153846154,-0.333333333333333,0.641025641025641
"Q9Z9J6","AlkalineMPNN_020",4,4.05002841949463,-17.4399732751433,-0.281289891534569,0.737409651307312,0.354838709677419,0.0806451612903225,0.451612903225806,0.525,0.1,-0.425,0.625
"Q9Z9J6","AlkalineMPNN_020",5,4.59806995391846,-8.45682548485119,-0.136400411045987,0.715094095427585,0.32258064516129,0.193548387096774,0.516129032258065,0.425,0.275,-0.15,0.7
"Q9Z9J6","AlkalineMPNN_020",6,4.15051975250244,-15.4429602782403,-0.249080004487746,0.752061656453327,0.354838709677419,0.112903225806452,0.483870967741935,0.538461538461538,0.102564102564103,-0.435897435897436,0.641025641025641
"Q9Z9J6","AlkalineMPNN_020",7,4.42624568939209,-10.4543786672569,-0.168619010762208,0.726019387982404,0.306451612903226,0.145161290322581,0.467741935483871,0.45,0.175,-0.275,0.625
"P02819","AlkalineMPNN_020",0,11.3242101669312,4.60620486975023,0.0940041810153109,0.761195719286409,0.163265306122449,0.285714285714286,0.469387755102041,0.216216216216216,0.351351351351351,0.135135135135135,0.567567567567568
"P02819","AlkalineMPNN_020",1,10.3010969161987,18.4885547313742,0.377317443497433,0.616470004114262,0.122448979591837,0.510204081632653,0.673469387755102,0.15,0.625,0.475,0.775
"P02819","AlkalineMPNN_020",2,11.9999677658081,12.5970227843962,0.257082097640739,0.707824907558518,0.102040816326531,0.387755102040816,0.510204081632653,0.104166666666667,0.395833333333333,0.270833333333333,0.5
"P02819","AlkalineMPNN_020",3,11.9999677658081,19.5063991947749,0.398089779485202,0.452510595788969,0.102040816326531,0.510204081632653,0.63265306122449,0.106382978723404,0.531914893617021,0.425531914893617,0.638297872340426
"P02819","AlkalineMPNN_020",4,10.2798223495483,17.469928293299,0.356529148842836,0.673262830957025,0.102040816326531,0.469387755102041,0.63265306122449,0.113636363636364,0.522727272727273,0.409090909090909,0.636363636363636
"P02819","AlkalineMPNN_020",5,11.9999677658081,12.510549296076,0.25531733257298,0.481234160033827,0.102040816326531,0.36734693877551,0.489795918367347,0.108695652173913,0.391304347826087,0.282608695652174,0.5
"P02819","AlkalineMPNN_020",6,9.99525890350342,7.59710731893544,0.155043006508886,0.833170517738779,0.183673469387755,0.36734693877551,0.571428571428572,0.225,0.425,0.2,0.65
"P02819","AlkalineMPNN_020",7,10.4559499740601,20.485744269401,0.418076413661245,0.602905246241951,0.102040816326531,0.530612244897959,0.653061224489796,0.102040816326531,0.530612244897959,0.428571428571428,0.63265306122449
"Q4R312","AlkalineMPNN_020",0,4.05002841949463,-33.4500313563278,-0.407927211662534,1.12810542708576,0.463414634146341,0.0609756097560975,0.646341463414634,0.55,0.0833333333333333,-0.466666666666667,0.633333333333333
"Q4R312","AlkalineMPNN_020",1,4.19434261322021,-18.3943888517078,-0.224321815264729,1.25415586746289,0.329268292682927,0.121951219512195,0.573170731707317,0.403225806451613,0.161290322580645,-0.258064516129032,0.564516129032258
"Q4R312","AlkalineMPNN_020",2,4.05002841949463,-26.4644019670585,-0.322736609354372,1.07820514089115,0.402439024390244,0.0853658536585365,0.621951219512195,0.483870967741935,0.112903225806452,-0.370967741935484,0.596774193548387
"Q4R312","AlkalineMPNN_020",3,4.28875217437744,-13.4999184096799,-0.164633151337559,0.955986284855246,0.292682926829268,0.134146341463415,0.560975609756098,0.383333333333333,0.166666666666667,-0.216666666666667,0.55
"Q4R312","AlkalineMPNN_020",4,4.05002841949463,-37.3612515650449,-0.455625019085914,1.32702116634647,0.463414634146341,0.024390243902439,0.609756097560976,0.596491228070175,0.0350877192982456,-0.578947368421053,0.631578947368421
"Q4R312","AlkalineMPNN_020",5,4.05002841949463,-29.3760422367811,-0.358244417521721,1.28455314346347,0.390243902439024,0.048780487804878,0.573170731707317,0.492063492063492,0.0634920634920634,-0.444444444444444,0.555555555555556
"Q4R312","AlkalineMPNN_020",6,4.16990184783936,-19.3958350328595,-0.236534573571457,1.26686735910167,0.353658536585366,0.134146341463415,0.621951219512195,0.45,0.183333333333333,-0.283333333333333,0.633333333333333
"Q4R312","AlkalineMPNN_020",7,4.05002841949463,-23.474953114917,-0.286279916035573,1.03691961751887,0.353658536585366,0.073170731707317,0.585365853658537,0.466666666666667,0.1,-0.366666666666667,0.566666666666667
"Q54FJ9","AlkalineMPNN_020",0,4.05002841949463,-58.2652000469539,-0.190409150480241,1.62637609456763,0.261437908496732,0.0751633986928104,0.375816993464052,0.409356725146199,0.12280701754386,-0.292397660818713,0.532163742690059
"Q54FJ9","AlkalineMPNN_020",1,4.10635585784912,-46.3594271016121,-0.151501395756902,1.37188383326879,0.241830065359477,0.0915032679738562,0.366013071895425,0.462121212121212,0.151515151515151,-0.310606060606061,0.613636363636364
"Q54FJ9","AlkalineMPNN_020",2,4.05002841949463,-51.1740379534731,-0.167235418148605,1.80774656887139,0.245098039215686,0.0849673202614379,0.366013071895425,0.38953488372093,0.13953488372093,-0.261627906976744,0.52906976744186
"Q54FJ9","AlkalineMPNN_020",3,4.41118335723877,-34.117081273886,-0.111493729653222,2.07484587081234,0.218954248366013,0.117647058823529,0.366013071895425,0.407142857142857,0.192857142857143,-0.221428571428571,0.6
"Q54FJ9","AlkalineMPNN_020",4,4.35616321563721,-32.3032504382816,-0.105566177902881,1.53902555477922,0.209150326797386,0.107843137254902,0.352941176470588,0.376811594202899,0.210144927536232,-0.173913043478261,0.58695652173913
"Q54FJ9","AlkalineMPNN_020",5,4.25055637359619,-37.3759074743817,-0.122143488478371,1.32134280231784,0.222222222222222,0.101307189542484,0.356209150326797,0.3248730964467,0.152284263959391,-0.17258883248731,0.477157360406091
"Q54FJ9","AlkalineMPNN_020",6,4.11113033294678,-44.3704154297233,-0.145001357613475,1.33835980648527,0.235294117647059,0.0915032679738562,0.362745098039216,0.38728323699422,0.144508670520231,-0.242774566473988,0.531791907514451
"Q54FJ9","AlkalineMPNN_020",7,4.05002841949463,-58.0810810817313,-0.189807454515462,2.08458511510603,0.254901960784314,0.0751633986928104,0.369281045751634,0.407185628742515,0.131736526946108,-0.293413173652695,0.538922155688623
"Q54JL0","AlkalineMPNN_020",0,4.44704875946045,-73.7224797450971,-0.116465212867452,4.0720572717763,0.249605055292259,0.14218009478673,0.447077409162717,0.313432835820895,0.183368869936034,-0.136460554371002,0.49680170575693
"Q54JL0","AlkalineMPNN_020",1,4.19093227386475,-103.673759186534,-0.16378161008931,4.16127737050797,0.268562401263823,0.113744075829384,0.440758293838863,0.319526627218935,0.140039447731755,-0.191321499013807,0.45956607495069
"Q54JL0","AlkalineMPNN_020",2,4.15984134674072,-108.829116274474,-0.171925934082897,3.7924851921823,0.276461295418641,0.110584518167456,0.447077409162717,0.341614906832298,0.13871635610766,-0.211180124223602,0.480331262939958
"Q54JL0","AlkalineMPNN_020",3,4.06861476898193,-128.450957057371,-0.202924102776258,4.82531827393272,0.298578199052133,0.107424960505529,0.46129541864139,0.415094339622641,0.134433962264151,-0.290094339622641,0.549528301886792
"Q54JL0","AlkalineMPNN_020",4,4.09890995025635,-113.920525860944,-0.179969235167368,3.5237111343387,0.281200631911532,0.105845181674565,0.445497630331753,0.36644591611479,0.130242825607064,-0.242825607064018,0.496688741721854
"Q54JL0","AlkalineMPNN_020",5,4.36889514923096,-86.6118176418407,-0.136827516021865,4.45350163821213,0.265402843601896,0.139020537124803,0.458135860979463,0.351288056206089,0.189695550351288,-0.17096018735363,0.540983606557377
"Q54JL0","AlkalineMPNN_020",6,4.23270893096924,-94.8545185031456,-0.149849160352521,3.55521024805252,0.262243285939968,0.118483412322275,0.429699842022117,0.334085778781038,0.151241534988713,-0.191873589164786,0.485327313769752
"Q54JL0","AlkalineMPNN_020",7,4.05002841949463,-124.816562998955,-0.197182563979392,3.79589291776434,0.290679304897314,0.0995260663507109,0.448657187993681,0.385150812064965,0.132250580046404,-0.262180974477958,0.517401392111369
"Q69NP0","AlkalineMPNN_020",0,9.59271831512451,9.51183252277871,0.102277769062137,0.776990099307676,0.172043010752688,0.279569892473118,0.516129032258065,0.233333333333333,0.433333333333333,0.2,0.666666666666667
"Q69NP0","AlkalineMPNN_020",1,4.88289012908936,-6.38258901230426,-0.0686299893796157,1.00852336635239,0.236559139784946,0.182795698924731,0.483870967741935,0.345454545454545,0.290909090909091,-0.0545454545454545,0.636363636363636
"Q69NP0","AlkalineMPNN_020",2,4.27056369781494,-14.3708339580666,-0.154525096323297,0.98800585741174,0.258064516129032,0.118279569892473,0.419354838709677,0.407407407407407,0.203703703703704,-0.222222222222222,0.611111111111111
"Q69NP0","AlkalineMPNN_020",3,5.31992511749268,-2.47799748332335,-0.0266451342292832,0.759121065429621,0.236559139784946,0.21505376344086,0.505376344086022,0.32258064516129,0.32258064516129,0,0.645161290322581
"Q69NP0","AlkalineMPNN_020",4,4.29869899749756,-13.4608833893773,-0.144740681606208,0.77358484677147,0.268817204301075,0.129032258064516,0.462365591397849,0.442307692307692,0.211538461538462,-0.230769230769231,0.653846153846154
"Q69NP0","AlkalineMPNN_020",5,4.54373188018799,-12.3668470014048,-0.132976849477471,1.08442016378189,0.290322580645161,0.172043010752688,0.53763440860215,0.436363636363636,0.254545454545455,-0.2,0.690909090909091
"Q69NP0","AlkalineMPNN_020",6,5.69756336212158,-1.47394574557865,-0.0158488789847166,0.816876863927087,0.247311827956989,0.236559139784946,0.559139784946237,0.327586206896552,0.344827586206897,0.0172413793103448,0.672413793103448
"Q69NP0","AlkalineMPNN_020",7,4.92091541290283,-5.46895074058364,-0.0588059219417595,0.792374363682057,0.247311827956989,0.193548387096774,0.505376344086022,0.392857142857143,0.303571428571428,-0.0892857142857142,0.696428571428571
"P0A7R6","AlkalineMPNN_020",0,4.1022066116333,-25.4102985166437,-0.246701927346055,0.958397758842757,0.349514563106796,0.106796116504854,0.475728155339806,0.466666666666667,0.146666666666667,-0.32,0.613333333333333
"P0A7R6","AlkalineMPNN_020",1,4.08356342315674,-27.4062355338898,-0.266079956639707,0.987797021371797,0.378640776699029,0.116504854368932,0.504854368932039,0.514705882352941,0.147058823529412,-0.367647058823529,0.661764705882353
"P0A7R6","AlkalineMPNN_020",2,4.21452045440674,-22.4167866817483,-0.217638705648042,0.946511497999502,0.339805825242718,0.12621359223301,0.475728155339806,0.478260869565217,0.188405797101449,-0.289855072463768,0.666666666666667
"P0A7R6","AlkalineMPNN_020",3,4.33348445892334,-20.4186629238054,-0.198239445862189,0.96670474795088,0.349514563106796,0.155339805825243,0.514563106796116,0.470588235294118,0.191176470588235,-0.279411764705882,0.661764705882353
"P0A7R6","AlkalineMPNN_020",4,4.21639614105225,-22.4192234994426,-0.217662364072258,0.935536710443687,0.349514563106796,0.135922330097087,0.495145631067961,0.492753623188406,0.202898550724638,-0.289855072463768,0.695652173913043
"P0A7R6","AlkalineMPNN_020",5,4.05002841949463,-36.3911194419418,-0.353311839242153,1.01206180281165,0.407766990291262,0.058252427184466,0.485436893203884,0.569444444444444,0.0833333333333333,-0.486111111111111,0.652777777777778
"P0A7R6","AlkalineMPNN_020",6,4.0647497177124,-29.39892490891,-0.285426455426311,1.02299954518437,0.398058252427184,0.116504854368932,0.524271844660194,0.565217391304348,0.173913043478261,-0.391304347826087,0.739130434782609
"P0A7R6","AlkalineMPNN_020",7,4.14756412506104,-24.4144350352714,-0.237033349857003,0.939399458219983,0.359223300970874,0.12621359223301,0.504854368932039,0.452054794520548,0.178082191780822,-0.273972602739726,0.63013698630137
"P60724","AlkalineMPNN_020",0,4.10590114593506,-43.3515142506102,-0.21567917537617,1.29304233722541,0.328358208955224,0.114427860696517,0.462686567164179,0.403846153846154,0.134615384615385,-0.269230769230769,0.538461538461538
"P60724","AlkalineMPNN_020",1,4.37281703948975,-30.3776386704693,-0.151132530698852,1.23535251900405,0.303482587064677,0.154228855721393,0.477611940298507,0.348837209302326,0.180232558139535,-0.168604651162791,0.52906976744186
"P60724","AlkalineMPNN_020",2,4.19798030853271,-37.3664238017344,-0.185902605978778,1.24041230776423,0.308457711442786,0.124378109452736,0.442786069651741,0.430769230769231,0.153846153846154,-0.276923076923077,0.584615384615385
"P60724","AlkalineMPNN_020",3,4.39572315216065,-29.3822953747997,-0.146180574003979,1.24183252608012,0.303482587064677,0.159203980099502,0.477611940298508,0.365853658536585,0.195121951219512,-0.170731707317073,0.560975609756098
"P60724","AlkalineMPNN_020",4,4.27067737579346,-34.38001385332,-0.171044845041393,1.25261804568483,0.313432835820895,0.144278606965174,0.467661691542288,0.375,0.18125,-0.19375,0.55625
"P60724","AlkalineMPNN_020",5,4.49644184112549,-26.3027377748253,-0.130859391914554,1.50210057066466,0.288557213930348,0.164179104477612,0.472636815920398,0.406015037593985,0.218045112781955,-0.195488721804511,0.62406015037594
"P60724","AlkalineMPNN_020",6,4.05002841949463,-52.2571630983468,-0.259985886061427,1.59600864796814,0.358208955223881,0.104477611940299,0.477611940298507,0.454545454545454,0.116883116883117,-0.344155844155844,0.571428571428571
"P60724","AlkalineMPNN_020",7,4.52395191192627,-24.3090593987061,-0.120940594023413,1.46204704180408,0.278606965174129,0.164179104477612,0.462686567164179,0.37984496124031,0.224806201550388,-0.162790697674419,0.604651162790698
"Q07938","AlkalineMPNN_020",0,4.15307750701904,-41.3011742125165,-0.122555413093521,1.54986928143783,0.204747774480712,0.086053412462908,0.329376854599407,0.270833333333333,0.116666666666667,-0.158333333333333,0.3875
"Q07938","AlkalineMPNN_020",1,4.38463954925537,-36.0427334316327,-0.106951731251135,2.32187256138148,0.210682492581602,0.115727002967359,0.370919881305638,0.242214532871972,0.1280276816609,-0.124567474048443,0.370242214532872
"Q07938","AlkalineMPNN_020",2,4.30415554046631,-41.0290464015891,-0.121747912170888,2.35851960118295,0.216617210682493,0.106824925816024,0.367952522255193,0.240549828178694,0.123711340206186,-0.130584192439862,0.36426116838488
"Q07938","AlkalineMPNN_020",3,4.22247791290283,-40.2122085630877,-0.119324061018064,1.80794829000179,0.207715133531157,0.0949554896142433,0.344213649851632,0.253676470588235,0.113970588235294,-0.147058823529412,0.367647058823529
"Q07938","AlkalineMPNN_020",4,4.20423259735107,-43.1171448098598,-0.12794404988089,2.08519733771761,0.210682492581602,0.0919881305637982,0.347181008902077,0.253731343283582,0.10820895522388,-0.156716417910448,0.361940298507463
"Q07938","AlkalineMPNN_020",5,4.23668766021728,-39.2136299627564,-0.11636091977079,1.78219925377188,0.207715133531157,0.0979228486646884,0.350148367952522,0.253623188405797,0.115942028985507,-0.144927536231884,0.369565217391304
"Q07938","AlkalineMPNN_020",6,4.23134479522705,-43.1964665521883,-0.128179425970885,1.88384508743131,0.222551928783383,0.100890207715134,0.359050445103858,0.29957805907173,0.130801687763713,-0.172995780590717,0.430379746835443
"Q07938","AlkalineMPNN_020",7,4.33956623077393,-39.0239448547704,-0.115798055948873,2.30614680292658,0.213649851632047,0.109792284866469,0.364985163204748,0.273076923076923,0.134615384615385,-0.15,0.407692307692308
"B1X495","AlkalineMPNN_020",0,10.1721601486206,12.5005697225201,0.121364754587574,0.60686324625526,0.087378640776699,0.213592233009709,0.310679611650485,0.103448275862069,0.252873563218391,0.149425287356322,0.35632183908046
"B1X495","AlkalineMPNN_020",1,10.3570554733276,16.4852301104904,0.160050777771752,0.561714975106669,0.0388349514563106,0.203883495145631,0.271844660194175,0.0493827160493827,0.259259259259259,0.209876543209877,0.308641975308642
"B1X495","AlkalineMPNN_020",2,10.6493551254272,23.4830255676686,0.227990539491928,0.599881223226003,0.0485436893203883,0.281553398058252,0.349514563106796,0.0602409638554216,0.349397590361446,0.289156626506024,0.409638554216867
"B1X495","AlkalineMPNN_020",3,10.5776662826538,5.50327388901329,0.0534298435826532,0.484195194083942,0.0485436893203883,0.106796116504854,0.174757281553398,0.050632911392405,0.139240506329114,0.0886075949367088,0.189873417721519
"B1X495","AlkalineMPNN_020",4,10.591978263855,16.4865274125541,0.160063372937418,0.538989961892703,0.0388349514563106,0.203883495145631,0.252427184466019,0.054054054054054,0.283783783783784,0.22972972972973,0.337837837837838
"B1X495","AlkalineMPNN_020",5,7.94400386810303,0.510813252291815,0.0049593519639982,0.578593250470937,0.106796116504854,0.116504854368932,0.242718446601942,0.131578947368421,0.157894736842105,0.0263157894736842,0.289473684210526
"B1X495","AlkalineMPNN_020",6,10.3787813186646,24.4871726484276,0.237739540275996,0.67795251520292,0.0776699029126213,0.320388349514563,0.41747572815534,0.0833333333333333,0.392857142857143,0.30952380952381,0.476190476190476
"B1X495","AlkalineMPNN_020",7,10.092283821106,5.50032688551629,0.0534012318982164,0.498649219225956,0.0485436893203883,0.106796116504854,0.155339805825243,0.0632911392405063,0.139240506329114,0.0759493670886076,0.20253164556962
"A9CIG1","AlkalineMPNN_020",0,4.20610828399658,-23.3651203251965,-0.231337825001945,1.32819839387708,0.346534653465347,0.128712871287129,0.514851485148515,0.406976744186047,0.13953488372093,-0.27906976744186,0.546511627906977
"A9CIG1","AlkalineMPNN_020",1,4.05002841949463,-30.4413886479014,-0.301399887602984,1.10207291481467,0.376237623762376,0.0792079207920792,0.495049504950495,0.45679012345679,0.0864197530864197,-0.37037037037037,0.54320987654321
"A9CIG1","AlkalineMPNN_020",2,4.05002841949463,-33.441360283645,-0.331102577065792,1.07338714556906,0.366336633663366,0.0396039603960396,0.445544554455445,0.413793103448276,0.0229885057471264,-0.390804597701149,0.436781609195402
"A9CIG1","AlkalineMPNN_020",3,5.08165607452392,-5.45817237652398,-0.0540413106586532,0.927102475418103,0.267326732673267,0.217821782178218,0.514851485148515,0.297619047619048,0.238095238095238,-0.0595238095238095,0.535714285714286
"A9CIG1","AlkalineMPNN_020",4,4.15898876190186,-24.441449303536,-0.241994547559763,1.07743710110407,0.366336633663366,0.128712871287129,0.534653465346535,0.44047619047619,0.142857142857143,-0.297619047619048,0.583333333333333
"A9CIG1","AlkalineMPNN_020",5,4.05002841949463,-27.4595339206649,-0.27187657347193,1.1371899144886,0.376237623762376,0.108910891089109,0.544554455445545,0.444444444444444,0.123456790123457,-0.320987654320988,0.567901234567901
"A9CIG1","AlkalineMPNN_020",6,4.81655902862549,-8.48363745838693,-0.0839964104790785,1.03461282555134,0.277227722772277,0.198019801980198,0.524752475247525,0.317647058823529,0.223529411764706,-0.0941176470588235,0.541176470588235
"A9CIG1","AlkalineMPNN_020",7,4.17041339874268,-24.4496605926017,-0.242075847451502,1.13046515412707,0.366336633663366,0.128712871287129,0.544554455445544,0.435294117647059,0.129411764705882,-0.305882352941176,0.564705882352941
"Q6L047","AlkalineMPNN_020",0,4.25680866241455,-45.373288342202,-0.126387989811148,1.64608923367686,0.231197771587744,0.105849582172702,0.384401114206128,0.301204819277108,0.144578313253012,-0.156626506024096,0.44578313253012
"Q6L047","AlkalineMPNN_020",1,4.19644565582275,-51.1794130269604,-0.142561039072313,2.08403723002471,0.236768802228412,0.100278551532033,0.37883008356546,0.251572327044025,0.113207547169811,-0.144654088050314,0.364779874213837
"Q6L047","AlkalineMPNN_020",2,4.3375768661499,-45.1093830387063,-0.125652877545143,2.42376183137422,0.228412256267409,0.11142061281337,0.389972144846797,0.243323442136499,0.118694362017804,-0.13353115727003,0.362017804154303
"Q6L047","AlkalineMPNN_020",3,4.20389156341553,-47.3694340979469,-0.131948284395395,1.61619397362947,0.228412256267409,0.0974930362116991,0.373259052924791,0.26530612244898,0.115646258503401,-0.149659863945578,0.380952380952381
"Q6L047","AlkalineMPNN_020",4,4.30449657440186,-42.2788099656507,-0.117768272884821,1.79843920519265,0.217270194986072,0.103064066852368,0.35933147632312,0.25886524822695,0.117021276595745,-0.141843971631206,0.375886524822695
"Q6L047","AlkalineMPNN_020",5,4.14341487884521,-52.2518120008528,-0.145548222843601,1.76827717485662,0.233983286908078,0.0919220055710306,0.353760445682451,0.271739130434783,0.105072463768116,-0.170289855072464,0.376811594202899
"Q6L047","AlkalineMPNN_020",6,4.16961765289307,-54.0074427138547,-0.150438559091517,2.58010203471161,0.233983286908078,0.0947075208913649,0.376044568245125,0.280276816608997,0.117647058823529,-0.176470588235294,0.397923875432526
"Q6L047","AlkalineMPNN_020",7,4.30222301483154,-46.185506455431,-0.128650435809,2.14103079005389,0.231197771587744,0.108635097493036,0.37883008356546,0.295454545454545,0.136363636363636,-0.162878787878788,0.431818181818182
"A9A498","AlkalineMPNN_020",0,4.12005405426025,-41.3698874417955,-0.144145949274549,1.22517223318769,0.236933797909408,0.0940766550522648,0.348432055749129,0.425,0.183333333333333,-0.241666666666667,0.608333333333333
"A9A498","AlkalineMPNN_020",1,4.05002841949463,-53.3600980981777,-0.185923686753232,1.26777730730125,0.250871080139373,0.0662020905923344,0.337979094076655,0.453846153846154,0.115384615384615,-0.338461538461538,0.569230769230769
"A9A498","AlkalineMPNN_020",2,4.05002841949463,-42.3800996327548,-0.147665852378937,1.19079700036304,0.226480836236934,0.0801393728222996,0.327526132404181,0.461538461538462,0.153846153846154,-0.307692307692308,0.615384615384615
"A9A498","AlkalineMPNN_020",3,4.05002841949463,-48.2851470966792,-0.16824093065045,1.41975274690914,0.240418118466899,0.0766550522648083,0.331010452961672,0.508771929824561,0.149122807017544,-0.359649122807017,0.657894736842105
"A9A498","AlkalineMPNN_020",4,4.05002841949463,-53.2595194201522,-0.185573238397743,1.52695708856663,0.250871080139373,0.0696864111498257,0.337979094076655,0.529411764705882,0.109243697478992,-0.420168067226891,0.638655462184874
"A9A498","AlkalineMPNN_020",5,4.05002841949463,-41.3717194648011,-0.144152332629969,1.14768347891322,0.219512195121951,0.0766550522648083,0.310104529616725,0.403225806451613,0.145161290322581,-0.258064516129032,0.548387096774194
"A9A498","AlkalineMPNN_020",6,4.05002841949463,-47.3732038505634,-0.165063428050744,1.27174383035289,0.236933797909408,0.073170731707317,0.327526132404181,0.459016393442623,0.139344262295082,-0.319672131147541,0.598360655737705
"A9A498","AlkalineMPNN_020",7,4.05002841949463,-49.3582160952286,-0.171979847021702,1.21282702000919,0.240418118466899,0.0696864111498258,0.32404181184669,0.428571428571428,0.12781954887218,-0.300751879699248,0.556390977443609
"A0A1D8PCG7","AlkalineMPNN_020",0,4.83076877593994,-5.47212523727018,-0.0628979912329905,0.719325815282226,0.241379310344828,0.183908045977011,0.448275862068966,0.296875,0.234375,-0.0625,0.53125
"A0A1D8PCG7","AlkalineMPNN_020",1,4.05002841949463,-24.4360286095461,-0.280873892063748,0.815769393613298,0.35632183908046,0.0804597701149425,0.471264367816092,0.424657534246575,0.0821917808219178,-0.342465753424658,0.506849315068493
"A0A1D8PCG7","AlkalineMPNN_020",2,4.05002841949463,-33.4169448778585,-0.384102814688028,0.84911794410274,0.402298850574713,0.0229885057471264,0.459770114942529,0.448717948717949,0.0256410256410256,-0.423076923076923,0.474358974358974
"A0A1D8PCG7","AlkalineMPNN_020",3,4.05002841949463,-31.3317586917019,-0.360135157375884,1.0983842098404,0.402298850574713,0.057471264367816,0.482758620689655,0.409638554216867,0.0602409638554216,-0.36144578313253,0.469879518072289
"A0A1D8PCG7","AlkalineMPNN_020",4,4.05002841949463,-28.4272889226618,-0.326750447386917,0.838589659064269,0.390804597701149,0.0689655172413793,0.482758620689655,0.445945945945946,0.081081081081081,-0.364864864864865,0.527027027027027
"A0A1D8PCG7","AlkalineMPNN_020",5,4.09049777984619,-17.4467015173454,-0.200536799049947,0.764091620387646,0.298850574712644,0.103448275862069,0.413793103448276,0.407407407407407,0.148148148148148,-0.259259259259259,0.555555555555556
"A0A1D8PCG7","AlkalineMPNN_020",6,4.05002841949463,-35.3255411656262,-0.406040703053175,1.0898646992551,0.425287356321839,0.0344827586206896,0.482758620689655,0.56140350877193,0.0526315789473684,-0.526315789473684,0.614035087719298
"A0A1D8PCG7","AlkalineMPNN_020",7,4.35252552032471,-12.3717681779826,-0.142204231930835,0.954247849588051,0.252873563218391,0.126436781609195,0.390804597701149,0.28,0.146666666666667,-0.146666666666667,0.426666666666667
"O28542","AlkalineMPNN_020",0,4.05002841949463,-59.0611388443335,-0.173709231895098,2.17140690739814,0.244117647058823,0.0794117647058823,0.347058823529412,0.370558375634518,0.126903553299492,-0.253807106598985,0.49746192893401
"O28542","AlkalineMPNN_020",1,4.22367153167725,-44.0949768309307,-0.129691108326267,2.08561759539863,0.211764705882353,0.0911764705882353,0.338235294117647,0.290748898678414,0.118942731277533,-0.185022026431718,0.409691629955947
"O28542","AlkalineMPNN_020",2,4.32433338165283,-38.2080724614377,-0.112376683710111,1.8824645764537,0.214705882352941,0.108823529411765,0.364705882352941,0.321608040201005,0.165829145728643,-0.155778894472362,0.487437185929648
"O28542","AlkalineMPNN_020",3,4.08134670257568,-52.2454000058311,-0.153662941193621,1.62623104627601,0.235294117647059,0.0852941176470588,0.355882352941176,0.375661375661376,0.142857142857143,-0.232804232804233,0.518518518518518
"O28542","AlkalineMPNN_020",4,4.0793004989624,-50.1857027233678,-0.147605008009905,1.8928811239801,0.220588235294118,0.0794117647058823,0.341176470588235,0.339622641509434,0.122641509433962,-0.226415094339623,0.462264150943396
"O28542","AlkalineMPNN_020",5,4.05002841949463,-56.1519659542365,-0.165152841041872,1.89511011591788,0.238235294117647,0.0794117647058823,0.341176470588235,0.337899543378995,0.118721461187215,-0.223744292237443,0.45662100456621
"O28542","AlkalineMPNN_020",6,4.05207462310791,-57.9013470766903,-0.170298079637324,2.59095084418885,0.244117647058823,0.088235294117647,0.367647058823529,0.405128205128205,0.128205128205128,-0.287179487179487,0.533333333333333
"O28542","AlkalineMPNN_020",7,4.05002841949463,-51.1765024332032,-0.150519124803539,1.83500206590907,0.220588235294118,0.0764705882352941,0.338235294117647,0.334975369458128,0.123152709359606,-0.221674876847291,0.458128078817734
"Q8TY15","AlkalineMPNN_020",0,4.05002841949463,-59.076634997687,-0.163647188359244,2.15437640926589,0.218836565096953,0.0637119113573407,0.318559556786704,0.28158844765343,0.0794223826714801,-0.212996389891697,0.36101083032491
"Q8TY15","AlkalineMPNN_020",1,4.25874118804932,-42.093811288708,-0.116603355370382,2.05254982733229,0.196675900277008,0.0886426592797784,0.310249307479224,0.248175182481752,0.10948905109489,-0.145985401459854,0.357664233576642
"Q8TY15","AlkalineMPNN_020",2,4.05002841949463,-56.9874380259515,-0.157859939130059,2.34562964193984,0.213296398891967,0.0664819944598337,0.310249307479224,0.282868525896414,0.0796812749003984,-0.215139442231076,0.362549800796813
"Q8TY15","AlkalineMPNN_020",3,4.05002841949463,-56.0768785175687,-0.155337613622074,2.13359190955916,0.213296398891967,0.0664819944598337,0.307479224376731,0.309734513274336,0.0929203539823008,-0.225663716814159,0.402654867256637
"Q8TY15","AlkalineMPNN_020",4,4.05002841949463,-54.8308230856674,-0.151885936525394,2.83135270781983,0.202216066481994,0.0664819944598338,0.299168975069252,0.240924092409241,0.0792079207920792,-0.181518151815181,0.32013201320132
"Q8TY15","AlkalineMPNN_020",5,4.09760265350342,-53.9888918693389,-0.149553717089581,2.39647242817014,0.21606648199446,0.077562326869806,0.318559556786704,0.256055363321799,0.0968858131487889,-0.173010380622837,0.352941176470588
"Q8TY15","AlkalineMPNN_020",6,4.05002841949463,-57.9821425222169,-0.160615353247138,2.39096239912759,0.227146814404432,0.077562326869806,0.329639889196676,0.291512915129151,0.092250922509225,-0.206642066420664,0.383763837638376
"Q8TY15","AlkalineMPNN_020",7,4.05474605560303,-55.076644997587,-0.152566883649825,2.15442590426688,0.218836565096953,0.074792243767313,0.321329639889197,0.281853281853282,0.104247104247104,-0.189189189189189,0.386100386100386
"B1YC30","AlkalineMPNN_020",0,4.05002841949463,-82.1785446702732,-0.313658567443791,2.2445935028323,0.347328244274809,0.0419847328244274,0.431297709923664,0.406392694063927,0.0502283105022831,-0.365296803652968,0.45662100456621
"B1YC30","AlkalineMPNN_020",1,4.05002841949463,-70.3930668959548,-0.268675827847156,1.64028061724326,0.320610687022901,0.0534351145038168,0.419847328244275,0.445086705202312,0.0751445086705202,-0.369942196531792,0.520231213872832
"B1YC30","AlkalineMPNN_020",2,4.05002841949463,-68.3456803489433,-0.260861375377646,1.4493914417772,0.312977099236641,0.0534351145038167,0.393129770992366,0.350877192982456,0.0614035087719298,-0.289473684210526,0.412280701754386
"B1YC30","AlkalineMPNN_020",3,4.05002841949463,-89.3156300571722,-0.340899351363253,1.74993069678748,0.374045801526718,0.0343511450381679,0.438931297709924,0.413793103448276,0.0387931034482758,-0.375,0.452586206896552
"B1YC30","AlkalineMPNN_020",4,4.05002841949463,-72.2575740055451,-0.275792267196737,1.82998034623724,0.320610687022901,0.049618320610687,0.400763358778626,0.371681415929204,0.0530973451327433,-0.323008849557522,0.424778761061947
"B1YC30","AlkalineMPNN_020",5,4.05002841949463,-79.289385082881,-0.302631240774355,2.12493358715014,0.351145038167939,0.0534351145038168,0.454198473282443,0.45049504950495,0.0693069306930693,-0.386138613861386,0.51980198019802
"B1YC30","AlkalineMPNN_020",6,4.11016407012939,-48.4118094732819,-0.184777898752984,1.66628460400817,0.297709923664122,0.114503816793893,0.454198473282443,0.422222222222222,0.161111111111111,-0.261111111111111,0.583333333333333
"B1YC30","AlkalineMPNN_020",7,4.05002841949463,-64.3034604060023,-0.245433054984742,1.86200263792195,0.301526717557252,0.0610687022900763,0.404580152671756,0.393939393939394,0.0757575757575757,-0.323232323232323,0.46969696969697
"P80505","AlkalineMPNN_020",0,4.13096714019775,-52.0216168970077,-0.154366815718124,2.43910165546474,0.240356083086053,0.0979228486646884,0.382789317507418,0.328767123287671,0.132420091324201,-0.214611872146119,0.461187214611872
"P80505","AlkalineMPNN_020",1,4.26539134979248,-47.8349807122052,-0.141943562944229,2.88439839435182,0.237388724035608,0.112759643916914,0.394658753709199,0.324444444444444,0.128888888888889,-0.217777777777778,0.453333333333333
"P80505","AlkalineMPNN_020",2,4.43624935150147,-36.9383733889912,-0.109609416584544,2.58649082822234,0.222551928783383,0.127596439169139,0.382789317507418,0.303418803418803,0.170940170940171,-0.14957264957265,0.474358974358974
"P80505","AlkalineMPNN_020",3,4.24026851654053,-44.0226630365103,-0.130631047586084,2.31228830723241,0.225519287833828,0.106824925816024,0.373887240356083,0.336448598130841,0.14018691588785,-0.210280373831776,0.476635514018691
"P80505","AlkalineMPNN_020",4,4.28420505523682,-44.9291936413015,-0.133321049380717,2.60177984035972,0.234421364985163,0.115727002967359,0.382789317507418,0.322727272727273,0.163636363636364,-0.181818181818182,0.486363636363636
"P80505","AlkalineMPNN_020",5,4.2539098739624,-47.0009846813526,-0.139468797274043,2.39716087396441,0.237388724035608,0.109792284866469,0.382789317507418,0.32051282051282,0.145299145299145,-0.183760683760684,0.465811965811966
"P80505","AlkalineMPNN_020",6,4.1905912399292,-50.0022630761713,-0.148374667881814,2.35339805661842,0.246290801186944,0.109792284866469,0.385756676557863,0.352112676056338,0.150234741784038,-0.215962441314554,0.502347417840376
"P80505","AlkalineMPNN_020",7,4.24657764434814,-48.8305646472037,-0.144897817944225,2.8573641308442,0.240356083086053,0.112759643916914,0.385756676557863,0.32618025751073,0.150214592274678,-0.197424892703863,0.476394849785408
"Q9N2D5","AlkalineMPNN_020",0,4.05002841949463,-49.2784868564598,-0.147983444013393,1.62979185311981,0.219219219219219,0.075075075075075,0.336336336336336,0.308823529411765,0.0980392156862745,-0.215686274509804,0.406862745098039
"Q9N2D5","AlkalineMPNN_020",1,4.1640474319458,-44.2022092360755,-0.132739367075302,1.84632332183332,0.216216216216216,0.0900900900900901,0.351351351351351,0.28099173553719,0.103305785123967,-0.181818181818182,0.384297520661157
"Q9N2D5","AlkalineMPNN_020",2,4.05002841949463,-50.1936854070372,-0.150731788009121,1.81012880298405,0.222222222222222,0.078078078078078,0.339339339339339,0.319444444444444,0.106481481481481,-0.222222222222222,0.425925925925926
"Q9N2D5","AlkalineMPNN_020",3,4.15154285430908,-46.9447154153576,-0.14097512136744,2.57002739856291,0.213213213213213,0.087087087087087,0.339339339339339,0.316831683168317,0.118811881188119,-0.212871287128713,0.435643564356436
"Q9N2D5","AlkalineMPNN_020",4,4.06503391265869,-45.2087267180022,-0.135761942096103,1.7471560186705,0.207207207207207,0.078078078078078,0.324324324324324,0.267489711934156,0.102880658436214,-0.17283950617284,0.37037037037037
"Q9N2D5","AlkalineMPNN_020",5,4.18973865509033,-47.8346862442591,-0.143647706439217,2.7503768263465,0.222222222222222,0.0960960960960961,0.351351351351351,0.278688524590164,0.114754098360656,-0.180327868852459,0.39344262295082
"Q9N2D5","AlkalineMPNN_020",6,4.1749605178833,-45.2776026360437,-0.135968776684816,1.66379733594851,0.225225225225225,0.0930930930930931,0.366366366366366,0.314814814814815,0.134259259259259,-0.180555555555555,0.449074074074074
"Q9N2D5","AlkalineMPNN_020",7,4.1469388961792,-46.1926023080331,-0.138716523447547,1.85390033238292,0.222222222222222,0.0900900900900901,0.348348348348348,0.331632653061224,0.127551020408163,-0.214285714285714,0.459183673469388
"Q6DIY2","AlkalineMPNN_020",0,4.05184726715088,-42.1122772052647,-0.235264118465166,1.90329008739115,0.324022346368715,0.106145251396648,0.474860335195531,0.529411764705882,0.117647058823529,-0.431372549019608,0.647058823529412
"Q6DIY2","AlkalineMPNN_020",1,4.28437557220459,-32.2232866103202,-0.18001836095151,1.67571377621282,0.312849162011173,0.145251396648045,0.525139664804469,0.378787878787879,0.159090909090909,-0.227272727272727,0.537878787878788
"Q6DIY2","AlkalineMPNN_020",2,4.09669322967529,-39.9538461356696,-0.223205844333349,2.30633253329383,0.312849162011173,0.11731843575419,0.46927374301676,0.413793103448276,0.146551724137931,-0.293103448275862,0.560344827586207
"Q6DIY2","AlkalineMPNN_020",3,4.19263744354248,-32.2245507857873,-0.180025423384287,1.534417439644,0.29608938547486,0.128491620111732,0.463687150837989,0.368852459016393,0.172131147540984,-0.213114754098361,0.540983606557377
"Q6DIY2","AlkalineMPNN_020",4,4.42721195220947,-24.2341482568183,-0.135386303110717,1.56464249040875,0.262569832402235,0.139664804469274,0.446927374301676,0.39047619047619,0.180952380952381,-0.219047619047619,0.571428571428571
"Q6DIY2","AlkalineMPNN_020",5,4.2408369064331,-32.0547002346205,-0.179076537623578,2.02989099457555,0.284916201117318,0.128491620111732,0.458100558659218,0.353383458646617,0.157894736842105,-0.218045112781955,0.511278195488722
"Q6DIY2","AlkalineMPNN_020",6,4.22310314178467,-33.1395288031903,-0.185137032420057,1.84993277298951,0.29608938547486,0.128491620111732,0.474860335195531,0.383928571428571,0.160714285714286,-0.232142857142857,0.544642857142857
"Q6DIY2","AlkalineMPNN_020",7,4.10646953582764,-31.2372934560255,-0.174510019307405,1.481900941658,0.262569832402235,0.100558659217877,0.407821229050279,0.333333333333333,0.136363636363636,-0.212121212121212,0.46969696969697
"G0HQ35","AlkalineMPNN_020",0,4.05002841949463,-74.8693465776594,-0.209132253010222,2.72504246710317,0.259776536312849,0.0642458100558659,0.360335195530726,0.372641509433962,0.0990566037735849,-0.297169811320755,0.471698113207547
"G0HQ35","AlkalineMPNN_020",1,4.05002841949463,-80.9327397680647,-0.226069105497387,2.57132075622705,0.282122905027933,0.0670391061452514,0.374301675977654,0.367588932806324,0.0909090909090909,-0.288537549407115,0.458498023715415
"G0HQ35","AlkalineMPNN_020",2,4.05002841949463,-66.8831182485966,-0.186824352649711,2.67757495416916,0.243016759776536,0.0698324022346368,0.343575418994413,0.336206896551724,0.0948275862068965,-0.258620689655172,0.431034482758621
"G0HQ35","AlkalineMPNN_020",3,4.05002841949463,-86.9230535237001,-0.242801825485196,2.66593133409123,0.293296089385475,0.0614525139664804,0.38268156424581,0.426008968609865,0.0941704035874439,-0.349775784753363,0.520179372197309
"G0HQ35","AlkalineMPNN_020",4,4.05002841949463,-84.0993751207243,-0.234914455644481,2.15824228503924,0.287709497206704,0.0586592178770949,0.377094972067039,0.371212121212121,0.0719696969696969,-0.306818181818182,0.443181818181818
"G0HQ35","AlkalineMPNN_020",5,4.05002841949463,-70.9469814995073,-0.198175925976277,2.53153298160965,0.262569832402235,0.0754189944134078,0.368715083798883,0.360730593607306,0.118721461187215,-0.26027397260274,0.47945205479452
"G0HQ35","AlkalineMPNN_020",6,4.05002841949463,-67.7127529956306,-0.18914176814422,3.17638722392066,0.251396648044693,0.0810055865921787,0.360335195530726,0.367647058823529,0.127450980392157,-0.269607843137255,0.495098039215686
"G0HQ35","AlkalineMPNN_020",7,4.05002841949463,-70.0427983961883,-0.195650274849688,2.31805073324008,0.262569832402235,0.0754189944134078,0.374301675977654,0.391304347826087,0.115942028985507,-0.289855072463768,0.507246376811594
"Q8DLT5","AlkalineMPNN_020",0,4.05002841949463,-50.2915829052767,-0.112007979744492,1.54267485332188,0.149220489977728,0.0400890868596882,0.21380846325167,0.235074626865672,0.0559701492537313,-0.182835820895522,0.291044776119403
"Q8DLT5","AlkalineMPNN_020",1,4.05002841949463,-52.2691044277081,-0.116412259304472,1.61288087343468,0.162583518930958,0.0489977728285077,0.233853006681514,0.238805970149254,0.0597014925373134,-0.17910447761194,0.298507462686567
"Q8DLT5","AlkalineMPNN_020",2,4.20792713165283,-43.1987784760535,-0.096211087919941,1.89669916202873,0.158129175946548,0.066815144766147,0.244988864142539,0.24812030075188,0.0902255639097744,-0.165413533834586,0.338345864661654
"Q8DLT5","AlkalineMPNN_020",3,4.12545375823975,-43.208705359747,-0.0962331967923095,1.781534327733,0.151447661469933,0.0601336302895322,0.23162583518931,0.227450980392157,0.0901960784313725,-0.141176470588235,0.317647058823529
"Q8DLT5","AlkalineMPNN_020",4,4.05002841949463,-46.2985753693812,-0.103114867192386,1.53912679734958,0.158129175946548,0.0579064587973274,0.236080178173719,0.267489711934156,0.0946502057613168,-0.17283950617284,0.362139917695473
"Q8DLT5","AlkalineMPNN_020",5,4.12585163116455,-41.3857701003243,-0.0921732073503881,1.33756258302628,0.149220489977728,0.0579064587973274,0.23162583518931,0.222627737226277,0.0948905109489051,-0.127737226277372,0.317518248175182
"Q8DLT5","AlkalineMPNN_020",6,4.18138332366943,-41.2061660796912,-0.0917731983957488,1.81254487049211,0.146993318485523,0.0601336302895322,0.2271714922049,0.227450980392157,0.0941176470588235,-0.137254901960784,0.32156862745098
"Q8DLT5","AlkalineMPNN_020",7,4.05002841949463,-53.2838622191914,-0.118672298929157,1.57049460882386,0.155902004454343,0.0400890868596882,0.22271714922049,0.23021582733813,0.0539568345323741,-0.179856115107914,0.284172661870504
"O67786","AcidophileMPNN_020",0,6.07474689483642,-2.95042852850462,-0.0132306212040565,2.2253603378263,0.121076233183857,0.134529147982063,0.300448430493274,0.155172413793103,0.206896551724138,0.0086206896551724,0.362068965517241
"O67786","AcidophileMPNN_020",1,8.72839069366455,1.88109808138921,0.0084354174053327,1.72112625678899,0.121076233183857,0.147982062780269,0.318385650224215,0.182481751824817,0.226277372262774,0.0291970802919708,0.408759124087591
"O67786","AcidophileMPNN_020",2,6.32938556671143,-1.92314582597283,-0.0086239723137795,2.26462257337372,0.143497757847534,0.161434977578475,0.340807174887892,0.2,0.272,0.032,0.472
"O67786","AcidophileMPNN_020",3,9.06420650482178,2.86372772731168,0.0128418283735949,1.67133678035003,0.0941704035874439,0.125560538116592,0.260089686098655,0.131147540983607,0.221311475409836,0.0573770491803278,0.352459016393443
"O67786","AcidophileMPNN_020",4,7.85291004180908,0.949177433149952,0.0042564010455154,1.94128855579242,0.103139013452915,0.130044843049327,0.278026905829596,0.126760563380282,0.183098591549296,0.0352112676056338,0.309859154929577
"O67786","AcidophileMPNN_020",5,5.60764408111572,-4.11785291811178,-0.0184657081529676,1.71597828173498,0.121076233183857,0.121076233183857,0.291479820627803,0.163120567375887,0.170212765957447,0,0.333333333333333
"O67786","AcidophileMPNN_020",6,9.04454364776611,2.87101699403622,0.0128745156683238,1.6721609951001,0.10762331838565,0.139013452914798,0.286995515695067,0.149606299212598,0.236220472440945,0.0551181102362204,0.385826771653543
"O67786","AcidophileMPNN_020",7,6.91863536834717,-0.123605601899047,-0.0005542852103096,1.67850601113799,0.10762331838565,0.125560538116592,0.278026905829596,0.159663865546218,0.201680672268908,0.0252100840336134,0.361344537815126
"Q980U8","AcidophileMPNN_020",0,8.64303455352783,1.9820351591469,0.0056791838370971,2.09221329543638,0.108882521489971,0.128939828080229,0.263610315186246,0.120253164556962,0.142405063291139,0.0063291139240506,0.262658227848101
"Q980U8","AcidophileMPNN_020",1,9.44237804412842,5.08648272302112,0.0145744490630977,2.33266475479392,0.117478510028653,0.148997134670487,0.292263610315186,0.134426229508197,0.170491803278688,0.0163934426229508,0.304918032786885
"Q980U8","AcidophileMPNN_020",2,8.72897090911865,1.9888016255161,0.0056985719928828,2.08637403311667,0.111747851002865,0.131805157593123,0.26647564469914,0.11280487804878,0.140243902439024,0.0121951219512195,0.253048780487805
"Q980U8","AcidophileMPNN_020",3,7.04407901763916,0.0807082782930237,0.0002312558117278,2.28430528433356,0.106017191977077,0.123209169054441,0.249283667621777,0.11787072243346,0.163498098859316,0.0228136882129277,0.281368821292776
"Q980U8","AcidophileMPNN_020",4,6.55020503997803,-1.00552402780977,-0.0028811576728073,2.04041723692509,0.114613180515759,0.126074498567335,0.263610315186246,0.153846153846154,0.170940170940171,0.0085470085470085,0.324786324786325
"Q980U8","AcidophileMPNN_020",5,10.4560144424438,10.9861682473416,0.0314789921127265,1.97152343201966,0.0945558739255014,0.140401146131805,0.257879656160458,0.120622568093385,0.190661478599222,0.0505836575875486,0.311284046692607
"Q980U8","AcidophileMPNN_020",6,8.9020040512085,3.07421366941864,0.0088086351559273,2.39460558815357,0.114613180515759,0.140401146131805,0.283667621776504,0.145669291338583,0.173228346456693,0.0118110236220472,0.318897637795276
"Q980U8","AcidophileMPNN_020",7,6.25361919403076,-2.00383432677641,-0.0057416456354624,2.04849024499305,0.114613180515759,0.123209169054441,0.263610315186246,0.134545454545454,0.149090909090909,0,0.283636363636364
"O58832","AcidophileMPNN_020",0,9.33503818511963,8.87725192860343,0.0259568769842205,1.99890015668689,0.105263157894737,0.14327485380117,0.283625730994152,0.139664804469274,0.251396648044693,0.0893854748603352,0.391061452513967
"O58832","AcidophileMPNN_020",1,7.88308124542236,0.910096921437365,0.0026611021094659,1.89072982333978,0.114035087719298,0.128654970760234,0.263157894736842,0.168421052631579,0.21578947368421,0.0263157894736842,0.384210526315789
"O58832","AcidophileMPNN_020",2,9.18450450897217,4.98188671637931,0.0145669202233313,2.12365583070254,0.105263157894737,0.134502923976608,0.266081871345029,0.131147540983607,0.224043715846995,0.0710382513661202,0.355191256830601
"O58832","AcidophileMPNN_020",3,8.95789813995361,2.98898148351316,0.0087397119400969,2.09984357021487,0.108187134502924,0.131578947368421,0.257309941520468,0.160427807486631,0.213903743315508,0.0320855614973262,0.374331550802139
"O58832","AcidophileMPNN_020",4,9.31666469573975,4.99666216999842,0.0146101233040889,2.12786130572084,0.116959064327485,0.146198830409357,0.280701754385965,0.175115207373272,0.221198156682028,0.0230414746543778,0.3963133640553
"O58832","AcidophileMPNN_020",5,6.56367588043213,-1.00942701946412,-0.0029515409925851,2.21956240808971,0.116959064327485,0.128654970760234,0.277777777777778,0.165775401069519,0.197860962566845,0.0106951871657754,0.363636363636364
"O58832","AcidophileMPNN_020",6,6.49427547454834,-1.09126858493693,-0.003190843815605,2.02495218135765,0.12280701754386,0.131578947368421,0.280701754385965,0.187134502923977,0.222222222222222,0.0175438596491228,0.409356725146199
"O58832","AcidophileMPNN_020",7,6.49046726226807,-1.08928292050318,-0.003185037779249,1.97711887667012,0.125730994152047,0.134502923976608,0.283625730994152,0.202072538860104,0.217616580310881,0,0.419689119170984
"Q9Z9J6","AcidophileMPNN_020",0,11.4080835342407,3.60272370754266,0.0581084468958493,0.734558463295141,0.112903225806452,0.193548387096774,0.306451612903226,0.142857142857143,0.204081632653061,0.0408163265306122,0.346938775510204
"Q9Z9J6","AcidophileMPNN_020",1,6.52758312225342,-0.405814220200754,-0.0065453906483992,0.721734487689533,0.0806451612903225,0.0967741935483871,0.193548387096774,0.0952380952380952,0.142857142857143,0.0238095238095238,0.238095238095238
"Q9Z9J6","AcidophileMPNN_020",2,9.94768123626709,1.68442873149167,0.0271682053466399,0.95718747304153,0.0967741935483871,0.161290322580645,0.274193548387097,0.127659574468085,0.212765957446809,0.0425531914893617,0.340425531914894
"Q9Z9J6","AcidophileMPNN_020",3,11.3242101669312,2.59787989995716,0.0419012887089864,0.710182242035387,0.064516129032258,0.129032258064516,0.193548387096774,0.0816326530612244,0.122448979591837,0.0204081632653061,0.204081632653061
"Q9Z9J6","AcidophileMPNN_020",4,11.531153678894,3.59431232142303,0.0579727793777908,0.693765199676206,0.064516129032258,0.145161290322581,0.225806451612903,0.0952380952380952,0.214285714285714,0.0952380952380952,0.30952380952381
"Q9Z9J6","AcidophileMPNN_020",5,11.9999677658081,4.59250086044882,0.0740725945233681,0.67529994175489,0.0483870967741935,0.145161290322581,0.193548387096774,0.0612244897959183,0.163265306122449,0.0816326530612244,0.224489795918367
"Q9Z9J6","AcidophileMPNN_020",6,5.73956737518311,-1.39076649210916,-0.0224317176146638,0.774883018378998,0.145161290322581,0.145161290322581,0.306451612903226,0.2,0.225,0,0.425
"Q9Z9J6","AcidophileMPNN_020",7,5.22363986968994,-1.4838199057748,-0.0239325791253999,0.525865275154688,0.112903225806452,0.0967741935483871,0.209677419354839,0.170731707317073,0.121951219512195,-0.048780487804878,0.292682926829268
"P02819","AcidophileMPNN_020",0,8.93842868804932,1.5689294168786,0.0320189676913999,0.756347793837673,0.0408163265306122,0.102040816326531,0.204081632653061,0.05,0.125,0.05,0.175
"P02819","AcidophileMPNN_020",1,7.8592924118042,0.573270700897128,0.011699402059125,0.768021533203747,0.102040816326531,0.142857142857143,0.285714285714286,0.105263157894737,0.157894736842105,0.0526315789473684,0.263157894736842
"P02819","AcidophileMPNN_020",2,7.82357692718506,0.488476913710271,0.009968916606332,0.549553288748008,0.102040816326531,0.122448979591837,0.285714285714286,0.128205128205128,0.153846153846154,0.0256410256410256,0.282051282051282
"P02819","AcidophileMPNN_020",3,5.59593524932861,-1.41983873512856,-0.0289763007169094,0.810656320327919,0.122448979591837,0.122448979591837,0.306122448979592,0.105263157894737,0.131578947368421,0.0263157894736842,0.236842105263158
"P02819","AcidophileMPNN_020",4,8.93636569976807,1.48735615277043,0.0303542071993964,0.544061538943649,0.0816326530612245,0.122448979591837,0.26530612244898,0.102564102564103,0.153846153846154,0.0512820512820512,0.256410256410256
"P02819","AcidophileMPNN_020",5,8.8837594985962,1.48355668969822,0.0302766671366983,0.535347786119342,0.0612244897959183,0.102040816326531,0.244897959183673,0.0769230769230769,0.128205128205128,0.0512820512820512,0.205128205128205
"P02819","AcidophileMPNN_020",6,8.93636569976807,1.48566645173706,0.0303197235048379,0.535988530875696,0.0816326530612245,0.122448979591837,0.26530612244898,0.0833333333333333,0.138888888888889,0.0555555555555555,0.222222222222222
"P02819","AcidophileMPNN_020",7,8.93694591522217,1.48286598966385,0.0302625712176296,0.522374278002385,0.0612244897959183,0.102040816326531,0.224489795918367,0.025,0.125,0.1,0.15
"Q4R312","AcidophileMPNN_020",0,7.67533283233643,0.549370956562264,0.0066996458117349,0.867042383454493,0.048780487804878,0.073170731707317,0.195121951219512,0.0508474576271186,0.101694915254237,0.0338983050847457,0.152542372881356
"Q4R312","AcidophileMPNN_020",1,6.51041774749756,-0.448984123687317,-0.0054754161425282,0.913674909393135,0.073170731707317,0.0853658536585365,0.24390243902439,0.0508474576271186,0.11864406779661,0.0508474576271186,0.169491525423729
"Q4R312","AcidophileMPNN_020",2,6.49262714385986,-0.450619043537736,-0.0054953541894845,0.866992888453493,0.048780487804878,0.0609756097560975,0.182926829268293,0.0327868852459016,0.081967213114754,0.0327868852459016,0.114754098360656
"Q4R312","AcidophileMPNN_020",3,7.6587926864624,0.547504714405106,0.0066768867610378,0.887186138404867,0.0609756097560975,0.0853658536585365,0.231707317073171,0.0476190476190476,0.111111111111111,0.0476190476190476,0.158730158730159
"Q4R312","AcidophileMPNN_020",4,6.50450649261475,-0.451682825619686,-0.0055083271417034,0.910551896375189,0.073170731707317,0.0853658536585365,0.268292682926829,0.0689655172413793,0.120689655172414,0.0344827586206896,0.189655172413793
"Q4R312","AcidophileMPNN_020",5,4.4655782699585,-4.44463283976878,-0.0542028395093754,0.92529915375821,0.109756097560976,0.073170731707317,0.280487804878049,0.109090909090909,0.0727272727272727,-0.0545454545454545,0.181818181818182
"Q4R312","AcidophileMPNN_020",6,5.51533756256103,-1.44757506158284,-0.0176533544095468,0.901391641033533,0.0853658536585365,0.0853658536585365,0.25609756097561,0.0833333333333333,0.116666666666667,0.0166666666666666,0.2
"Q4R312","AcidophileMPNN_020",7,4.5310567855835,-3.44854406288184,-0.042055415400998,0.906143656079538,0.0853658536585365,0.0609756097560975,0.231707317073171,0.1,0.0833333333333333,-0.0333333333333333,0.183333333333333
"Q54FJ9","AcidophileMPNN_020",0,9.79321498870849,7.22175774880145,0.0236005155189589,2.66591478976573,0.088235294117647,0.137254901960784,0.245098039215686,0.103658536585366,0.23780487804878,0.0975609756097561,0.341463414634146
"Q54FJ9","AcidophileMPNN_020",1,9.46868114471436,4.96597786792496,0.016228685842892,1.98489227344177,0.0980392156862745,0.130718954248366,0.248366013071895,0.113207547169811,0.226415094339623,0.0880503144654088,0.339622641509434
"Q54FJ9","AcidophileMPNN_020",2,9.68097553253174,7.04310930633969,0.0230166970795414,2.25906881918611,0.0947712418300653,0.137254901960784,0.254901960784314,0.114864864864865,0.256756756756757,0.108108108108108,0.371621621621622
"Q54FJ9","AcidophileMPNN_020",3,9.0623369216919,2.87432351646379,0.0093932141060908,1.72364075685886,0.0947712418300653,0.117647058823529,0.235294117647059,0.114583333333333,0.182291666666667,0.046875,0.296875
"Q54FJ9","AcidophileMPNN_020",4,9.38732204437256,6.12644925013912,0.0200210759808468,2.52837984987214,0.0980392156862745,0.140522875816993,0.264705882352941,0.148387096774194,0.232258064516129,0.064516129032258,0.380645161290322
"Q54FJ9","AcidophileMPNN_020",5,9.70444202423096,7.04880077226101,0.0230352966413758,2.21278278971735,0.088235294117647,0.130718954248366,0.241830065359477,0.136690647482014,0.266187050359712,0.100719424460432,0.402877697841727
"Q54FJ9","AcidophileMPNN_020",6,9.35199337005615,4.94598579057295,0.0161633522567743,1.98093155170893,0.088235294117647,0.120915032679738,0.23202614379085,0.096045197740113,0.209039548022599,0.0847457627118644,0.305084745762712
"Q54FJ9","AcidophileMPNN_020",7,10.1276124954224,8.95497089846905,0.0292646107793106,1.98594453572477,0.088235294117647,0.133986928104575,0.245098039215686,0.103658536585366,0.225609756097561,0.103658536585366,0.329268292682927
"Q54JL0","AcidophileMPNN_020",0,8.94958171844483,5.94227440832309,0.0093874793180459,4.98951333234286,0.0963665086887835,0.12954186413902,0.266982622432859,0.107806691449814,0.148698884758364,0.0111524163568773,0.256505576208178
"Q54JL0","AcidophileMPNN_020",1,6.98695583343506,-0.0519664712066259,-8.20955311321104e-05,5.14935291587728,0.11216429699842,0.135860979462875,0.290679304897314,0.125984251968504,0.159448818897638,0.0019685039370078,0.285433070866142
"Q54JL0","AcidophileMPNN_020",2,8.34918766021729,2.86452060708714,0.0045253090159354,4.78584184027115,0.101105845181674,0.127962085308057,0.270142180094787,0.110236220472441,0.151574803149606,0.0118110236220472,0.261811023622047
"Q54JL0","AcidophileMPNN_020",3,8.91870136260986,4.35100542694414,0.0068736262668943,3.3073785192528,0.0995260663507109,0.120063191153239,0.249605055292259,0.113594040968343,0.139664804469274,0.0093109869646182,0.253258845437616
"Q54JL0","AcidophileMPNN_020",4,9.26541233062744,12.5743477920842,0.0198646884551093,4.2152099090777,0.102685624012638,0.140600315955766,0.282780410742496,0.127118644067797,0.180084745762712,0.0275423728813559,0.307203389830508
"Q54JL0","AcidophileMPNN_020",5,9.27669429779053,10.9473357091981,0.0172943692088438,5.10144162214546,0.104265402843602,0.145339652448657,0.289099526066351,0.116564417177914,0.179959100204499,0.032719836400818,0.296523517382413
"Q54JL0","AcidophileMPNN_020",6,9.02965145111084,6.77667269805609,0.0107056440727584,4.5826023092436,0.105845181674565,0.137440758293839,0.285939968404423,0.120654396728016,0.171779141104294,0.0224948875255623,0.292433537832311
"Q54JL0","AcidophileMPNN_020",7,8.26744174957276,3.04548632453374,0.0048111948254877,5.41312168571249,0.115323854660348,0.145339652448657,0.295418641390205,0.144373673036093,0.18895966029724,0.0084925690021231,0.333333333333333
"Q69NP0","AcidophileMPNN_020",0,9.48731250762939,4.5879133325513,0.0493324014252827,0.818440982153754,0.118279569892473,0.182795698924731,0.344086021505376,0.174603174603175,0.238095238095238,0.0476190476190476,0.412698412698413
"Q69NP0","AcidophileMPNN_020",1,6.81984920501709,-0.230009802629207,-0.002473223684185,1.23758099333828,0.0967741935483871,0.129032258064516,0.258064516129032,0.121212121212121,0.166666666666667,0,0.287878787878788
"Q69NP0","AcidophileMPNN_020",2,5.64680614471436,-1.40622442129554,-0.0151206927021025,0.778695227007361,0.10752688172043,0.10752688172043,0.268817204301075,0.166666666666667,0.15,-0.0333333333333333,0.316666666666667
"Q69NP0","AcidophileMPNN_020",3,9.8957841873169,4.75900898860684,0.051172139662439,1.20377722827859,0.043010752688172,0.129032258064516,0.225806451612903,0.0508474576271186,0.203389830508475,0.101694915254237,0.254237288135593
"Q69NP0","AcidophileMPNN_020",4,9.52289905548096,4.66655437474541,0.0501780040295205,1.0067702293221,0.075268817204301,0.150537634408602,0.279569892473118,0.0862068965517241,0.241379310344828,0.120689655172414,0.327586206896552
"Q69NP0","AcidophileMPNN_020",5,9.57428035736084,6.49072215514881,0.0697927113456861,0.578731979274102,0.086021505376344,0.161290322580645,0.32258064516129,0.116666666666667,0.25,0.133333333333333,0.366666666666667
"Q69NP0","AcidophileMPNN_020",6,7.90016536712647,0.592843556463356,0.0063746618974554,0.832596989781422,0.139784946236559,0.161290322580645,0.354838709677419,0.176470588235294,0.220588235294118,0.0294117647058823,0.397058823529412
"Q69NP0","AcidophileMPNN_020",7,7.90596752166748,0.673417819572522,0.0072410518233604,1.04978374472445,0.118279569892473,0.150537634408602,0.333333333333333,0.172413793103448,0.241379310344828,0.0344827586206896,0.413793103448276
"P0A7R6","AcidophileMPNN_020",0,11.3242101669312,2.50434767099524,0.0243140550582061,0.440586691161247,0.029126213592233,0.058252427184466,0.0970873786407767,0.0434782608695652,0.0869565217391304,0.0434782608695652,0.130434782608696
"P0A7R6","AcidophileMPNN_020",1,11.3010660171509,1.59533132222203,0.0154886536138061,0.688765709625202,0.0388349514563106,0.0679611650485436,0.106796116504854,0.037037037037037,0.12962962962963,0.074074074074074,0.166666666666667
"P0A7R6","AcidophileMPNN_020",2,10.9154161453247,3.53659057049582,0.0343358307815128,0.606218760372498,0.12621359223301,0.16504854368932,0.300970873786408,0.153846153846154,0.246153846153846,0.0923076923076923,0.4
"P0A7R6","AcidophileMPNN_020",3,11.7031553268433,4.59430232152303,0.0446048769079905,0.693814694677206,0.0388349514563106,0.0970873786407767,0.145631067961165,0.044776119402985,0.149253731343284,0.0895522388059701,0.194029850746269
"P0A7R6","AcidophileMPNN_020",4,11.5791181564331,4.69157759693061,0.0455492970575787,0.98219572700474,0.0679611650485436,0.135922330097087,0.203883495145631,0.0714285714285714,0.232142857142857,0.125,0.303571428571429
"P0A7R6","AcidophileMPNN_020",5,11.3632135391235,3.61771501900771,0.0351234467864826,0.797778722613693,0.116504854368932,0.16504854368932,0.281553398058252,0.151515151515151,0.242424242424242,0.0909090909090909,0.393939393939394
"P0A7R6","AcidophileMPNN_020",6,8.36272602081299,0.59166361899067,0.0057443069804919,0.690394711653259,0.0388349514563106,0.058252427184466,0.106796116504854,0.0392156862745098,0.0980392156862745,0.0392156862745098,0.137254901960784
"P0A7R6","AcidophileMPNN_020",7,8.48540935516358,0.52191755989541,0.0050671607756835,0.525074997886985,0.0776699029126213,0.087378640776699,0.174757281553398,0.0909090909090909,0.136363636363636,0.0454545454545454,0.227272727272727
"P60724","AcidophileMPNN_020",0,10.3012903213501,3.78297116927359,0.0188207520859382,1.27256994816533,0.0746268656716417,0.109452736318408,0.194029850746269,0.0962962962962963,0.148148148148148,0.0296296296296296,0.244444444444444
"P60724","AcidophileMPNN_020",1,9.54791278839111,5.76375032674403,0.0286753747599205,1.45267157193576,0.0945273631840796,0.139303482587065,0.258706467661691,0.10625,0.1625,0.04375,0.26875
"P60724","AcidophileMPNN_020",2,9.63803958892822,4.70087828169403,0.0233874541377812,1.14488448732528,0.099502487562189,0.134328358208955,0.248756218905473,0.122448979591837,0.170068027210884,0.0408163265306122,0.292517006802721
"P60724","AcidophileMPNN_020",3,8.88517780303955,2.75966544306,0.013729678821194,1.46196308055059,0.104477611940299,0.134328358208955,0.258706467661691,0.145833333333333,0.180555555555555,0.0138888888888888,0.326388888888889
"P60724","AcidophileMPNN_020",4,9.80359439849854,3.93851656658374,0.0195946097839987,1.83660905930771,0.0746268656716417,0.119402985074627,0.208955223880597,0.087248322147651,0.140939597315436,0.0335570469798657,0.228187919463087
"P60724","AcidophileMPNN_020",5,9.44792232513428,2.86801081400638,0.0142687105174446,1.54990449191831,0.0796019900497512,0.114427860696517,0.203980099502487,0.0852272727272727,0.125,0.0227272727272727,0.210227272727273
"P60724","AcidophileMPNN_020",6,10.5160345077515,4.87354597786084,0.0242464974022927,1.61218700501162,0.099502487562189,0.144278606965174,0.253731343283582,0.12,0.173333333333333,0.0333333333333333,0.293333333333333
"P60724","AcidophileMPNN_020",7,10.255775642395,8.86947397441595,0.0441267361911241,1.58644173800959,0.0845771144278607,0.149253731343284,0.243781094527363,0.102564102564103,0.230769230769231,0.111111111111111,0.333333333333333
"Q07938","AcidophileMPNN_020",0,9.26115741729736,3.8710458745379,0.0114867830104982,1.71798598057832,0.0890207715133531,0.112759643916914,0.225519287833828,0.0976430976430976,0.127946127946128,0.0168350168350168,0.225589225589226
"Q07938","AcidophileMPNN_020",1,9.44792232513428,4.7002792019112,0.01394741602941,1.19202968507192,0.0801186943620178,0.100890207715134,0.204747774480712,0.0948905109489051,0.124087591240876,0.0218978102189781,0.218978102189781
"Q07938","AcidophileMPNN_020",2,7.8970064163208,0.703661484530745,0.0020880162745719,1.208405944483,0.0890207715133531,0.0979228486646884,0.207715133531157,0.102564102564103,0.120879120879121,0.0109890109890109,0.223443223443223
"Q07938","AcidophileMPNN_020",3,10.2535837173462,7.79364569822442,0.0231265450985887,1.38481188226358,0.0801186943620178,0.112759643916914,0.216617210682493,0.087719298245614,0.133333333333333,0.0350877192982456,0.221052631578947
"Q07938","AcidophileMPNN_020",4,9.21100101470947,4.69226665144431,0.013923639915265,1.30440175567233,0.0919881305637982,0.112759643916914,0.231454005934718,0.117424242424242,0.143939393939394,0.0189393939393939,0.261363636363636
"Q07938","AcidophileMPNN_020",5,9.40137615203857,5.78126708225604,0.0171550951995728,1.52397074136661,0.0890207715133531,0.115727002967359,0.237388724035608,0.106617647058823,0.143382352941176,0.025735294117647,0.25
"Q07938","AcidophileMPNN_020",6,6.93119678497314,-0.103790501991291,-0.000307983685434,1.66922743904782,0.0949554896142433,0.106824925816024,0.216617210682493,0.106617647058823,0.128676470588235,0.0110294117647058,0.235294117647059
"Q07938","AcidophileMPNN_020",7,9.13260746002198,4.04707493138946,0.012009124425488,2.20874250545458,0.0890207715133531,0.118694362017804,0.234421364985163,0.100719424460432,0.140287769784173,0.0215827338129496,0.241007194244604
"B1X495","AcidophileMPNN_020",0,8.40508174896241,0.899104337965621,0.0087291683297633,1.63230828435355,0.203883495145631,0.252427184466019,0.466019417475728,0.205128205128205,0.32051282051282,0.0641025641025641,0.525641025641026
"B1X495","AcidophileMPNN_020",1,8.17434940338135,0.845298956445376,0.0082067859849065,1.40928650609055,0.0194174757281553,0.0679611650485436,0.116504854368932,0.0194174757281553,0.0679611650485436,0.0097087378640776,0.087378640776699
"B1X495","AcidophileMPNN_020",2,6.23571491241455,-1.22625731851489,-0.0119054108593678,1.19719449343553,0.0679611650485436,0.087378640776699,0.155339805825243,0.0679611650485436,0.087378640776699,-0.0097087378640776,0.155339805825243
"B1X495","AcidophileMPNN_020",3,10.6991247177124,2.68049750857862,0.0260242476561031,0.938130965364859,0.0388349514563106,0.087378640776699,0.145631067961165,0.0449438202247191,0.101123595505618,0.0337078651685393,0.146067415730337
"B1X495","AcidophileMPNN_020",4,8.09466648101807,0.76846937522547,0.0074608677206356,1.23942251684352,0.0679611650485436,0.106796116504854,0.194174757281553,0.0681818181818181,0.125,0.0227272727272727,0.193181818181818
"B1X495","AcidophileMPNN_020",5,5.02066783905029,-5.21000348636916,-0.0505825581200888,1.27619976240981,0.135922330097087,0.116504854368932,0.262135922330097,0.155844155844156,0.12987012987013,-0.0649350649350649,0.285714285714286
"B1X495","AcidophileMPNN_020",6,6.21775379180908,-1.23342618375383,-0.0119750114927556,1.17228522947432,0.058252427184466,0.0776699029126213,0.135922330097087,0.0681818181818181,0.0909090909090909,-0.0113636363636363,0.159090909090909
"B1X495","AcidophileMPNN_020",7,8.56006374359131,0.858086407966483,0.0083309359996745,1.42324348620587,0.058252427184466,0.106796116504854,0.174757281553398,0.0454545454545454,0.125,0.034090909090909,0.170454545454545
"A9CIG1","AcidophileMPNN_020",0,8.50500774383545,1.55765058284105,0.0154222829984262,0.897492892221061,0.0594059405940594,0.0891089108910891,0.198019801980198,0.0714285714285714,0.0952380952380952,0.0119047619047619,0.166666666666667
"A9CIG1","AcidophileMPNN_020",1,8.93398036956787,2.46598623147989,0.024415705262177,0.636290870639152,0.0495049504950495,0.0792079207920792,0.168316831683168,0.057471264367816,0.0804597701149425,0.0229885057471264,0.137931034482759
"A9CIG1","AcidophileMPNN_020",2,11.0407426834106,8.46941739418745,0.0838556177642322,0.663175601635418,0.0594059405940594,0.148514851485149,0.257425742574257,0.0689655172413793,0.172413793103448,0.103448275862069,0.241379310344828
"A9CIG1","AcidophileMPNN_020",3,11.4855100631714,8.46410477120567,0.0838030175366898,0.618172077724834,0.0396039603960396,0.128712871287129,0.217821782178218,0.0379746835443038,0.164556962025316,0.126582278481013,0.20253164556962
"A9CIG1","AcidophileMPNN_020",4,9.46461963653565,3.73116649957501,0.0369422425700496,1.35325564553404,0.0495049504950495,0.118811881188119,0.207920792079208,0.048780487804878,0.121951219512195,0.0365853658536585,0.170731707317073
"A9CIG1","AcidophileMPNN_020",5,11.2776639938354,7.46860493421224,0.0739465835070519,0.639809843665097,0.0495049504950495,0.128712871287129,0.227722772277228,0.0602409638554216,0.156626506024096,0.0963855421686747,0.216867469879518
"A9CIG1","AcidophileMPNN_020",6,10.1647462844849,8.54703465389962,0.0846241054841546,0.894865876721465,0.0396039603960396,0.138613861386139,0.227722772277228,0.0449438202247191,0.157303370786517,0.101123595505618,0.202247191011236
"A9CIG1","AcidophileMPNN_020",7,9.69187068939209,5.46186846754304,0.054077905619238,0.645500620981806,0.0396039603960396,0.099009900990099,0.188118811881188,0.0481927710843373,0.120481927710843,0.072289156626506,0.168674698795181
"Q6L047","AcidophileMPNN_020",0,7.68357448577881,1.38321853491864,0.0038529764203861,3.63814113052034,0.125348189415042,0.155988857938719,0.325905292479109,0.15,0.188461538461538,0.0115384615384615,0.338461538461538
"Q6L047","AcidophileMPNN_020",1,9.28939456939697,12.4263319090386,0.0346137379081856,3.86479962418272,0.105849582172702,0.16991643454039,0.328690807799443,0.12043795620438,0.211678832116788,0.0510948905109489,0.332116788321168
"Q6L047","AcidophileMPNN_020",2,8.97807674407959,8.44164549447616,0.023514332853694,3.97671546416743,0.119777158774373,0.172701949860724,0.348189415041783,0.135135135135135,0.223938223938224,0.0501930501930501,0.359073359073359
"Q6L047","AcidophileMPNN_020",3,8.86996326446533,7.52022599459539,0.0209477047203214,4.23841076154815,0.119777158774373,0.172701949860724,0.345403899721448,0.135036496350365,0.211678832116788,0.0364963503649635,0.346715328467153
"Q6L047","AcidophileMPNN_020",4,8.43886318206787,3.37879535056997,0.0094116862132868,3.66545513230412,0.13091922005571,0.167130919220056,0.33983286908078,0.152727272727273,0.203636363636364,0.0181818181818181,0.356363636363636
"Q6L047","AcidophileMPNN_020",5,8.51461353302002,4.52751526131991,0.0126114631234537,4.23923497629821,0.128133704735376,0.172701949860724,0.362116991643454,0.141843971631206,0.198581560283688,0.0212765957446808,0.340425531914894
"Q6L047","AcidophileMPNN_020",6,8.52086696624756,4.34017395458994,0.012089621043426,3.71805699413886,0.11142061281337,0.15041782729805,0.317548746518106,0.131868131868132,0.19047619047619,0.0219780219780219,0.322344322344322
"Q6L047","AcidophileMPNN_020",7,9.0375810623169,7.19345478618783,0.020037478513058,3.14906684043813,0.116991643454039,0.158774373259053,0.328690807799443,0.127868852459016,0.186885245901639,0.0327868852459016,0.314754098360656
"A9A498","AcidophileMPNN_020",0,9.62404994964599,6.71294956881998,0.0233900681840417,1.2717580145149,0.0975609756097561,0.128919860627178,0.240418118466899,0.140350877192982,0.216374269005848,0.0643274853801169,0.35672514619883
"A9A498","AcidophileMPNN_020",1,6.21104679107666,-1.27081591595643,-0.0044279300207541,1.26343274616861,0.114982578397213,0.118466898954704,0.24390243902439,0.164705882352941,0.194117647058824,0.0176470588235294,0.358823529411765
"A9A498","AcidophileMPNN_020",2,9.35444316864014,3.71856815510214,0.0129566834672548,1.26080573066901,0.10801393728223,0.128919860627178,0.254355400696864,0.159763313609467,0.207100591715976,0.0355029585798816,0.366863905325444
"A9A498","AcidophileMPNN_020",3,9.46629581451416,3.70642208699325,0.0129143626724503,1.17264020635308,0.0871080139372822,0.10801393728223,0.212543554006969,0.12707182320442,0.165745856353591,0.0276243093922651,0.292817679558011
"A9A498","AcidophileMPNN_020",4,10.0477361679077,4.71796701763367,0.0164389094691068,1.17071318681067,0.0940766550522648,0.118466898954704,0.222996515679443,0.133720930232558,0.191860465116279,0.0465116279069767,0.325581395348837
"A9A498","AcidophileMPNN_020",5,6.21815166473389,-1.27199145807922,-0.0044320259863387,1.29655000923594,0.118466898954704,0.121951219512195,0.257839721254355,0.163522012578616,0.207547169811321,0.0314465408805031,0.371069182389937
"A9A498","AcidophileMPNN_020",6,9.04467258453369,2.80128451761441,0.0097605732321059,1.51656654495591,0.101045296167247,0.121951219512195,0.233449477351916,0.160493827160494,0.197530864197531,0.0246913580246913,0.358024691358025
"A9A498","AcidophileMPNN_020",7,9.04435024261474,2.79339495264111,0.0097330834586798,1.47883225788074,0.0975609756097561,0.118466898954704,0.233449477351916,0.129411764705882,0.188235294117647,0.0411764705882352,0.317647058823529
"A0A1D8PCG7","AcidophileMPNN_020",0,8.95815601348877,2.73467630302734,0.0314330609543372,1.34526711745779,0.0804597701149425,0.149425287356322,0.275862068965517,0.0746268656716417,0.17910447761194,0.0746268656716417,0.253731343283582
"A0A1D8PCG7","AcidophileMPNN_020",1,7.68721218109131,0.634567142618851,0.0072938752025155,1.11625915419115,0.0459770114942528,0.0804597701149425,0.195402298850575,0.028169014084507,0.0845070422535211,0.0422535211267605,0.112676056338028
"A0A1D8PCG7","AcidophileMPNN_020",2,8.78067455291748,2.63392342154238,0.0302749818568089,1.15238589880125,0.0804597701149425,0.137931034482759,0.28735632183908,0.064516129032258,0.17741935483871,0.0967741935483871,0.241935483870968
"A0A1D8PCG7","AcidophileMPNN_020",3,9.66672801971436,9.71381630163933,0.111653060938383,1.4439791779489,0.0804597701149425,0.229885057471264,0.379310344827586,0.0909090909090909,0.287878787878788,0.166666666666667,0.378787878787879
"A0A1D8PCG7","AcidophileMPNN_020",4,9.85697422027588,4.63960390835469,0.053328780555801,1.10254486380749,0.057471264367816,0.137931034482759,0.252873563218391,0.0461538461538461,0.153846153846154,0.0769230769230769,0.2
"A0A1D8PCG7","AcidophileMPNN_020",5,9.38100414276123,4.63575966399953,0.0532845938390751,1.13239062885387,0.0689655172413793,0.149425287356322,0.28735632183908,0.0615384615384615,0.169230769230769,0.0923076923076923,0.230769230769231
"A0A1D8PCG7","AcidophileMPNN_020",6,7.67391185760498,0.473996197938796,0.005448232160216,0.649940108503172,0.0919540229885057,0.103448275862069,0.241379310344828,0.0985915492957746,0.126760563380282,0.028169014084507,0.225352112676056
"A0A1D8PCG7","AcidophileMPNN_020",7,9.69187068939209,5.54735295476426,0.0637626776409685,0.876942373554503,0.0459770114942528,0.126436781609195,0.229885057471264,0.0158730158730158,0.174603174603175,0.142857142857143,0.19047619047619
"O28542","AcidophileMPNN_020",0,6.93415241241455,-0.107308354012424,-0.0003156128059188,1.92902834077776,0.120588235294118,0.132352941176471,0.279411764705882,0.162162162162162,0.193693693693694,0.018018018018018,0.355855855855856
"O28542","AcidophileMPNN_020",1,8.79008693695068,2.71244404426734,0.0079777766007863,1.4405948269148,0.114705882352941,0.129411764705882,0.264705882352941,0.14859437751004,0.172690763052209,0.0160642570281124,0.321285140562249
"O28542","AcidophileMPNN_020",2,5.73564548492432,-4.10818037685353,-0.0120828834613338,1.98263313354582,0.129411764705882,0.129411764705882,0.285294117647059,0.179166666666667,0.179166666666667,-0.0166666666666666,0.358333333333333
"O28542","AcidophileMPNN_020",3,7.73768520355225,0.883049936562195,0.0025972056957711,1.95996135309785,0.120588235294118,0.135294117647059,0.291176470588235,0.164556962025316,0.189873417721519,0.0126582278481012,0.354430379746835
"O28542","AcidophileMPNN_020",4,6.16546192169189,-2.11394072287654,-0.0062174727143427,1.98329215754034,0.117647058823529,0.123529411764706,0.273529411764706,0.166666666666667,0.212121212121212,0.0252525252525252,0.378787878787879
"O28542","AcidophileMPNN_020",5,6.47597332000732,-1.1177759465407,-0.003287576313355,2.00948392705973,0.120588235294118,0.129411764705882,0.279411764705882,0.148760330578512,0.173553719008264,0.0082644628099173,0.322314049586777
"O28542","AcidophileMPNN_020",6,6.86026172637939,-0.210591058541716,-0.0006193854662991,1.74293864067645,0.114705882352941,0.123529411764706,0.276470588235294,0.142857142857143,0.1875,0.03125,0.330357142857143
"O28542","AcidophileMPNN_020",7,6.01677112579346,-3.02477320795245,-0.0088963917880954,2.13684231890196,0.123529411764706,0.129411764705882,0.282352941176471,0.188118811881188,0.193069306930693,-0.0148514851485148,0.381188118811881
"Q8TY15","AcidophileMPNN_020",0,8.57379550933838,2.07981459356505,0.005761259261953,2.42183409390019,0.116343490304709,0.138504155124654,0.285318559556787,0.135714285714286,0.167857142857143,0.0178571428571428,0.303571428571428
"Q8TY15","AcidophileMPNN_020",1,5.63850765228271,-5.92405141173094,-0.0164101147139361,2.44079265908322,0.116343490304709,0.116343490304709,0.260387811634349,0.151515151515151,0.151515151515151,-0.0189393939393939,0.303030303030303
"Q8TY15","AcidophileMPNN_020",2,6.93204936981201,-0.107184010063598,-0.0002969086151346,1.81339928216669,0.0969529085872576,0.10803324099723,0.232686980609418,0.111498257839721,0.132404181184669,0.0104529616724738,0.24390243902439
"Q8TY15","AcidophileMPNN_020",3,5.29355182647705,-8.01104905886174,-0.0221912716311959,2.17306113542424,0.113573407202216,0.105263157894737,0.249307479224377,0.133802816901408,0.130281690140845,-0.0211267605633802,0.264084507042254
"Q8TY15","AcidophileMPNN_020",4,8.41249561309815,2.13958763622026,0.0059268355573968,2.65338066925658,0.0969529085872576,0.121883656509695,0.25207756232687,0.115942028985507,0.155797101449275,0.0181159420289855,0.271739130434783
"Q8TY15","AcidophileMPNN_020",5,6.54355487823486,-1.02342400525868,-0.0028349695436528,2.07527804954112,0.102493074792244,0.113573407202216,0.24376731301939,0.12639405204461,0.152416356877323,0.0074349442379182,0.278810408921933
"Q8TY15","AcidophileMPNN_020",6,6.97831630706787,-0.0376205188842746,-0.0001042119636683,2.07360433778541,0.0886426592797784,0.102493074792244,0.224376731301939,0.111111111111111,0.146825396825397,0.0158730158730158,0.257936507936508
"Q8TY15","AcidophileMPNN_020",7,9.07516613006592,4.13924480021643,0.0114660520781618,2.54566159223728,0.0858725761772853,0.116343490304709,0.235457063711911,0.110294117647059,0.150735294117647,0.0183823529411764,0.261029411764706
"B1YC30","AcidophileMPNN_020",0,5.7158655166626,-1.50856843473061,-0.0057578947890481,0.986075724215857,0.106870229007634,0.103053435114504,0.248091603053435,0.12565445026178,0.136125654450262,0.0104712041884816,0.261780104712042
"B1YC30","AcidophileMPNN_020",1,5.46128368377686,-2.50241373131984,-0.0095511974477856,1.02342372255526,0.122137404580153,0.114503816793893,0.270992366412214,0.155555555555556,0.155555555555556,0,0.311111111111111
"B1YC30","AcidophileMPNN_020",2,5.52886524200439,-3.32147996490446,-0.0126774044462002,1.39908917434691,0.114503816793893,0.110687022900763,0.251908396946565,0.126262626262626,0.141414141414141,0.005050505050505,0.267676767676768
"B1YC30","AcidophileMPNN_020",3,5.6707353591919,-1.54090434666805,-0.0058813143002597,1.08276383871636,0.099236641221374,0.0954198473282442,0.244274809160305,0.115151515151515,0.145454545454545,0.0303030303030303,0.260606060606061
"B1YC30","AcidophileMPNN_020",4,6.6543909072876,-0.390045137962638,-0.0014887219006207,1.22141314600175,0.133587786259542,0.137404580152672,0.305343511450382,0.15668202764977,0.165898617511521,0.0046082949308755,0.32258064516129
"B1YC30","AcidophileMPNN_020",5,5.83858089447021,-1.50143215319967,-0.0057306570732811,1.1371547816445,0.137404580152672,0.133587786259542,0.316793893129771,0.170103092783505,0.175257731958763,0.0051546391752577,0.345360824742268
"B1YC30","AcidophileMPNN_020",6,5.17754344940185,-4.42755177315171,-0.0168990525692813,1.2338130254358,0.099236641221374,0.0877862595419847,0.229007633587786,0.127659574468085,0.122340425531915,-0.0106382978723404,0.25
"B1YC30","AcidophileMPNN_020",7,4.92159748077392,-5.46464848722461,-0.0208574369741397,1.28840810756649,0.0916030534351145,0.0763358778625954,0.217557251908397,0.104477611940299,0.099502487562189,-0.0099502487562189,0.203980099502487
"P80505","AcidophileMPNN_020",0,9.41504344940186,9.85522117407605,0.0292439797450327,1.88303158866898,0.0949554896142433,0.136498516320475,0.261127596439169,0.116071428571429,0.1875,0.0535714285714285,0.303571428571429
"P80505","AcidophileMPNN_020",1,9.51993350982666,9.7774038173099,0.029013067707151,1.55751999694099,0.0919881305637982,0.130563798219584,0.252225519287834,0.126315789473684,0.2,0.0578947368421052,0.326315789473684
"P80505","AcidophileMPNN_020",2,8.59661731719971,1.79871743553358,0.0053374404615239,1.57336425779756,0.106824925816024,0.121661721068249,0.252225519287834,0.132780082987552,0.161825726141079,0.0165975103734439,0.294605809128631
"P80505","AcidophileMPNN_020",3,9.79398860931396,9.80149267958974,0.029084548010652,1.54876545780717,0.103857566765579,0.142433234421365,0.267062314540059,0.127753303964758,0.20704845814978,0.066079295154185,0.334801762114537
"P80505","AcidophileMPNN_020",4,9.17908916473389,5.97222788770674,0.0177217444739072,2.1549180762998,0.115727002967359,0.148367952522255,0.29080118694362,0.127659574468085,0.2,0.0553191489361702,0.327659574468085
"P80505","AcidophileMPNN_020",5,8.69196605682373,2.69774323164188,0.0080051727941895,1.44725932003004,0.115727002967359,0.130563798219584,0.275964391691395,0.152466367713004,0.170403587443946,0.0089686098654708,0.322869955156951
"P80505","AcidophileMPNN_020",6,7.88772296905517,0.876275378723605,0.0026002236757377,1.71792197556703,0.0949554896142433,0.109792284866469,0.225519287833828,0.105263157894737,0.153508771929825,0.0350877192982456,0.258771929824561
"P80505","AcidophileMPNN_020",7,8.95744686126709,2.98051297854634,0.0088442521618585,2.05957751987711,0.109792284866469,0.13353115727003,0.267062314540059,0.155339805825243,0.20873786407767,0.0339805825242718,0.364077669902913
"Q9N2D5","AcidophileMPNN_020",0,9.0440279006958,4.14998811000135,0.0124624267567608,2.57350179125678,0.114114114114114,0.147147147147147,0.297297297297297,0.158119658119658,0.200854700854701,0.0128205128205128,0.358974358974359
"Q9N2D5","AcidophileMPNN_020",1,9.62501697540283,10.1432364252151,0.0304601694450903,2.54093002070881,0.105105105105105,0.156156156156156,0.291291291291291,0.135746606334842,0.230769230769231,0.0633484162895927,0.366515837104072
"Q9N2D5","AcidophileMPNN_020",2,9.24993991851807,5.95981829991617,0.0178973522520005,2.04606704227914,0.093093093093093,0.126126126126126,0.252252252252252,0.106870229007634,0.16030534351145,0.0343511450381679,0.267175572519084
"Q9N2D5","AcidophileMPNN_020",3,9.58137187957764,10.7869530836166,0.032393252503353,1.60347577708712,0.0960960960960961,0.138138138138138,0.264264264264264,0.123287671232877,0.191780821917808,0.0593607305936073,0.315068493150685
"Q9N2D5","AcidophileMPNN_020",4,8.64716053009033,1.89666107351128,0.0056956788994332,1.83673598865353,0.12012012012012,0.138138138138138,0.288288288288288,0.15962441314554,0.211267605633803,0.0328638497652582,0.370892018779343
"Q9N2D5","AcidophileMPNN_020",5,9.60683689117432,11.6865590452711,0.0350947719077211,1.31940399505324,0.084084084084084,0.126126126126126,0.249249249249249,0.116751269035533,0.203045685279188,0.0761421319796954,0.319796954314721
"Q9N2D5","AcidophileMPNN_020",6,9.32820453643799,6.87554633387563,0.0206472862879148,1.83065777436717,0.0990990990990991,0.132132132132132,0.267267267267267,0.115740740740741,0.185185185185185,0.0555555555555555,0.300925925925926
"Q9N2D5","AcidophileMPNN_020",7,9.44959850311279,6.96849564973618,0.0209264133625711,2.03110247814559,0.105105105105105,0.141141141141141,0.279279279279279,0.136363636363636,0.204545454545455,0.0454545454545454,0.340909090909091
"Q6DIY2","AcidophileMPNN_020",0,9.68290958404541,4.04062948988218,0.022573349105487,2.02105898513566,0.0893854748603352,0.145251396648045,0.262569832402235,0.134831460674157,0.235955056179775,0.0674157303370786,0.370786516853933
"Q6DIY2","AcidophileMPNN_020",1,9.21757678985596,2.29744837135768,0.0128349071025568,2.69698302140661,0.0726256983240223,0.134078212290503,0.229050279329609,0.0865384615384615,0.192307692307692,0.0288461538461538,0.278846153846154
"Q6DIY2","AcidophileMPNN_020",2,9.44740657806397,3.12445427577004,0.0174550518199443,2.2442792446374,0.0893854748603351,0.145251396648045,0.251396648044693,0.0909090909090909,0.222222222222222,0.0707070707070707,0.313131313131313
"Q6DIY2","AcidophileMPNN_020",3,6.702760887146,-0.778260448922374,-0.0043478237369965,2.53261078196393,0.106145251396648,0.145251396648045,0.279329608938547,0.10655737704918,0.188524590163934,0.0327868852459016,0.295081967213115
"Q6DIY2","AcidophileMPNN_020",4,10.8764772415161,5.95671060608923,0.03327771288318,1.74921619118703,0.0893854748603351,0.150837988826816,0.256983240223464,0.122448979591837,0.244897959183673,0.0816326530612244,0.36734693877551
"Q6DIY2","AcidophileMPNN_020",5,7.10705661773682,0.210527702884786,0.0011761324183507,2.47820326547169,0.0837988826815642,0.128491620111732,0.240223463687151,0.075187969924812,0.165413533834586,0.037593984962406,0.240601503759398
"Q6DIY2","AcidophileMPNN_020",6,7.06647357940674,0.122774574636672,0.0006858914784171,2.23615674156845,0.0893854748603352,0.128491620111732,0.245810055865922,0.08,0.176,0.04,0.256
"Q6DIY2","AcidophileMPNN_020",7,9.21222591400146,2.13483366418767,0.0119264450513277,2.27541999316133,0.106145251396648,0.156424581005587,0.284916201117318,0.137254901960784,0.215686274509804,0.0392156862745098,0.352941176470588
"G0HQ35","AcidophileMPNN_020",0,8.86016407012939,2.49854392614601,0.0069791729780614,3.38426007563821,0.0810055865921787,0.11731843575419,0.212290502793296,0.0816326530612244,0.13265306122449,0.0170068027210884,0.214285714285714
"G0HQ35","AcidophileMPNN_020",1,8.02594318389893,1.41663524192601,0.0039570816813575,3.19022655718833,0.0949720670391061,0.125698324022346,0.237430167597765,0.10948905109489,0.164233576642336,0.0182481751824817,0.273722627737226
"G0HQ35","AcidophileMPNN_020",2,6.66513347625733,-0.84296629949765,-0.0023546544678705,2.41292950744432,0.0865921787709497,0.103351955307263,0.206703910614525,0.0915254237288135,0.125423728813559,0.0101694915254237,0.216949152542373
"G0HQ35","AcidophileMPNN_020",3,6.50865573883057,-1.66898812448326,-0.0046619780013498,2.94872178803944,0.100558659217877,0.120111731843575,0.237430167597765,0.1171875,0.16015625,0.01171875,0.27734375
"G0HQ35","AcidophileMPNN_020",4,9.32040386199951,5.22366618823356,0.0145912463358479,2.7332328254091,0.0865921787709497,0.122905027932961,0.226256983240223,0.0857142857142857,0.13968253968254,0.0285714285714285,0.225396825396825
"G0HQ35","AcidophileMPNN_020",5,8.15984401702881,1.76176385417888,0.0049211280842985,4.0727460710366,0.0837988826815642,0.125698324022346,0.223463687150838,0.0942028985507246,0.155797101449275,0.0144927536231884,0.25
"G0HQ35","AcidophileMPNN_020",6,8.75256633758545,2.23857916258546,0.0062530144206297,2.71302401793909,0.0949720670391061,0.122905027932961,0.243016759776536,0.12109375,0.16796875,0.01953125,0.2890625
"G0HQ35","AcidophileMPNN_020",7,6.55418376922607,-1.57735597049704,-0.0044060222639582,3.12241252402661,0.0893854748603351,0.111731843575419,0.217877094972067,0.0924657534246575,0.13013698630137,0.0102739726027397,0.222602739726027
"Q8DLT5","AcidophileMPNN_020",0,9.41143321990967,8.07686203458981,0.0179885568699104,5.1612861894512,0.0712694877505568,0.126948775055679,0.216035634743875,0.0989399293286219,0.180212014134276,0.0282685512367491,0.279151943462898
"Q8DLT5","AcidophileMPNN_020",1,6.897434425354,-0.350024580718863,-0.000779564767748,3.96134368092443,0.0690423162583518,0.0957683741648106,0.182628062360802,0.0902527075812274,0.140794223826715,0.0108303249097472,0.231046931407942
"Q8DLT5","AcidophileMPNN_020",2,9.19365901947021,5.47924474650332,0.0122032176982256,3.48093263262008,0.0690423162583519,0.10467706013363,0.189309576837417,0.0844155844155844,0.142857142857143,0.0227272727272727,0.227272727272727
"Q8DLT5","AcidophileMPNN_020",3,8.99400043487549,4.64106685350882,0.0103364517895519,3.92860888390027,0.066815144766147,0.10467706013363,0.189309576837416,0.0838926174496644,0.144295302013423,0.023489932885906,0.228187919463087
"Q8DLT5","AcidophileMPNN_020",4,7.96630992889404,2.17190745010456,0.0048372103565803,5.35480920037244,0.0690423162583518,0.11358574610245,0.195991091314031,0.103321033210332,0.173431734317343,0.007380073800738,0.276752767527675
"Q8DLT5","AcidophileMPNN_020",5,7.96630992889404,2.17411897228425,0.0048421357957332,5.36594118498417,0.0734966592427616,0.11804008908686,0.207126948775056,0.116465863453815,0.180722891566265,0.0040160642570281,0.29718875502008
"Q8DLT5","AcidophileMPNN_020",6,8.95100002288818,4.72578585971272,0.0105251355450172,4.18578513122971,0.0712694877505567,0.111358574610245,0.204899777282851,0.103092783505155,0.161512027491409,0.0171821305841924,0.264604810996564
"Q8DLT5","AcidophileMPNN_020",7,7.93104572296143,1.48224941173607,0.003301223634156,3.42809983788155,0.0712694877505567,0.0979955456570156,0.184855233853007,0.10472972972973,0.131756756756757,0,0.236486486486486
"O67786","WT",,5.52744426727295,-5.17046744812625,-0.0231859526821805,1.78801871044348,0.183856502242152,0.174887892376682,0.390134529147982,0.30327868852459,0.295081967213115,-0.0163934426229508,0.598360655737705
"Q980U8","WT",,7.69914836883545,0.758290734368856,0.00217275282054114,1.74435842068334,0.163323782234957,0.171919770773639,0.369627507163324,0.203065134099617,0.218390804597701,0.00766283524904215,0.421455938697318
"O58832","WT",,8.83785800933838,5.40711487536862,0.0158102774133585,3.70893315987127,0.137426900584795,0.181286549707602,0.353801169590643,0.211009174311927,0.26605504587156,0.018348623853211,0.477064220183486
"Q9Z9J6","WT",,10.1512723922729,3.68314142932804,0.0594055069246458,0.979862991254498,0.0967741935483871,0.193548387096774,0.290322580645161,0.0943396226415094,0.226415094339623,0.0943396226415094,0.320754716981132
"P02819","WT",,4.3953821182251,-5.16001482982271,-0.105306425098423,0.815063927269188,0.183673469387755,0.102040816326531,0.428571428571429,0.230769230769231,0.102564102564103,-0.153846153846154,0.333333333333333
"Q4R312","WT",,4.05002841949463,-14.4426766055984,-0.176130202507298,1.14926382139953,0.231707317073171,0.0731707317073171,0.426829268292683,0.275862068965517,0.103448275862069,-0.189655172413793,0.379310344827586
"Q54FJ9","WT",,6.16347255706787,-2.94423288319661,-0.00962167608887781,2.85903469171524,0.104575163398693,0.117647058823529,0.277777777777778,0.135135135135135,0.167567567567568,0.0162162162162162,0.302702702702703
"Q54JL0","WT",,6.07054080963135,-3.94687585710786,-0.00623519092750056,3.35059202939599,0.129541864139021,0.132701421800948,0.320695102685624,0.161087866108787,0.167364016736402,-0.00627615062761506,0.328451882845188
"Q69NP0","WT",,9.04924983978271,1.67871824497936,0.0180507338169824,1.00717699303829,0.0860215053763441,0.129032258064516,0.247311827956989,0.05,0.183333333333333,0.1,0.233333333333333
"P0A7R6","WT",,9.68104000091553,2.78159210686911,0.0270057486103797,1.28470473152193,0.135922330097087,0.194174757281553,0.339805825242718,0.164179104477612,0.253731343283582,0.0597014925373134,0.417910447761194
"P60724","WT",,9.72436275482178,7.78893190868174,0.0387509050183171,1.45676626866131,0.119402985074627,0.174129353233831,0.303482587064677,0.134078212290503,0.195530726256983,0.0446927374301676,0.329608938547486
"Q07938","WT",,7.66981945037842,1.44571478400082,0.00428995484866712,3.84029020584789,0.100890207715134,0.136498516320475,0.287833827893175,0.113793103448276,0.158620689655172,0.00689655172413793,0.272413793103448
"B1X495","WT",,6.13158588409424,-0.496319473108935,-0.00481863566125179,0.549651262704547,0.0679611650485437,0.0679611650485437,0.174757281553398,0.0684931506849315,0.0958904109589041,0.0273972602739726,0.164383561643836
"A9CIG1","WT",,11.7758111953735,20.4898110546288,0.202869416382464,0.59033847037829,0.0594059405940594,0.267326732673267,0.346534653465347,0.0659340659340659,0.285714285714286,0.21978021978022,0.351648351648352
"Q6L047","WT",,5.56279811859131,-6.97270472551795,-0.0194225758370974,2.82574316015457,0.142061281337047,0.139275766016713,0.348189415041783,0.159609120521173,0.159609120521173,-0.0195439739413681,0.319218241042345
"A9A498","WT",,10.0718473434448,18.8580870998964,0.0657076205571303,1.73534028245599,0.0731707317073171,0.153310104529617,0.24390243902439,0.0863636363636364,0.195454545454545,0.0954545454545455,0.281818181818182
"A0A1D8PCG7","WT",,7.85561771392822,0.58946551285187,0.00677546566496402,0.850928272710031,0.137931034482759,0.160919540229885,0.35632183908046,0.15625,0.21875,0.046875,0.375
"O28542","WT",,5.60696201324463,-6.02277053771277,-0.0177140309932728,2.44775879558567,0.15,0.147058823529412,0.335294117647059,0.199203187250996,0.195219123505976,-0.0239043824701195,0.394422310756972
"Q8TY15","WT",,4.81246662139892,-23.4680488379133,-0.0650084455343858,3.84473207476463,0.166204986149585,0.130193905817175,0.32409972299169,0.204301075268817,0.164874551971326,-0.0788530465949821,0.369175627240143
"B1YC30","WT",,6.45568180084228,-1.18400055067893,-0.00451908607129363,2.19764116351696,0.133587786259542,0.145038167938931,0.351145038167939,0.166666666666667,0.193548387096774,0.00537634408602151,0.360215053763441
"P80505","WT",,6.00403919219971,-3.89375113626432,-0.0115541576743748,2.78635206389595,0.112759643916914,0.121661721068249,0.27299703264095,0.144,0.156,-0.012,0.3
"Q9N2D5","WT",,8.21083850860596,2.36273684088209,0.00709530582847475,3.47407884023778,0.102102102102102,0.138138138138138,0.279279279279279,0.130630630630631,0.202702702702703,0.0315315315315315,0.333333333333333
"Q6DIY2","WT",,4.96485195159912,-11.8464946870069,-0.0661815345642842,2.50129510678095,0.184357541899441,0.156424581005587,0.402234636871508,0.196319018404908,0.171779141104294,-0.0674846625766871,0.368098159509202
"G0HQ35","WT",,4.69606037139892,-31.0993594646544,-0.0868697191750122,4.76890028274473,0.187150837988827,0.139664804469274,0.360335195530726,0.213333333333333,0.163333333333333,-0.0966666666666667,0.376666666666667
"Q8DLT5","WT",,6.09788036346435,-6.19634641186169,-0.0138003260843245,4.78647592409187,0.0957683741648107,0.11358574610245,0.249443207126949,0.11142061281337,0.136490250696379,-0.011142061281337,0.247910863509749
