Entry,pdb_id,chain,domain,species_collapsed,species,protein_family,broad_function,resolution_A,resolved_len,seqres_len,sequence_length,mw_per_residue,isoelectric_point,charge_at_ph7,acidic_residue_fraction,basic_residue_fraction,gravy,aromaticity,instability_index,proline_fraction,small_residue_fraction,ordered_percent,helix_sheet_contrast,rco,avg_cb_distance,surface_exposure,caliby_score,carp_640M_score,proteinmpnn_score,solublempnn_score,AlkalineMPNN_score,AcidophileMPNN_score,ESM2_15B_pppl_score,esm3_struct_cond_score,esm3_seq_only_score,esmif_score,mif_score,mifst_score,progen2_XL_score,protgpt2_score,soluble_caliby_score,triflow_score
3DXS_1,3DXS,X,Eukaryota,Arabidopsis thaliana,Arabidopsis thaliana,Cation transport ATPase (P-type) (TC 3.A.3) family,translocase,1.7,74,74,74,108.90646621621622,4.23032169342041,-8.490875632961199,0.1891891891891892,0.081081081081081,0.0797297297297297,0.054054054054054,38.25000000000001,0.0135135135135135,0.2567567567567567,0.8918918918918919,0.1351351351351351,0.3783783783783784,10.550541877746582,0.2972972972972973,1.721247,-1.6106832027435305,-1.8182387351989744,-1.8194580078125,-1.7302390336990356,-1.7974088191986084,-1.5286836624145508,-1.58616,-1.763539,-1.5468732473012563,-1.7292609214782717,-1.4698307514190674,-1.3360324550319362,-3.030605006862331,1.721247,-2.179839
3DB5_1,3DB5,A,Eukaryota,Homo sapiens,Homo sapiens,Class V-like SAM-binding methyltransferase superfamily,transferase,2.15,124,151,124,116.66460241935472,6.089922904968262,-1.7078626834998705,0.1129032258064516,0.1290322580645161,-0.2741935483870967,0.1129032258064516,62.42266129032258,0.0725806451612903,0.1854838709677419,0.8951612903225806,-0.5564516129032259,0.2782111436950146,15.08733367919922,0.2983870967741935,1.66944,-1.9854129552841189,-1.6774852275848389,-1.6956508159637451,-1.6706653833389282,-1.6830686330795288,-1.5572307109832764,-1.959337,-2.507006,-1.42750980008033,,,-1.89530514132592,-3.382909467143397,1.66944,-3.428672
5ZX1_1,5ZX1,A,Eukaryota,Trypanosoma brucei brucei,Trypanosoma brucei brucei,Unclassified,other,2.31,84,117,84,113.546413095238,5.918780708312987,-1.18221028091477,0.1785714285714286,0.1785714285714286,-0.3571428571428571,0.0357142857142857,77.52499999999999,0.0238095238095238,0.25,0.9285714285714286,0.8571428571428572,0.1746031746031746,13.837491035461426,0.2976190476190476,1.469243,-2.4813308715820312,-1.86332106590271,-1.943210244178772,-1.798822999000549,-1.814235091209412,-0.6061623692512512,-1.697536,-2.447298,-1.6927882603236608,-1.8102229833602903,-1.8363053798675537,-2.8761316935221353,-3.8153334118071056,1.469243,-2.440601
3S8S_1,3S8S,A,Eukaryota,Homo sapiens,Homo sapiens,Class V-like SAM-binding methyltransferase superfamily,histone,1.3,107,110,107,114.90778504672888,9.560032844543455,5.11267534452584,0.102803738317757,0.1869158878504672,-0.4028037383177567,0.0654205607476635,17.618691588785044,0.0373831775700934,0.2242990654205607,0.897196261682243,0.0560747663551401,0.2872602065912444,12.454299926757812,0.2990654205607476,1.746114,-0.6176118850708008,-1.588046669960022,-1.5733444690704346,-1.348742961883545,-1.3822917938232422,-1.0758205652236938,-1.602258,-2.172545,-1.2923231748777015,-1.287400245666504,-0.4946765005588531,-0.6358977701062354,-3.5827807845356308,1.746114,-1.841136
1XHB_1,1XHB,A,Eukaryota,Mus musculus,Mus musculus,Glycosyltransferase 2 family,transferase,2.5,447,472,447,115.14378635346756,8.179120063781738,3.8329142353076904,0.1230425055928411,0.1588366890380313,-0.4114093959731545,0.0917225950782997,48.086823266219255,0.0425055928411633,0.2147651006711409,0.8657718120805369,-0.302013422818792,0.1065453641561024,23.45325088500977,0.2997762863534675,1.719949,-0.6981765031814575,-1.6589661836624146,-1.624163031578064,-1.6922346353530884,-1.652622938156128,-0.9516040086746216,-1.109362,-1.280408,-1.332579064422539,,,-0.4091020622509438,-1.5189019188251538,1.719949,-1.575323
3RJO_1,3RJO,A,Eukaryota,Homo sapiens,Homo sapiens,Peptidase M1 family,hydrolase,2.3,408,419,408,116.9296965686276,7.833053779602051,2.092139694700876,0.1176470588235294,0.1568627450980392,-0.3566176470588236,0.1078431372549019,42.53014705882351,0.0245098039215686,0.2156862745098039,0.9338235294117648,0.4485294117647058,0.0608195010677538,23.00290870666504,0.3014705882352941,1.682882,-1.381784439086914,-1.745566725730896,-1.7545645236968994,-1.6431010961532593,-1.6595754623413086,-1.079945087432861,-1.595531,-1.801548,-1.4072858025045956,,,-0.7969406726313573,-2.950587553136489,1.682882,-1.710966
1DVN_1,1DVN,A,Eukaryota,Homo sapiens,Homo sapiens,Serpin family,protease_inhibitor,2.1,379,379,379,112.84616121372056,6.971893501281738,-0.0878956545925788,0.100263852242744,0.1319261213720316,-0.141160949868074,0.0976253298153034,33.930606860158306,0.0554089709762533,0.258575197889182,0.9023746701846966,-0.2058047493403694,0.2349859439637768,19.608795166015625,0.3007915567282322,1.77758,-1.636210322380066,-1.7218623161315918,-1.719049096107483,-1.685824632644653,-1.6829906702041626,-0.5187920928001404,-1.54484,-1.79813,-1.263196638202919,-1.3960039615631104,-1.2555317878723145,-0.6335901748536444,-2.466315840668288,1.77758,-1.592874
1XON_1,1XON,A,Eukaryota,Homo sapiens,Homo sapiens,Cyclic nucleotide phosphodiesterase family,hydrolase,1.72,322,349,322,115.5339279503108,5.015836524963378,-21.164925214774406,0.15527950310559,0.1366459627329192,-0.2509316770186335,0.0745341614906832,35.83260869565217,0.031055900621118,0.1956521739130434,0.906832298136646,0.6583850931677019,0.1139076016588166,18.506671905517575,0.3012422360248447,1.79215,-0.3177028298377991,-1.5249457359313965,-1.462955117225647,-1.33585524559021,-1.3858115673065186,-1.3397096395492554,-0.980852,-1.133148,-1.0151105608258928,,,-0.2495308633176436,-1.2218580542143829,1.79215,-1.345197
1MAI_1,1MAI,A,Eukaryota,Rattus norvegicus,Rattus norvegicus,Pfam:PF00168,hydrolase,1.9,119,131,119,117.60323193277294,7.991259193420411,1.0282239570223624,0.1596638655462184,0.1932773109243697,-0.7470588235294122,0.0756302521008403,64.46563025210084,0.042016806722689,0.1932773109243697,0.907563025210084,-0.1848739495798319,0.2122302158273381,13.198687553405762,0.3025210084033613,1.785259,-1.4238489866256714,-1.5894644260406494,-1.6712548732757568,-1.4699153900146484,-1.5292551517486572,-0.6843404173851013,-1.360067,-1.933984,-1.2734736594833245,-1.29428231716156,-1.1199390888214111,-0.482224664768251,-3.723674357438288,1.785259,-1.551199
4BGQ_1,4BGQ,A,Eukaryota,Homo sapiens,Homo sapiens,Protein kinase superfamily,transferase,2.0,276,304,276,116.3194362318841,8.821289634704591,5.514582799139831,0.1231884057971014,0.1739130434782609,-0.2884057971014495,0.0905797101449275,44.61996376811594,0.0543478260869565,0.1630434782608695,0.8840579710144927,0.1159420289855072,0.11064753818377,18.84172821044922,0.3007246376811594,2.013801,-0.8675105571746826,-1.4873011112213137,-1.4663692712783811,-1.3400120735168457,-1.3470218181610107,-1.3473976850509644,-1.237834,-1.457976,-1.0100997703662815,,,-0.5395433729973392,-1.6948790619338767,2.013801,-1.314221
1X23_1,1X23,A,Eukaryota,Homo sapiens,Homo sapiens,Ubiquitin-conjugating enzyme family,transferase,1.85,153,155,153,113.18734967320252,6.993605995178222,-0.0073548154580187,0.1045751633986928,0.1241830065359477,-0.3339869281045751,0.1045751633986928,45.55555555555555,0.1045751633986928,0.2352941176470588,0.8954248366013072,-0.0326797385620915,0.1715457424799985,15.318346977233888,0.3006535947712418,1.856608,-0.2373243123292923,-1.5033469200134275,-1.5124146938323977,-1.5257866382598877,-1.508190035820007,-1.034937024116516,-0.592427,-0.511775,-0.7910969054776859,,,-0.4543197232913347,-1.9965786404079864,1.856608,-1.785349
3UNS_1,3UNS,A,Eukaryota,Bos taurus,Bos taurus,Peptidase S1 family,hydrolase,1.8,223,223,223,104.8931721973094,8.566768455505372,4.89959314949404,0.0493273542600896,0.085201793721973,-0.0210762331838565,0.085201793721973,25.29645739910313,0.0313901345291479,0.3766816143497758,0.9103139013452914,-0.6143497757847534,0.2245123993732778,15.408708572387695,0.3004484304932735,2.260773,-0.7808976769447327,-1.195798635482788,-1.2606669664382937,-1.190529465675354,-1.1690282821655271,-0.8371843695640564,-0.852841,-0.975156,-0.7386577246969591,,,-0.9208488293292812,-2.1408672247232343,2.260773,
7DBU_1,7DBU,A,Eukaryota,Ramazzottius varieornatus,Ramazzottius varieornatus,Unclassified,other,1.6,161,173,161,108.66750931677016,4.863905906677245,-4.232581769630325,0.1304347826086956,0.1055900621118012,-0.2298136645962732,0.0745341614906832,59.79627329192546,0.0496894409937888,0.3291925465838509,0.8757763975155279,-0.68944099378882,0.3167560378613167,15.58621311187744,0.2981366459627329,1.886263,-2.6687893867492676,-1.4736229181289673,-1.486371994018555,-1.3143134117126465,-1.3152282238006592,-1.281724452972412,-1.488971,-2.545075,-1.1017928034622475,-1.4313026666641235,-1.5227047204971311,-3.0443308575553183,-3.5199967852290373,1.886263,-1.58788
5UY6_1,5UY6,A,Eukaryota,Homo sapiens,Homo sapiens,Protein kinase superfamily,transferase,1.7,282,291,282,114.01719007092204,6.007108497619628,-3.928620980914338,0.1347517730496454,0.1453900709219858,-0.290425531914894,0.0886524822695035,30.734432624113467,0.0709219858156028,0.1843971631205673,0.9184397163120568,-0.0886524822695035,0.1183607812182316,18.69355583190918,0.301418439716312,2.063984,-0.5483574271202087,-1.4415233135223389,-1.434485912322998,-1.2780474424362185,-1.3085575103759766,-0.9649054408073424,-1.259596,-1.485924,-1.0271671376329787,,,-0.2841526058548731,-1.6666608228751107,2.063984,-1.231644
7Z3H_1,7Z3H,A,Eukaryota,Thermochaetoides thermophila,Thermochaetoides thermophila,GcvT family,other,2.4,372,432,372,109.39043064516127,6.849632835388183,-0.3287190182286323,0.1182795698924731,0.1370967741935483,-0.1596774193548387,0.0672043010752688,35.0983870967742,0.0618279569892473,0.2688172043010753,0.9005376344086022,-0.271505376344086,0.1586700622524052,20.1181583404541,0.3010752688172043,1.714517,-1.9268457889556885,-1.605743408203125,-1.6727564334869385,-1.458844780921936,-1.482048749923706,-1.526894211769104,-1.456541,-1.807307,-1.139273202547463,,,-2.2202136952389955,-2.7767356954595095,1.714517,-1.286346
3RRW_1,3RRW,A,Eukaryota,Arabidopsis thaliana,Arabidopsis thaliana,Peroxidase family,oxidoreductase,2.5,255,268,255,109.46751882352932,6.642227363586426,-0.2244456460192019,0.1176470588235294,0.1176470588235294,-0.3698039215686276,0.0823529411764705,39.33803921568628,0.0392156862745098,0.3254901960784314,0.8941176470588235,0.5490196078431373,0.1950306840293369,17.05701446533203,0.3019607843137254,1.848127,-2.1105709075927734,-1.5886965990066528,-1.584694743156433,-1.5179163217544556,-1.5077471733093262,-0.6453035473823547,-1.686011,-2.315738,-1.2348679486443015,-1.3197777271270752,-1.392303228378296,-0.9915971344592523,-3.0967550838694855,1.848127,-2.241834
3LPY_1,3LPY,A,Eukaryota,Homo sapiens,Homo sapiens,Cyclophilin-type PPIase family,isomerase,2.0,79,79,79,111.56684303797462,4.398849296569825,-9.33740068453043,0.2025316455696202,0.1139240506329113,-0.0265822784810126,0.1012658227848101,23.99367088607595,0.0253164556962025,0.2531645569620253,0.9113924050632912,-0.0253164556962025,0.3741827792460704,11.395600318908691,0.3037974683544304,2.037626,-0.3853400647640228,-1.50308096408844,-1.5380101203918457,-1.4673017263412476,-1.5352693796157837,-1.0012449026107788,-1.261183,-1.450713,-1.2208874859387362,-1.5489214658737185,-0.3764359652996063,-0.6342926991136768,-3.033467739443236,2.037626,-1.57191
1PBK_1,1PBK,A,Eukaryota,Homo sapiens,Homo sapiens,FKBP-type PPIase family,isomerase,2.5,116,116,116,111.52402931034476,9.477900123596193,7.044625265895441,0.1293103448275862,0.1982758620689655,-0.6862068965517245,0.0862068965517241,12.847413793103447,0.0603448275862068,0.2586206896551724,0.8620689655172413,-0.5517241379310345,0.3424126698865551,13.420571327209473,0.3017241379310345,1.951447,-0.646101176738739,-1.4995932579040527,-1.481188416481018,-1.4675774574279783,-1.4416706562042236,-0.5515627264976501,-1.159777,-1.204403,-1.4882612557246768,-1.3711153268814087,-0.5543206334114075,-0.4155732845437938,-2.474942700616245,1.951447,-2.290457
1A2B_1,1A2B,A,Eukaryota,Homo sapiens,Homo sapiens,Small GTPase superfamily,GTPase,2.4,178,182,178,113.53914101123586,4.987246513366698,-7.072357172108571,0.1741573033707865,0.146067415730337,-0.3589887640449438,0.0786516853932584,51.683146067415734,0.0617977528089887,0.196629213483146,0.8932584269662921,-0.0842696629213483,0.2020219087043451,14.890691757202148,0.3033707865168539,1.843968,-0.1201434955000877,-1.568913459777832,-1.6289057731628418,-1.6438442468643188,-1.6582187414169312,-0.2904343008995056,-0.784356,-0.80825,-0.7432855327477615,-1.4580379724502563,-0.1034739390015602,-0.2678096214037263,-1.922300874517205,1.843968,-1.635021
6I9S_1,6I9S,A,Eukaryota,Homo sapiens,Homo sapiens,Immunoglobulin superfamily,membrane,2.48,187,208,187,113.850085026738,5.426100349426269,-3.145470845586459,0.1764705882352941,0.1657754010695186,-0.6818181818181815,0.0588235294117647,36.80106951871656,0.0641711229946524,0.2299465240641711,0.9732620320855616,-0.7593582887700535,0.1797815219403813,24.405784606933594,0.2994652406417112,2.01515,-0.5198999643325806,-1.5163737535476685,-1.5713592767715454,-1.529902696609497,-1.5748679637908936,-0.7005688548088074,-1.445558,-1.622589,-1.3868982651654411,-1.515721559524536,-0.4899512827396393,-0.3244853300206801,-2.6839855826474768,2.01515,-2.07968
1QDE_1,1QDE,A,Eukaryota,Saccharomyces cerevisiae,Saccharomyces cerevisiae,DEAD box helicase family,translation_factor,2.0,201,224,201,112.51794477611944,6.358032417297363,-0.9597083119818884,0.1144278606965174,0.1243781094527363,0.0303482587064677,0.0746268656716417,40.97412935323383,0.044776119402985,0.2388059701492537,0.8756218905472637,0.0895522388059701,0.2233161921485011,15.038765907287598,0.2985074626865671,2.052462,-1.2488473653793335,-1.4375009536743164,-1.4434316158294678,-1.4475756883621216,-1.4747942686080933,-1.3856323957443235,-1.065374,-1.207159,,,,-1.1917144623561875,-2.241860157221704,2.052462,-2.022534
6LBK_1,6LBK,A,Eukaryota,Rattus norvegicus,Rattus norvegicus,DNA polymerase type-B-like family,transferase,2.4956881144,325,380,325,115.31999353846174,9.343612480163577,12.235544945002196,0.1015384615384615,0.1692307692307692,-0.2972307692307693,0.0861538461538461,47.34584615384614,0.0492307692307692,0.2092307692307692,0.8892307692307692,0.2369230769230769,0.1306871514258655,18.9847354888916,0.3015384615384615,1.703664,-1.3834985494613647,-1.600070238113403,-1.6532598733901978,-1.558098554611206,-1.575376033782959,-0.4649920165538788,-1.437904,-1.630533,-1.2476007549579329,,,-0.6750368088942308,-2.561521183894231,1.703664,-1.536439
4F1M_1,4F1M,A,Eukaryota,Dictyostelium discoideum,Dictyostelium discoideum,Protein kinase superfamily,transferase,2.04,278,287,278,114.28887194244604,5.812946510314942,-5.526378426292851,0.1366906474820143,0.1438848920863309,-0.298201438848921,0.0899280575539568,52.68021582733811,0.0647482014388489,0.2014388489208632,0.8884892086330936,-0.1043165467625899,0.1172125508669239,18.251779556274418,0.302158273381295,1.948192,-1.7812930345535278,-1.5742846727371216,-1.5927587747573853,-1.537476658821106,-1.5347628593444824,-1.3023804426193235,-1.515422,-1.7368,-1.2068493520613195,-1.3733140230178833,-1.3910750150680542,-1.9744065099482917,-2.607106599876349,1.948192,-1.294757
3BS9_1,3BS9,A,Eukaryota,Homo sapiens,Homo sapiens,Pfam:PF00076,RNA-binding,1.95,79,87,79,109.47690506329111,9.39969997406006,1.9395189538092668,0.0759493670886076,0.1265822784810126,-0.110126582278481,0.1392405063291139,25.827848101265825,0.0253164556962025,0.3670886075949367,0.9493670886075948,-0.240506329113924,0.3828043784015165,11.168257713317873,0.3037974683544304,1.943279,-0.7377971410751343,-1.7119648456573486,-1.6098134517669678,-1.597454071044922,-1.5250051021575928,-0.9761000871658324,-1.324124,-1.445226,-1.2331697488132911,-1.522484540939331,-0.6928874850273132,-0.7000393444978739,-2.673566214645965,1.943279,-1.757317
3CQT_1,3CQT,A,Eukaryota,Gallus gallus,Gallus gallus,Protein kinase superfamily,transferase,1.6,58,79,58,114.64075689655172,4.247714424133301,-7.434537080749973,0.1896551724137931,0.0862068965517241,-0.5086206896551725,0.1551724137931034,41.88275862068965,0.0344827586206896,0.3275862068965517,0.896551724137931,-0.896551724137931,0.3485869847031371,9.729511260986328,0.3103448275862069,2.236893,-1.1086113452911377,-1.375240445137024,-1.3391331434249878,-1.1235190629959106,-1.255620360374451,-1.4824939966201782,-1.10721,-1.336996,-1.194872231319033,-1.234729290008545,-0.8651991486549377,-1.2879159861597522,-2.3695415628367456,2.236893,-1.30898
5T9P_1,5T9P,A,Eukaryota,Saccharomyces cerevisiae,Saccharomyces cerevisiae,Pfam:PF00076,RNA-binding,2.0,97,111,97,117.75451649484528,9.76343059539795,8.188398109027478,0.1030927835051546,0.2268041237113402,-0.5350515463917527,0.1237113402061855,37.21649484536082,0.0206185567010309,0.1855670103092783,0.9175257731958764,-0.1958762886597938,0.3346298031865042,12.096324920654297,0.2989690721649484,1.85759,-1.4967970848083496,-1.4921225309371948,-1.4691903591156006,-1.4082059860229492,-1.4348918199539185,-1.6171382665634155,-1.401462,-1.683172,-1.270709480206991,-1.4101482629776,-1.126381516456604,-1.105179855503987,-3.0491927628664626,1.85759,-2.350768
8JSC_1,8JSC,C,Eukaryota,Homo sapiens,Homo sapiens,FAD-dependent oxidoreductase family,oxidoreductase,2.16,363,372,363,108.99221597796162,9.267991065979004,7.514654157398418,0.0881542699724518,0.1294765840220385,0.0267217630853994,0.071625344352617,39.08460055096418,0.0330578512396694,0.2947658402203856,0.9035812672176308,-0.1597796143250689,0.1563875471942839,19.9517765045166,0.3002754820936639,1.984183,-1.1441749334335327,-1.3903439044952393,-1.4442391395568848,-1.349981665611267,-1.3068777322769165,-0.1897523552179336,-1.258453,-1.631604,-1.011126305446152,-1.283237099647522,-0.8455284237861633,-0.3742930935105673,-2.6691282498278235,1.984183,-1.352982
3R1N_1,3R1N,A,Eukaryota,Homo sapiens,Homo sapiens,Protein kinase superfamily,transferase,2.09,274,317,274,115.37539233576668,5.749173164367675,-8.132487219284243,0.1496350364963503,0.1605839416058394,-0.4525547445255479,0.0875912408759124,44.61171532846712,0.0474452554744525,0.2116788321167882,0.8868613138686131,0.1861313868613138,0.1436533662927637,18.263423919677734,0.2992700729927007,1.794009,-1.2971761226654053,-1.58323073387146,-1.6341713666915894,-1.5475285053253174,-1.5840853452682495,-0.6276464462280273,-1.478557,-1.702496,-1.2139855823377623,,,-0.9463251489792428,-2.1512404393105613,1.794009,-1.582545
2D7I_1,2D7I,A,Eukaryota,Homo sapiens,Homo sapiens,Glycosyltransferase 2 family,transferase,2.5,536,570,536,115.42497723880614,8.304575538635255,5.106900346177795,0.1287313432835821,0.166044776119403,-0.5641791044776118,0.1082089552238806,39.87222014925374,0.0652985074626865,0.2257462686567164,0.8787313432835822,-0.2705223880597014,0.0972309056393584,24.95827293395996,0.3003731343283582,1.780871,-0.5364151000976562,-1.6449090242385864,-1.6515662670135498,-1.6562395095825195,-1.6430422067642212,-1.2959855794906616,-1.213413,-1.455313,-1.3568110679512593,-1.5102912187576294,-0.5191615223884583,-0.1560804310129649,-1.9076424214377332,1.780871,-1.543773
2E7P_1,2E7P,A,Eukaryota,Populus tremula x Populus tremuloides,Populus tremula x Populus tremuloides,Glutaredoxin family,other,2.1,107,116,107,107.36427102803732,7.68067569732666,0.615240430280215,0.102803738317757,0.1308411214953271,-0.1644859813084111,0.0560747663551401,33.70280373831776,0.02803738317757,0.308411214953271,0.9252336448598132,0.4018691588785046,0.2283980980488604,12.792278289794922,0.2990654205607476,1.984451,-1.3685654401779177,-1.4642422199249268,-1.4543436765670776,-1.404934287071228,-1.4137181043624878,-1.0810377597808838,-1.003414,-1.162293,-1.0744007859274605,-1.535922884941101,-1.1016491651535034,-1.434915560428227,-2.8458759628723715,1.984451,-1.893644
1EWM_1,1EWM,A,Eukaryota,Trypanosoma cruzi,Trypanosoma cruzi,Peptidase C1 family,hydrolase,2.0,215,215,215,105.59536325581396,4.373612785339356,-13.900031737497326,0.1023255813953488,0.055813953488372,-0.0255813953488372,0.0883720930232558,28.981860465116274,0.0372093023255813,0.3767441860465116,0.8651162790697675,-0.3069767441860465,0.2319864019160936,15.532617568969728,0.3023255813953488,,-1.033968806266785,-1.3950097560882568,-1.468253493309021,-1.3236411809921265,-1.3202825784683228,-1.0102510452270508,-0.968766,-1.083412,-0.8906918547874273,,,-0.7204230729923692,-2.1079533066860465,,
5K6D_1,5K6D,A,Eukaryota,Xenopsylla cheopis,Xenopsylla cheopis,Unclassified,other,1.139,77,78,77,104.80488441558444,8.819677925109865,4.856402007579083,0.1168831168831168,0.2077922077922078,-1.0389610389610386,0.0389610389610389,29.54025974025974,0.0129870129870129,0.3506493506493506,0.9090909090909092,-0.4155844155844156,0.2594975118339604,10.935335159301758,0.2987012987012987,1.993053,-2.854896545410156,-1.400759220123291,-1.3369649648666382,-1.2400574684143066,-1.2690527439117432,-2.649827003479004,-1.355967,-2.828139,-1.0876270640980117,-1.369926691055298,-1.3677417039871216,-3.0079674658837257,-3.9400028377384335,1.993053,-1.249812
2B9E_1,2B9E,A,Eukaryota,Homo sapiens,Homo sapiens,Class I-like SAM-binding methyltransferase superfamily,transferase,1.65,275,309,275,110.012334909091,6.468925285339354,-2.254205560275903,0.1054545454545454,0.1381818181818181,-0.0352727272727271,0.0763636363636363,50.62981818181818,0.0727272727272727,0.2727272727272727,0.8654545454545455,-0.1745454545454545,0.1322399790411317,17.6702938079834,0.3018181818181818,2.077488,-1.115559458732605,-1.3585655689239502,-1.4283924102783203,-1.2835901975631714,-1.2652997970581057,-1.3032904863357544,-1.073961,-1.224896,-0.8056669477982955,,,-0.7907915150035512,-2.7555548650568182,2.077488,-1.16262
1D0Z_1,1D0Z,A,Eukaryota,Dictyostelium discoideum,Dictyostelium discoideum,TRAFAC class myosin-kinesin ATPase superfamily,cytoskeletal,2.0,742,761,742,113.99729878706256,6.635349845886232,-1.8823833271002857,0.1307277628032345,0.1469002695417789,-0.4222371967654974,0.0997304582210242,39.940175202156425,0.0336927223719676,0.2277628032345013,0.8962264150943396,0.1307277628032345,0.115372319795661,27.783363342285156,0.3005390835579515,1.725041,-1.3496084213256836,-1.6498408317565918,-1.6692917346954346,-1.6640002727508545,-1.6827595233917236,-1.458448052406311,-1.217134,-1.37304,-1.6858319799212431,,,-1.392875239534198,-2.1233430024427222,1.725041,-2.120252
5NYK_1,5NYK,A,Eukaryota,Populus tremula x Populus tremuloides,Populus tremula x Populus tremuloides,Pfam:PF00085,other,1.05,118,122,118,116.17830254237282,8.167128944396975,1.2092753917730832,0.1440677966101695,0.1779661016949152,-0.2406779661016948,0.0762711864406779,48.7865254237288,0.0508474576271186,0.1694915254237288,0.9576271186440676,0.2457627118644067,0.264241111252708,12.663208961486816,0.3050847457627119,1.743649,-1.0394113063812256,-1.6359683275222778,-1.6526013612747192,-1.5109400749206543,-1.5433099269866943,-0.5720483660697937,-1.417269,-1.721779,-1.4775412608001193,-1.564532995223999,-0.799563467502594,-0.8492273880263507,-2.8107175665386652,1.743649,-1.955444
3WP5_1,3WP5,A,Eukaryota,Neocallimastix patriciarum,Neocallimastix patriciarum,Glycosyl hydrolase 11 (cellulase G) family,hydrolase,1.32,227,227,227,108.4263171806167,5.789756202697753,-2.845069987483704,0.092511013215859,0.0969162995594713,-0.4295154185022029,0.1365638766519823,24.716784140969164,0.0308370044052863,0.3700440528634361,0.9691629955947136,-0.6343612334801763,0.2977794283372605,15.72747039794922,0.2995594713656387,2.032587,-0.9178172945976256,-1.3225977420806885,-1.3428282737731934,-1.2083736658096311,-1.2101811170578003,-0.7861859798431396,-1.186465,-1.662784,-0.9233609506212144,,,-1.1288850086901157,-3.266666093061674,2.032587,-1.620705
2OVA_1,2OVA,A,Eukaryota,Homo sapiens,Homo sapiens,Calycin superfamily,other,1.5,164,182,164,109.8854884146341,6.0791234970092765,-1.8528718640121615,0.0975609756097561,0.1097560975609756,0.0609756097560975,0.1097560975609756,35.8695731707317,0.0304878048780487,0.3231707317073171,0.9329268292682928,-0.6158536585365854,0.2729476502082094,14.77549171447754,0.298780487804878,1.868424,-1.6056421995162964,-1.5317806005477903,-1.5841951370239258,-1.5501055717468262,-1.5139720439910889,-0.8281241655349731,-1.588874,-2.140149,-1.1924045841868331,,,-1.4024395826386242,-3.096242392935404,1.868424,-1.894171
2I7T_1,2I7T,A,Eukaryota,Homo sapiens,Homo sapiens,Metallo-beta-lactamase superfamily,hydrolase,2.1,404,459,404,113.95399306930716,5.579338264465331,-16.691325341489623,0.1410891089108911,0.1485148514851485,-0.1554455445544554,0.0891089108910891,42.10222772277228,0.042079207920792,0.2301980198019801,0.9158415841584158,-0.2277227722772277,0.1633277318557544,20.796239852905273,0.2995049504950495,1.911322,-1.1420468091964722,-1.428011178970337,-1.4966427087783811,-1.421379804611206,-1.4381611347198486,-0.2947306036949157,-1.214769,-1.473763,-1.3023760200727104,,,-0.5894906072333308,-1.6821894881748918,1.911322,-1.487997
3LRE_1,3LRE,A,Eukaryota,Homo sapiens,Homo sapiens,TRAFAC class myosin-kinesin ATPase superfamily,cytoskeletal,2.2,289,355,289,111.72523183391016,8.884919929504395,5.446527111073539,0.1038062283737024,0.1591695501730103,-0.252249134948097,0.0692041522491349,38.241557093425605,0.0242214532871972,0.2664359861591695,0.9134948096885812,-0.1591695501730103,0.2454134997387592,17.99993324279785,0.301038062283737,1.74526,-1.3697127103805542,-1.654186487197876,-1.6994643211364746,-1.6763120889663696,-1.6320650577545166,-1.5067328214645386,-1.319605,-1.494148,-1.168662417718696,,,-0.901769090276276,-2.2279720108401815,1.74526,-1.757761
4GT4_1,4GT4,A,Eukaryota,Homo sapiens,Homo sapiens,Protein kinase superfamily,transferase,2.406,274,308,274,115.22311569343078,6.898116493225097,-0.3018312521952566,0.1204379562043795,0.156934306569343,-0.1295620437956204,0.1131386861313868,41.27919708029196,0.0474452554744525,0.2080291970802919,0.9306569343065694,-0.0474452554744525,0.129609647730879,18.02503776550293,0.2992700729927007,1.79419,-1.161201000213623,-1.6136341094970703,-1.669134259223938,-1.516981601715088,-1.495406150817871,-0.8082627654075623,-1.483083,-1.65697,-1.2296103595817176,,,-0.7699774303575502,-2.129254863209968,1.79419,-1.578506
8R4V_1,8R4V,A,Eukaryota,Homo sapiens,Homo sapiens,Protein kinase superfamily,transferase,1.9,318,328,318,115.1263650943398,8.15500888824463,2.70489263056595,0.1289308176100629,0.1698113207547169,-0.1943396226415094,0.0911949685534591,40.61352201257862,0.0345911949685534,0.2044025157232704,0.9245283018867924,0.220125786163522,0.1078746990650019,19.68811416625977,0.3018867924528302,1.993724,-0.6497064828872681,-1.497183084487915,-1.5257364511489868,-1.4329510927200315,-1.4499834775924685,-1.0460232496261597,-1.109471,-1.229987,,,,-0.3163631127315497,-1.9685881992556016,1.993724,-1.568066
8ONX_1,8ONX,A,Eukaryota,Thermochaetoides thermophila,Thermochaetoides thermophila,Peptidase M24A family,hydrolase,1.3,371,376,371,111.20484393531,5.693414115905762,-8.942508047496638,0.137466307277628,0.1428571428571428,-0.4118598382749331,0.0781671159029649,37.71940700808625,0.0512129380053908,0.2506738544474394,0.9002695417789757,-0.0970350404312668,0.1910347946802753,19.448823928833008,0.2991913746630728,1.967967,-0.8536393642425537,-1.4017518758773804,-1.4219173192977903,-1.2219802141189575,-1.2340158224105835,-1.198085904121399,-1.005712,-1.214549,-1.0426919530986776,-1.0707025527954102,-0.6605470776557922,-0.914867719871336,-2.4384907108111524,1.967967,-1.156465
2OYP_1,2OYP,A,Eukaryota,Mus musculus,Mus musculus,Immunoglobulin superfamily,membrane,1.952,109,109,109,113.78172568807328,8.518481636047362,2.53130785403045,0.110091743119266,0.146788990825688,-0.4770642201834863,0.091743119266055,11.696330275229354,0.0458715596330275,0.2201834862385321,0.9724770642201837,-0.7889908256880734,0.3435487019324614,13.013646125793455,0.3027522935779816,2.002909,-1.3978205919265747,-1.44952392578125,-1.4908485412597656,-1.3133690357208252,-1.2984881401062012,-1.1288025379180908,-1.29491,-1.473194,-1.2159724804239536,-1.341677188873291,-1.11834454536438,-1.44775390625,-3.0979272684919725,2.002909,-1.525931
1TEV_1,1TEV,A,Eukaryota,Homo sapiens,Homo sapiens,Adenylate kinase family,transferase,2.1,194,196,194,113.20987525773197,5.280478858947753,-3.951576198922673,0.1701030927835051,0.154639175257732,-0.5680412371134022,0.0773195876288659,32.26752577319588,0.0309278350515463,0.2164948453608247,0.9381443298969072,0.3917525773195876,0.2275960763609081,16.385107040405273,0.2989690721649484,1.844737,-0.103170059621334,-1.6166744232177734,-1.6015704870224,-1.5199108123779297,-1.5477004051208496,-0.541879415512085,-0.966544,-0.970197,-0.9903178264185324,-1.442832350730896,-0.1038922742009162,-0.2617533575628221,-2.119299662481878,1.844737,-1.933987
1RPK_1,1RPK,A,Eukaryota,Hordeum vulgare,Hordeum vulgare,Glycosyl hydrolase 13 family,hydrolase,2.0,404,405,404,110.09055445544564,5.329076194763183,-13.106335775033171,0.1237623762376237,0.1212871287128713,-0.2425742574257433,0.1163366336633663,20.092351485148495,0.042079207920792,0.3019801980198019,0.8762376237623762,-0.089108910891089,0.1042079207920792,20.56356430053711,0.2995049504950495,2.022549,-0.9138070344924928,-1.382110595703125,-1.418515920639038,-1.3952544927597046,-1.3607957363128662,-0.6986634135246277,-1.220075,-1.431231,-1.0739786884572249,-1.16740083694458,-0.733625054359436,-0.6483399797194075,-1.907531436127011,2.022549,-1.24268
3DLS_1,3DLS,A,Eukaryota,Homo sapiens,Homo sapiens,Protein kinase superfamily,transferase,2.3,285,335,285,113.92998771929838,4.740394783020019,-17.741205013038517,0.1614035087719298,0.1157894736842105,0.0101754385964911,0.1122807017543859,32.863543859649106,0.0491228070175438,0.2140350877192982,0.9017543859649122,-0.0175438596491228,0.1217383560423902,18.730308532714844,0.3017543859649123,1.969117,-0.4867982566356659,-1.4023220539093018,-1.4718197584152222,-1.313352108001709,-1.346192717552185,-1.2333472967147827,-1.375829,-1.667044,-1.0675389340049342,-1.2183338403701782,-0.4281650483608246,-0.4154394852487664,-1.893371153714364,1.969117,-1.274627
5NXC_1,5NXC,L,Eukaryota,Homo sapiens,Homo sapiens,Protein kinase superfamily,transferase,2.25,274,310,274,115.90321678832126,7.614174079895021,1.2970248895506489,0.1240875912408759,0.1642335766423357,-0.2715328467153285,0.1058394160583941,31.943795620437943,0.0620437956204379,0.1824817518248175,0.9014598540145986,0.1277372262773722,0.1105657873320729,18.53682518005371,0.2992700729927007,1.915367,-0.7531483769416809,-1.529245138168335,-1.5591630935668943,-1.4616799354553225,-1.430068850517273,-0.8290226459503174,-1.381518,-1.748139,-1.15757762602646,,,-0.498682732129619,-2.1323464943544708,1.915367,-1.435899
2R0J_1,2R0J,A,Eukaryota,Plasmodium falciparum,Plasmodium falciparum,Ubiquitin-conjugating enzyme family,ligase,1.85,147,149,147,114.73554489795907,6.47659854888916,-0.8799641709836727,0.129251700680272,0.1496598639455782,-0.6054421768707486,0.0816326530612245,49.658503401360534,0.1156462585034013,0.1700680272108843,0.8911564625850341,-0.0476190476190476,0.1678502121851875,14.844831466674805,0.2993197278911564,1.846427,-1.0663920640945437,-1.585418939590454,-1.6173806190490725,-1.5324305295944214,-1.5257630348205566,-1.6014894247055054,-1.058547,-1.235623,-1.1997446073155824,-1.6356536149978638,-1.0202349424362185,-1.2559467756829297,-2.2134166899181547,1.846427,-1.972568
8OT5_1,8OT5,A,Eukaryota,Homo sapiens,Homo sapiens,Protein kinase superfamily,transferase,1.56,104,105,104,110.90336153846144,5.674202537536622,-2.3641035333519955,0.1442307692307692,0.1442307692307692,-0.5836538461538461,0.0769230769230769,31.564423076923067,0.0769230769230769,0.25,0.9615384615384616,-0.7692307692307693,0.3567865581517458,13.452442169189451,0.2980769230769231,1.851626,-1.1844433546066284,-1.6628340482711792,-1.5877655744552612,-1.4803475141525269,-1.5527825355529783,-1.4288544654846191,-1.446681,-1.673984,-1.3242464799147389,-1.400463581085205,-1.0043636560440063,-0.7150286160982572,-3.11068842961238,1.851626,-1.910649
4C1I_1,4C1I,A,Eukaryota,Homo sapiens,Homo sapiens,Cyclic nucleotide phosphodiesterase family,hydrolase,2.4,325,353,325,117.11539076923096,6.654731941223146,-1.7231195408100035,0.123076923076923,0.1661538461538461,-0.2947692307692308,0.1107692307692307,37.46676923076924,0.0307692307692307,0.2092307692307692,0.8892307692307692,0.6,0.1047711184521,18.711584091186523,0.3015384615384615,1.665421,-0.5458483099937439,-1.672281265258789,-1.6844449043273926,-1.625343680381775,-1.6104886531829834,-1.2501965761184692,-1.515498,-1.741624,-1.2952738131009616,-1.4031896591186523,-0.4381648600101471,-0.2270708759014423,-2.501026141826923,1.665421,-1.751707
8TQD_1,8TQD,A,Eukaryota,Homo sapiens,Homo sapiens,Pfam:PF12796,DNA-binding,2.02,200,207,200,110.8967105,8.931530570983888,5.3408506517020875,0.105,0.165,-0.287,0.07,36.00249999999998,0.055,0.25,0.9,-0.45,0.233605577689243,16.093894958496094,0.3,1.855842,-1.727040410041809,-1.5140985250473022,-1.5419082641601562,-1.394251585006714,-1.3714288473129272,-1.062380075454712,-1.658656,-2.783925,-1.1761227416992188,,,-0.4688975524902343,-2.4561233520507812,1.855842,-1.46716
4KI9_1,4KI9,A,Eukaryota,Homo sapiens,Homo sapiens,Protein-tyrosine phosphatase family,hydrolase,2.0,157,163,157,111.41278726114643,5.129002952575683,-7.109643276840924,0.1464968152866242,0.1273885350318471,-0.1152866242038216,0.0891719745222929,31.780254777070056,0.0445859872611464,0.2738853503184713,0.9171974522292994,0.1910828025477707,0.181620706159567,14.317217826843262,0.2993630573248407,2.046751,-1.689312219619751,-1.4332232475280762,-1.4364705085754397,-1.2216002941131592,-1.2640557289123535,-0.7592779397964478,-1.455745,-1.61631,-1.0259873699990048,,,-1.0153514108840067,-2.8768011202478103,2.046751,-1.54546
3SOC_1,3SOC,A,Eukaryota,Homo sapiens,Homo sapiens,Protein kinase superfamily,transferase,1.95,307,322,307,113.3992609120522,5.6955171585083,-8.286286324894526,0.1400651465798045,0.1465798045602605,-0.2661237785016286,0.0879478827361563,44.250814332247565,0.0325732899022801,0.2377850162866449,0.9055374592833876,0.019543973941368,0.1228797708008284,18.736183166503903,0.2996742671009772,1.847601,-0.4766899347305298,-1.5776917934417725,-1.5746583938598633,-1.4548102617263794,-1.494922399520874,-0.408080905675888,-1.314357,-1.549485,-1.2305359483153502,,,-0.4159413191705262,-1.6853150606932004,1.847601,-1.536122
4FD7_1,4FD7,A,Eukaryota,Aedes aegypti,Aedes aegypti,Pfam:PF00583,transferase,1.8,237,238,237,114.71571518987346,6.137099266052245,-1.90436539925793,0.1308016877637131,0.1392405063291139,-0.2898734177215192,0.1139240506329113,39.803375527426155,0.0337552742616033,0.2362869198312236,0.9324894514767932,-0.0126582278481012,0.1628085880131477,16.411718368530273,0.2995780590717299,1.836234,-1.79076886177063,-1.4798331260681152,-1.504630208015442,-1.4955178499221802,-1.4634548425674438,-0.9826360940933228,-1.420941,-1.81757,-1.0174564409859572,-1.1203699111938477,-1.206203818321228,-2.339272028283228,-3.160108864055907,1.836234,-1.219583
2IBB_1,2IBB,A,Eukaryota,Drosophila melanogaster,Drosophila melanogaster,Immunoglobulin superfamily,membrane,2.4,208,213,208,113.53587644230768,9.2579984664917,4.826019758652713,0.0913461538461538,0.1346153846153846,-0.5052884615384619,0.125,44.46495192307693,0.0769230769230769,0.2980769230769231,0.9615384615384616,-0.8173076923076923,0.2037520903010033,16.912866592407227,0.3028846153846153,1.800031,-2.0959043502807617,-1.6875216960906982,-1.6650722026824951,-1.653913974761963,-1.6569020748138428,-0.675501823425293,-1.788568,-2.267788,-1.4454696361835186,,,-1.658137688269982,-3.175916818472055,1.800031,-2.191998
3KX2_1,3KX2,A,Eukaryota,Saccharomyces cerevisiae,Saccharomyces cerevisiae,DEAD box helicase family,hydrolase,2.2,755,767,755,114.14718927152384,5.618500328063964,-18.5756548654668,0.1483443708609271,0.1496688741721854,-0.4309933774834424,0.0834437086092715,45.16304635761604,0.0556291390728476,0.2264900662251655,0.9165562913907284,0.1165562913907284,0.0951011625519878,26.47746467590332,0.3006622516556291,1.740836,-1.0859966278076172,-1.5988012552261353,-1.6243455410003662,-1.5182199478149414,-1.5488876104354858,-1.3455051183700562,-1.147367,-1.329511,-1.5882185171771523,-1.5113229751586914,-0.8865331411361694,-0.7358906929066639,-1.921073539683361,1.740836,-1.918148
4ERN_1,4ERN,A,Eukaryota,Homo sapiens,Homo sapiens,Helicase family,isomerase,1.8,229,289,229,115.83935764192132,8.984007835388184,5.026295807034586,0.1222707423580786,0.1572052401746725,-0.3921397379912666,0.1091703056768559,45.687860262008726,0.0305676855895196,0.2183406113537118,0.868995633187773,0.0917030567685589,0.2749868995633188,16.258975982666016,0.3013100436681222,1.681987,-0.4689615964889526,-1.6726943254470823,-1.7398643493652344,-1.5343093872070312,-1.5176151990890503,-0.4859880208969116,-1.294839,-1.56572,-1.1813850236251364,-1.244709610939026,-0.3334110677242279,-0.2501754427580854,-2.5821581178356987,1.681987,-1.596479
2EW1_1,2EW1,A,Eukaryota,Homo sapiens,Homo sapiens,Small GTPase superfamily,GTPase,2.0,171,201,171,114.6027730994152,4.963658332824706,-5.237741658987591,0.1520467836257309,0.1228070175438596,-0.2409356725146199,0.1052631578947368,51.82339181286549,0.0175438596491228,0.2456140350877192,0.9239766081871345,-0.0467836257309941,0.2068328716528162,14.449444770812988,0.2982456140350877,1.816889,-0.7940430045127869,-1.6194740533828735,-1.6248704195022583,-1.5366798639297483,-1.563140869140625,-1.3752840757369995,-1.078999,-1.310104,-1.0688576503106726,-1.6204614639282229,-0.7206601500511169,-0.1946363839489674,-1.668054413377193,1.816889,-1.760376
4X2M_1,4X2M,A,Eukaryota,Thermochaetoides thermophila,Thermochaetoides thermophila,Unclassified,other,2.0,177,183,177,114.57990564971752,9.119326972961428,4.284138338089541,0.1016949152542373,0.1581920903954802,-0.5310734463276837,0.1186440677966101,36.42090395480225,0.0564971751412429,0.2598870056497175,0.9096045197740112,-0.1751412429378531,0.1989891507995294,16.84947395324707,0.2994350282485876,1.870974,-2.8834643363952637,-1.5825982093811035,-1.6660435199737549,-1.5278339385986328,-1.4849050045013428,-1.807829976081848,-1.706245,-2.887232,-1.3122018932622703,,,-3.0090635482874295,-3.501440705552613,1.870974,-2.675978
2NQ3_1,2NQ3,A,Eukaryota,Homo sapiens,Homo sapiens,Pfam:PF00168,transferase,1.8,131,173,131,111.33317175572512,6.704636573791503,-0.3640451571898104,0.1145038167938931,0.1297709923664122,-0.284732824427481,0.0534351145038167,34.16946564885495,0.0458015267175572,0.2595419847328244,0.9618320610687024,-0.8091603053435115,0.2689846886996426,14.37102508544922,0.2977099236641221,1.785681,-1.253453254699707,-1.609451413154602,-1.65011465549469,-1.421277403831482,-1.4449454545974731,-0.8409990668296814,-1.666699,-2.033973,-1.259940809875954,,,-0.6597441462160066,-2.6477195215589218,1.785681,-1.837876
5GZ8_1,5GZ8,A,Eukaryota,Mus musculus,Mus musculus,Protein kinase superfamily,transferase,2.5,272,305,272,115.85552573529428,5.795951652526855,-8.121817713131602,0.1360294117647059,0.150735294117647,-0.3363970588235296,0.088235294117647,45.33566176470588,0.0477941176470588,0.1985294117647059,0.8970588235294118,0.0367647058823529,0.1246221049395367,18.69721221923828,0.3014705882352941,1.827956,-2.031241655349731,-1.5500589609146118,-1.572875738143921,-1.3848644495010376,-1.4223790168762207,-0.7328277826309204,-1.486567,-2.210826,-1.0866809171788834,,,-1.3635763280531938,-3.115636713364545,1.827956,-1.298031
3QLN_1,3QLN,A,Eukaryota,Homo sapiens,Homo sapiens,SNF2/RAD54 helicase family,hydrolase,1.901,123,129,123,115.74057154471534,5.221593666076658,-5.0111044222964285,0.1300813008130081,0.1219512195121951,-0.3455284552845528,0.097560975609756,60.7178861788618,0.024390243902439,0.1707317073170731,0.853658536585366,-0.0081300813008129,0.1684185461101472,13.981122016906738,0.3008130081300813,1.704978,-0.3479097783565521,-1.710062861442566,-1.758808135986328,-1.776870846748352,-1.7944083213806152,-0.2953287363052368,-1.972193,-2.428032,-1.6413367046573295,-1.7629483938217163,-0.3449076414108276,-0.4202312066303036,-2.140367461413872,1.704978,-2.432123
3TWK_1,3TWK,A,Eukaryota,Arabidopsis thaliana,Arabidopsis thaliana,FPG family,hydrolase,2.3,293,297,293,111.38940034129698,8.398634910583496,2.585655740661579,0.136518771331058,0.167235494880546,-0.3058020477815704,0.0819112627986348,37.85699658703073,0.0546075085324232,0.2662116040955631,0.8805460750853242,-0.0136518771331057,0.1338180738982045,19.774974822998047,0.3003412969283277,1.960768,-0.7635274529457092,-1.4251869916915894,-1.4408848285675049,-1.3604494333267212,-1.380632996559143,-0.6490995287895203,-1.19112,-1.453579,-0.9078300397957552,-1.06260883808136,-0.5670914053916931,-0.7505290060726856,-2.986186056820606,1.960768,-1.822722
4GC5_1,4GC5,A,Eukaryota,Mus musculus,Mus musculus,Class I-like SAM-binding methyltransferase superfamily,transferase,1.801,319,345,319,113.86272288401268,9.57692356109619,13.450302397604156,0.1003134796238244,0.1661442006269592,-0.1310344827586206,0.0846394984326018,38.707210031347955,0.0721003134796238,0.2006269592476489,0.8840125391849529,0.0940438871473354,0.1014188379588895,21.507482528686523,0.3009404388714733,1.815508,-1.0580092668533323,-1.607236623764038,-1.6056926250457764,-1.546461582183838,-1.5094804763793943,-0.5586294531822205,-1.43254,-1.848009,-1.086923820471689,-1.2802668809890747,-0.7769638299942017,-0.6286888002975607,-2.360625933703958,1.815508,-2.811086
7A1R_1,7A1R,A,Eukaryota,Trypanosoma brucei brucei,Trypanosoma brucei brucei,Pfam:PF00168,membrane,1.5,121,136,121,112.46763966942136,8.80272274017334,1.9387299097749455,0.1239669421487603,0.1570247933884297,-0.2520661157024794,0.0495867768595041,35.216528925619826,0.0413223140495867,0.2231404958677686,0.9834710743801652,-0.71900826446281,0.3235374897006317,13.959480285644531,0.2975206611570248,1.907441,-2.0713255405426025,-1.4721477031707764,-1.5364750623703003,-1.3924952745437622,-1.356082797050476,-1.4896467924118042,-1.478502,-1.794731,-1.207729371126033,-1.331873655319214,-1.3290597200393677,-2.52535783751937,-3.2199308537254647,1.907441,-1.585273
5Z1V_1,5Z1V,A,Eukaryota,Pyricularia oryzae,Pyricularia oryzae,Unclassified,other,1.661,58,64,58,112.3497982758621,8.316244316101074,0.9489580955186973,0.1206896551724138,0.1724137931034483,-0.5379310344827586,0.0862068965517241,14.672413793103448,0.0344827586206896,0.3275862068965517,0.9827586206896552,-0.6379310344827586,0.283352176370831,10.80102825164795,0.3103448275862069,2.110662,-2.5595884323120117,-1.5063649415969849,-1.567615985870361,-1.335624933242798,-1.3217482566833496,-2.232043027877808,-1.459831,-2.189064,-1.3887479058627423,-1.2803277969360352,-1.5295199155807495,-2.9804219213025323,-3.1506145082671067,2.110662,-3.939398
3DXL_1,3DXL,A,Eukaryota,Aedes aegypti,Aedes aegypti,PBP/GOBP family,other,1.3,299,303,299,115.79586789297672,6.941996192932128,-0.1216037341503977,0.157190635451505,0.1739130434782608,-0.7692307692307698,0.1103678929765886,40.838461538461544,0.0468227424749163,0.1906354515050167,0.8996655518394648,0.4983277591973244,0.1149959323872367,19.924171447753903,0.3010033444816054,1.761956,-2.5503954887390137,-1.5386238098144531,-1.595917582511902,-1.3855549097061155,-1.3666635751724243,-1.080703616142273,-1.488442,-2.37863,-1.0099123951583402,,,-3.106135441706731,-3.1904084578804346,1.761956,-1.297592
9L35_1,9L35,A,Eukaryota,Caenorhabditis elegans,Caenorhabditis elegans,Unclassified,other,1.597,297,306,297,113.50130000000009,5.319527244567872,-8.02410907718513,0.1548821548821549,0.1447811447811448,-0.3912457912457919,0.1111111111111111,26.670740740740744,0.037037037037037,0.2525252525252525,0.9124579124579124,-0.67003367003367,0.1234683605817626,17.611055374145508,0.2996632996632997,1.865132,-2.509695529937744,-1.5195978879928589,-1.5396270751953125,-1.3495665788650513,-1.392813801765442,-1.6294664144515991,-1.596149,-2.278845,-1.10680124815867,-1.2690309286117554,-1.4560394287109375,-2.8375293461963382,-3.19509918521149,1.865132,-1.253851
7O86_1,7O86,A,Eukaryota,Homo sapiens,Homo sapiens,Protein kinase superfamily,transferase,1.73,96,106,96,107.89270937499997,4.986450767517089,-3.154431024923488,0.1458333333333333,0.125,0.0510416666666666,0.0520833333333333,18.073958333333337,0.03125,0.2708333333333333,0.9166666666666666,-0.1666666666666666,0.2422138047138047,12.367241859436035,0.3020833333333333,1.801745,-0.607282817363739,-1.6349307298660278,-1.6168817281723022,-1.4037967920303345,-1.421887755393982,-0.1307326406240463,-1.543063,-2.83124,-1.277677059173584,-1.3999924659729004,-0.4115719497203827,-0.4233150879542033,-3.1001764933268228,1.801745,-1.682212
9EMP_1,9EMP,A,Eukaryota,Homo sapiens,Homo sapiens,Pfam:PF00583,transferase,1.45,330,334,330,110.77147818181828,7.709606742858887,1.042485717965711,0.1121212121212121,0.1333333333333333,-0.1193939393939394,0.0727272727272727,39.305757575757575,0.0575757575757575,0.2666666666666667,0.896969696969697,-0.0242424242424242,0.1819436015697698,20.09554672241211,0.3,1.737933,-2.3073394298553467,-1.6265010833740234,-1.613804817199707,-1.4780819416046145,-1.442697286605835,-0.206673577427864,-1.521782,-2.303729,-1.0915286902225378,-1.3309342861175537,-1.3854594230651855,-1.3677608605587122,-3.077053740530303,1.737933,-1.444886
2B7A_1,2B7A,A,Eukaryota,Homo sapiens,Homo sapiens,Protein kinase superfamily,transferase,2.0,286,293,286,117.58109335664348,6.789610862731934,-0.5419481421633279,0.1433566433566433,0.1678321678321678,-0.576573426573427,0.1048951048951049,49.61433566433568,0.0419580419580419,0.1678321678321678,0.9230769230769232,0.1398601398601398,0.1165558297911239,18.41956329345703,0.3006993006993007,1.930263,-0.9119418263435364,-1.563711404800415,-1.5601234436035156,-1.484384059906006,-1.48744797706604,-1.5842572450637815,-1.350266,-1.599236,,,,-0.4957900680862107,-2.0266170901852054,1.930263,-1.720152
3PP0_1,3PP0,A,Eukaryota,Homo sapiens,Homo sapiens,Protein kinase superfamily,transferase,2.25,286,338,286,113.97791888111914,8.48025188446045,3.2216564198937263,0.1223776223776223,0.1503496503496503,-0.1311188811188811,0.0769230769230769,45.24160839160839,0.0559440559440559,0.2097902097902098,0.8846153846153846,0.0384615384615384,0.1308056415253965,18.062780380249023,0.3006993006993007,1.841663,-0.5777559876441956,-1.64188814163208,-1.654330849647522,-1.6074514389038086,-1.5837286710739136,-0.2889723181724548,-1.32076,-1.608826,-1.155396894975142,,,-0.4143528971638713,-1.9022643616149475,1.841663,-1.508475
4Q3I_1,4Q3I,A,Eukaryota,Oryza sativa,Oryza sativa,Protein kinase superfamily,transferase,2.35,219,244,219,111.33030958904118,7.742914390563965,0.888171177097945,0.0776255707762557,0.091324200913242,-0.3095890410958902,0.0730593607305936,33.353424657534234,0.0547945205479452,0.2557077625570776,0.7123287671232876,-0.4840182648401827,0.1034358859196047,17.63725471496582,0.3013698630136986,2.106303,-1.1438924074172974,-1.4711616039276123,-1.5001304149627686,-1.400704264640808,-1.4052678346633911,-1.3054934740066528,-1.134283,-1.300501,-1.1857943600171232,-1.3089491128921509,-0.9603193402290344,-0.9116775303670804,-2.2962239583333335,2.106303,-2.580427
8B2H_1,8B2H,A,Eukaryota,Thermothielavioides terrestris,Thermothielavioides terrestris,Unclassified,other,2.36,143,227,143,105.74158951048943,9.325174522399902,6.082829256032717,0.0769230769230769,0.1468531468531468,-0.2503496503496503,0.0699300699300699,41.76153846153846,0.0419580419580419,0.3566433566433566,0.8461538461538461,0.4405594405594405,0.2075222075222075,13.3317289352417,0.3006993006993007,2.026809,-1.452809453010559,-1.3889307975769043,-1.4558637142181396,-1.3012608289718628,-1.2453269958496094,-0.7246146202087402,-1.039827,-1.403927,-0.8636539699314357,-1.2117877006530762,-0.9597232937812804,-1.4760129701841127,-3.059747015679633,2.026809,-1.699616
8AFO_1,8AFO,A,Eukaryota,Homo sapiens,Homo sapiens,Immunoglobulin superfamily,membrane,1.99,199,216,199,111.163227638191,5.825564765930175,-2.8612046146123618,0.100502512562814,0.1055276381909547,-0.4874371859296483,0.100502512562814,37.05376884422109,0.0854271356783919,0.2814070351758794,0.949748743718593,-0.8492462311557789,0.1827966452226104,22.835859298706055,0.3015075376884422,1.995226,-1.50586998462677,-1.421444058418274,-1.4009743928909302,-1.279567003250122,-1.2758045196533203,-0.7987970113754272,-1.448222,-1.770392,-1.149686267028502,,,-1.3994712637896514,-2.7720358383715453,1.995226,-1.626129
4I92_1,4I92,A,Eukaryota,Arabidopsis thaliana,Arabidopsis thaliana,Protein kinase superfamily,transferase,1.6,289,300,289,114.4581712802769,8.27124538421631,2.5504571550759394,0.1245674740484429,0.1626297577854671,-0.4570934256055366,0.0830449826989619,39.77647058823529,0.0519031141868512,0.2387543252595155,0.8719723183391004,0.0415224913494809,0.1341785802155693,18.051454544067383,0.301038062283737,1.828736,-0.6133170127868652,-1.6257301568984983,-1.6677041053771973,-1.429502010345459,-1.4216513633728027,-0.9975005984306335,-1.624813,-1.987127,-1.0195564877203178,-1.170646905899048,-0.4885640442371368,-0.5818405415360078,-2.204769992498378,1.828736,-1.35471
6L8J_1,6L8J,A,Eukaryota,Arabidopsis thaliana,Arabidopsis thaliana,Cytochrome P450 family,oxidoreductase,2.399,441,519,441,113.15857482993204,5.45804386138916,-9.4903734361026,0.1383219954648526,0.1337868480725623,-0.1283446712018141,0.0929705215419501,45.35693877551018,0.0612244897959183,0.2403628117913832,0.9297052154195012,0.3219954648526077,0.1876488095238095,20.84259033203125,0.2993197278911564,1.683912,-1.2370502948760986,-1.5946385860443115,-1.6551628112792969,-1.471507906913757,-1.4968688488006592,-0.6591143012046814,-1.449062,-1.800666,-1.2621558226155043,,,-0.8090131071960034,-2.228583995447137,1.683912,-1.33239
6TUA_1,6TUA,A,Eukaryota,Homo sapiens,Homo sapiens,Protein kinase superfamily,transferase,2.38,294,317,294,114.05325000000012,5.655616188049316,-6.58937962679957,0.1258503401360544,0.1292517006802721,-0.0285714285714285,0.0816326530612244,45.54047619047619,0.0442176870748299,0.2074829931972789,0.9081632653061223,0.0850340136054421,0.1280467098272481,18.654726028442383,0.2993197278911564,1.813631,-1.1097345352172852,-1.6402047872543335,-1.6391537189483645,-1.5526742935180664,-1.5318198204040527,-0.363860160112381,-1.531041,-1.886012,-1.292787097749256,,,-0.6313913565914647,-1.841774453922194,1.813631,-1.411536
4N0Z_1,4N0Z,A,Eukaryota,Plasmodium falciparum,Plasmodium falciparum,Glutaredoxin family,other,1.7,107,111,107,112.69049345794382,7.656348609924317,0.6214972730780541,0.1401869158878504,0.1682242990654205,-0.305607476635514,0.0560747663551401,51.99999999999997,0.02803738317757,0.1775700934579439,0.9345794392523364,0.4485981308411214,0.2036278256065558,12.69801425933838,0.2990654205607476,1.966733,-1.8975712060928345,-1.544608473777771,-1.4290781021118164,-1.3324437141418457,-1.3210301399230957,-1.286333084106445,-1.281709,-1.505355,-1.088914033408477,-1.173882007598877,-1.2931320667266846,-2.159553599134784,-3.2320821886864777,1.966733,-1.697786
6J2M_1,6J2M,A,Eukaryota,Arabidopsis thaliana,Arabidopsis thaliana,FKBP-type PPIase family,isomerase,1.13,111,123,111,107.99823423423412,10.051862144470212,8.75910179032314,0.072072072072072,0.1531531531531531,-0.3252252252252252,0.081081081081081,20.383783783783777,0.072072072072072,0.2702702702702703,0.8918918918918919,-0.5855855855855856,0.3413482447965207,12.928119659423828,0.2972972972972973,2.073278,-0.9498011469841005,-1.3509771823883057,-1.3629120588302612,-1.3364882469177246,-1.3163126707077026,-1.2578001022338867,-1.051372,-1.171118,-1.2115291561092345,-1.2698322534561155,-0.8299623727798462,-0.8731263306763795,-2.6799921259149775,2.073278,-1.433854
4JXF_1,4JXF,A,Eukaryota,Homo sapiens,Homo sapiens,Protein kinase superfamily,transferase,2.4,235,266,235,115.30797021276612,8.79447078704834,4.791047965097654,0.102127659574468,0.1702127659574468,-0.1400000000000001,0.0893617021276595,38.93025531914893,0.0340425531914893,0.1957446808510638,0.9191489361702128,0.0425531914893616,0.1182516188714153,18.387779235839844,0.3021276595744681,1.745024,-1.1116440296173096,-1.6477209329605105,-1.6913846731185913,-1.650649905204773,-1.6542034149169922,-1.6611723899841309,-1.421761,-1.559339,-1.1959309030086436,,,-0.8255134744847075,-1.9861570967004656,1.745024,-1.380822
7KC8_1,7KC8,A,Eukaryota,Culex quinquefasciatus,Culex quinquefasciatus,Unclassified,other,2.3,140,143,140,115.16578499999996,6.348710823059082,-1.0015628149486098,0.15,0.1642857142857142,-0.5628571428571433,0.1,38.42571428571428,0.0285714285714285,0.2142857142857143,0.9071428571428573,-0.9071428571428573,0.2623324396782842,13.365941047668455,0.3,1.790083,-2.5596749782562256,-1.7209792137145996,-1.6985342502593994,-1.5737906694412231,-1.6010931730270386,-2.0478594303131104,-1.73229,-2.315666,-1.476956285749163,-1.5654072761535645,-1.6532034873962402,-3.1000577654157366,-3.7232003348214286,1.790083,-1.813508
1B56_1,1B56,A,Eukaryota,Homo sapiens,Homo sapiens,Calycin superfamily,transport,2.05,133,135,133,112.4963360902255,6.527583122253417,-0.5421502623920915,0.150375939849624,0.1578947368421052,-0.4924812030075189,0.0601503759398496,28.39624060150375,0.0075187969924812,0.2781954887218045,0.9473684210526316,-0.225563909774436,0.234331983805668,13.693933486938477,0.3007518796992481,1.7181,-1.205409288406372,-1.7372004985809326,-1.742600679397583,-1.70272958278656,-1.7249131202697754,-0.2280122339725494,-0.876405,-0.980699,-1.0691779574057214,-1.446589469909668,-0.8529961109161377,-0.5530074270148027,-2.648106166294643,1.7181,-2.368437
3V70_1,3V70,A,Eukaryota,Homo sapiens,Homo sapiens,TRAFAC class TrmE-Era-EngA-EngB-Septin-like GTPase superfamily,GTPase,2.206,217,247,217,111.28633502304152,8.58282108306885,2.972541103504046,0.1244239631336405,0.1658986175115207,-0.3539170506912443,0.0599078341013824,45.449769585253456,0.0230414746543778,0.2903225806451613,0.912442396313364,0.2857142857142857,0.1861888713116445,16.038372039794922,0.2995391705069124,1.821849,-1.215938925743103,-1.5669010877609253,-1.564134955406189,-1.459659457206726,-1.454324722290039,-0.7331153154373169,-1.315799,-1.561538,-1.1698338381156397,,,-0.9873353457121256,-2.3308237664710543,1.821849,-2.305738
5LSU_1,5LSU,A,Eukaryota,Homo sapiens,Homo sapiens,Class V-like SAM-binding methyltransferase superfamily,histone,2.14,231,252,231,114.48906233766247,6.652344703674317,-0.8317147517990335,0.1385281385281385,0.1601731601731602,-0.603896103896104,0.0865800865800865,37.88835497835498,0.0562770562770562,0.1991341991341991,0.9090909090909092,-0.4761904761904761,0.1897910243233984,18.074296951293945,0.2987012987012987,1.824424,-0.4326250255107879,-1.5994399785995483,-1.6016587018966677,-1.5158166885375977,-1.5165153741836548,-1.1701815128326416,-1.473982,-1.639819,-1.2836633987757036,-1.573310375213623,-0.4259102642536163,-0.4141908455720711,-2.275839273031656,1.824424,-1.479801
3L5K_1,3L5K,A,Eukaryota,Homo sapiens,Homo sapiens,HAD-like hydrolase superfamily,hydrolase,2.0,233,250,233,111.53137510729611,5.294404411315917,-7.700589161422712,0.1330472103004292,0.1244635193133047,-0.0459227467811158,0.0858369098712446,50.92317596566525,0.0729613733905579,0.2403433476394849,0.927038626609442,0.0686695278969957,0.2243127692700567,16.97672462463379,0.3004291845493562,2.109272,-0.7106303572654724,-1.3998934030532837,-1.4037528038024902,-1.3199453353881836,-1.3288803100585938,-1.156559705734253,-0.911406,-1.128597,-0.8480646354446084,-0.9379210472106934,-0.5893406867980957,-0.6056549989102736,-2.433675479479614,2.109272,-1.360191
1QGJ_1,1QGJ,A,Eukaryota,Arabidopsis thaliana,Arabidopsis thaliana,Peroxidase family,oxidoreductase,1.9,300,300,300,106.57689100000007,6.355076789855956,-1.0371418908469536,0.09,0.0966666666666666,0.110333333333333,0.0633333333333333,32.716666666666676,0.0366666666666666,0.3166666666666666,0.8733333333333333,0.2266666666666667,0.1782571428571428,18.35232734680176,0.3,1.787138,-1.093825101852417,-1.5099068880081177,-1.5444601774215698,-1.4852993488311768,-1.4456878900527954,-1.2605630159378052,-0.955806,-1.170141,-1.1159097290039062,-1.5486396551132202,-0.9684394598007202,-1.208898417154948,-2.056595458984375,1.787138,-1.348402
3H2X_1,3H2X,A,Eukaryota,Homo sapiens,Homo sapiens,Protein-tyrosine phosphatase family,hydrolase,2.2,302,302,302,117.773150331126,6.47790584564209,-1.1837155164001487,0.1456953642384106,0.1556291390728477,-0.48112582781457,0.119205298013245,31.159602649006622,0.043046357615894,0.1986754966887417,0.956953642384106,0.1291390728476821,0.1668084330761285,18.585308074951172,0.3013245033112582,1.751445,-0.8840186595916748,-1.697262406349182,-1.7100714445114136,-1.592410922050476,-1.619464635848999,-1.4620492458343506,-1.416002,-1.545806,-1.2073158112582782,-1.6060839891433716,-0.8179000616073608,-0.462157192609168,-2.6266356209256,1.751445,-1.597971
3IIJ_1,3IIJ,A,Eukaryota,Homo sapiens,Homo sapiens,Adenylate kinase family,transferase,1.76,175,180,175,116.76921885714292,4.449151802062987,-18.6640075514129,0.2057142857142857,0.12,-0.5811428571428573,0.1028571428571428,43.71085714285712,0.04,0.1657142857142857,0.9485714285714284,0.2285714285714285,0.2434811165845648,15.4468355178833,0.3028571428571429,1.82006,-0.9357881546020508,-1.6009682416915894,-1.675434947013855,-1.4270069599151611,-1.5204370021820068,-0.5494851469993591,-1.012818,-1.209775,-0.9681166294642856,-1.4238348007202148,-0.7421575784683228,-0.6847544642857143,-2.263715122767857,1.82006,-1.890043
6Q2P_1,6Q2P,A,Eukaryota,Mus musculus,Mus musculus,Radical SAM superfamily,lyase,1.452,291,318,291,115.26165670103109,8.479091453552247,4.16159203690723,0.140893470790378,0.1718213058419244,-0.3903780068728526,0.1099656357388316,46.44810996563572,0.0240549828178694,0.2096219931271477,0.865979381443299,-0.0756013745704467,0.1677571158201154,17.332551956176758,0.2989690721649484,1.849936,-1.0157341957092283,-1.4970340728759766,-1.5279964208602903,-1.385429620742798,-1.389228582382202,-0.6803010702133179,-1.183307,-1.479372,-0.9960836823453608,-1.4694057703018188,-0.7829417586326599,-0.4900243175808097,-2.4273635497207904,1.849936,-1.159936
8H24_1,8H24,A,Eukaryota,Homo sapiens,Homo sapiens,Pfam:PF00560,signaling,2.45,309,347,309,110.1378278317153,5.653285789489746,-5.92373227139937,0.1067961165048543,0.1100323624595469,-0.187378640776699,0.058252427184466,39.50550161812296,0.0711974110032362,0.2459546925566343,0.7605177993527509,-0.5792880258899676,0.072341801076767,21.71855354309082,0.3009708737864077,1.969648,-1.6185824871063232,-1.4691548347473145,-1.4916316270828247,-1.3185821771621704,-1.3283737897872925,-1.0565645694732666,-1.407214,-1.804878,-1.124325847934365,-1.4619553089141846,-1.1998472213745115,-0.9489595974919094,-2.60381764038481,1.969648,-1.210626
3TBK_1,3TBK,A,Eukaryota,Mus musculus,Mus musculus,Helicase family,hydrolase,2.14,524,555,524,113.66219370229015,7.521356010437012,1.478914129961808,0.1316793893129771,0.1564885496183206,-0.2812977099236644,0.0744274809160305,35.38396946564884,0.032442748091603,0.2232824427480916,0.9370229007633588,0.2614503816793894,0.1163220248488434,27.799144744873047,0.299618320610687,1.70852,-1.6682043075561523,-1.6374555826187134,-1.6894245147705078,-1.5445116758346558,-1.5383102893829346,-0.7066280841827393,-1.600716,-2.059286,-1.2906271665150884,,,-1.1475878999433444,-2.591716504278984,1.70852,-2.692704
4AAA_1,4AAA,A,Eukaryota,Homo sapiens,Homo sapiens,Protein kinase superfamily,transferase,1.53,295,331,295,116.61631118644084,6.399581718444825,-2.3954236133412294,0.1457627118644067,0.1694915254237288,-0.1772881355932203,0.1050847457627118,41.85762711864407,0.0406779661016949,0.1423728813559322,0.8983050847457628,0.1322033898305084,0.1077932868062479,19.50419235229492,0.3016949152542373,1.965523,-0.9793740510940552,-1.497218132019043,-1.5290433168411257,-1.455703854560852,-1.4549221992492676,-1.438777208328247,-1.238777,-1.520932,-1.0440911761784957,,,-0.5920040841829979,-2.000117104740466,1.965523,-1.463842
1DGM_1,1DGM,A,Eukaryota,Toxoplasma gondii,Toxoplasma gondii,Carbohydrate kinase PfkB family,transferase,1.8,346,363,346,106.22776156069382,5.844548988342285,-5.872176424475452,0.0895953757225433,0.0982658959537572,0.1956647398843931,0.0751445086705202,26.79164739884393,0.0462427745664739,0.3323699421965318,0.930635838150289,0.069364161849711,0.1316734476171574,18.637622833251953,0.3005780346820809,2.085139,-1.8165593147277832,-1.4104154109954834,-1.4720759391784668,-1.4115972518920898,-1.3791940212249756,-1.1097677946090698,-1.349344,-1.671992,-0.8538555520118316,,,-1.9859315728865607,-2.7653974411804554,2.085139,-1.190052
4X90_1,4X90,A,Eukaryota,Homo sapiens,Homo sapiens,AB hydrolase superfamily,transferase,1.84,376,380,376,113.65780212765962,6.026490592956542,-3.636723594226595,0.1063829787234042,0.1143617021276595,-0.2553191489361704,0.1223404255319149,43.84417553191488,0.0718085106382978,0.2420212765957446,0.9202127659574468,-0.0053191489361701,0.136108640623931,19.52411460876465,0.300531914893617,1.766384,-0.814399242401123,-1.4690110683441162,-1.5099631547927856,-1.2972856760025024,-1.284581184387207,-0.1582971364259719,-1.352803,-1.666846,-0.962246428144739,-1.098866581916809,-0.6244914531707764,-0.2686491012573242,-2.227769892266456,1.766384,-1.301912
2O8J_1,2O8J,A,Eukaryota,Homo sapiens,Homo sapiens,Class V-like SAM-binding methyltransferase superfamily,histone,1.8,254,281,254,115.5194578740158,5.034479713439941,-9.95190243231568,0.1496062992125984,0.1299212598425196,-0.3649606299212601,0.1102362204724409,46.02913385826774,0.0393700787401574,0.1929133858267716,0.8818897637795275,-0.6299212598425197,0.1905018102640706,17.724241256713867,0.2992125984251969,1.910438,-0.8431212902069092,-1.4051340818405151,-1.4410395622253418,-1.2640149593353271,-1.2728118896484375,-1.5716910362243652,-1.406688,-1.607271,-1.044108233113927,,,-0.5136912788931779,-2.3523345706969736,1.910438,-1.210387
5AAR_1,5AAR,A,Eukaryota,Arabidopsis thaliana,Arabidopsis thaliana,Potassium channel family,membrane,1.87,185,185,185,109.955687027027,5.128832435607909,-12.361145438418848,0.1621621621621621,0.1459459459459459,-0.2989189189189188,0.0378378378378378,30.91405405405405,0.0378378378378378,0.2486486486486486,0.9081081081081082,0.4972972972972973,0.0917784917784917,17.708450317382812,0.3027027027027027,2.094158,-1.3550060987472534,-1.3900675773620603,-1.4361650943756104,-1.2873858213424685,-1.2870138883590698,-1.6223700046539309,-1.32603,-1.792948,-1.072872842324747,-1.1853464841842651,-0.994991898536682,-1.235906157622466,-2.9687744140625,2.094158,-1.525636
3Q53_1,3Q53,A,Eukaryota,Homo sapiens,Homo sapiens,Protein kinase superfamily,transferase,2.09,292,306,292,111.88476130137,5.0657979965209945,-8.967210133852738,0.136986301369863,0.1164383561643835,-0.1767123287671233,0.0650684931506849,37.9972602739726,0.047945205479452,0.2397260273972602,0.8801369863013699,0.1267123287671233,0.1447638926765822,18.571861267089844,0.3013698630136986,2.061114,-0.2332842350006103,-1.4487663507461548,-1.4913307428359983,-1.3335036039352417,-1.3563913106918335,-0.5990879535675049,-0.860282,-0.76441,,-1.1386483907699585,-0.1950216740369796,-0.2611661937138805,-1.570548070620184,2.061114,-1.631147
4JWF_1,4JWF,A,Eukaryota,Schizosaccharomyces pombe,Schizosaccharomyces pombe,Class IV-like SAM-binding methyltransferase superfamily,transferase,2.4,187,217,187,116.62948877005358,7.788763999938965,0.924676367269324,0.1443850267379679,0.160427807486631,-0.4914438502673801,0.0909090909090909,21.935294117647036,0.0267379679144385,0.1925133689839572,0.893048128342246,0.0802139037433155,0.2148914255075981,15.123205184936523,0.2994652406417112,1.868232,-1.5139316320419312,-1.4964054822921753,-1.5612035989761353,-1.449430227279663,-1.4376142024993896,-0.6349653601646423,-1.186298,-1.417322,-1.3119887081697026,-1.550468683242798,-1.2102620601654053,-1.9341624866832383,-3.291458537871825,1.868232,-2.247058
1U2Z_1,1U2Z,A,Eukaryota,Saccharomyces cerevisiae,Saccharomyces cerevisiae,Class I-like SAM-binding methyltransferase superfamily,histone,2.2,379,433,379,115.577054353562,6.034448051452636,-3.9845265823679767,0.1240105540897097,0.1319261213720316,-0.2343007915567283,0.1160949868073878,45.98313984168864,0.0343007915567282,0.2031662269129287,0.9129287598944592,-0.0527704485488126,0.1348122088667383,21.563589096069336,0.3007915567282322,1.796051,-1.7096203565597534,-1.5449150800704956,-1.6086878776550293,-1.5230709314346311,-1.5479819774627686,-0.8434737324714661,-1.619394,-2.034747,-1.2435182757616672,,,-1.9556346883245384,-3.1283023401426453,1.796051,-1.39346
2ZKM_1,2ZKM,X,Eukaryota,Homo sapiens,Homo sapiens,Pfam:PF00168,hydrolase,1.62,708,799,708,114.8415138418083,6.64342098236084,-1.7181269014128162,0.1214689265536723,0.1384180790960452,-0.3282485875706214,0.1101694915254237,47.02019774011309,0.0649717514124293,0.2189265536723164,0.9067796610169492,-0.1440677966101695,0.0959586747483817,26.24365997314453,0.3008474576271186,1.761763,-1.1145607233047483,-1.547173261642456,-1.5580703020095823,-1.3470699787139893,-1.3858692646026611,-0.9631044268608092,-1.306151,-1.599777,-1.959683003398658,,,-0.506502528648592,-2.1585200250485523,1.761763,-2.095912
2OQ5_1,2OQ5,A,Eukaryota,Homo sapiens,Homo sapiens,Peptidase S1 family,hydrolase,1.61,232,232,232,109.88967974137934,6.401741600036622,-1.6752807447117668,0.1034482758620689,0.125,-0.343534482758621,0.0948275862068965,30.530172413793107,0.0560344827586206,0.3275862068965517,0.896551724137931,-0.603448275862069,0.2125345815630866,15.567903518676758,0.3017241379310345,2.012167,-1.028220295906067,-1.396276831626892,-1.4847946166992188,-1.4217718839645386,-1.364405632019043,-1.4031825065612793,-1.147042,-1.373895,-0.8007308039171942,,,-0.6227344644480738,-2.288178016399515,2.012167,
2PXX_1,2PXX,A,Eukaryota,Homo sapiens,Homo sapiens,Methyltransferase superfamily,transferase,1.3,213,215,213,111.3024291079812,5.713932991027832,-5.534056661672601,0.1079812206572769,0.1173708920187793,-0.088262910798122,0.1314553990610328,37.811267605633795,0.0422535211267605,0.3145539906103286,0.8685446009389671,-0.0046948356807511,0.1610035801664446,15.71071720123291,0.3004694835680751,1.889968,-1.514654278755188,-1.5201817750930786,-1.51951265335083,-1.3199000358581543,-1.3111652135849,-1.0364737510681152,-1.337876,-1.636163,-0.9921407923452172,-1.1407285928726196,-1.0483388900756836,-0.8514361314370599,-2.725326036623386,1.889968,-1.594067
8OXL_1,8OXL,A,Eukaryota,Blumeria hordei,Blumeria hordei,Unclassified,other,1.56,92,92,92,115.41021739130429,4.8977251052856445,-5.025632299628816,0.1630434782608695,0.1304347826086956,-0.6271739130434782,0.1304347826086956,69.52402173913042,0.0869565217391304,0.2391304347826087,0.9456521739130436,-0.5543478260869565,0.242503748125937,12.680646896362305,0.3043478260869565,1.685705,-2.843677759170532,-1.7394709587097168,-1.7743346691131592,-1.6378856897354126,-1.7280069589614868,-2.792292833328247,-1.645443,-2.818656,-1.466226163117782,-1.689295530319214,-1.7934914827346802,-3.064581166143003,-3.990879556407099,1.685705,-1.921127
5VXV_1,5VXV,A,Eukaryota,Saccharomyces cerevisiae,Saccharomyces cerevisiae,Unclassified,membrane,1.55,217,218,217,115.56874101382498,5.70466823577881,-3.314805348530758,0.1336405529953916,0.1336405529953917,0.1870967741935482,0.0875576036866359,54.07788018433182,0.032258064516129,0.1658986175115207,0.9262672811059908,0.7419354838709677,0.0786736982182902,17.548723220825195,0.2995391705069124,1.55179,-2.724393367767334,-1.713284969329834,-1.7514288425445557,-1.5191538333892822,-1.492074489593506,-2.572662591934204,-1.76322,-2.788575,-1.2480527816280242,-1.4754990339279177,-1.5128360986709597,-2.9206391084029377,-3.3949576522897464,1.55179,-4.067908
1TP9_1,1TP9,A,Eukaryota,Populus trichocarpa,Populus trichocarpa,Peroxiredoxin family,oxidoreductase,1.62,162,162,162,107.59172283950612,5.558535194396971,-4.14551910527674,0.1358024691358024,0.1358024691358024,0.0228395061728395,0.074074074074074,42.38580246913581,0.0432098765432098,0.2901234567901234,0.9382716049382716,-0.1728395061728395,0.2545073951839628,13.926321029663086,0.3024691358024691,1.920476,-1.0654926300048828,-1.393504619598389,-1.347792625427246,-1.2400649785995483,-1.244616985321045,-0.4546895027160644,-0.779385,-1.037994,-0.8089913262261285,-1.3063496351242063,-0.7990562319755554,-0.6486962400836709,-2.5193799807701582,1.920476,-2.070488
2PWQ_1,2PWQ,A,Eukaryota,Plasmodium yoelii yoelii,Plasmodium yoelii yoelii,Ubiquitin-conjugating enzyme family,other,1.9,154,216,154,112.69791753246744,5.331463432312011,-4.877103709510465,0.1298701298701298,0.1233766233766233,-0.3954545454545458,0.1038961038961038,33.322727272727256,0.0779220779220779,0.2467532467532467,0.9090909090909092,-0.0389610389610389,0.1743071743071743,15.273429870605469,0.2987012987012987,1.875447,-1.1872406005859375,-1.5790318250656128,-1.54162859916687,-1.4617788791656494,-1.4540349245071411,-1.4512760639190674,-1.087847,-1.283155,-1.050230447348062,-1.5790594816207886,-0.955490231513977,-1.4934018618100648,-2.401703673523742,1.875447,-1.616325
1Z0A_1,1Z0A,A,Eukaryota,Homo sapiens,Homo sapiens,Small GTPase superfamily,GTPase,2.12,166,174,166,114.15238915662648,6.377698707580566,-0.921162538279642,0.1385542168674698,0.1506024096385542,-0.3295180722891567,0.108433734939759,37.03012048192771,0.0,0.2951807228915662,0.8795180722891567,-0.0240963855421686,0.2121342512908778,14.222085952758787,0.3012048192771084,1.800867,-0.3710289597511291,-1.594526767730713,-1.6711626052856443,-1.5232008695602417,-1.488760471343994,-0.5816794633865356,-0.87575,-0.844341,-0.8273793415850904,,,-0.4161181162638837,-1.5823121587914155,1.800867,-2.119848
3LE2_1,3LE2,A,Eukaryota,Arabidopsis thaliana,Arabidopsis thaliana,Serpin family,protease_inhibitor,2.2,393,393,393,108.82189236641231,4.970933723449707,-13.636488844168028,0.1221374045801526,0.1017811704834605,-0.0465648854961832,0.0916030534351144,32.96083969465647,0.0356234096692111,0.2977099236641221,0.9083969465648856,-0.1348600508905852,0.2145988227413163,20.897214889526367,0.3002544529262086,1.848197,-1.2039752006530762,-1.63809072971344,-1.623877763748169,-1.5236079692840576,-1.563466191291809,-1.1216508150100708,-1.318082,-1.486897,-1.0887217436734653,-1.1720852851867676,-0.9187089204788208,-1.202887537521867,-2.129735582657443,1.848197,-1.539123
3SMT_1,3SMT,A,Eukaryota,Homo sapiens,Homo sapiens,Class V-like SAM-binding methyltransferase superfamily,transferase,2.04,465,497,465,115.51961096774212,5.853415870666503,-6.724772632975373,0.1397849462365591,0.1440860215053763,-0.3621505376344087,0.1139784946236559,43.283698924731155,0.0344086021505376,0.2387096774193548,0.929032258064516,0.1806451612903225,0.1267504244482173,24.28716468811035,0.3010752688172043,1.769193,-0.9693770408630372,-1.6498501300811768,-1.647928237915039,-1.5008935928344729,-1.5309900045394895,-0.3133819997310638,-1.636473,-2.149415,-1.1370697349630376,,,-0.40024171234459,-1.984462155577957,1.769193,-2.852321
1INP_1,1INP,A,Eukaryota,Bos taurus,Bos taurus,Inositol monophosphatase superfamily,hydrolase,2.3,400,400,400,109.8264412500001,5.252684593200683,-11.807837680787884,0.125,0.115,-0.1450000000000001,0.07,44.51949999999999,0.0375,0.2775,0.8775,-0.1374999999999999,0.1212928265524625,20.138280868530273,0.3,1.411823,-1.4121049642562866,-1.9709094762802124,-1.9589706659317017,-1.990209698677063,-2.0034799575805664,-1.540494680404663,-1.830003,-1.869114,-1.7442098999023437,-1.7034927606582642,-1.203839898109436,-0.7485274505615235,-3.1317547607421874,1.411823,-2.028005
1CEA_1,1CEA,A,Eukaryota,Homo sapiens,Homo sapiens,Peptidase S1 family,hydrolase,2.06,80,88,80,114.91246124999996,6.9559217453002935,-0.0396128413106318,0.1375,0.1625,-1.4324999999999997,0.0999999999999999,53.272499999999994,0.1,0.2624999999999999,0.8,-0.675,0.3510625,11.133041381835938,0.3,2.308019,-1.1026135683059692,-1.1851060390472412,-1.211907982826233,-1.2597339153289795,-1.3184943199157717,-0.7548004984855652,-1.167999,-1.289694,,-1.562286138534546,-1.0036641359329224,-1.1184555053710938,-2.591026306152344,2.308019,
6ZE6_1,6ZE6,A,Eukaryota,Thermochaetoides thermophila,Thermochaetoides thermophila,GMC oxidoreductase family,oxidoreductase,1.26,585,595,585,108.06094615384636,8.765202140808107,4.480764125170076,0.0786324786324786,0.0991452991452991,-0.21982905982906,0.0888888888888888,39.93008547008551,0.0752136752136752,0.3367521367521368,0.9111111111111112,-0.1213675213675214,0.1933084528252471,22.106956481933594,0.3008547008547008,2.02404,-1.6086074113845823,-1.2948588132858276,-1.309319257736206,-1.1197388172149658,-1.107475757598877,-1.4134232997894287,-1.258378,-1.478526,-1.0279744466145833,-1.2195311784744265,-1.0751527547836304,-1.616343023838141,-2.4581737029246793,2.02404,-1.047691
5WDE_1,5WDE,A,Eukaryota,Homo sapiens,Homo sapiens,TRAFAC class myosin-kinesin ATPase superfamily,cytoskeletal,1.85,320,330,320,110.2912700000002,5.383357429504395,-8.602004803354212,0.134375,0.128125,-0.3284375000000003,0.065625,38.169062499999995,0.03125,0.290625,0.93125,-0.1312499999999999,0.2489769820971867,18.84784698486328,0.3,1.80319,-1.1836564540863037,-1.6154847145080566,-1.6031745672225952,-1.399378538131714,-1.4098412990570068,-1.2152798175811768,-1.08825,-1.345461,-0.9071784973144532,,,-0.4904884338378906,-1.7866230010986328,1.80319,-1.238716
4HW3_1,4HW3,A,Eukaryota,Homo sapiens,Homo sapiens,Bcl-2 family,membrane,2.4,150,153,150,114.14892599999996,9.370495796203612,4.126081595651165,0.1333333333333333,0.1866666666666666,-0.4373333333333338,0.08,36.02866666666665,0.0133333333333333,0.2666666666666666,0.96,0.7466666666666667,0.212289156626506,14.01194953918457,0.3,1.63421,-1.51990807056427,-1.6792199611663818,-1.7664811611175537,-1.727580189704895,-1.6661763191223145,-1.470969796180725,-1.696053,-2.621406,-1.470963134765625,-1.5254173278808594,-1.1187984943389893,-0.8990371704101563,-3.2795918782552085,1.63421,-2.06563
5TTG_1,5TTG,A,Eukaryota,Homo sapiens,Homo sapiens,Class V-like SAM-binding methyltransferase superfamily,histone,1.66,260,287,260,115.64176269230774,5.730586814880372,-4.881057456454155,0.1346153846153846,0.1384615384615384,-0.3776923076923079,0.1076923076923077,49.19157692307692,0.0538461538461538,0.1884615384615384,0.8846153846153846,-0.6384615384615384,0.1816115446550229,17.874601364135742,0.3,1.900063,-0.652131199836731,-1.457525610923767,-1.5045621395111084,-1.282653570175171,-1.254940390586853,-1.5020958185195925,-1.317997,-1.584503,-0.9884564913236178,,,-0.2892518850473257,-2.4574559138371392,1.900063,-1.344485
3X1Z_1,3X1Z,A,Eukaryota,Rattus norvegicus,Rattus norvegicus,Small GTPase superfamily,GTPase,1.25,167,167,167,113.43887964071855,4.771542549133301,-6.497126861943208,0.1497005988023952,0.1137724550898203,-0.3179640718562874,0.0838323353293413,42.55634730538921,0.0119760479041916,0.2215568862275449,0.940119760479042,-0.0179640718562874,0.2209233925096909,14.148886680603027,0.2994011976047904,1.798065,-0.1126092001795768,-1.674445390701294,-1.6703253984451294,-1.4518330097198486,-1.4941866397857666,-0.302970141172409,-0.811888,-0.843757,-0.7703079863222774,-1.2192621231079102,-0.0891041532158851,-0.2524272439008701,-1.9212432678588136,1.798065,-1.573031
6ELM_1,6ELM,A,Eukaryota,Homo sapiens,Homo sapiens,Protein kinase superfamily,transferase,1.14,98,98,98,115.52752755102034,5.238361167907715,-4.3290740792937505,0.2142857142857143,0.1938775510204081,-0.676530612244898,0.0714285714285714,35.42857142857142,0.0408163265306122,0.2244897959183673,0.9183673469387754,-0.2040816326530611,0.2151415404871625,13.036785125732422,0.3061224489795918,1.915368,-1.6180986166000366,-1.59760582447052,-1.6268625259399414,-1.3921020030975342,-1.342820644378662,-2.2002604007720947,-1.588109,-2.400892,-1.1380475881148358,-1.3860366344451904,-0.9265499711036682,-1.4620171371771364,-3.790722593969228,1.915368,-1.546254
11OY_1,11OY,A,Eukaryota,Homo sapiens,Homo sapiens,Protein kinase superfamily,transferase,2.022,337,360,337,114.51632551928812,6.140339088439941,-4.276246728499267,0.1246290801186943,0.1424332344213649,-0.1727002967359053,0.0949554896142433,41.621988130563786,0.0504451038575667,0.2166172106824926,0.8753709198813057,0.0801186943620178,0.1341795960784482,20.612916946411133,0.2997032640949555,2.018645,-0.5426323413848877,-1.4548624753952026,-1.4686155319213867,-1.410866618156433,-1.4168977737426758,-1.101728439331055,-1.016174,-1.135735,-0.9999494694107012,,,-0.2960819957518082,-1.6136322474267433,2.018645,-1.332962
4DRZ_1,4DRZ,A,Eukaryota,Homo sapiens,Homo sapiens,Small GTPase superfamily,GTPase,2.3,160,196,160,113.0331924999999,6.353655815124512,-0.9776559512665416,0.11875,0.13125,-0.2599999999999999,0.1124999999999999,27.568124999999995,0.0125,0.2875,0.86875,0.09375,0.2157339142091153,14.170977592468262,0.3,1.81547,-0.8525748252868652,-1.6175264120101929,-1.5606735944747925,-1.452885627746582,-1.4754340648651123,-0.8897140622138977,-1.146519,-1.215343,-0.9186734199523926,,,-0.6862852096557617,-1.726297378540039,1.81547,-1.641762
4AY1_1,4AY1,A,Eukaryota,Homo sapiens,Homo sapiens,Glycosyl hydrolase 18 family,hydrolase,1.95,364,365,364,112.16763104395616,7.26779727935791,0.5648755889959034,0.0989010989010989,0.1236263736263736,-0.2681318681318684,0.1208791208791208,27.13901098901098,0.0467032967032967,0.2747252747252747,0.8681318681318682,-0.1098901098901098,0.1377817584714136,19.174373626708984,0.2994505494505494,1.868229,-1.238448143005371,-1.4756144285202026,-1.487213134765625,-1.3594141006469729,-1.3330011367797852,-1.22620952129364,-1.056465,-1.258198,-1.1256252749935611,-1.252988338470459,-1.014978528022766,-0.4718525645497081,-2.1684182974008412,1.868229,-1.371531
6K6U_1,6K6U,A,Eukaryota,Homo sapiens,Homo sapiens,DEAD box helicase family,hydrolase,2.27,129,143,129,116.06139379844956,9.453079795837404,3.1300735006284253,0.0930232558139534,0.1472868217054263,-0.4310077519379844,0.1162790697674418,45.31472868217052,0.0465116279069767,0.2248062015503875,0.8914728682170543,-0.2713178294573644,0.2415213178294573,13.255297660827637,0.3023255813953488,1.685159,-1.6122556924819946,-1.7215180397033691,-1.758504867553711,-1.5799366235733032,-1.550587773323059,-0.7711759209632874,-1.548221,-1.787257,-1.3724727187045784,,,-0.8950690927431565,-2.7565416439559107,1.685159,-1.79472
1YCK_1,1YCK,A,Eukaryota,Homo sapiens,Homo sapiens,N-acetylmuramoyl-L-alanine amidase 2 family,signaling,1.7,167,175,167,111.14286227544912,9.005217933654787,5.489899249549724,0.0479041916167664,0.1317365269461078,-0.3251497005988023,0.0958083832335329,48.97065868263473,0.059880239520958,0.2874251497005988,0.9221556886227544,-0.155688622754491,0.2439879965469518,13.773099899291992,0.2994011976047904,1.758341,-1.3878802061080933,-1.527536392211914,-1.7030858993530271,-1.5064809322357178,-1.4108046293258667,-0.9157833456993104,-1.222517,-1.359251,-1.2699799680424309,-1.383407711982727,-1.068519949913025,-1.370392759403069,-3.011010449803518,1.758341,-1.94396
5Z1E_1,5Z1E,A,Eukaryota,Homo sapiens,Homo sapiens,Protein kinase superfamily,transferase,2.3,296,324,296,113.93505878378392,8.749471855163574,5.1618057891069995,0.125,0.1722972972972972,-0.3489864864864868,0.0878378378378378,37.97837837837837,0.054054054054054,0.2195945945945946,0.8547297297297297,0.0506756756756756,0.1175944156076606,19.80258560180664,0.3006756756756756,1.88132,-0.9680265188217164,-1.5061115026474,-1.5688656568527222,-1.4651639461517334,-1.456717610359192,-1.6636146306991575,-1.386928,-1.648989,-1.193151010049356,,,-0.9380143655313028,-2.1713380555848816,1.88132,-1.483144
6I8X_1,6I8X,A,Eukaryota,Ascaris suum,Ascaris suum,Calycin superfamily,other,2.3,149,149,149,118.14417919463078,7.267513084411622,0.4774778898215821,0.174496644295302,0.2281879194630872,-1.1295302013422832,0.1140939597315436,21.83087248322147,0.0268456375838926,0.2348993288590604,0.9395973154362416,-0.4563758389261745,0.2126279479584567,14.866795539855955,0.3020134228187919,1.672461,-1.9451900720596311,-1.6865352392196655,-1.7773717641830444,-1.5301662683486938,-1.5619828701019287,-0.9678655862808228,-1.479416,-1.911762,-1.2567186803625734,-1.6228537559509275,-1.3701144456863403,-2.4412043014628777,-3.3202823920537963,1.672461,-2.161962
1FZQ_1,1FZQ,A,Eukaryota,Mus musculus,Mus musculus,Small GTPase superfamily,GTPase,1.7,176,181,176,112.4169875,5.477084922790527,-3.0615853776343975,0.1306818181818181,0.125,-0.2267045454545455,0.0681818181818181,49.95113636363635,0.0284090909090909,0.25,0.875,-0.0681818181818182,0.2013137325637325,14.632750511169434,0.3011363636363636,1.827529,-0.2728661298751831,-1.6320672035217283,-1.5960830450057983,-1.4843543767929075,-1.5541976690292358,-0.9783370494842528,-1.223595,-1.18309,-0.9614729447798296,-1.441144585609436,-0.2223204970359802,-0.3064149726520885,-1.9972523775967683,1.827529,-1.773232
3D59_1,3D59,A,Eukaryota,Homo sapiens,Homo sapiens,AB hydrolase superfamily,hydrolase,1.5,372,383,372,113.74392473118284,6.620628547668457,-1.5642009733752005,0.1209677419354838,0.1478494623655913,-0.337096774193549,0.1102150537634408,36.98736559139784,0.0403225806451612,0.2526881720430107,0.8655913978494624,-0.1344086021505376,0.1309113686188537,18.494028091430664,0.3010752688172043,1.92715,-1.4227334260940552,-1.4606926441192627,-1.5540659427642822,-1.3855574131011963,-1.36409592628479,-0.5804643034934998,-1.313628,-1.808167,-1.0168373354019655,-1.1612169742584229,-0.9669443964958192,-0.575511727281796,-2.5206927227717575,1.92715,-1.378334
3NXU_1,3NXU,A,Eukaryota,Homo sapiens,Homo sapiens,Cytochrome P450 family,oxidoreductase,2.0,457,485,457,114.42386783369813,8.620535087585452,4.883130620852555,0.1137855579868709,0.1356673960612691,-0.0608315098468271,0.1072210065645514,43.88995623632385,0.074398249452954,0.1947483588621444,0.87527352297593,0.3457330415754923,0.1686715570118252,21.44485092163086,0.299781181619256,1.768783,-0.7442622184753418,-1.495283603668213,-1.5787994861602783,-1.4627190828323364,-1.486135721206665,-0.8521268367767334,-1.125824,-1.337758,-0.965710662908575,,,-0.6143651248589647,-1.8608454531079048,1.768783,-1.434312
2NRY_1,2NRY,A,Eukaryota,Homo sapiens,Homo sapiens,Protein kinase superfamily,transferase,2.15,287,307,287,112.07408013937297,5.25092258453369,-11.446160125770405,0.1498257839721254,0.1393728222996515,-0.3048780487804878,0.073170731707317,42.32651567944249,0.0313588850174216,0.2473867595818815,0.9372822299651568,0.1289198606271776,0.116727358465851,18.28582000732422,0.2996515679442508,2.003704,-1.3961122035980225,-1.5441230535507202,-1.5631014108657837,-1.4667333364486694,-1.4813085794448853,-1.6404098272323608,-1.324024,-1.582803,,,,-0.6265763870930422,-2.343479488784843,2.003704,-1.657863
6X39_1,6X39,A,Eukaryota,Mus musculus,Mus musculus,Protein-tyrosine phosphatase family,hydrolase,1.7,100,109,100,107.03932599999987,8.023815727233888,0.6473685829279194,0.09,0.12,-0.432,0.05,16.867999999999995,0.09,0.36,0.98,-0.88,0.3662589928057553,13.007538795471191,0.3,2.071966,-1.4593217372894287,-1.4661060571670532,-1.4449557065963743,-1.3070669174194336,-1.2871551513671875,-1.2359063625335691,-1.485099,-1.819,-1.0606562042236327,,,-1.3479412841796874,-3.179132385253906,2.071966,-1.599165
7Z6E_1,7Z6E,A,Eukaryota,Caenorhabditis elegans,Caenorhabditis elegans,Protein kinase superfamily,transferase,2.14,519,582,519,112.41774836223524,8.205487632751463,4.6064415226932525,0.1098265895953757,0.1387283236994219,-0.0761078998073218,0.0867052023121387,45.984219653179224,0.0423892100192678,0.2369942196531791,0.903660886319846,-0.4874759152215799,0.0984666308894196,23.690589904785156,0.3005780346820809,1.692632,-1.7282583713531494,-1.5870496034622192,-1.6199688911437988,-1.4604144096374512,-1.4525277614593506,-1.6237027645111084,-1.737729,-2.401433,-1.26359896209658,,,-1.7548331846850915,-3.0656467797898603,1.692632,-1.31284
3VPY_1,3VPY,A,Eukaryota,Arabidopsis thaliana,Arabidopsis thaliana,Pfam:PF00498,RNA-binding,1.7,145,145,145,119.38129862068972,6.43681125640869,-2.5489957146737474,0.1586206896551724,0.2206896551724138,-1.0565517241379303,0.096551724137931,44.34620689655173,0.0758620689655172,0.1655172413793103,0.896551724137931,-0.5793103448275863,0.202096394984326,15.314481735229492,0.3034482758620689,1.802521,-0.5766382813453674,-1.6814402341842651,-1.700281262397766,-1.5565314292907717,-1.587721824645996,-1.3914248943328855,-1.162947,-1.310505,-1.2152080667429956,-1.192591428756714,-0.411861389875412,-0.9469813905913256,-2.0579189958243536,1.802521,-4.095063
5LGB_1,5LGB,A,Eukaryota,Mus musculus,Mus musculus,Flavin monoamine oxidase family,oxidoreductase,1.8,456,497,456,110.15073750000026,5.533412361145018,-11.172580676217422,0.1140350877192982,0.1140350877192982,-0.0298245614035086,0.0964912280701754,41.68271929824561,0.0526315789473684,0.3048245614035088,0.9232456140350878,-0.0986842105263157,0.1912555779693135,22.460752487182617,0.300438596491228,1.866709,-1.6719924211502075,-1.4688128232955933,-1.446414351463318,-1.2670360803604126,-1.315157413482666,-1.2382999658584597,-1.359618,-1.73597,-1.1482470328347725,,,-1.4584563405890214,-2.3360568933319628,1.866709,-1.310282
1QG2_1,1QG2,A,Eukaryota,Canis lupus familiaris,Canis lupus familiaris,Small GTPase superfamily,GTPase,2.5,201,216,201,113.42326368159203,8.864999198913573,4.270633200289364,0.1094527363184079,0.1592039800995024,-0.2059701492537314,0.1094527363184079,20.465671641791037,0.0497512437810945,0.2139303482587064,0.8955223880597014,0.0895522388059701,0.191509557475779,15.401904106140137,0.2985074626865671,1.841257,-0.2935095429420471,-1.5899983644485474,-1.6668334007263184,-1.6547448635101318,-1.6296321153640747,-0.9032665491104126,-1.363142,-1.45173,-1.1018184832672575,-1.5647989511489868,-0.252680093050003,-0.2922741145043824,-1.5784811902402052,1.841257,-2.034791
3PUC_1,3PUC,A,Eukaryota,Homo sapiens,Homo sapiens,Protein kinase superfamily,transferase,0.96,98,99,98,104.06551224489785,9.174834251403809,3.8286337599185543,0.0918367346938775,0.1428571428571428,-0.2836734693877549,0.0612244897959183,32.95816326530612,0.0408163265306122,0.4285714285714286,0.9693877551020408,-0.5612244897959183,0.3628417404697728,13.278254508972168,0.3061224489795918,2.148202,-1.6290792226791382,-1.260084629058838,-1.3239558935165403,-1.2266395092010498,-1.2150357961654663,-1.3288249969482422,-1.182105,-1.56019,-1.0698439928950096,-0.983503520488739,-1.046889066696167,-0.6876757874780771,-3.2975333077566966,2.148202,-1.200547
9HVX_1,9HVX,A,Eukaryota,Toxoplasma gondii,Toxoplasma gondii,Protein kinase superfamily,transferase,2.1,323,350,323,113.7811260061921,8.390060615539554,2.9822479082121305,0.1083591331269349,0.1393188854489164,-0.0934984520123838,0.0928792569659442,35.11616099071207,0.0650154798761609,0.2198142414860681,0.910216718266254,0.0309597523219813,0.1104884325482358,18.879274368286133,0.3003095975232198,1.979481,-1.2994859218597412,-1.4833053350448608,-1.478809118270874,-1.3910176753997805,-1.3886573314666748,-1.587323784828186,-1.158336,-1.314996,,,,-1.6658956332841526,-2.093858464952593,1.979481,-1.273602
2J23_1,2J23,A,Eukaryota,Malassezia sympodialis,Malassezia sympodialis,Thioredoxin family,other,1.41,115,121,115,109.68888173913032,6.55065975189209,-0.8163202011465636,0.1043478260869565,0.1391304347826087,-0.1347826086956522,0.0956521739130434,16.81573913043477,0.0521739130434782,0.2695652173913043,0.991304347826087,0.0695652173913043,0.2743372216330859,13.11690616607666,0.3043478260869565,2.14525,-1.279390811920166,-1.2519769668579102,-1.260030746459961,-1.1213699579238892,-1.116970419883728,-1.201488733291626,-0.776273,-1.04746,-0.7090590767238452,-1.211348295211792,-0.8147403001785278,-1.6841757069463317,-2.829621157438859,2.14525,-1.320774
9P1Q_1,9P1Q,A,Eukaryota,Homo sapiens,Homo sapiens,Ubiquitin-conjugating enzyme family,transferase,2.15,148,148,148,111.73479594594586,8.278917121887211,1.6352712586940985,0.0945945945945946,0.1216216216216216,-0.2317567567567566,0.0945945945945946,36.254054054054045,0.081081081081081,0.277027027027027,0.9391891891891893,-0.0202702702702702,0.1746495779447069,14.887606620788574,0.304054054054054,1.883636,-0.1234403401613235,-1.5153728723526,-1.543460726737976,-1.4849209785461426,-1.439525127410889,-0.9938321709632874,-0.666873,-0.625186,-0.7624565846211201,-1.4706096649169922,-0.1326858103275299,-0.2501847035176045,-1.775315774453653,1.883636,-2.139366
28WB_1,28WB,A,Eukaryota,Arabidopsis thaliana,Arabidopsis thaliana,Protein kinase superfamily,transferase,1.501,226,267,226,106.54703407079649,4.9339315414428695,-4.040715511324011,0.0663716814159292,0.0575221238938053,-0.1340707964601769,0.0884955752212389,22.139380530973433,0.0530973451327433,0.3716814159292035,0.8407079646017699,-0.6106194690265487,0.0973247420578279,17.931163787841797,0.3008849557522124,2.169357,-1.3366458415985107,-1.3143750429153442,-1.3232090473175049,-1.2345938682556152,-1.2545318603515625,-1.1785401105880735,-1.220481,-1.540987,-1.0208915777965986,-1.300940752029419,-1.0364309549331665,-1.4435185795336698,-2.453878217038855,2.169357,-1.290308
3L8P_1,3L8P,A,Eukaryota,Homo sapiens,Homo sapiens,Protein kinase superfamily,transferase,2.4,292,317,292,114.27023664383566,6.107258796691894,-3.1028225447957567,0.1232876712328767,0.1335616438356164,-0.2037671232876713,0.1130136986301369,31.127739726027382,0.0342465753424657,0.2363013698630137,0.9143835616438356,-0.0171232876712328,0.131638935639873,18.665504455566406,0.3013698630136986,1.933937,-1.140381097793579,-1.5293484926223757,-1.5553985834121704,-1.5169419050216677,-1.517147660255432,-1.3273557424545288,-1.312139,-1.53632,-1.1239387825743792,,,-0.498748047711098,-1.7013215365475172,1.933937,-1.44988
5CEM_1,5CEM,A,Eukaryota,Homo sapiens,Homo sapiens,Protein kinase superfamily,transferase,2.1,252,292,252,114.98864484126996,8.56064395904541,3.822196762136123,0.1269841269841269,0.1785714285714285,-0.2194444444444445,0.0912698412698412,57.9845238095238,0.0595238095238095,0.2261904761904762,0.8571428571428572,0.1111111111111111,0.1549859773903489,18.686681747436523,0.3015873015873015,1.849685,-1.3532921075820925,-1.5772485733032229,-1.6321066617965698,-1.47674298286438,-1.4687587022781372,-1.6640981435775757,-1.558413,-1.790118,-1.091918703109499,,,-0.92936282687717,-2.3143237885974703,1.849685,-1.373576
10DJ_1,10DJ,A,Eukaryota,Homo sapiens,Homo sapiens,Protein kinase superfamily,transferase,2.22,269,282,269,114.56239665427526,5.929011726379394,-2.907249388297238,0.1301115241635687,0.1338289962825279,-0.2840148698884757,0.104089219330855,41.63494423791821,0.0557620817843866,0.2230483271375464,0.8996282527881041,0.037174721189591,0.1211116540586012,17.903099060058594,0.3011152416356877,2.052494,-0.3610182404518127,-1.4913747310638428,-1.4561644792556765,-1.4084432125091553,-1.4175755977630615,-1.122870922088623,-1.051158,-1.084604,-1.0967497985159154,-1.248334884643555,-0.3594781160354614,-0.222459573284844,-1.113509280974094,2.052494,-1.261083
8BA5_1,8BA5,A,Eukaryota,Homo sapiens,Homo sapiens,Class I-like SAM-binding methyltransferase superfamily,transferase,1.45,134,144,134,113.57037313432826,5.647772407531738,-2.223528817709127,0.1119402985074627,0.1119402985074626,-0.1470149253731343,0.1044776119402985,50.67462686567163,0.0298507462686567,0.1940298507462686,0.8880597014925373,0.2462686567164179,0.1467226803047698,13.493803977966309,0.2985074626865671,1.815798,-1.034414529800415,-1.6415650844573977,-1.674849271774292,-1.5898492336273191,-1.6036639213562012,-0.3820960521697998,-1.758576,-2.578718,-1.374422215703708,,,-0.728470873476854,-3.0104365562325093,1.815798,-1.708252
1SK8_1,1SK8,A,Eukaryota,Aspergillus fumigatus,Aspergillus fumigatus,Histidine acid phosphatase family,hydrolase,1.65,435,439,435,110.07003310344832,6.776424217224121,-0.5994345578618336,0.1034482758620689,0.1195402298850574,-0.2505747126436786,0.1103448275862069,27.828758620689666,0.0482758620689655,0.3172413793103448,0.8804597701149426,0.0850574712643678,0.2085928489042676,20.554540634155273,0.3011494252873563,1.924739,-1.2306911945343018,-1.363329291343689,-1.394130825996399,-1.257520318031311,-1.2757748365402222,-0.7834071516990662,-1.207633,-1.454929,-1.1074162625718391,,,-1.1757600630836926,-2.5609885730962643,1.924739,-1.392115
3MVC_1,3MVC,A,Eukaryota,Caenorhabditis elegans,Caenorhabditis elegans,Globin family,oxygen_transport,1.401,157,161,157,117.0049159235668,9.45888195037842,4.390750042499967,0.1146496815286624,0.1847133757961783,-0.5993630573248413,0.0955414012738853,33.887898089171955,0.0382165605095541,0.2356687898089172,0.929936305732484,0.6369426751592357,0.2158288862110518,15.082255363464355,0.2993630573248407,1.48954,-2.3630762100219727,-1.850264072418213,-1.9030228853225708,-1.7142198085784912,-1.7091110944747925,-1.459875464439392,-1.873269,-2.500095,-1.3159146642988655,,,-2.742209853640028,-3.7543750933021496,1.48954,-2.230618
2BIJ_1,2BIJ,A,Eukaryota,Homo sapiens,Homo sapiens,Protein-tyrosine phosphatase family,hydrolase,2.05,284,305,284,115.39080422535228,5.475663948059082,-10.310384807828136,0.1338028169014084,0.1338028169014084,-0.380985915492958,0.0950704225352112,41.482394366197184,0.0633802816901408,0.2077464788732394,0.8943661971830985,0.0352112676056338,0.2097137057112362,17.696931838989258,0.2992957746478873,1.86263,-0.9662230610847472,-1.5734626054763794,-1.63829505443573,-1.5137261152267456,-1.5285236835479736,-1.2150949239730835,-1.311369,-1.618088,-1.0545753156635125,,,-0.6059663799447073,-2.784396534234705,1.86263,-1.470255
1ML9_1,1ML9,A,Eukaryota,Neurospora crassa,Neurospora crassa,Class V-like SAM-binding methyltransferase superfamily,histone,1.98,260,302,260,113.34701807692308,5.916961860656738,-3.7996879563929222,0.15,0.1576923076923077,-0.4330769230769234,0.0846153846153846,54.07461538461537,0.0538461538461538,0.2192307692307692,0.8461538461538461,-0.5461538461538461,0.2173315814620162,18.153398513793945,0.3,1.77009,-1.33926522731781,-1.5980024337768557,-1.6313002109527588,-1.5139591693878174,-1.5288904905319214,-1.0139442682266235,-1.60418,-1.819763,-1.2689339270958533,,,-1.5369882436899038,-2.6790245643028845,1.77009,-1.718769
4ZKD_1,4ZKD,A,Eukaryota,Saccharomyces cerevisiae,Saccharomyces cerevisiae,TRAFAC class translation factor GTPase superfamily,GTPase,2.181,470,499,470,113.67594914893613,5.7728181838989245,-9.924417902856646,0.1127659574468085,0.1212765957446808,-0.1061702127659576,0.0808510638297872,38.24872340425532,0.0340425531914893,0.2127659574468085,0.9212765957446808,-0.3851063829787234,0.1152587409913784,22.07943344116211,0.3,1.813089,-2.305910348892212,-1.6129828691482544,-1.6472502946853638,-1.564934492111206,-1.549448847770691,-1.6439555883407593,-1.725125,-2.139483,-1.247223809424867,,,-2.6550739694148935,-2.916270414311835,1.813089,-1.414991
4ZWN_1,4ZWN,A,Eukaryota,Saccharomyces cerevisiae,Saccharomyces cerevisiae,AB hydrolase superfamily,hydrolase,2.491,310,334,310,113.62473967741946,8.471677589416508,3.495241386339245,0.1096774193548387,0.1580645161290322,-0.5109677419354838,0.1193548387096774,22.96774193548387,0.0548387096774193,0.2451612903225806,0.9258064516129032,0.1,0.1473612502504508,17.304494857788086,0.3,1.853622,-2.1141552925109863,-1.475165605545044,-1.5854737758636477,-1.441612958908081,-1.4077028036117554,-1.528755784034729,-1.427321,-1.952275,-1.0594948061050908,-1.0942137241363523,-1.249846339225769,-1.9630629016507055,-2.939479507938508,1.853622,-1.291779
2C47_1,2C47,A,Eukaryota,Homo sapiens,Homo sapiens,Protein kinase superfamily,transferase,2.4,289,313,289,117.8164370242216,8.9768518447876,6.661124999875732,0.1314878892733564,0.1799307958477508,-0.4716262975778549,0.1314878892733564,36.60176470588235,0.0588235294117647,0.1972318339100346,0.9134948096885812,-0.0830449826989619,0.1289472598338864,18.652854919433594,0.301038062283737,1.900363,-0.3202955424785614,-1.442014217376709,-1.4716230630874634,-1.393998622894287,-1.3857001066207886,-0.4616082608699798,-0.904205,-1.045299,,,,-0.3698223602400519,-1.3233922410588776,1.900363,-1.44803
5KRE_1,5KRE,A,Eukaryota,Homo sapiens,Homo sapiens,AB hydrolase superfamily,hydrolase,2.0,224,239,224,111.53853035714296,7.824350547790528,1.576486532855494,0.0892857142857142,0.1383928571428571,-0.0370535714285714,0.0848214285714285,36.97544642857142,0.0401785714285714,0.2633928571428571,0.9553571428571428,-0.1339285714285714,0.1463993730022129,15.531301498413086,0.2991071428571428,1.872879,-1.1378133296966553,-1.5688742399215698,-1.6082779169082642,-1.402899146080017,-1.418232798576355,-0.4126761257648468,-1.342625,-1.768503,-0.9880955559866768,-1.2960220575332642,-0.7910732626914978,-0.5061416966574532,-2.5706204005650113,1.872879,-1.959927
4P27_1,4P27,A,Eukaryota,Schistosoma mansoni,Schistosoma mansoni,Pfam:PF00188,toxin,2.16,155,162,155,115.8133219354839,8.537886619567871,3.781982004259749,0.1419354838709677,0.1741935483870967,-1.0967741935483877,0.1096774193548387,39.878064516129015,0.0516129032258064,0.1806451612903226,0.8451612903225807,-0.1483870967741935,0.2911851918411358,14.48850154876709,0.3032258064516129,1.900594,-1.750277757644653,-1.515721559524536,-1.439437747001648,-1.424471735954285,-1.4548505544662476,-0.5093468427658081,-1.363495,-1.646435,-1.1204209850680444,-1.223013162612915,-1.2608349323272705,-2.313005607358871,-3.2423485540574597,1.900594,-1.693757
3GZM_1,3GZM,A,Eukaryota,Plasmodium falciparum,Plasmodium falciparum,Acyl carrier protein (ACP) family,other,1.8,78,81,78,113.29315128205118,4.329278373718264,-7.521773169534704,0.2051282051282051,0.1153846153846153,-0.373076923076923,0.0512820512820512,27.61794871794871,0.0,0.2051282051282051,0.8846153846153846,0.4230769230769231,0.1851851851851851,11.057000160217283,0.3076923076923077,1.960042,-1.1446666717529297,-1.4566290378570557,-1.5671144723892212,-1.480405569076538,-1.504183053970337,-1.179382085800171,-0.983656,-1.184924,-1.120226835593199,-1.464404821395874,-0.9915339946746826,-1.6379973582732372,-2.7691075251652646,1.960042,-1.548208
2ZLB_1,2ZLB,A,Eukaryota,Rattus norvegicus,Rattus norvegicus,Class I-like SAM-binding methyltransferase superfamily,transferase,2.2,212,223,212,112.54805754716986,5.101436042785643,-5.084060439062132,0.1273584905660377,0.1132075471698113,-0.196698113207547,0.0896226415094339,28.68254716981132,0.0424528301886792,0.240566037735849,0.9198113207547168,0.1556603773584905,0.1480079754827751,15.59886646270752,0.3018867924528302,1.839489,-1.0359385013580322,-1.6322306394577026,-1.6270732879638672,-1.53925621509552,-1.5648596286773682,-0.7155254483222961,-1.169396,-1.249284,-1.1569694662993808,-1.4118280410766602,-0.8788931369781494,-0.8563092789559994,-2.8894955617076947,1.839489,-1.920828
5D77_1,5D77,A,Eukaryota,Saccharomyces cerevisiae,Saccharomyces cerevisiae,Pfam:PF00076,RNA-binding,1.3,82,82,82,111.96903780487798,9.304351234436034,3.929667280332408,0.0975609756097561,0.1707317073170731,-0.5500000000000002,0.0853658536585365,34.83658536585365,0.0609756097560975,0.2682926829268293,0.9024390243902438,-0.2926829268292683,0.3670121951219512,11.259140014648438,0.3048780487804878,1.947126,-2.0304994583129883,-1.5363091230392456,-1.4875956773757937,-1.3644442558288574,-1.3438984155654907,-2.055260181427002,-1.635754,-1.784745,,,,-2.4546244551495806,-3.9271076481516767,1.947126,-2.079623
11AP_1,11AP,A,Eukaryota,Mus musculus,Mus musculus,DXO/Dom3Z family,hydrolase,1.8,358,358,358,114.28719078212316,6.917953300476075,-0.2054516054336232,0.1033519553072625,0.1284916201117318,-0.5351955307262569,0.1256983240223463,51.73189944134075,0.1005586592178771,0.2486033519553072,0.9189944134078212,-0.1201117318435753,0.2362442061194253,19.790821075439453,0.3016759776536313,1.8307,-1.6550503969192505,-1.477392077445984,-1.5296043157577517,-1.266642928123474,-1.2579104900360107,-0.5873512029647827,-1.243825,-1.773175,-0.9026161065980708,-1.3225570917129517,-1.033300518989563,-0.5014009955209061,-2.87615080252706,1.8307,-1.137791
2A4V_1,2A4V,A,Eukaryota,Saccharomyces cerevisiae,Saccharomyces cerevisiae,Peroxiredoxin family,oxidoreductase,1.8,156,159,156,112.4019346153846,8.72432918548584,1.9635714032639056,0.141025641025641,0.1666666666666666,-0.4756410256410257,0.0897435897435897,28.589743589743588,0.0512820512820512,0.2371794871794872,0.967948717948718,0.1602564102564102,0.2465757870821162,13.69888687133789,0.3012820512820512,1.865799,-1.8528002500534055,-1.499098539352417,-1.5568277835845947,-1.3479231595993042,-1.3417127132415771,-1.196938395500183,-1.164322,-1.476664,-0.8105121025672326,-1.541603446006775,-1.258829116821289,-1.7584658891726763,-2.994793231670673,1.865799,-2.046095
7QUE_1,7QUE,A,Eukaryota,Homo sapiens,Homo sapiens,Protein kinase superfamily,transferase,2.4,266,275,266,114.35630375939864,5.218467521667479,-9.987844506752609,0.1578947368421052,0.1428571428571428,-0.1909774436090227,0.0827067669172932,47.768421052631545,0.0413533834586466,0.2180451127819548,0.8421052631578947,0.1203007518796992,0.1158546735843298,19.499164581298828,0.3007518796992481,1.930752,-1.0380226373672483,-1.5161492824554443,-1.5563842058181765,-1.4952794313430786,-1.5410096645355225,-0.7033863663673401,-1.265212,-1.41702,-1.1503778902211583,,,-0.6849635991835057,-1.9981216774847277,1.930752,-1.547375
1HXA_1,1HXA,A,Eukaryota,Nicotiana tabacum,Nicotiana tabacum,Terpene synthase family,lyase,2.32,528,548,528,114.98175511363657,5.101151847839354,-22.29684014385058,0.1458333333333333,0.1287878787878787,-0.2471590909090908,0.1022727272727272,41.0475378787879,0.0303030303030303,0.2367424242424242,0.8787878787878788,0.5719696969696969,0.1019879107163589,22.85594367980957,0.3011363636363636,1.659226,-1.2066123485565186,-1.728847622871399,-1.755333662033081,-1.6403998136520386,-1.6495277881622314,-0.987594723701477,-1.220662,-1.429567,-1.2865097739479758,-1.514540672302246,-0.9915829300880432,-1.049833817915483,-2.054960771040483,1.659226,-1.597165
2NSM_1,2NSM,A,Eukaryota,Homo sapiens,Homo sapiens,Peptidase M14 family,toxin,2.1,390,439,390,113.80837076923083,5.6967676162719725,-11.74909794104046,0.1179487179487179,0.1282051282051282,-0.4864102564102559,0.1153846153846153,31.754358974358983,0.0615384615384615,0.2256410256410256,0.9205128205128206,-0.1153846153846154,0.1354763585038814,19.524030685424805,0.3,1.863846,-1.2065260410308838,-1.5403286218643188,-1.5289976596832275,-1.464000940322876,-1.453385591506958,-1.3473811149597168,-1.190513,-1.372361,-1.0930612417367789,,,-0.6337959093925281,-2.1990611540965546,1.863846,-1.412329
1YGH_1,1YGH,A,Eukaryota,Saccharomyces cerevisiae,Saccharomyces cerevisiae,Acetyltransferase family,histone,1.9,164,164,164,117.19640121951213,9.497820854187015,9.009379857693752,0.0975609756097561,0.1707317073170731,-0.3298780487804877,0.1280487804878048,32.651219512195105,0.0304878048780487,0.2073170731707317,0.8841463414634146,0.0304878048780488,0.1544422576790609,14.538467407226562,0.298780487804878,1.566883,-0.5827814340591431,-1.7462294101715088,-1.7521528005599976,-1.6736785173416138,-1.6759235858917236,-0.4895263910293579,-1.13412,-1.380527,-1.2970240523175496,-1.623136043548584,-0.5048528909683228,-0.4988983433421065,-2.1612472534179688,1.566883,-1.947888
3MJ6_1,3MJ6,A,Eukaryota,Mus musculus,Mus musculus,Immunoglobulin superfamily,membrane,2.19,227,268,227,114.85949339207058,6.100267601013182,-3.007549699800716,0.1497797356828193,0.1629955947136564,-0.5797356828193836,0.0748898678414096,43.77008810572687,0.0220264317180616,0.2334801762114537,0.947136563876652,-0.6828193832599119,0.1965302988993958,18.75094985961914,0.2995594713656387,1.879534,-2.0038468837738037,-1.6204521656036377,-1.644044280052185,-1.5114690065383911,-1.5384975671768188,-1.7300457954406738,-1.572415,-1.871359,-1.4036539892793227,-1.3371434211730957,-1.4166152477264404,-1.5862851584010187,-2.99744512751239,1.879534,-1.894368
1FJ2_1,1FJ2,A,Eukaryota,Homo sapiens,Homo sapiens,AB hydrolase superfamily,hydrolase,1.5,229,232,229,107.66081135371178,6.046213722229004,-3.002528618715018,0.0873362445414847,0.1004366812227074,0.0777292576419215,0.0655021834061135,52.131877729257624,0.0786026200873362,0.296943231441048,0.9344978165938864,-0.1222707423580786,0.1403788544942396,15.514379501342772,0.3013100436681222,2.092661,-0.7691642642021179,-1.3545364141464231,-1.3917902708053589,-1.2831043004989624,-1.2607051134109497,-0.3324875235557556,-0.95605,-1.17688,-0.8906851689367836,,,-0.5103838724860978,-2.509998571404203,2.092661,-1.354842
3MTS_1,3MTS,A,Eukaryota,Homo sapiens,Homo sapiens,Class V-like SAM-binding methyltransferase superfamily,histone,2.2,62,64,62,126.65875161290316,9.007667732238769,3.0165991671712415,0.1774193548387097,0.2741935483870967,-1.3048387096774197,0.1290322580645161,56.13225806451612,0.032258064516129,0.0967741935483871,0.935483870967742,-0.2258064516129032,0.1933870967741935,12.0515718460083,0.3064516129032258,1.469569,-1.746023416519165,-2.0459513664245605,-2.1119983196258545,-2.092189073562622,-2.0368528366088867,-1.069937229156494,-1.663786,-1.849655,-1.5770517164661038,-1.737810730934143,-1.529705286026001,-1.0983086862871725,-2.6103043094758065,1.469569,-2.084058
4PQH_1,4PQH,A,Eukaryota,Populus trichocarpa,Populus trichocarpa,GST superfamily,transferase,1.4,214,236,214,113.8276341121495,4.920233345031736,-8.88659425739942,0.1542056074766355,0.1261682242990654,-0.5074766355140193,0.1355140186915888,46.43831775700933,0.0887850467289719,0.2336448598130841,0.9205607476635512,0.219626168224299,0.1489416278187942,16.928373336791992,0.2990654205607476,2.005197,-0.7794622778892517,-1.3130779266357422,-1.3482022285461426,-1.1015609502792358,-1.147541046142578,-0.6177398562431335,-1.062973,-1.33288,-0.6874167183849299,-0.9620749354362488,-0.5710726380348206,-0.6227538206866968,-2.502876923463055,2.005197,-1.259111
3PM2_1,3PM2,A,Eukaryota,Anopheles gambiae,Anopheles gambiae,PBP/GOBP family,other,1.8,173,173,173,109.49691791907516,5.919633293151855,-2.343845706500126,0.1156069364161849,0.1213872832369942,-0.0936416184971097,0.0693641618497109,45.69248554913293,0.0693641618497109,0.2716763005780346,0.930635838150289,0.4566473988439306,0.2296495545508308,15.35069751739502,0.3005780346820809,1.734902,-2.179914712905884,-1.6379740238189695,-1.61734938621521,-1.4287285804748535,-1.4366410970687866,-0.499785453081131,-1.547739,-2.337331,-0.9892466991623012,-1.1585946083068848,-1.2979795932769775,-2.861642650097092,-3.46003467361362,1.734902,-1.718643
1G1C_1,1G1C,A,Eukaryota,Homo sapiens,Homo sapiens,Protein kinase superfamily,transferase,2.1,98,99,98,113.55564285714276,5.322426033020019,-3.362339429464301,0.1530612244897959,0.1428571428571428,-0.3928571428571428,0.0918367346938775,30.047959183673463,0.0408163265306122,0.2448979591836735,0.9693877551020408,-0.6632653061224489,0.363970048451035,13.040980339050291,0.3061224489795918,2.033208,-0.7511083483695984,-1.5143061876296997,-1.5303634405136108,-1.3984732627868652,-1.462418794631958,-1.1465562582015991,-1.33997,-1.848081,-1.3344405816525828,-1.286449670791626,-0.5393654108047485,-0.328636714390346,-3.4752533581792093,2.033208,-1.709729
1JVA_1,1JVA,A,Eukaryota,Saccharomyces cerevisiae,Saccharomyces cerevisiae,ATPase alpha/beta chains family,hydrolase,2.1,427,475,427,111.86846416861844,6.262201881408691,-2.630232858589217,0.1381733021077283,0.1475409836065573,-0.288524590163935,0.0913348946135831,35.3859718969555,0.0351288056206089,0.2716627634660421,0.9414519906323184,-0.3231850117096019,0.2112660953410368,24.04381942749023,0.2997658079625293,1.777665,-2.4411423206329346,-1.6393340826034546,-1.63818621635437,-1.6044944524765017,-1.595991611480713,-2.007765293121338,-1.699234,-2.214975,-1.4033947839669936,,,-2.608547380433987,-2.9389791376975993,1.777665,-1.533312
1QSR_1,1QSR,A,Eukaryota,Tetrahymena thermophila,Tetrahymena thermophila,Acetyltransferase family,histone,2.0,162,162,162,119.20508827160488,9.460816001892091,9.267975040631896,0.1111111111111111,0.2037037037037037,-0.5981481481481483,0.1358024691358024,38.55246913580245,0.0308641975308641,0.1604938271604938,0.9074074074074074,0.0185185185185185,0.1545648992457503,14.60513687133789,0.3024691358024691,1.539298,-1.2050824165344238,-1.7187714576721191,-1.7504960298538208,-1.6497254371643066,-1.6165894269943235,-0.7085678577423096,-1.299552,-1.611022,-1.4515584309895833,-1.6232585906982422,-0.9330424666404724,-1.521776364173418,-3.0812833809558255,1.539298,-2.114398
3C5V_1,3C5V,A,Eukaryota,Homo sapiens,Homo sapiens,AB hydrolase superfamily,hydrolase,2.0,294,316,294,110.44222346938793,5.787994194030762,-5.53910919528721,0.119047619047619,0.1258503401360544,-0.0785714285714284,0.0748299319727891,28.21360544217688,0.0510204081632653,0.272108843537415,0.9183673469387756,0.1156462585034013,0.1810942172353669,16.937992095947266,0.2993197278911564,2.016372,-0.7791606783866882,-1.4498182535171509,-1.4315941333770752,-1.3024712800979614,-1.322993278503418,-0.3347536325454712,-1.148803,-1.261465,-0.9923847224436648,,,-0.4261219258211097,-2.0103047688802085,2.016372,-1.313335
3SMZ_1,3SMZ,A,Eukaryota,Homo sapiens,Homo sapiens,Pfam:PF00076,RNA-binding,1.99,280,284,280,111.04667321428578,6.2739107131958,-2.578894915024101,0.1214285714285714,0.1392857142857143,-0.3103571428571436,0.075,37.78285714285715,0.0535714285714285,0.275,0.9142857142857144,-0.0285714285714285,0.1337123638693145,20.492769241333008,0.3,1.926383,-0.8171312212944031,-1.5043329000473022,-1.5168195962905884,-1.3512204885482788,-1.350207805633545,-1.5013960599899292,-1.518516,-2.002275,-1.0581089564732142,-1.0893973112106323,-0.5201641917228699,-0.3688609531947545,-2.369288853236607,1.926383,-1.294119
6C9D_1,6C9D,A,Eukaryota,Homo sapiens,Homo sapiens,Protein kinase superfamily,transferase,2.499,425,459,425,115.416881647059,8.518546104431152,4.543371403404606,0.1388235294117647,0.1670588235294117,-0.4063529411764706,0.0917647058823529,32.028494117647064,0.0423529411764705,0.1952941176470588,0.9341176470588236,0.0776470588235294,0.1042375785265562,21.423051834106445,0.3011764705882352,1.925472,-0.5993280410766602,-1.5295689105987549,-1.5442043542861938,-1.5407710075378418,-1.5396817922592163,-0.8487080931663513,-1.244323,-1.228324,-1.2401706112132354,,,-0.4033833582261029,-1.7326812385110295,1.925472,-1.449714
4GE5_1,4GE5,A,Eukaryota,Homo sapiens,Homo sapiens,Protein-tyrosine phosphatase family,hydrolase,2.0,298,314,298,115.23365234899346,7.601498985290529,1.1342195423381014,0.110738255033557,0.1409395973154362,-0.4785234899328855,0.1073825503355704,37.10973154362416,0.0402684563758389,0.2416107382550335,0.9429530201342282,0.0503355704697986,0.1867485363415679,18.155620574951172,0.3020134228187919,1.873556,-1.5249323844909668,-1.5769047737121582,-1.56914222240448,-1.5180598497390747,-1.5106987953186035,-1.3036619424819946,-1.311496,-1.546237,-1.0865612670079174,,,-0.8370116061012217,-2.6473392768194213,1.873556,-1.322456
5F70_1,5F70,A,Eukaryota,Homo sapiens,Homo sapiens,Immunoglobulin superfamily,membrane,1.8,103,103,103,110.50252815533976,8.257191276550294,1.6762840084548394,0.087378640776699,0.1359223300970873,-0.233009708737864,0.087378640776699,18.5495145631068,0.0194174757281553,0.3300970873786408,0.9611650485436892,-0.6699029126213591,0.3548877195582895,12.428677558898926,0.3009708737864077,2.027067,-1.2573298215866089,-1.4444645643234253,-1.4979972839355469,-1.292373538017273,-1.3168596029281616,-1.6485083103179932,-1.288088,-1.506504,-1.0755918188002502,-1.3324466943740845,-0.8303487300872803,-1.177819853847467,-2.814218169277154,2.027067,-1.273379
2Q9G_1,2Q9G,A,Eukaryota,Homo sapiens,Homo sapiens,Cytochrome P450 family,oxidoreductase,2.4,422,456,422,114.2349236966826,8.299933815002444,2.22201979517682,0.1255924170616114,0.1421800947867298,-0.2255924170616117,0.0947867298578199,48.438151658767744,0.0473933649289099,0.2369668246445497,0.924170616113744,0.2938388625592417,0.1884365514670642,20.52084732055664,0.3009478672985782,1.758052,-1.0202302932739258,-1.5450971126556396,-1.600469946861267,-1.518120527267456,-1.5114277601242063,-0.3311312794685364,-1.364414,-1.679438,-1.142839621593602,,,-0.5222227629892069,-2.408653657018291,1.758052,-1.596247
3ILY_1,3ILY,A,Eukaryota,Entamoeba histolytica,Entamoeba histolytica,Low molecular weight phosphotyrosine protein phosphatase family,hydrolase,2.2,142,178,142,115.66677887323948,6.290394020080567,-1.2974302056834688,0.1549295774647887,0.1690140845070422,-0.4507042253521129,0.0985915492957746,35.50352112676054,0.0352112676056338,0.1901408450704225,0.9154929577464788,0.2253521126760563,0.194565418828762,13.673131942749023,0.3028169014084507,1.882417,-2.06516695022583,-1.474060297012329,-1.5757826566696167,-1.4831453561782837,-1.4594171047210691,-1.51683247089386,-1.232179,-1.624547,-1.1277406719368948,,,-2.5838098660321305,-3.564460432025748,1.882417,-1.468744
3WH9_1,3WH9,A,Eukaryota,Aspergillus niger,Aspergillus niger,Glycosyl hydrolase 5 (cellulase A) family,hydrolase,1.57,345,345,345,109.16763333333344,4.266073417663575,-25.963489053346688,0.1246376811594203,0.0695652173913043,-0.27304347826087,0.1333333333333333,15.299159420289849,0.0202898550724637,0.3652173913043478,0.927536231884058,0.0521739130434782,0.1423339306485586,18.19053077697754,0.3014492753623188,1.94477,-1.1849106550216677,-1.3729368448257446,-1.4929111003875732,-1.1860294342041016,-1.2418253421783447,-0.7570932507514954,-1.06625,-1.288541,-0.8215549634850543,-1.179604411125183,-0.8488732576370239,-0.9126255201256792,-2.644812896286232,1.94477,-1.24956
5HGZ_1,5HGZ,A,Eukaryota,Homo sapiens,Homo sapiens,Acetyltransferase family,histone,1.383,211,243,211,113.87213507109011,6.289086723327637,-3.4744187650847564,0.1137440758293839,0.1516587677725118,-0.1786729857819904,0.1137440758293839,30.22943127962084,0.0331753554502369,0.2606635071090047,0.914691943127962,-0.0426540284360189,0.1371400389732239,18.79366683959961,0.2985781990521327,1.670975,-0.6411370038986206,-1.6812885999679563,-1.6885915994644165,-1.5645581483840942,-1.558142066001892,-0.7860172986984253,-1.533784,-1.890705,-1.3901414916413657,-1.4951552152633667,-0.5529510378837585,-0.4584546563749629,-2.232917966435871,1.670975,-2.084018
1REJ_1,1REJ,A,Eukaryota,Mus musculus,Mus musculus,Protein kinase superfamily,transferase,2.2,335,350,335,116.44895522388062,8.86338748931885,5.479335639789021,0.1283582089552238,0.1671641791044776,-0.3946268656716424,0.1343283582089552,30.93316417910449,0.0388059701492537,0.2059701492537313,0.9164179104477612,0.0507462686567164,0.1635527028072075,19.03778076171875,0.3014925373134328,2.013444,-0.1832830905914306,-1.4042754173278809,-1.4683547019958496,-1.4907370805740356,-1.4802658557891846,-0.2914823293685913,-0.989081,-1.125791,,-1.3203125,-0.1653525084257125,-0.227505880327367,-1.3773406526935634,2.013444,-1.906492
3HLT_1,3HLT,A,Eukaryota,Homo sapiens,Homo sapiens,HAD-like hydrolase superfamily,hydrolase,2.3,256,266,256,110.27405195312502,5.847561454772949,-4.609637285328823,0.14453125,0.15234375,-0.1492187499999999,0.0625,36.10742187499999,0.0546875,0.265625,0.90625,-0.046875,0.1675799763033175,17.50899314880371,0.30078125,2.144459,-0.9413395524024964,-1.3695557117462158,-1.389875411987305,-1.399587869644165,-1.40065598487854,-0.4655215740203857,-0.936363,-1.220052,-0.9981191158294678,-1.2552539110183716,-0.7602092027664185,-0.550082266330719,-2.388789176940918,2.144459,-1.246124
1ZVD_1,1ZVD,A,Eukaryota,Homo sapiens,Homo sapiens,Pfam:PF00168,transferase,2.1,373,380,373,117.2618678284183,6.192971992492676,-5.002447447992502,0.1394101876675603,0.1608579088471849,-0.397050938337802,0.1152815013404825,41.15900804289544,0.0428954423592493,0.1742627345844503,0.8927613941018767,0.2064343163538874,0.1064550472770459,22.39099884033203,0.3002680965147453,1.713513,-0.3360544443130493,-1.7301456928253174,-1.6884971857070925,-1.6091033220291138,-1.6185904741287231,-1.4362274408340454,-1.443365,-1.568745,-1.2284698077245308,-1.364984393119812,-0.3042010068893432,-0.1307714835568343,-1.759033203125,1.713513,-2.707669
11UC_1,11UC,A,Eukaryota,Homo sapiens,Homo sapiens,Protein kinase superfamily,transferase,1.962,330,335,330,119.559120909091,6.969904136657715,-0.1189818435746659,0.1484848484848485,0.1939393939393939,-0.620909090909091,0.1242424242424242,41.28069696969696,0.0424242424242424,0.1545454545454545,0.8484848484848485,0.0,0.1357667584940312,19.46781539916992,0.3,1.90039,-0.133518099784851,-1.443271517753601,-1.4712437391281128,-1.3318800926208496,-1.36181640625,-0.2432747185230255,-0.847231,-0.967108,-0.8757527669270834,-1.1536206007003784,-0.1055660471320152,-0.1271008347020004,-1.15181884765625,1.90039,-1.177638
3L42_1,3L42,A,Eukaryota,Homo sapiens,Homo sapiens,Pfam:PF00439,DNA-binding,1.3,127,130,127,116.37801102362192,9.076068687438966,3.284287858917981,0.1259842519685039,0.1889763779527559,-0.5551181102362205,0.0787401574803149,47.99370078740157,0.0866141732283464,0.1653543307086614,0.9448818897637796,0.047244094488189,0.2253204919632979,13.800820350646973,0.2992125984251969,1.719379,-1.069843053817749,-1.7280234098434448,-1.750968337059021,-1.6024129390716553,-1.554118514060974,-1.650705337524414,-1.740523,-2.306878,-1.4846687617264396,-1.570038080215454,-1.0177098512649536,-0.3204975879098486,-2.020265594242126,1.719379,-1.847251
4G3E_1,4G3E,A,Eukaryota,Mus musculus,Mus musculus,Protein kinase superfamily,transferase,2.5,314,352,314,111.0732818471338,6.9843412399292,-0.0443547069536407,0.1178343949044586,0.1528662420382165,-0.2378980891719744,0.0668789808917197,41.370700636942665,0.0668789808917197,0.2515923566878981,0.8853503184713376,0.0891719745222929,0.1238522099000937,19.26642417907715,0.2993630573248407,1.926286,-1.839313268661499,-1.509809494018555,-1.5974496603012085,-1.415935516357422,-1.429580569267273,-1.0592496395111084,-1.523804,-2.001858,-1.1913987663900776,,,-1.0710493926030056,-2.695625839719347,1.926286,-1.388631
2VLV_1,2VLV,A,Eukaryota,Hordeum vulgare,Hordeum vulgare,Thioredoxin family,other,1.7,111,122,111,110.35287117117107,5.122409629821777,-4.024759840253598,0.1441441441441441,0.1261261261261261,0.1954954954954956,0.081081081081081,17.78918918918918,0.045045045045045,0.2522522522522522,0.981981981981982,0.2252252252252252,0.2602770838064955,12.410359382629396,0.2972972972972973,2.067882,-1.2075778245925903,-1.402869462966919,-1.4542365074157717,-1.2780978679656982,-1.3104872703552246,-1.3040592670440674,-1.04681,-1.319199,-0.8902864198426943,-1.2239998579025269,-0.9185231924057008,-1.2220200547226914,-2.877138155000704,2.067882,-1.619307
3QT4_1,3QT4,A,Eukaryota,Tenebrio molitor,Tenebrio molitor,Peptidase C1 family,hydrolase,2.11,304,329,304,110.25134046052622,4.92199535369873,-9.91841175692404,0.1151315789473684,0.0953947368421052,-0.5437500000000007,0.125,42.34480263157895,0.0230263157894736,0.3388157894736842,0.8914473684210527,-0.075657894736842,0.1841321166138957,18.017749786376953,0.2993421052631579,1.938,-1.3127018213272097,-1.459109902381897,-1.460182785987854,-1.327094793319702,-1.3523738384246826,-1.286436915397644,-1.151705,-1.313429,-1.0149765014648438,,,-1.655145343981291,-2.3768571552477384,1.938,-1.270148
2QLT_1,2QLT,A,Eukaryota,Saccharomyces cerevisiae,Saccharomyces cerevisiae,HAD-like hydrolase superfamily,hydrolase,1.6,251,275,251,111.62402191235066,5.349538230895996,-7.668873530052728,0.1593625498007968,0.1513944223107569,-0.3019920318725101,0.1075697211155378,26.957370517928275,0.0597609561752988,0.247011952191235,0.8764940239043826,-0.0637450199203187,0.219014965777914,16.82819175720215,0.298804780876494,2.004741,-1.7564969062805176,-1.3522971868515017,-1.378385066986084,-1.2040026187896729,-1.2256640195846558,-1.012954831123352,-1.136262,-1.536223,-0.7939606320810508,-0.990083634853363,-0.9624247550964355,-0.8701201055154383,-2.915187151783491,2.004741,-1.413962
1C0E_1,1C0E,A,Eukaryota,Bos taurus,Bos taurus,Low molecular weight phosphotyrosine protein phosphatase family,hydrolase,2.2,154,157,154,114.1480967532467,7.666750144958496,0.8492659589166713,0.1298701298701298,0.1493506493506493,-0.3675324675324674,0.0844155844155844,40.17467532467532,0.0324675324675324,0.2012987012987013,0.8896103896103896,0.0974025974025973,0.212733694876552,13.795716285705566,0.2987012987012987,1.935756,-0.7751914858818054,-1.5063189268112185,-1.5152326822280884,-1.4815552234649658,-1.5001686811447144,-0.1585459262132644,-1.103522,-1.241028,-0.9805238401734984,-1.4239120483398438,-0.7130106091499329,-0.5261506910447951,-2.534338022207285,1.935756,-2.209196
1WWL_1,1WWL,A,Eukaryota,Mus musculus,Mus musculus,Pfam:PF00560,signaling,2.5,308,312,308,108.01815064935064,4.97604923248291,-7.88728785886132,0.1136363636363636,0.0941558441558441,-0.0665584415584415,0.0551948051948052,39.84870129870129,0.0714285714285714,0.288961038961039,0.8474025974025974,-0.4577922077922078,0.0778829132267009,21.099597930908203,0.3019480519480519,1.949663,-2.2035505771636963,-1.478766679763794,-1.500773549079895,-1.434814691543579,-1.4522417783737185,-1.1354079246520996,-1.427526,-2.028653,-1.2960734181589897,-1.3414902687072754,-1.4380624294281006,-1.3657700179459211,-2.8775385076349433,1.949663,-1.353126
4N7C_1,4N7C,A,Eukaryota,Blattella germanica,Blattella germanica,Calycin superfamily,other,1.75,174,176,174,115.93854597701154,6.406345558166504,-1.6467533165375237,0.1436781609195402,0.1724137931034483,-0.7189655172413798,0.1206896551724138,32.76666666666665,0.0229885057471264,0.2471264367816092,0.8275862068965518,-0.2873563218390805,0.2288658626351848,14.713423728942873,0.2988505747126437,1.807584,-2.5172693729400635,-1.4770612716674805,-1.5787125825881958,-1.2943168878555298,-1.336605191230774,-1.986295461654663,-1.589608,-2.372098,-1.2173862676510865,-1.2896080017089844,-1.5313255786895752,-3.134068982354526,-3.5100515080594468,1.807584,-1.691822
5JOE_1,5JOE,A,Eukaryota,Homo sapiens,Homo sapiens,Protein kinase superfamily,transferase,2.0,92,92,92,114.15144782608684,5.665733528137207,-2.324239327735796,0.1630434782608695,0.1630434782608695,-0.4434782608695653,0.0652173913043478,27.629347826086956,0.0434782608695652,0.1847826086956521,0.9891304347826086,-0.5543478260869565,0.3379184301654482,12.87649631500244,0.3043478260869565,2.02561,-1.0500813722610474,-1.4342453479766846,-1.417250633239746,-1.2833081483840942,-1.2970963716506958,-1.562566876411438,-1.472963,-1.796058,-1.0959046405294668,-1.176091194152832,-0.7765500545501709,-1.1690488898235818,-3.2555303158967392,2.02561,-1.988997
6ZZ1_1,6ZZ1,A,Eukaryota,Homo sapiens,Homo sapiens,Protein kinase superfamily,transferase,1.64,144,153,144,115.9794611111109,8.774227714538572,3.2118535522305436,0.1458333333333333,0.1875,-0.6986111111111114,0.0555555555555555,56.111111111111114,0.0277777777777777,0.1944444444444444,0.9027777777777778,0.8055555555555555,0.1699667125803489,15.109861373901367,0.2986111111111111,1.532335,-2.1968531608581543,-1.8696751594543457,-1.8932552337646484,-1.7907570600509644,-1.7689470052719116,-1.049459457397461,-1.784164,-2.369944,-1.505085097418891,,,-2.1854396396213107,-3.4556700388590493,1.532335,-2.19773
3EPZ_1,3EPZ,A,Eukaryota,Homo sapiens,Homo sapiens,Class I-like SAM-binding methyltransferase superfamily,transferase,2.31,227,268,227,111.25328458149782,4.7840471267700195,-11.823804360881656,0.13215859030837,0.1013215859030837,-0.218502202643172,0.092511013215859,39.47400881057269,0.0748898678414096,0.2378854625550661,0.8722466960352423,0.0264317180616739,0.125886807140456,18.070226669311523,0.2995594713656387,1.620734,-2.8570079803466797,-1.771767497062683,-1.8218257427215576,-1.6398245096206665,-1.683666110038757,-1.1433145999908447,-1.931875,-2.753559,-1.4670230008431993,,,-1.3928628661033866,-3.443790923131195,1.620734,-3.486655
2PHO_1,2PHO,A,Eukaryota,Homo sapiens,Homo sapiens,Arginase family,hydrolase,1.95,313,322,313,107.96613290734824,6.278514671325683,-2.5286136443920384,0.121405750798722,0.1373801916932907,-0.1290734824281151,0.0638977635782747,24.1476038338658,0.0670926517571885,0.2907348242811501,0.8945686900958467,0.0958466453674121,0.1706856484389753,17.206287384033203,0.3003194888178914,2.025831,-1.1110080480575562,-1.339649677276611,-1.344024658203125,-1.3506698608398438,-1.3132390975952148,-0.6614233255386353,-1.061456,-1.295726,-0.8761292478908747,-1.264191508293152,-0.9083895683288574,-0.4896992448800669,-2.4824000349440896,2.025831,-1.248096
3KKA_2,3KKA,C,Eukaryota,Homo sapiens,Homo sapiens,Protein kinase superfamily,transferase,2.4,59,86,59,115.1666694915254,9.155751609802245,1.5780063329563196,0.1016949152542373,0.1694915254237288,-0.2898305084745761,0.0847457627118644,33.11186440677966,0.0169491525423728,0.2542372881355932,0.8474576271186441,0.711864406779661,0.2041348482026448,9.869543075561523,0.3050847457627119,1.548753,-1.1304103136062622,-1.7532167434692385,-1.7943084239959717,-1.7581440210342407,-1.7591242790222168,-0.7095574736595154,-1.611811,-1.651189,-1.6204122769630562,-1.671394944190979,-0.988379716873169,-0.9106213844428628,-2.140035596944518,1.548753,-1.799775
8KA4_1,8KA4,A,Eukaryota,Arabidopsis thaliana,Arabidopsis thaliana,DNA repair enzymes AP/ExoA family,hydrolase,2.3,293,297,293,113.5510863481229,8.792923545837404,5.22592595807172,0.1160409556313993,0.1638225255972696,-0.4716723549488059,0.1058020477815699,36.75771331058021,0.0477815699658703,0.2525597269624573,0.870307167235495,-0.2696245733788396,0.1856346670539539,17.281633377075195,0.3003412969283277,1.911137,-0.7520691156387329,-1.3808395862579346,-1.4256014823913574,-1.2835851907730105,-1.2404178380966189,-0.754868745803833,-1.125932,-1.425442,-0.871359138358575,,,-0.7156708492760773,-2.1868786079484854,1.911137,-1.072047
7KFL_1,7KFL,A,Eukaryota,Arabidopsis thaliana,Arabidopsis thaliana,TRAFAC class myosin-kinesin ATPase superfamily,cytoskeletal,2.35,356,395,356,113.9134912921351,7.686245918273926,1.2481737291381094,0.1067415730337078,0.1264044943820225,-0.1418539325842694,0.0870786516853932,38.52331460674156,0.0280898876404494,0.2387640449438202,0.9241573033707864,0.5533707865168539,0.1029710619573067,24.700952529907227,0.300561797752809,1.544814,-0.8167315125465393,-1.7826471328735352,-1.7872307300567627,-1.6236757040023804,-1.6433345079421997,-0.5794675946235657,-1.825785,-2.459409,-1.536632580703564,,,-0.7568374805236131,-2.4886891225750527,1.544814,-1.299069
5XD6_1,5XD6,A,Eukaryota,Arabidopsis thaliana,Arabidopsis thaliana,Protein kinase superfamily,transferase,1.898,282,305,282,109.65237021276604,7.886755943298339,1.800288114873002,0.1063829787234042,0.1524822695035461,-0.1886524822695036,0.0709219858156028,22.879468085106385,0.0567375886524822,0.2659574468085106,0.875886524822695,0.0744680851063829,0.1172176586767214,18.499889373779297,0.301418439716312,2.074639,-0.9316338300704956,-1.4119627475738523,-1.4487392902374268,-1.3345551490783691,-1.3276549577713013,-1.1468433141708374,-1.166152,-1.358042,-0.9175828433205896,,,-0.7898833362768728,-1.5786945532399712,2.074639,-1.372697
2G2H_1,2G2H,A,Eukaryota,Homo sapiens,Homo sapiens,Protein kinase superfamily,transferase,2.0,272,287,272,115.60196139705904,5.157365608215331,-9.792285459763534,0.1470588235294117,0.1286764705882352,-0.3194852941176472,0.1213235294117647,36.55408088235294,0.0441176470588235,0.2316176470588235,0.9264705882352942,0.0441176470588235,0.1213682864450127,18.06483459472656,0.3014705882352941,1.880964,-0.2161844819784164,-1.5783262252807615,-1.5977373123168943,-1.5337928533554075,-1.5428433418273926,-1.4476969242095947,-1.11623,-1.245637,-0.9558249080882352,-1.2818551063537598,-0.1898646652698516,-0.2819839926326976,-1.4094545700970815,1.880964,-1.440762
3L4R_1,3L4R,A,Eukaryota,Canis lupus familiaris,Canis lupus familiaris,Calycin superfamily,other,1.45,151,170,151,113.50358211920523,4.8532201766967775,-10.558087637453964,0.1589403973509934,0.1324503311258278,-0.3509933774834436,0.0927152317880794,37.24701986754966,0.0331125827814569,0.2251655629139073,0.9006622516556291,-0.3973509933774834,0.2207137601177336,14.178316116333008,0.2980132450331126,1.784696,-2.2272279262542725,-1.5573521852493286,-1.6096723079681396,-1.360974907875061,-1.3805323839187622,-1.0398191213607788,-1.502547,-2.081737,-1.140890361457471,-1.229007363319397,-1.3307653665542605,-2.9490219015159354,-3.5311505652421356,1.784696,-1.847187
7A3Z_1,7A3Z,A,Eukaryota,Caenorhabditis elegans,Caenorhabditis elegans,TRAFAC class myosin-kinesin ATPase superfamily,cytoskeletal,2.095,307,372,307,110.06790358306196,6.021204566955566,-3.604567528069282,0.1140065146579804,0.1237785016286644,-0.2537459283387622,0.0749185667752442,35.974918566775244,0.0325732899022801,0.2899022801302932,0.9087947882736156,-0.1986970684039088,0.2494625407166123,18.256765365600582,0.2996742671009772,1.744048,-1.3169094324111938,-1.6129518747329712,-1.6441123485565186,-1.5648940801620483,-1.5890624523162842,-1.308762550354004,-1.118091,-1.305044,-1.1454833586751831,,,-1.2584685782267917,-1.9092532477860344,1.744048,-1.62454
5CE1_1,5CE1,A,Eukaryota,Homo sapiens,Homo sapiens,Peptidase S1 family,hydrolase,2.5,361,372,361,108.51294930747927,7.605250358581544,1.3188974929171806,0.0886426592797784,0.1108033240997229,-0.0686980609418282,0.0886426592797784,34.48451523545707,0.0498614958448753,0.3157894736842105,0.8753462603878117,-0.5152354570637119,0.1603001236213272,19.96079444885254,0.299168975069252,2.069726,-1.5156880617141724,-1.4027444124221802,-1.422270655632019,-1.420365810394287,-1.37602436542511,-1.793867826461792,-1.356985,-1.74647,-1.0847647289159883,,,-0.6849192357789776,-2.453434064447715,2.069726,-1.426386
5MKW_1,5MKW,A,Eukaryota,Homo sapiens,Homo sapiens,SNF2/RAD54 helicase family,hydrolase,2.0,119,122,119,115.13829915966376,9.2986780166626,5.775094231356096,0.0924369747899159,0.1764705882352941,-0.7142857142857143,0.0672268907563025,53.189075630252105,0.0336134453781512,0.2268907563025209,0.8739495798319328,0.4033613445378151,0.202027600030838,14.639192581176758,0.3025210084033613,1.581783,-1.510055422782898,-1.7764359712600708,-1.7699466943740845,-1.656052827835083,-1.6647413969039917,-0.9940466284751892,-1.789049,-2.186428,-1.377349853515625,-1.8363544940948489,-1.209384799003601,-1.045542484571954,-3.629301952714679,1.581783,-1.777068
8FPW_1,8FPW,A,Eukaryota,Homo sapiens,Homo sapiens,Small GTPase superfamily,GTPase,1.4,180,183,180,112.80569499999991,4.987303352355956,-7.036584198443787,0.1722222222222222,0.1444444444444444,-0.3822222222222223,0.0722222222222222,50.588333333333345,0.0611111111111111,0.2055555555555555,0.9055555555555556,-0.1611111111111111,0.1989507667473769,14.966042518615724,0.3,1.848739,-0.1787973046302795,-1.5421161651611328,-1.5984704494476318,-1.3108046054840088,-1.3192880153656006,-0.3950845599174499,-0.947343,-0.853119,-0.6179677327473958,-1.2806609869003296,-0.1279382109642028,-0.3340633180406358,-1.839444308810764,1.848739,-1.421502
5DU3_1,5DU3,A,Eukaryota,Homo sapiens,Homo sapiens,Serpin family,protease_inhibitor,2.1,378,382,378,112.21315820105852,7.280756568908691,0.6310452778469298,0.0978835978835978,0.1243386243386243,-0.0238095238095237,0.0873015873015873,29.78359788359788,0.0502645502645502,0.2619047619047618,0.9285714285714286,-0.1719576719576719,0.2189269981120201,20.7166805267334,0.3015873015873015,1.755576,-1.6182012557983398,-1.630612015724182,-1.6448479890823364,-1.6055800914764404,-1.605730414390564,-0.1605755686759948,-1.541023,-1.810371,-1.2762570658688823,-1.445476770401001,-1.226048707962036,-0.6925995034515542,-2.7156830641327714,1.755576,-1.636965
6UO4_1,6UO4,A,Eukaryota,Danio rerio,Danio rerio,Histone deacetylase family,histone,1.26830986453,357,366,357,110.32900280112057,5.518122673034666,-11.10350109998006,0.1092436974789916,0.1120448179271708,-0.0798319327731091,0.0924369747899159,40.82044817927171,0.0476190476190476,0.2829131652661064,0.9019607843137256,0.0840336134453781,0.1495104972682142,17.912139892578125,0.299719887955182,2.010683,-1.1906059980392456,-1.440683364868164,-1.4320271015167236,-1.2546594142913818,-1.2633510828018188,-1.143204927444458,-1.134092,-1.325541,-0.916161630667892,-1.022576928138733,-0.8773319721221924,-0.7601797921316964,-2.467935001148897,2.010683,-1.073755
1XCL_1,1XCL,A,Eukaryota,Rattus norvegicus,Rattus norvegicus,Class I-like SAM-binding methyltransferase superfamily,transferase,2.0,229,235,229,112.46851397379923,5.8380125045776365,-5.269426165677473,0.1091703056768559,0.1222707423580786,-0.1742358078602623,0.1091703056768559,49.44628820960698,0.0786026200873362,0.2707423580786026,0.8995633187772926,-0.0611353711790393,0.1591810689464296,15.814967155456545,0.3013100436681222,1.882439,-1.2197315692901611,-1.4393986463546753,-1.5075726509094238,-1.4295413494110107,-1.4072691202163696,-0.2828278541564941,-1.367727,-1.763871,-1.053481589238196,-1.280837893486023,-0.8981828689575195,-0.7010810552205581,-2.8154616709879914,1.882439,-1.343742
4G0O_1,4G0O,A,Eukaryota,Arabidopsis thaliana,Arabidopsis thaliana,Argonaute family,RNA-binding,2.186,139,139,139,111.20217985611504,9.155687141418458,6.577109630193746,0.0863309352517985,0.1510791366906474,-0.1237410071942445,0.0503597122302158,46.23812949640287,0.0647482014388489,0.2158273381294964,0.9064748201438848,0.0,0.3067407460170477,13.82827377319336,0.302158273381295,1.686243,-2.7704062461853027,-1.829763889312744,-1.733737230300903,-1.6662527322769165,-1.6611899137496948,-1.5412874221801758,-1.35298,-1.753202,-1.2927353673701665,-1.5882569551467896,-1.641714334487915,-1.5634116852026192,-2.9160885159060252,1.686243,-2.067642
2B51_1,2B51,A,Eukaryota,Trypanosoma brucei brucei,Trypanosoma brucei brucei,DNA polymerase type-B-like family,transferase,2.05,444,468,444,115.2813707207208,8.790215873718264,7.944928691380035,0.1171171171171171,0.1644144144144144,-0.4448198198198194,0.1148648648648648,40.342364864864855,0.054054054054054,0.2297297297297297,0.8873873873873874,0.1396396396396396,0.1611323835334875,23.13124656677246,0.2995495495495495,1.797848,-2.5043675899505615,-1.5808608531951904,-1.598716139793396,-1.484524846076965,-1.4666084051132202,-1.778876781463623,-1.696834,-2.436272,-1.2340020532006617,-1.382805109024048,-1.4394062757492063,-2.759945431271115,-3.1348585524000563,1.797848,-1.492674
2F4W_1,2F4W,A,Eukaryota,Homo sapiens,Homo sapiens,Ubiquitin-conjugating enzyme family,transferase,2.0,147,187,147,115.40518571428564,8.653156089782716,2.550287118662432,0.1020408163265306,0.1360544217687074,-0.2326530612244899,0.129251700680272,48.1891156462585,0.0952380952380952,0.2108843537414965,0.9591836734693876,-0.020408163265306,0.1772522092949329,14.33568000793457,0.2993197278911564,1.811956,-1.5500553846359253,-1.61807119846344,-1.6153905391693115,-1.5242072343826294,-1.5067567825317385,-1.6777842044830322,-1.201964,-1.300749,-1.1229879158694729,,,-0.7097628846460459,-2.678357182716837,1.811956,-1.73833
6U0K_1,6U0K,A,Eukaryota,Homo sapiens,Homo sapiens,Protein kinase superfamily,transferase,1.744,290,300,290,115.55641068965532,9.49130954742432,11.447634351606377,0.1137931034482758,0.1793103448275862,-0.3010344827586207,0.1034482758620689,46.11175862068965,0.0344827586206896,0.2172413793103448,0.8827586206896552,-0.0344827586206896,0.1128223940402957,18.45009422302246,0.3,1.881395,-0.5558648705482483,-1.5409857034683228,-1.516783595085144,-1.4012863636016846,-1.391051173210144,-1.1377779245376587,-1.217801,-1.38739,-0.9666943780307112,,,-0.4276415857775458,-1.6763638200431037,1.881395,-1.231652
4AU7_1,4AU7,A,Eukaryota,Mus musculus,Mus musculus,Class V-like SAM-binding methyltransferase superfamily,histone,2.07,243,247,243,114.19478436214,6.724075508117676,-0.6825016813099793,0.139917695473251,0.1646090534979424,-0.4312757201646094,0.0987654320987654,53.10374485596708,0.0452674897119341,0.2510288065843621,0.8888888888888888,-0.1975308641975308,0.1482173762547594,17.274309158325195,0.3004115226337449,1.843017,-0.6527882218360901,-1.6442195177078247,-1.714936137199402,-1.5191175937652588,-1.538853645324707,-0.9582210779190063,-1.682744,-2.392831,-1.3337325735837835,-1.4252334833145142,-0.5454871654510498,-0.402089405452273,-2.624698089474023,1.843017,-1.700788
1XQ6_1,1XQ6,A,Eukaryota,Arabidopsis thaliana,Arabidopsis thaliana,NAD(P)-dependent epimerase/dehydratase family,other,1.8,253,253,253,106.95039841897238,6.186549186706543,-1.3428172560622755,0.1304347826086956,0.1343873517786561,-0.2830039525691701,0.067193675889328,21.41264822134387,0.0513833992094861,0.308300395256917,0.8972332015810276,-0.0830039525691699,0.1387370105870206,16.975263595581055,0.300395256916996,2.231644,-0.9880154132843018,-1.2104426622390747,-1.2247328758239746,-1.1120707988739014,-1.131847262382507,-0.6810069680213928,-0.93505,-1.103638,-0.882854838616292,-0.9327285885810852,-0.6614018082618713,-0.693560332648839,-2.385954724941329,2.231644,-1.198585
2NTE_1,2NTE,A,Eukaryota,Homo sapiens,Homo sapiens,Pfam:PF12796,transferase,1.9,210,210,210,114.61717047619052,8.574440193176269,4.1405439867851435,0.1142857142857143,0.1571428571428571,-0.3019047619047619,0.0999999999999999,53.98242857142859,0.0571428571428571,0.2142857142857143,0.923809523809524,-0.0571428571428571,0.136979477983662,17.73400115966797,0.3,1.803974,-0.9789456129074096,-1.533475399017334,-1.5359795093536377,-1.5535482168197632,-1.556795597076416,-1.8143179416656492,-1.71016,-2.18814,-1.1434029715401786,-1.3340405225753784,-0.7746766805648804,-0.5760217575799851,-3.1797142392113096,1.803974,-1.697463
3MAX_1,3MAX,A,Eukaryota,Homo sapiens,Homo sapiens,Histone deacetylase family,histone,2.05,367,367,367,114.69098664850132,6.52752628326416,-2.1256010218882295,0.1198910081743869,0.1471389645776566,-0.4054495912806544,0.1280653950953678,29.470599455040883,0.0408719346049046,0.2261580381471389,0.888283378746594,0.0599455040871934,0.1540553253194468,18.415685653686523,0.2997275204359673,1.810322,-0.3269452452659607,-1.4613306522369385,-1.4822063446044922,-1.2754088640213013,-1.286872625350952,-1.0302311182022097,-0.712467,-0.751277,-0.91007675461938,-1.3147894144058228,-0.3188789784908294,-0.081553700834269,-1.300152937138113,1.810322,-1.283533
2R0I_1,2R0I,A,Eukaryota,Rattus norvegicus,Rattus norvegicus,Protein kinase superfamily,transferase,2.202,300,327,300,115.45639233333344,9.118682289123536,7.585571502453526,0.1266666666666666,0.1733333333333333,-0.3203333333333332,0.0966666666666666,36.52136666666666,0.0433333333333333,0.1933333333333333,0.9033333333333332,0.1899999999999999,0.116916533758639,19.81756591796875,0.3,2.053274,-0.3926244080066681,-1.3935388326644895,-1.415015459060669,-1.3596916198730469,-1.3385697603225708,-0.9362558722496032,-1.10826,-1.032825,-0.9505718994140624,,,-0.2910827128092448,-1.3878307088216146,2.053274,-1.440606
2XTP_1,2XTP,A,Eukaryota,Homo sapiens,Homo sapiens,TRAFAC class TrmE-Era-EngA-EngB-Septin-like GTPase superfamily,GTPase,1.5,221,260,221,111.81358144796384,6.302557563781738,-2.0462422551412054,0.1266968325791855,0.1447963800904977,-0.4380090497737558,0.0723981900452488,33.83665158371043,0.0135746606334841,0.2805429864253393,0.9276018099547512,0.1402714932126696,0.1763961045006796,15.83646297454834,0.2986425339366516,1.629006,-1.3146870136260986,-1.7638176679611206,-1.763158082962036,-1.5636171102523804,-1.5932673215866089,-0.7643688917160034,-1.573233,-1.8701,-1.207241420832155,,,-1.0385446677919965,-2.41204143541431,1.629006,-4.238324
7UW8_1,7UW8,A,Eukaryota,Drosophila melanogaster,Drosophila melanogaster,Class V-like SAM-binding methyltransferase superfamily,histone,2.5,221,257,221,116.64367873303168,8.644968605041505,3.0871480408030187,0.1040723981900452,0.1312217194570135,-0.348868778280543,0.1312217194570135,31.145791855203615,0.0633484162895927,0.2217194570135747,0.918552036199095,-0.6108597285067873,0.1214696548106925,18.23106384277344,0.2986425339366516,1.574523,-2.2531180381774902,-1.7426879405975342,-1.750866174697876,-1.637285590171814,-1.598270058631897,-1.6427668333053589,-1.950958,-2.521947,-1.3913890441618355,,,-1.876826221586892,-3.418764968803026,1.574523,-2.050797
5VR3_1,5VR3,A,Eukaryota,Homo sapiens,Homo sapiens,Protein kinase superfamily,transferase,2.102,60,88,60,118.99925333333331,4.539298439025879,-6.843779621193685,0.2,0.1166666666666666,-0.7083333333333334,0.0833333333333333,72.14666666666666,0.0666666666666666,0.15,0.9333333333333332,0.6666666666666667,0.2556277056277056,13.34084129333496,0.3,1.291905,-2.5992579460144043,-2.1173582077026367,-2.13819432258606,-2.0845961570739746,-2.105885028839112,-2.443379163742065,-2.012205,-2.508117,-1.9570990244547528,,,-1.5994603474934896,-2.767444610595703,1.291905,-2.173986
1OM0_1,1OM0,A,Eukaryota,Triticum aestivum,Triticum aestivum,Glycosyl hydrolase 18 family,hydrolase,1.8,274,274,274,110.52785656934309,8.269246864318852,2.7230673581609786,0.0948905109489051,0.1423357664233576,-0.3970802919708031,0.1313868613138686,29.25003649635035,0.0474452554744525,0.3211678832116788,0.8941605839416058,-0.1423357664233577,0.1748649030124612,17.020437240600586,0.2992700729927007,1.923562,-1.7273186445236206,-1.429183006286621,-1.47127366065979,-1.3121249675750732,-1.3252485990524292,-1.162479281425476,-1.297575,-1.743129,-0.9045917483141822,-1.05778706073761,-1.0440170764923096,-1.5853282622177236,-2.955663973397582,1.923562,-1.1448
4JND_1,4JND,A,Eukaryota,Caenorhabditis elegans,Caenorhabditis elegans,PP2C family,hydrolase,1.652,408,454,408,113.04249485294132,4.818775749206543,-26.100507959684556,0.1740196078431372,0.1372549019607843,-0.413235294117647,0.0833333333333333,55.233578431372585,0.0392156862745098,0.2377450980392156,0.9387254901960784,0.0808823529411764,0.1392730703392468,20.105121612548828,0.3014705882352941,1.719368,-2.218745708465576,-1.5913692712783811,-1.6152127981185913,-1.3933004140853882,-1.427190899848938,-1.942028522491455,-1.59703,-2.1471,-1.0035493888107,,,-2.5406536027496935,-2.82178602031633,1.719368,-1.328548
5X18_1,5X18,A,Eukaryota,Saccharomyces cerevisiae,Saccharomyces cerevisiae,Protein kinase superfamily,transferase,1.8,294,295,294,114.9431816326531,8.288007164001467,2.2566749083256425,0.1258503401360544,0.163265306122449,-0.4744897959183675,0.1122448979591836,41.89255102040818,0.0510204081632653,0.2108843537414966,0.9047619047619048,0.0,0.1197678453143235,18.772510528564453,0.2993197278911564,1.930088,-0.894699215888977,-1.455541491508484,-1.4421859979629517,-1.2621920108795166,-1.2900367975234983,-0.9521405696868896,-0.812848,-0.933544,-0.7706867659173045,-1.1255979537963867,-0.721665620803833,-0.4742713461116868,-1.7785225174053996,1.930088,-1.279003
8EO2_1,8EO2,A,Eukaryota,Lutzomyia longipalpis,Lutzomyia longipalpis,Unclassified,other,2.31,274,284,274,117.13456532846732,8.028650856018068,2.1510768877800146,0.1423357664233576,0.1678832116788321,-0.7240875912408763,0.1386861313868613,30.378868613138696,0.0291970802919708,0.2116788321167883,0.916058394160584,-0.6897810218978102,0.1695769045849906,18.85685920715332,0.2992700729927007,1.631396,-2.869593858718872,-1.5991995334625244,-1.6707299947738647,-1.5342464447021484,-1.5455422401428225,-2.243502616882324,-1.826623,-2.802525,-1.306008220589074,-1.5713976621627808,-1.611498236656189,-2.962824243698677,-3.2792140097513687,1.631396,-1.345457
6IZQ_1,6IZQ,A,Eukaryota,Homo sapiens,Homo sapiens,Class I-like SAM-binding methyltransferase superfamily,histone,2.449,332,333,332,113.6833539156628,6.197575950622559,-3.668571033785252,0.0993975903614457,0.1174698795180722,-0.0400602409638553,0.1295180722891566,31.06780120481929,0.0391566265060241,0.2530120481927711,0.8885542168674698,-0.2138554216867469,0.1476658341795427,20.752853393554688,0.3012048192771084,1.819904,-0.2521193921566009,-1.512730836868286,-1.5154684782028198,-1.4202425479888916,-1.4035208225250244,-0.3153729140758514,-1.208842,-1.373001,-1.106081215732069,-1.2857825756072998,-0.2079774588346481,-0.1069724301257765,-1.246793080525226,1.819904,-1.349905
2AL7_1,2AL7,A,Eukaryota,Homo sapiens,Homo sapiens,Small GTPase superfamily,GTPase,1.85,155,186,155,114.81579612903226,8.324109458923342,1.6188197894116207,0.1290322580645161,0.1548387096774193,-0.3361290322580644,0.064516129032258,41.90645161290322,0.0258064516129032,0.1935483870967742,0.8774193548387097,0.0129032258064516,0.2077131014597224,13.81987762451172,0.3032258064516129,1.851308,-0.6033623814582825,-1.6283940076828003,-1.6297520399093628,-1.4540743827819824,-1.473844289779663,-0.5738759636878967,-1.274145,-1.524649,-0.9816738990045364,,,-0.6900469380040323,-1.895990187121976,1.851308,-1.768249
4OI9_1,4OI9,A,Eukaryota,Homo sapiens,Homo sapiens,Immunoglobulin superfamily,membrane,2.5,378,378,378,109.17008148148165,6.335410499572753,-0.9967455562314314,0.1164021164021164,0.119047619047619,-0.2738095238095243,0.0582010582010582,51.65978835978836,0.0793650793650793,0.3121693121693121,0.9391534391534392,-0.701058201058201,0.0887091466038834,42.56017303466797,0.3015873015873015,1.894184,-1.1394809484481812,-1.5628944635391235,-1.5808324813842771,-1.517300724983215,-1.5135953426361084,-0.24960657954216,-1.440799,-1.888233,-1.416462570271164,-1.4961689710617063,-1.033195734024048,-0.4291018127764343,-2.8142761553406084,1.894184,-1.411774
6ERO_1,6ERO,A,Eukaryota,Homo sapiens,Homo sapiens,Class I-like SAM-binding methyltransferase superfamily,transferase,1.75,296,313,296,114.42283412162176,8.620019340515139,4.521777588014615,0.1182432432432432,0.1621621621621621,-0.1783783783783784,0.0945945945945946,43.51283783783784,0.054054054054054,0.2094594594594594,0.9121621621621622,0.0945945945945946,0.0961112040833403,19.849275588989254,0.3006756756756756,1.798688,-2.0793604850769043,-1.55906879901886,-1.5521444082260132,-1.3768868446350098,-1.3901970386505127,-1.2277802228927612,-1.613051,-2.136316,-1.1940934464738175,,,-1.5750023094383443,-3.053442877692145,1.798688,-1.113312
9EN7_1,9EN7,A,Eukaryota,Drosophila melanogaster,Drosophila melanogaster,Pfam:PF00076,DNA-binding,1.19,84,90,84,112.58948333333326,8.033550453186034,0.9914422122329823,0.1071428571428571,0.1428571428571428,-0.5773809523809524,0.0952380952380952,17.70357142857143,0.0595238095238095,0.25,0.8690476190476191,-0.3214285714285714,0.3732413419913419,11.84312629699707,0.2976190476190476,1.924271,-0.8823014497756958,-1.579954981803894,-1.5642377138137815,-1.433534026145935,-1.450678825378418,-1.2710751295089722,-1.241471,-1.413081,-1.1154927753266837,-1.5673432350158691,-0.7557995915412903,-0.9163787478492372,-3.024307614281064,1.924271,-1.809425
5QON_1,5QON,A,Eukaryota,Homo sapiens,Homo sapiens,Nudix hydrolase family,hydrolase,1.8,149,167,149,116.01884496644284,8.753404426574708,2.928777694623175,0.1409395973154362,0.174496644295302,-0.4395973154362421,0.1140939597315436,49.18657718120805,0.0738255033557046,0.1879194630872483,0.9328859060402684,-0.1543624161073825,0.248705080919846,14.752195358276367,0.3020134228187919,1.949732,-0.7054412364959717,-1.4803022146224976,-1.5267044305801392,-1.3732528686523438,-1.3739322423934937,-0.222924143075943,-1.537547,-1.941221,-1.2708389999082423,-1.4053493738174438,-0.5868384838104248,-0.3716813925928717,-2.5598156820207634,1.949732,-2.583217
9JJU_1,9JJU,A,Eukaryota,Xenopus laevis,Xenopus laevis,TRAFAC class dynamin-like GTPase superfamily,GTPase,2.09,354,399,354,116.72934350282516,5.393758964538574,-10.38034055612954,0.135593220338983,0.1299435028248587,-0.2124293785310736,0.1101694915254237,42.027146892655374,0.0282485875706214,0.2033898305084745,0.9350282485875708,0.2627118644067797,0.1287453183520599,22.217424392700195,0.2994350282485876,1.460507,-2.391162395477295,-1.9366443157196045,-1.9592458009719849,-1.831068515777588,-1.8580588102340696,-2.088852643966675,-1.869451,-2.322678,-1.7140749484132238,,,-2.658254504877295,-3.174770549192267,1.460507,-1.621578
3I2N_1,3I2N,A,Eukaryota,Homo sapiens,Homo sapiens,Pfam:PF00400,other,1.95,345,357,345,111.30833217391312,7.760648155212404,1.586564058151403,0.1159420289855072,0.144927536231884,-0.3530434782608702,0.0840579710144927,35.18666666666665,0.0405797101449275,0.263768115942029,0.9217391304347826,-0.8347826086956522,0.1333639788035497,18.414451599121097,0.3014492753623188,1.838687,-0.8918177485466003,-1.6135268211364746,-1.619494080543518,-1.566106915473938,-1.5787818431854248,-0.3005485534667969,-1.580877,-2.094712,-1.2990703195765398,,,-0.6011201278023098,-2.4777934641077897,1.838687,-1.516623
1Q33_1,1Q33,A,Eukaryota,Homo sapiens,Homo sapiens,Nudix hydrolase family,hydrolase,1.81,292,292,292,113.10458082191796,6.161710548400878,-4.16269709296526,0.160958904109589,0.1815068493150685,-0.8482876712328766,0.0787671232876712,43.261301369863,0.0513698630136986,0.25,0.8732876712328768,-0.2773972602739725,0.1887631526702402,19.94188690185547,0.3013698630136986,1.848957,-1.5289909839630127,-1.4249666929244995,-1.470439076423645,-1.3039169311523438,-1.3706190586090088,-0.7079528570175171,-1.560435,-2.187382,-1.2543401848779965,-1.2289767265319824,-1.046116828918457,-0.462849447171982,-2.4552428363120717,1.848957,-2.391997
4FMU_1,4FMU,A,Eukaryota,Homo sapiens,Homo sapiens,Class V-like SAM-binding methyltransferase superfamily,histone,2.1,235,278,235,115.1427217021277,7.512830162048341,0.9803281787614112,0.1361702127659574,0.1574468085106382,-0.6370212765957453,0.1063829787234042,52.55531914893613,0.0340425531914893,0.2127659574468085,0.9234042553191488,-0.4468085106382978,0.1742684922757574,18.056386947631836,0.3021276595744681,1.843589,-0.8280426263809204,-1.571420192718506,-1.5802711248397827,-1.443790078163147,-1.4476056098937988,-1.4889075756072998,-1.47024,-1.680178,-1.1864313653174867,,,-0.7576321216339761,-2.1804277135970747,1.843589,-1.397338
5BYZ_1,5BYZ,A,Eukaryota,Homo sapiens,Homo sapiens,Protein kinase superfamily,transferase,1.65,348,348,348,114.28853017241404,6.875608253479004,-0.4497591607165887,0.1206896551724137,0.1551724137931034,-0.185344827586207,0.0948275862068965,44.03620689655171,0.0603448275862068,0.2270114942528735,0.9109195402298852,0.0833333333333333,0.1380824790307549,20.142051696777344,0.3017241379310345,1.996659,-0.3591996431350708,-1.4332070350646973,-1.4866828918457031,-1.2745956182479858,-1.2734217643737793,-0.8725851774215698,-1.09258,-1.276251,-0.8989573511584051,-1.1744778156280518,-0.3250165581703186,-0.1272783608272157,-1.250177142263829,1.996659,-1.107116
6KWA_1,6KWA,A,Eukaryota,Arabidopsis thaliana,Arabidopsis thaliana,Iron/ascorbate-dependent oxidoreductase family,oxidoreductase,2.09429141431,267,270,267,112.73007715355814,5.053236579895019,-10.962928228622795,0.1423220973782771,0.1235955056179775,-0.2842696629213485,0.0898876404494382,22.948689138576785,0.0524344569288389,0.2434456928838951,0.8951310861423221,-0.1086142322097378,0.1916326053620189,17.554595947265625,0.299625468164794,1.732453,-1.5139402151107788,-1.701722264289856,-1.7018083333969116,-1.55684494972229,-1.5374023914337158,-1.0902453660964966,-1.453084,-1.718013,-1.251439698180009,-1.465101957321167,-1.172175407409668,-0.9327142265405548,-2.771754118387172,1.732453,-1.526219
7T69_1,7T69,A,Eukaryota,Fusarium oxysporum f. sp. lycopersici,Fusarium oxysporum f. sp. lycopersici,Unclassified,other,1.68,209,267,209,114.9872636363636,8.12677173614502,2.463244057293128,0.1100478468899521,0.1626794258373205,-0.776076555023924,0.138755980861244,34.25502392344498,0.0430622009569377,0.2966507177033493,0.9760765550239234,-0.5741626794258374,0.203944014667084,17.7535343170166,0.3014354066985646,1.588558,-2.8784735202789307,-1.7934926748275757,-1.7477352619171145,-1.6664882898330688,-1.646292805671692,-2.7875030040740967,-1.84225,-2.83201,-1.2951960951517645,,,-3.182397577751196,-3.6518192565041865,1.588558,-2.19998
4APC_1,4APC,A,Eukaryota,Homo sapiens,Homo sapiens,Protein kinase superfamily,transferase,2.1,293,350,293,115.59287849829369,8.82386837005615,6.602802587406664,0.1194539249146757,0.1740614334470989,-0.3006825938566558,0.098976109215017,49.97030716723548,0.030716723549488,0.2013651877133105,0.9180887372013652,0.0170648464163822,0.1068916612858592,19.087066650390625,0.3003412969283277,1.847601,-0.6698587536811829,-1.673366665840149,-1.6976251602172852,-1.558881163597107,-1.540566086769104,-1.2341758012771606,-1.308642,-1.289475,-1.1223375756585965,,,-0.7746187802467737,-1.883265784982935,1.847601,-1.522505
1CWN_1,1CWN,A,Eukaryota,Sus scrofa,Sus scrofa,Aldo/keto reductase family,oxidoreductase,2.0,324,324,324,112.36829074074082,6.553899574279785,-1.4221390601039516,0.1172839506172839,0.1388888888888889,-0.270679012345679,0.0864197530864197,47.66913580246913,0.0771604938271604,0.2376543209876543,0.8703703703703703,-0.0432098765432098,0.144816450004088,18.242650985717773,0.2993827160493827,,-0.9874562621116638,,,,,-0.9255064725875854,-1.08017,-1.075147,-3.273359133873457,-2.932680130004883,-0.9965987205505372,-0.5127582314573689,-1.955987059039834,,-2.8757
5H9K_1,5H9K,A,Eukaryota,Rhodnius prolixus,Rhodnius prolixus,Calycin superfamily,other,1.352,154,156,154,108.385587012987,7.711652946472168,0.7674984986357778,0.0714285714285714,0.0844155844155844,-0.3246753246753247,0.1168831168831169,29.532532467532455,0.0259740259740259,0.3701298701298701,0.948051948051948,-0.5974025974025974,0.2487135506003431,14.181285858154297,0.2987012987012987,1.934487,-2.141732931137085,-1.4151289463043213,-1.399164795875549,-1.2131619453430176,-1.2883540391921997,-0.9429366588592528,-1.386915,-1.867559,-0.9680887197519278,-1.0088613033294678,-1.227780818939209,-2.605713683289367,-3.374067430372362,1.934487,-1.495737
4PVD_1,4PVD,A,Eukaryota,Saccharomyces cerevisiae,Saccharomyces cerevisiae,NAD(P)-dependent epimerase/dehydratase family,oxidoreductase,2.4,342,342,342,111.6053561403509,5.779070472717284,-6.697273504672289,0.1432748538011695,0.1491228070175438,-0.2657894736842108,0.0906432748538011,35.33684210526316,0.0380116959064327,0.2485380116959064,0.9239766081871345,0.1286549707602339,0.1403440133981275,18.94700050354004,0.3011695906432748,2.075765,-1.3829365968704224,-1.304462432861328,-1.3309001922607422,-1.2040985822677612,-1.2293490171432495,-1.0747389793395996,-1.01633,-1.238565,-0.8511457833630299,-1.1422748565673828,-0.943299114704132,-1.187033937688459,-2.6123771444398756,2.075765,-1.137651
5J6X_1,5J6X,A,Eukaryota,Danio rerio,Danio rerio,Pfam:PF00069,transferase,2.493,66,72,66,119.8477060606061,7.903711128234863,0.6861436238988379,0.1666666666666666,0.2121212121212121,-0.771212121212121,0.0757575757575757,70.82878787878788,0.0151515151515151,0.1666666666666666,0.9696969696969696,0.303030303030303,0.2270180799592564,10.703573226928713,0.303030303030303,1.590549,-2.1859171390533447,-1.8115829229354856,-1.8119901418685915,-1.674187421798706,-1.7348098754882812,-1.5667855739593506,-1.685033,-2.147597,-1.5739773837002842,-1.7534611225128174,-1.763838768005371,-2.616756554805871,-3.2536140210700757,1.590549,-1.507938
3HKO_1,3HKO,A,Eukaryota,Cryptosporidium parvum,Cryptosporidium parvum,Protein kinase superfamily,transferase,1.8,319,345,319,114.30007366771176,8.296710395812987,3.580761965881756,0.1128526645768025,0.1536050156739812,-0.2492163009404392,0.0909090909090909,29.972758620689657,0.0376175548589341,0.1943573667711599,0.8808777429467085,0.0407523510971786,0.1129329296298443,19.710765838623047,0.3009404388714733,2.016303,-1.8751800060272217,-1.43882954120636,-1.455497145652771,-1.2859764099121094,-1.2845803499221802,-1.7195876836776731,-1.372534,-1.779591,-0.9518633516604624,,,-2.154086026278409,-2.6531932675352663,2.016303,-1.170167
5VIA_1,5VIA,A,Eukaryota,Leishmania major,Leishmania major,Peroxidase family,oxidoreductase,1.764,278,294,278,112.53997697841749,8.46922779083252,3.181730662769837,0.1151079136690647,0.1438848920863309,-0.3456834532374102,0.0971223021582733,44.49856115107915,0.0467625899280575,0.2841726618705036,0.9100719424460432,0.1690647482014388,0.1931432053054624,17.638059616088867,0.302158273381295,1.825893,-2.58236312866211,-1.5804336071014404,-1.6550194025039673,-1.427535891532898,-1.4296895265579224,-1.4058406352996826,-1.853935,-2.428708,-1.2843390814691995,,,-2.5836093820256294,-3.261724238773044,1.825893,-1.388875
5C98_1,5C98,A,Eukaryota,Anopheles gambiae,Anopheles gambiae,Serpin family,protease_inhibitor,1.45,359,382,359,113.23877465181076,5.150601768493652,-16.114351229492243,0.1337047353760445,0.1225626740947075,-0.1231197771587743,0.1058495821727019,46.43626740947075,0.0473537604456824,0.2367688022284122,0.9080779944289692,-0.1838440111420612,0.2148499931503721,19.99298858642578,0.3008356545961003,1.742132,-2.355374813079834,-1.5562254190444946,-1.5853822231292725,-1.3045183420181274,-1.3396492004394531,-1.4653055667877195,-1.71169,-2.17048,-0.9526377388361768,,,-2.6721460028943245,-3.0593642550922704,1.742132,-1.18886
4KVL_1,4KVL,A,Eukaryota,Oryza sativa,Oryza sativa,Peroxidase family,oxidoreductase,1.96,610,621,610,113.99575786885286,6.31057186126709,-4.996660999038255,0.1377049180327868,0.1557377049180328,-0.4050819672131146,0.1049180327868852,38.913114754098395,0.0426229508196721,0.2459016393442622,0.9196721311475412,0.1622950819672131,0.158352259883965,22.66608238220215,0.3,1.755781,-1.5817103385925293,-1.4629708528518677,-1.5172053575515747,-1.3077441453933716,-1.3009716272354126,-0.880770742893219,-1.434766,-1.839164,-1.3783070048347847,-1.3822747468948364,-0.9733392596244812,-1.1356546370709528,-2.5747454533811474,1.755781,-1.220101
4BQU_1,4BQU,A,Eukaryota,Rhipicephalus appendiculatus,Rhipicephalus appendiculatus,Calycin superfamily,other,2.36,152,160,152,116.01899999999996,7.0384519577026365,0.0182072216314281,0.1118421052631579,0.1184210526315789,-0.2980263157894737,0.1447368421052631,32.484934210526305,0.0789473684210526,0.2302631578947368,0.9078947368421052,-0.5657894736842105,0.221478551871007,14.417142868041992,0.3026315789473684,1.614124,-2.8094406127929688,-1.7084373235702517,-1.744523286819458,-1.615494728088379,-1.5996079444885254,-2.110753536224365,-1.820239,-2.769641,-1.512059261924342,-1.6192106008529663,-1.7418068647384644,-3.080663982190584,-3.5931280035721627,1.614124,-1.908583
3QV2_1,3QV2,A,Eukaryota,Entamoeba histolytica,Entamoeba histolytica,Class I-like SAM-binding methyltransferase superfamily,transferase,2.15,320,327,320,116.1198953125001,8.283172035217287,3.234584770107531,0.1124999999999999,0.140625,-0.3362500000000003,0.1125,44.28718749999999,0.05,0.175,0.878125,-0.109375,0.1515299026425591,19.43512535095215,0.3,1.81424,-1.965068817138672,-1.518810153007507,-1.5734717845916748,-1.486617088317871,-1.483196258544922,-1.2878172397613523,-1.253138,-1.594732,-0.9114042282104492,-1.1369993686676023,-1.1888736486434937,-2.27996768951416,-2.8058820724487306,1.81424,-1.229583
7BTG_1,7BTG,A,Eukaryota,Drosophila melanogaster,Drosophila melanogaster,Low molecular weight phosphotyrosine protein phosphatase family,hydrolase,2.188,157,172,157,114.13563949044575,5.698472785949707,-4.06884968700313,0.1210191082802547,0.1273885350318471,-0.2592356687898088,0.1019108280254777,54.54528662420381,0.0318471337579617,0.2292993630573248,0.8853503184713376,0.0955414012738853,0.1953350176137779,14.01611042022705,0.2993630573248407,1.842214,-1.6615707874298096,-1.6120636463165283,-1.6089859008789062,-1.5732992887496948,-1.5561609268188477,-0.951409876346588,-1.464267,-1.686144,-1.2927580426453025,-1.6595067977905271,-1.335155367851257,-1.6626419747710988,-3.016783890450836,1.842214,-1.778243
5CA8_1,5CA8,A,Eukaryota,Candida albicans,Candida albicans,TRAFAC class dynamin-like GTPase superfamily,GTPase,2.3,636,692,636,114.3188360062899,5.103254890441893,-26.685769522726332,0.1556603773584905,0.1383647798742138,-0.2625786163522015,0.1022012578616352,35.583977987421406,0.020440251572327,0.2154088050314465,0.9072327044025156,0.4135220125786163,0.0590968089147777,51.36876678466797,0.300314465408805,1.491371,-2.023791790008545,-1.882231950759888,-1.861651301383972,-1.8312780857086184,-1.857448697090149,-1.915931701660156,-1.846317,-2.142207,-1.7470956478478774,,,-2.1019740074685536,-2.7419264691430816,1.491371,-1.858153
5JNP_1,5JNP,A,Eukaryota,Oryza sativa,Oryza sativa,Glycosyltransferase 2 family,transferase,2.404,77,128,77,120.22876103896104,9.599938774108884,4.893159040294503,0.1428571428571428,0.2207792207792207,-0.6545454545454545,0.1558441558441558,43.62987012987013,0.0519480519480519,0.1818181818181818,0.8831168831168832,0.5974025974025974,0.1832792207792208,13.239232063293455,0.2987012987012987,1.273776,-2.674729585647583,-2.011767864227295,-2.0716569423675537,-1.9122682809829712,-1.93001127243042,-2.740719795227051,-2.040745,-2.67321,-1.8089532232903816,-2.052722930908203,-2.1410579681396484,-0.8680390196961242,-4.043172464742289,1.273776,-4.198303
5A7M_1,5A7M,A,Eukaryota,Trichoderma reesei,Trichoderma reesei,Glycosyl hydrolase 3 family,hydrolase,1.8,761,766,761,109.7720390275958,5.482029914855956,-13.09423180338215,0.0985545335085413,0.0959264126149802,-0.3023653088042051,0.114323258869908,32.10145860709599,0.0578186596583442,0.3180026281208936,0.885676741130092,-0.1655716162943495,0.116656573158887,24.865028381347656,0.2996057818659658,1.955735,-1.6049176454544067,-1.319639801979065,-1.3165185451507568,-1.1772489547729492,-1.1794880628585815,-1.449075698852539,-1.306888,-1.588288,,,,-1.1652360432408015,-2.602711821667625,1.955735,-1.674062
4NFN_1,4NFN,A,Eukaryota,Homo sapiens,Homo sapiens,Protein kinase superfamily,transferase,1.42,293,309,293,115.68557201365203,9.51567859649658,12.549991497007156,0.1160409556313993,0.1877133105802048,-0.4423208191126283,0.1023890784982935,37.81880546075085,0.0341296928327645,0.2150170648464163,0.9010238907849828,-0.0750853242320819,0.1107638523959929,18.600488662719727,0.3003412969283277,1.913075,-0.2609912157058716,-1.5111984014511108,-1.4977062940597534,-1.3416303396224976,-1.3751850128173828,-1.0788735151290894,-1.186909,-1.377511,-0.9221626776477176,-1.112390160560608,-0.2285178452730178,-0.1335378783554754,-1.3972959550981228,1.913075,-1.175508
3O33_1,3O33,A,Eukaryota,Homo sapiens,Homo sapiens,Pfam:PF00439,transferase,2.0,172,184,172,116.5109029069767,4.959054374694824,-8.050207510730207,0.1627906976744186,0.1337209302325581,-0.3575581395348837,0.1162790697674418,38.91511627906977,0.0697674418604651,0.1511627906976744,0.9244186046511628,0.1337209302325582,0.1221315262590482,16.070289611816406,0.3023255813953488,1.827426,-0.7990326881408691,-1.5539946556091309,-1.6094552278518677,-1.548478603363037,-1.5950859785079956,-0.7926419973373413,-1.491237,-1.671007,-1.2068183366642442,,,-0.5171247970226199,-2.373377422953761,1.827426,-1.94606
3O2U_1,3O2U,A,Eukaryota,Saccharomyces cerevisiae,Saccharomyces cerevisiae,Ubiquitin-conjugating enzyme family,transferase,2.003,190,190,190,112.35359736842106,5.502719306945799,-3.0642071009088703,0.1368421052631579,0.131578947368421,-0.3900000000000004,0.0631578947368421,59.05105263157893,0.0789473684210526,0.1947368421052631,0.9157894736842104,-0.0842105263157894,0.1333507034914017,18.549074172973633,0.3,1.914073,-1.782678246498108,-1.5426385402679443,-1.569514513015747,-1.4575865268707275,-1.4491592645645142,-1.6821788549423218,-1.378874,-1.690656,-1.0808941489771793,-1.5007009506225586,-1.280640959739685,-2.062759881270559,-3.0456337376644735,1.914073,-1.90652
4JWJ_1,4JWJ,A,Eukaryota,Saccharomyces cerevisiae,Saccharomyces cerevisiae,Class IV-like SAM-binding methyltransferase superfamily,transferase,1.76,193,202,193,117.64647461139904,7.91286563873291,1.2960973224997474,0.1502590673575129,0.1865284974093264,-0.6290155440414513,0.0932642487046632,30.21865284974091,0.0414507772020725,0.1709844559585492,0.8341968911917098,-0.0569948186528497,0.2114824917450829,15.264585494995115,0.3005181347150259,1.867717,-1.6568461656570437,-1.4185811281204224,-1.569399356842041,-1.326187014579773,-1.3177356719970703,-0.6371626257896423,-1.151125,-1.388636,-1.076795587885565,-1.130292892456055,-0.984114706516266,-2.210448586261334,-2.8122931762062824,1.867717,-1.630333
1YZL_1,1YZL,A,Eukaryota,Mus musculus,Mus musculus,Small GTPase superfamily,GTPase,1.85,172,179,172,114.3011924418604,5.107063102722167,-5.065019560884078,0.1453488372093023,0.127906976744186,-0.4052325581395349,0.1337209302325581,41.898313953488376,0.0232558139534883,0.2674418604651162,0.8837209302325582,-0.1860465116279069,0.2127214495931675,14.249868392944336,0.3023255813953488,1.837269,-0.4641385972499847,-1.6082050800323486,-1.6383769512176514,-1.5084294080734253,-1.5105812549591064,-0.7631840109825134,-1.14264,-1.256548,-1.0066133543502451,-1.329827904701233,-0.4036954045295715,-0.4836602321890897,-1.6909658742505451,1.837269,-1.983578
5D9W_1,5D9W,A,Eukaryota,Oryza sativa,Oryza sativa,GST superfamily,oxidoreductase,1.6897,211,230,211,110.67023270142188,5.819767189025879,-4.615368850117772,0.1327014218009478,0.1421800947867298,-0.2672985781990524,0.0900473933649289,33.66682464454977,0.0758293838862559,0.2559241706161137,0.90521327014218,0.3838862559241706,0.1673449999460212,16.52103042602539,0.2985781990521327,2.087415,-0.8997856974601746,-1.343162178993225,-1.314689040184021,-1.1774154901504517,-1.22344708442688,-1.405441403388977,-0.997209,-1.247152,-0.7786946228895142,-1.0793615579605105,-0.6775836944580078,-0.7603068419542358,-2.700972281361078,2.087415,-1.363906
2C4P_1,2C4P,A,Eukaryota,Homo sapiens,Homo sapiens,Ubiquitin-conjugating enzyme family,transferase,2.35,150,165,150,112.68106866666656,7.850718116760254,1.1622050968799442,0.1,0.1399999999999999,-0.3879999999999999,0.1,36.16466666666667,0.1,0.24,0.8266666666666667,-0.1333333333333333,0.1669556840077071,15.026037216186523,0.3,1.721505,-0.471084326505661,-1.7114143371582031,-1.7184067964553833,-1.845122456550598,-1.811655044555664,-0.9325961470603944,-0.603979,-0.529156,-0.7867922973632813,-1.7808138132095337,-0.479398250579834,-0.3646297200520833,-1.7600266520182293,1.721505,-1.861513
8FJM_1,8FJM,A,Eukaryota,Trypanosoma brucei brucei,Trypanosoma brucei brucei,Class I-like SAM-binding methyltransferase superfamily,histone,1.9,251,257,251,114.07393625498015,8.35524768829346,3.4982713047735814,0.1235059760956175,0.1713147410358565,-0.245418326693227,0.0916334661354581,59.93669322709161,0.0438247011952191,0.2589641434262948,0.9123505976095618,-0.0756972111553784,0.1580043462513582,16.998287200927734,0.298804780876494,1.685497,-2.3767054080963135,-1.550531983375549,-1.5445994138717651,-1.4627480506896973,-1.409699559211731,-1.3337911367416382,-1.619358,-2.236361,-1.2138584334536853,-1.4220865964889526,-1.4338045120239258,-2.448607425765687,-3.249059426357072,1.685497,-1.185904
1OHC_1,1OHC,A,Eukaryota,Homo sapiens,Homo sapiens,Protein-tyrosine phosphatase family,hydrolase,2.5,338,348,338,116.15819704142022,7.982040214538574,2.725437774479481,0.1124260355029586,0.1538461538461538,-0.2860946745562135,0.1449704142011834,26.729940828402363,0.0325443786982248,0.2278106508875739,0.9408284023668638,0.0532544378698224,0.1200112487672583,19.94808006286621,0.301775147928994,1.810383,-1.036272644996643,-1.5946396589279177,-1.6269737482070925,-1.6026355028152466,-1.608420491218567,-1.072398662567139,-1.156553,-1.215101,,,,-0.2377338748006425,-2.542338534925111,1.810383,-1.617914
1DEO_1,1DEO,A,Eukaryota,Aspergillus aculeatus,Aspergillus aculeatus,'GDSL' lipolytic enzyme family,hydrolase,1.55,233,233,233,105.60815107296143,4.458416557312011,-15.254455869482436,0.1158798283261802,0.0686695278969957,-0.0742489270386266,0.1072961373390558,22.35450643776823,0.0257510729613733,0.4120171673819742,0.8884120171673819,0.0214592274678111,0.1658154506437768,16.11473274230957,0.3004291845493562,2.052669,-1.44641375541687,-1.336861491203308,-1.3257325887680054,-1.2553108930587769,-1.3322598934173584,-0.8983619809150696,-1.066047,-1.422566,-0.8614335612677709,-1.1770285367965698,-0.9454147815704346,-1.1770318158194744,-2.781264669393777,2.052669,-1.179211
6J0D_1,6J0D,A,Eukaryota,Oryza sativa,Oryza sativa,Unclassified,DNA-binding,1.9,87,96,87,114.03837816091952,7.200954627990723,0.3499139781009077,0.1379310344827586,0.2183908045977011,-0.4551724137931033,0.0804597701149425,49.42758620689654,0.0459770114942528,0.1954022988505747,0.8505747126436782,0.1379310344827586,0.2133703263310873,12.196316719055176,0.2988505747126437,1.681599,-0.426620751619339,-1.623335361480713,-1.6326416730880735,-1.4809476137161257,-1.5556347370147705,-0.1884090602397918,-1.614777,-1.939035,-1.310436818791532,-1.73309326171875,-0.396510511636734,-0.4451286929777299,-2.5168443000179597,1.681599,-3.476997
3P4L_1,3P4L,A,Eukaryota,Homo sapiens,Homo sapiens,Immunoglobulin superfamily,membrane,1.8,198,211,198,113.0169075757576,9.52135181427002,7.202245554650801,0.0757575757575757,0.1363636363636363,-0.4146464646464646,0.0959595959595959,30.9040404040404,0.0757575757575757,0.2929292929292929,0.9595959595959596,-0.8080808080808081,0.1805863513180586,23.736440658569336,0.303030303030303,1.965403,-0.7873132824897766,-1.5373291969299316,-1.5088144540786743,-1.5147130489349363,-1.5200453996658323,-0.3001492321491241,-1.542034,-1.951499,-1.2492130163944128,,,-0.5708390438195431,-2.622922030362216,1.965403,-1.721199
6R5H_1,6R5H,A,Eukaryota,Cryptococcus neoformans,Cryptococcus neoformans,Peptidase A1 family,hydrolase,1.75,350,350,350,105.14040000000016,4.0500284194946286,-20.22122732247694,0.0914285714285714,0.0342857142857142,0.0154285714285714,0.1114285714285714,32.62228571428571,0.0285714285714285,0.44,0.8857142857142857,-0.5714285714285714,0.1736968160045083,19.07294654846191,0.3,1.955359,-1.517012357711792,-1.4233555793762207,-1.4450074434280396,-1.2029694318771362,-1.2404693365097046,-0.9583526849746704,-1.231276,-1.560191,-0.9197800990513392,-1.279850721359253,-1.0820064544677734,-1.5125505719866073,-2.4505038016183036,1.955359,-1.181803
3WD6_1,3WD6,A,Eukaryota,Bombyx mori,Bombyx mori,GST superfamily,transferase,2.5,242,256,242,116.57501157024804,5.821131324768066,-3.775982814939951,0.1446280991735537,0.1487603305785123,-0.3148760330578514,0.1157024793388429,37.549173553719,0.0661157024793388,0.1776859504132231,0.8884297520661157,0.359504132231405,0.1375954431883703,17.25238037109375,0.3016528925619834,1.856297,-1.6891645193099976,-1.5675618648529053,-1.5678287744522097,-1.513217210769653,-1.4800459146499634,-1.1205862760543823,-1.289841,-1.653594,-0.9907479404417936,-1.2245697975158691,-1.1059974431991575,-1.360517769805656,-2.694740988991477,1.856297,-1.495581
6BDN_1,6BDN,A,Eukaryota,Homo sapiens,Homo sapiens,Protein kinase superfamily,transferase,1.5,307,320,307,114.31540586319228,6.169326972961425,-5.009046120941889,0.1335504885993485,0.1596091205211726,-0.3120521172638438,0.0944625407166123,45.677557003257306,0.0456026058631921,0.2312703583061889,0.9120521172638436,0.1172638436482084,0.1181475792123186,18.573410034179688,0.2996742671009772,1.946929,-0.425009548664093,-1.5515975952148438,-1.580532789230347,-1.4394705295562744,-1.438991904258728,-0.5571153163909912,-1.278574,-1.492137,-1.1365014489388232,-1.367029905319214,-0.4152215719223022,-0.2693774940913197,-1.556147572271987,1.946929,-1.430202
3VTR_1,3VTR,A,Eukaryota,Ostrinia furnacalis,Ostrinia furnacalis,Glycosyl hydrolase 20 family,hydrolase,2.5,572,572,572,114.3745783216786,5.255242347717284,-14.413505798766735,0.1363636363636363,0.1258741258741259,-0.4270979020979021,0.1206293706293706,35.955769230769235,0.0454545454545454,0.2482517482517482,0.8828671328671329,-0.1031468531468531,0.1103391800507185,24.07976722717285,0.3006993006993007,1.857302,-1.5246635675430298,-1.4592045545578003,-1.543458342552185,-1.3561863899230957,-1.3709797859191897,-1.2545288801193235,-1.377105,-1.626788,-1.320996477887347,-1.4835621118545532,-1.1115424633026123,-1.2982120113772946,-2.469296542080966,1.857302,-1.276794
5FOD_1,5FOD,A,Eukaryota,Plasmodium falciparum,Plasmodium falciparum,Class-I aminoacyl-tRNA synthetase family,ligase,1.7,303,342,303,116.85876072607267,7.926146125793458,1.5836858756769914,0.1254125412541254,0.1386138613861386,-0.4554455445544553,0.1353135313531353,43.32148514851482,0.0264026402640264,0.1881188118811881,0.8778877887788779,-0.0792079207920792,0.1958732458611715,18.583938598632812,0.3003300330033003,1.811168,-2.7881007194519043,-1.470043420791626,-1.478504300117493,-1.3976857662200928,-1.4060312509536743,-1.367444396018982,-1.521584,-2.086082,-1.1100661274623556,,,-2.317320770162954,-3.1898290048731437,1.811168,-1.307117
1DYW_1,1DYW,A,Eukaryota,Caenorhabditis elegans,Caenorhabditis elegans,Cyclophilin-type PPIase family,isomerase,1.8,172,173,172,107.43531337209292,8.883823966979982,3.826786468999128,0.1046511627906976,0.1511627906976744,-0.322674418604651,0.0872093023255814,14.348837209302324,0.0406976744186046,0.3081395348837209,0.9011627906976744,-0.4244186046511627,0.2913966802769395,14.043774604797363,0.3023255813953488,2.03074,-0.6396321654319763,-1.2438623905181885,-1.3475152254104614,-1.1796241998672483,-1.138659954071045,-0.8927573561668396,-0.590996,-0.532105,-0.5748419650765353,-0.9891753196716307,-0.5347815752029419,-0.7997723069301871,-1.8746337890625,2.03074,-1.68195
4N7U_1,4N7U,A,Eukaryota,Homo sapiens,Homo sapiens,Immunoglobulin superfamily,membrane,1.4598,186,190,186,114.84977741935492,5.982213020324706,-2.8119048261097532,0.1397849462365591,0.1505376344086021,-0.4779569892473121,0.1182795698924731,37.449516129032254,0.075268817204301,0.2204301075268817,0.935483870967742,-0.6666666666666666,0.2645929339477726,14.9550199508667,0.3010752688172043,1.797424,-1.257796049118042,-1.452313780784607,-1.4980818033218384,-1.3280763626098633,-1.294650912284851,-0.4699769914150238,-1.295146,-1.490512,-1.0321050664430025,-1.366575002670288,-1.0614267587661743,-0.8142244072370631,-2.467260545299899,1.797424,-2.592123
3JXA_1,3JXA,A,Eukaryota,Mus musculus,Mus musculus,Immunoglobulin superfamily,cytoskeletal,2.403,378,383,378,111.66279523809531,8.561159706115724,4.537638732059051,0.1031746031746031,0.1322751322751322,-0.4026455026455027,0.0873015873015873,38.550291005291,0.0661375661375661,0.2513227513227513,0.9312169312169312,-0.6613756613756614,0.1176665855784629,26.980846405029297,0.3015873015873015,1.942033,-0.696250855922699,-1.5573408603668213,-1.517388105392456,-1.485546588897705,-1.4876418113708496,-0.2934221029281616,-1.56314,-1.819324,-1.3886224655877977,,,-0.5314037585384631,-1.8349341337012235,1.942033,-1.463089
3JW8_1,3JW8,A,Eukaryota,Homo sapiens,Homo sapiens,AB hydrolase superfamily,hydrolase,2.1,290,320,290,110.36100068965534,6.88220157623291,-0.4132739536640812,0.096551724137931,0.1379310344827586,0.0444827586206897,0.0758620689655172,30.07793103448275,0.0586206896551724,0.2586206896551724,0.9206896551724136,-0.0724137931034482,0.142007577574217,17.26352310180664,0.3,1.746322,-1.2051383256912231,-1.451654314994812,-1.5448585748672483,-1.2779701948165894,-1.2954777479171753,-0.2926779389381408,-1.315553,-1.848204,-0.9815957957300646,-1.2733787298202517,-0.8782433867454529,-0.3210851735082166,-2.520280930091595,1.746322,-3.264929
4NPV_1,4NPV,A,Eukaryota,Homo sapiens,Homo sapiens,Cyclic nucleotide phosphodiesterase family,hydrolase,2.4,323,369,323,114.72507492260088,6.093958473205565,-6.24716097191245,0.1207430340557275,0.1455108359133127,-0.0690402476780185,0.0928792569659442,43.13312693498453,0.0278637770897832,0.2352941176470588,0.934984520123839,0.6811145510835913,0.1168921759737033,18.53021812438965,0.3003095975232198,1.690157,-0.8292951583862305,-1.696826696395874,-1.7119598388671875,-1.5887579917907717,-1.6281298398971558,-0.4187086224555969,-1.335596,-1.480943,-1.2169819645837363,,,-0.5222592191430437,-1.995938233177728,1.690157,-1.548249
5K28_1,5K28,A,Eukaryota,Homo sapiens,Homo sapiens,Protein kinase superfamily,transferase,1.5,62,64,62,109.3450225806452,4.555611228942872,-4.138915547561054,0.1451612903225806,0.0967741935483871,-0.3725806451612902,0.1129032258064516,34.29516129032257,0.0483870967741935,0.3225806451612902,0.9516129032258064,-0.6290322580645161,0.3387096774193548,10.104266166687012,0.3064516129032258,2.252277,-0.8933820128440857,-1.448967456817627,-1.439467191696167,-1.3402554988861084,-1.272416353225708,-1.5695027112960815,-1.208005,-1.42631,-1.2803215519074471,-1.499963402748108,-0.7604095339775085,-0.8213537892987651,-1.7165475660754788,2.252277,-1.578658
6L5O_1,6L5O,A,Eukaryota,Homo sapiens,Homo sapiens,DEAD box helicase family,hydrolase,1.8,372,372,372,112.03050833333349,9.178637886047362,10.48710665895382,0.1102150537634408,0.1693548387096774,-0.3182795698924734,0.0806451612903225,28.532043010752684,0.0349462365591397,0.260752688172043,0.9301075268817204,0.0806451612903225,0.1236819180611356,25.291561126708984,0.3010752688172043,1.860706,-0.755679726600647,-1.5753095149993896,-1.579401969909668,-1.4290157556533811,-1.4315454959869385,-1.099133849143982,-1.204418,-1.478328,-0.96316405265562,,,-0.454213132140457,-2.087642874768985,1.860706,-1.176256
2HQ6_1,2HQ6,A,Eukaryota,Homo sapiens,Homo sapiens,Cyclophilin-type PPIase family,isomerase,1.75,170,185,170,111.19376294117644,5.860520744323729,-3.7399010492439935,0.1352941176470588,0.1470588235294117,-0.4864705882352942,0.1,32.74352941176469,0.0588235294117647,0.2647058823529412,0.8941176470588236,-0.4705882352941176,0.2941817249775727,14.148664474487305,0.3,2.061946,-0.5703896284103394,-1.3049827814102173,-1.3542143106460571,-1.13955557346344,-1.169276475906372,-0.8835148811340332,-0.970873,-0.977844,-0.8450556137982537,-1.128753900527954,-0.463246613740921,-0.4962671616498161,-2.1974103142233457,2.061946,-1.757586
2PLU_1,2PLU,A,Eukaryota,Cryptosporidium parvum,Cryptosporidium parvum,Cyclophilin-type PPIase family,isomerase,1.82,172,186,172,108.35511569767436,6.9893999099731445,-0.0125867636624121,0.0872093023255814,0.1046511627906976,-0.0953488372093023,0.1162790697674418,13.55639534883721,0.0581395348837209,0.313953488372093,0.877906976744186,-0.4476744186046511,0.2773449993146616,14.094897270202637,0.3023255813953488,2.0885,-0.9100029468536376,-1.2471325397491455,-1.297767162322998,-1.1648716926574707,-1.1094273328781128,-1.054122805595398,-0.638979,-0.779272,-0.6014917950297511,,,-1.2133322427439135,-2.084743765897529,2.0885,-1.538465
4UIW_1,4UIW,A,Eukaryota,Homo sapiens,Homo sapiens,Pfam:PF00439,other,1.73,101,106,101,115.93662970297018,9.239689445495603,3.7992049189514656,0.099009900990099,0.1782178217821782,-0.304950495049505,0.1287128712871287,17.570297029702974,0.0594059405940594,0.2178217821782178,0.9306930693069306,0.7128712871287128,0.1606687614869271,12.843656539916992,0.297029702970297,1.751383,-1.5610731840133667,-1.5951542854309082,-1.6941312551498413,-1.5207263231277466,-1.5185667276382446,-0.0525710731744766,-1.212946,-1.554226,-1.2960591835550743,-1.4443652629852295,-1.2159069776535034,-0.32444430813931,-2.289754433206993,1.751383,-1.542524
1RY6_1,1RY6,A,Eukaryota,Plasmodium falciparum,Plasmodium falciparum,TRAFAC class myosin-kinesin ATPase superfamily,cytoskeletal,1.6,319,360,319,113.53380940438888,8.453819847106935,3.7106824629662967,0.1316614420062696,0.1536050156739812,-0.3009404388714735,0.0815047021943573,38.40316614420062,0.0219435736677116,0.225705329153605,0.8871473354231975,0.0031347962382445,0.2127837548246784,18.76911163330078,0.3009404388714733,1.765284,-1.5696152448654177,-1.7084230184555054,-1.7319244146347046,-1.6207534074783323,-1.6084743738174438,-1.2783724069595337,-1.245774,-1.438589,-1.1395647294095317,,,-0.9148481123873432,-2.219136874877547,1.765284,-1.770168
2FVV_1,2FVV,A,Eukaryota,Homo sapiens,Homo sapiens,Nudix hydrolase family,hydrolase,1.25,135,194,135,115.20224444444436,5.180499076843262,-5.962051461099929,0.1851851851851852,0.1629629629629629,-0.5799999999999998,0.0962962962962963,68.22888888888889,0.037037037037037,0.2296296296296296,0.874074074074074,-0.3555555555555555,0.2456072351421188,13.329947471618652,0.3037037037037037,1.908083,-0.4871022403240204,-1.4156478643417358,-1.4526363611221311,-1.338898777961731,-1.3755545616149902,-1.1615453958511353,-1.109073,-1.384285,-1.2608448169849538,-1.3596668243408203,-0.4332424700260162,-0.4124880755389178,-2.1131962528935184,1.908083,-1.474113
8TK2_1,8TK2,A,Eukaryota,Homo sapiens,Homo sapiens,Protein-tyrosine phosphatase family,hydrolase,1.7,181,183,181,111.13622320441986,7.828283119201662,0.9997492686979684,0.1049723756906077,0.1270718232044199,-0.3143646408839779,0.0773480662983425,23.92823204419889,0.0386740331491712,0.2541436464088398,0.9005524861878453,0.1712707182320441,0.2244302092903258,14.730668067932127,0.2983425414364641,1.997526,-0.7764011025428772,-1.3675957918167114,-1.3857616186141968,-1.2580654621124268,-1.2207616567611694,-0.8482820391654968,-1.157212,-1.424819,-1.019165544878712,-1.229138731956482,-0.6112740635871887,-0.416596976433011,-2.344413968080974,1.997526,-1.193542
2WEI_1,2WEI,A,Eukaryota,Cryptosporidium parvum,Cryptosporidium parvum,Protein kinase superfamily,transferase,1.65,278,287,278,115.90183561151096,8.078420448303223,2.0542914749687,0.1402877697841726,0.1726618705035971,-0.3964028776978421,0.1079136690647482,48.34647482014385,0.0287769784172661,0.2194244604316546,0.9100719424460432,0.0827338129496403,0.126427739277693,18.568269729614254,0.302158273381295,2.09748,-1.3847649097442627,-1.492851495742798,-1.51397442817688,-1.3910073041915894,-1.376689314842224,-1.2590610980987549,-1.208967,-1.327327,-0.9790514390245616,,,-1.451380667926596,-2.2512593440872304,2.09748,-1.395872
2OB4_1,2OB4,A,Eukaryota,Homo sapiens,Homo sapiens,Ubiquitin-conjugating enzyme family,transferase,2.4,157,180,157,114.74127452229294,5.732803535461426,-2.351653781415145,0.1337579617834395,0.1337579617834395,-0.3585987261146496,0.1210191082802547,35.74458598726114,0.0764331210191082,0.2101910828025477,0.89171974522293,0.0509554140127388,0.1417197452229299,15.42236328125,0.2993630573248407,1.753836,-1.3301808834075928,-1.6741962432861328,-1.7078686952590942,-1.6214611530303955,-1.622341871261597,-1.0076494216918943,-1.386874,-1.612327,-1.333047465913615,,,-0.7815372928692277,-2.745363271919785,1.753836,-1.768921
8V1J_1,8V1J,A,Eukaryota,Puccinia graminis f. sp. tritici,Puccinia graminis f. sp. tritici,Unclassified,membrane,2.41596376588,115,120,115,112.95233999999988,8.75263080596924,7.227761601677354,0.0608695652173913,0.1826086956521739,-0.7834782608695653,0.0782608695652173,77.12173913043478,0.0434782608695652,0.2956521739130435,0.8260869565217391,-0.7391304347826088,0.2273704476175196,15.331555366516112,0.3043478260869565,1.50307,-2.684856653213501,-1.8853936195373533,-1.9248288869857788,-1.736636996269226,-1.780558466911316,-2.3265221118927,-1.864879,-2.380668,-1.5966538139011548,-1.801772952079773,-1.8593881130218504,-2.899268639605978,-3.732295558763587,1.50307,-2.045798
2J63_1,2J63,A,Eukaryota,Leishmania major,Leishmania major,DNA repair enzymes AP/ExoA family,hydrolase,2.48,333,467,333,113.3431300300302,7.753827476501464,1.2716110752032392,0.1171171171171171,0.1381381381381381,-0.4153153153153153,0.1171171171171171,38.079579579579594,0.054054054054054,0.2912912912912913,0.9039039039039038,-0.1831831831831831,0.1625722945167389,18.32889938354492,0.3003003003003003,1.797365,-2.0587265491485596,-1.5290441513061523,-1.6376380920410156,-1.4656853675842283,-1.4741919040679932,-0.9963681101799012,-1.410887,-1.835536,-1.0986865161059498,,,-2.227567288968656,-2.828633443013326,1.797365,-1.41358
1YU9_1,1YU9,A,Eukaryota,Homo sapiens,Homo sapiens,Small GTPase superfamily,GTPase,2.07,175,175,175,112.29201771428568,5.770999336242675,-2.0655813816303983,0.1314285714285714,0.1314285714285714,-0.1868571428571428,0.1085714285714285,29.006857142857132,0.0057142857142857,0.2857142857142857,0.92,-0.0628571428571428,0.2132424139106716,14.610173225402832,0.3028571428571429,1.767601,-0.4449755847454071,-1.686547875404358,-1.654539942741394,-1.470619797706604,-1.4740337133407593,-1.207291841506958,-0.992122,-1.145443,-0.7845234026227679,-1.2115520238876345,-0.3606675565242767,-0.2967018999372209,-1.55249755859375,1.767601,-1.914262
5M4U_1,5M4U,A,Eukaryota,Homo sapiens,Homo sapiens,Protein kinase superfamily,transferase,2.195,332,364,332,118.67071807228918,8.839469718933106,5.997055125892636,0.1325301204819277,0.1897590361445783,-0.5740963855421688,0.1234939759036144,45.308524096385526,0.0391566265060241,0.1656626506024096,0.8493975903614458,-0.0060240963855421,0.1397573991618648,19.49953842163086,0.3012048192771084,1.849172,-0.429257869720459,-1.4827356338500977,-1.509101152420044,-1.3325941562652588,-1.3562290668487549,-0.29967001080513,-0.926151,-1.052188,-0.967801197465644,-1.2591028213500977,-0.3822451829910278,-0.3615946022860975,-1.1902894169451244,1.849172,-1.191387
6D31_1,6D31,A,Eukaryota,Homo sapiens,Homo sapiens,2H phosphoesterase superfamily,lyase,1.2,188,191,188,116.45204946808512,6.2936906814575195,-2.712365507280932,0.1117021276595744,0.1436170212765957,-0.0398936170212766,0.1223404255319149,33.52505319148936,0.0319148936170212,0.2074468085106383,0.9308510638297872,-0.0585106382978723,0.2807617914000893,16.224754333496094,0.3031914893617021,1.72959,-1.03863787651062,-1.6904741525650024,-1.7158610820770264,-1.551662564277649,-1.5719013214111328,-0.4265918433666229,-1.570441,-1.917214,-1.2077878586789397,-1.4811110496520996,-0.8215082883834839,-0.7665250250633727,-3.5049964417802526,1.72959,-2.348088
7B7A_1,7B7A,A,Eukaryota,Arabidopsis thaliana,Arabidopsis thaliana,Glycosyl hydrolase 28 family,hydrolase,1.3,391,429,391,106.27239462915608,6.4422109603881825,-1.9554721303632403,0.0920716112531969,0.1074168797953964,-0.1790281329923272,0.0639386189258312,42.17547314578007,0.0434782608695652,0.3478260869565217,0.9360613810741688,-0.7161125319693095,0.0741785969760217,20.7757568359375,0.29923273657289,1.901111,-1.146531105041504,-1.5087753534317017,-1.5765475034713743,-1.40423846244812,-1.4022858142852783,-1.2215285301208496,-1.230815,-1.450064,-1.1831650990049551,-1.358447790145874,-0.9165282845497132,-1.1058121703164965,-2.066592477471627,1.901111,-1.326713
2XST_1,2XST,A,Eukaryota,Homo sapiens,Homo sapiens,Calycin superfamily,other,1.63,149,161,149,113.081220805369,5.10388011932373,-5.843872896454258,0.1275167785234899,0.1140939597315436,-0.1080536912751677,0.1140939597315436,37.29671140939596,0.0536912751677852,0.2483221476510066,0.9664429530201342,-0.4295302013422818,0.2567781674469941,13.85361385345459,0.3020134228187919,1.777289,-1.7546157836914062,-1.6391561031341553,-1.7052026987075806,-1.5435935258865356,-1.58330500125885,-1.5891036987304688,-1.657024,-2.010419,-1.2769754909028943,,,-1.3619024289534396,-3.155796127831376,1.777289,-2.258509
4P9S_1,4P9S,A,Eukaryota,Rattus norvegicus,Rattus norvegicus,GcvT family,oxidoreductase,2.32,816,848,816,112.3361007352948,6.239466285705566,-7.165102035062901,0.1213235294117646,0.1372549019607843,-0.3463235294117643,0.1004901960784313,35.16606617647069,0.0563725490196078,0.267156862745098,0.9154411764705884,-0.1458333333333333,0.0962911870313655,26.307619094848633,0.3002450980392157,1.814596,-1.1671345233917236,-1.535588264465332,-1.598543405532837,-1.4769470691680908,-1.4748095273971558,-0.6187934279441833,-1.298667,-1.547449,-2.0674836401845895,-1.4919798374176023,-0.9614067673683168,-0.3350693945791207,-2.380800583783318,1.814596,-2.006053
4H1V_1,4H1V,A,Eukaryota,Homo sapiens,Homo sapiens,TRAFAC class dynamin-like GTPase superfamily,GTPase,2.3,358,369,358,110.11672430167611,6.050590324401855,-3.0097495591231507,0.1284916201117318,0.1340782122905028,-0.2167597765363131,0.0363128491620111,43.46508379888268,0.0446927374301675,0.2569832402234636,0.8631284916201117,0.0139664804469273,0.1670510881123908,20.2081298828125,0.3016759776536313,1.599659,-0.4845374226570129,-1.7075132131576538,-1.7339081764221191,-1.690327763557434,-1.6807976961135864,-0.8792502880096436,-1.068737,-1.090886,-1.555872570868977,,,-0.4094003432289848,-1.4906367296613128,1.599659,-1.623708
10OO_1,10OO,A,Eukaryota,Homo sapiens,Homo sapiens,Protein kinase superfamily,transferase,1.85,278,324,278,114.05986906474836,6.282436561584473,-1.8133710141482524,0.1402877697841726,0.1510791366906475,-0.2766187050359713,0.079136690647482,44.49064748201439,0.0611510791366906,0.2014388489208632,0.8920863309352518,0.0503597122302158,0.121334816205007,18.330738067626953,0.302158273381295,2.082271,-0.5457648038864136,-1.3637363910675049,-1.3622344732284546,-1.3154873847961426,-1.3248112201690674,-0.8669390082359314,-1.050472,-1.139057,-1.0298345552073966,,,-0.5150698654943233,-1.7301446928394784,2.082271,-1.395002
1GWN_1,1GWN,A,Eukaryota,Mus musculus,Mus musculus,Small GTPase superfamily,GTPase,2.1,179,205,179,111.572394972067,5.035559654235839,-6.059064471505103,0.1284916201117318,0.111731843575419,-0.1569832402234637,0.0893854748603352,48.75474860335195,0.0446927374301675,0.2569832402234637,0.9273743016759776,0.0335195530726257,0.2081169128517787,14.741175651550291,0.3016759776536313,1.711328,-0.6553782224655151,-1.6548627614974976,-1.683905005455017,-1.654902458190918,-1.6409296989440918,-0.8978533744812012,-1.215146,-1.374754,-1.1121638633685405,-1.3744957447052002,-0.5627844929695129,-0.2268374778704936,-1.8372035532690296,1.711328,-2.35685
4O6K_1,4O6K,A,Eukaryota,Danio rerio,Danio rerio,Unclassified,other,2.1,136,144,136,115.72497867647051,6.812516975402832,-0.4758711806636739,0.1176470588235294,0.1764705882352941,-0.6397058823529415,0.088235294117647,46.043382352941165,0.0441176470588235,0.2426470588235294,0.8455882352941176,0.5955882352941176,0.2981959990473922,13.549120903015137,0.3014705882352941,1.497359,-2.920269727706909,-1.8667668104171755,-1.9294250011444087,-1.8198764324188232,-1.80366313457489,-2.0755770206451416,-2.04386,-2.784448,-1.6206772748161764,,,-3.097926869111902,-3.7800346823299633,1.497359,-2.53528
5W7D_1,5W7D,A,Eukaryota,Mus musculus,Mus musculus,Pfam:PF00657,hydrolase,1.75,528,562,528,113.44925606060625,6.233043479919433,-6.793982543225496,0.1117424242424242,0.1363636363636363,-0.3926136363636361,0.096590909090909,49.03676136363643,0.053030303030303,0.2367424242424242,0.875,0.2045454545454545,0.1180174158115334,23.7701358795166,0.3011363636363636,1.73899,-1.4962157011032104,-1.4857165813446045,-1.5868111848831177,-1.310739040374756,-1.3024364709854126,-0.8455901145935059,-1.662141,-2.325264,-1.087109999223189,,,-0.8005438139944365,-2.8914323286576704,1.73899,-1.224848
4GND_1,4GND,A,Eukaryota,Homo sapiens,Homo sapiens,Class V-like SAM-binding methyltransferase superfamily,histone,2.27,98,107,98,112.38265204081624,5.168051338195799,-6.626809861706668,0.1530612244897959,0.1428571428571428,-0.4673469387755103,0.0918367346938775,51.58877551020406,0.0918367346938775,0.1938775510204081,0.8877551020408163,-0.5816326530612246,0.1473214285714285,13.337006568908691,0.3061224489795918,1.981983,-0.8439221978187561,-1.5142416954040527,-1.5010830163955688,-1.396289587020874,-1.422374606132507,-1.6582624912261963,-1.47346,-1.832642,-1.1078346408143336,-1.3495670557022097,-0.6754183769226074,-0.602436960959921,-2.827357700892857,1.981983,-1.527433
1F9M_1,1F9M,A,Eukaryota,Spinacia oleracea,Spinacia oleracea,Thioredoxin family,other,1.86,112,112,112,111.53147232142844,6.298521995544434,-0.5115221141675299,0.1428571428571428,0.1428571428571428,-0.0571428571428571,0.0803571428571428,15.327678571428576,0.0446428571428571,0.2232142857142857,0.9821428571428572,0.1428571428571428,0.2699353448275862,12.533437728881836,0.3035714285714285,2.080318,-1.64720618724823,-1.3178836107254028,-1.3445595502853394,-1.279633641242981,-1.3283021450042725,-0.8530817031860352,-0.955604,-1.126759,-0.9939611298697336,-1.2778016328811646,-1.1701370477676392,-1.457477569580078,-2.856487274169922,2.080318,-1.831353
6ZOV_1,6ZOV,A,Eukaryota,Homo sapiens,Homo sapiens,Peptidase S1 family,hydrolase,2.19,234,235,234,112.05263803418798,4.821504020690917,-9.930907507492169,0.1153846153846153,0.0897435897435897,-0.2705128205128205,0.1025641025641025,50.125213675213686,0.0598290598290598,0.2564102564102564,0.8760683760683761,-0.5427350427350428,0.2247065365877247,15.578694343566896,0.2991452991452991,2.109753,-1.1884679794311523,-1.3875401020050049,-1.4260236024856567,-1.2894102334976196,-1.3393125534057615,-1.2007367610931396,-1.056855,-1.286605,-0.9242721948868188,-1.096141338348389,-0.9376211166381836,-0.628209953634148,-2.292815379607372,2.109753,-1.170924
3UIM_1,3UIM,A,Eukaryota,Arabidopsis thaliana,Arabidopsis thaliana,Protein kinase superfamily,transferase,2.2,297,326,297,112.44142323232336,5.9695947647094725,-3.688536655630834,0.1481481481481481,0.1548821548821548,-0.272727272727273,0.0673400673400673,42.57878787878788,0.0336700336700336,0.239057239057239,0.8956228956228955,-0.148148148148148,0.1096586782861292,18.467695236206055,0.2996632996632997,1.845492,-0.4530932903289795,-1.6824638843536377,-1.647834300994873,-1.7036874294281006,-1.697528600692749,-1.3926230669021606,-1.303366,-1.383894,,,,-0.3843918617325599,-1.3608370694247158,1.845492,-2.93051
1RMG_1,1RMG,A,Eukaryota,Aspergillus aculeatus,Aspergillus aculeatus,Glycosyl hydrolase 28 family,hydrolase,2.0,422,422,422,104.65540236966842,4.504115104675294,-18.69799343201309,0.0876777251184834,0.0592417061611374,0.0374407582938389,0.0924170616113744,19.575142180094783,0.0331753554502369,0.424170616113744,0.95260663507109,-0.7677725118483413,0.1083651527652525,20.78317070007324,0.3009478672985782,2.013062,-1.2405966520309448,-1.3149118423461914,-1.38211190700531,-1.2417012453079224,-1.2621989250183103,-0.7078061699867249,-1.421088,-1.750419,-1.0018282343426022,-1.084167718887329,-0.8286774158477783,-0.895825715991558,-2.5909221341824646,2.013062,-1.084481
3WF5_1,3WF5,A,Eukaryota,Homo sapiens,Homo sapiens,Protein kinase superfamily,ribosomal,2.099,278,329,278,113.56714496402893,9.138860893249516,8.618459824509937,0.1115107913669064,0.1762589928057553,-0.1992805755395684,0.0935251798561151,34.70327338129495,0.0467625899280575,0.2266187050359712,0.8741007194244604,-0.0467625899280575,0.1321261831114818,18.149158477783203,0.302158273381295,2.025086,-0.6514260172843933,-1.451549053192139,-1.4584256410598757,-1.370378017425537,-1.3652702569961548,-1.2486119270324707,-1.174461,-1.269145,,,,-0.3295596006105272,-1.5112761353417266,2.025086,-1.556158
5WCJ_1,5WCJ,A,Eukaryota,Homo sapiens,Homo sapiens,Methyltransferase superfamily,transferase,1.7,222,248,222,110.172341891892,4.846228981018065,-11.740268855367448,0.1351351351351351,0.1081081081081081,0.2382882882882879,0.072072072072072,46.62297297297296,0.0675675675675675,0.2297297297297297,0.9009009009009008,0.081081081081081,0.1562985399192296,16.703676223754883,0.3018018018018018,1.641405,-1.5982834100723269,-1.763047456741333,-1.7314122915267944,-1.5775511264801023,-1.5416289567947388,-0.3575379550457001,-1.447991,-1.820896,-1.2442330025337838,,,-0.9458035305813626,-3.025731542088964,1.641405,-1.855278
4IU6_1,4IU6,A,Eukaryota,Homo sapiens,Homo sapiens,Peptidase M24A family,hydrolase,1.9,304,384,304,112.27471315789492,6.736295890808106,-1.0760014247144838,0.1151315789473684,0.1546052631578947,-0.3756578947368426,0.0822368421052631,46.702302631578966,0.0625,0.2532894736842105,0.9046052631578948,-0.2861842105263158,0.1825543940683116,17.363332748413086,0.2993421052631579,2.031017,-0.6824871301651001,-1.3018203973770142,-1.3390756845474243,-1.1919978857040403,-1.1588128805160522,-0.95025372505188,-0.799361,-0.957899,-1.073623356066252,-0.9566752910614014,-0.5049314498901367,-0.2993918469077662,-2.1150502656635486,2.031017,-1.208151
6BXR_1,6BXR,A,Eukaryota,Toxoplasma gondii,Toxoplasma gondii,Unclassified,membrane,1.6,273,273,273,106.4338908424909,6.3004545211792,-1.994697401918014,0.0842490842490842,0.0989010989010989,-0.1183150183150184,0.0879120879120879,49.23223443223444,0.0695970695970696,0.3516483516483516,0.934065934065934,0.0769230769230769,0.187437445183924,16.814584732055664,0.3003663003663003,1.944095,-2.660935878753662,-1.4934263229370115,-1.488420844078064,-1.2624423503875732,-1.2481157779693604,-1.0357892513275146,-1.637862,-2.557169,-1.0718631953983515,-1.2955032587051392,-1.3632450103759766,-3.0546436798878207,-3.2425720438415753,1.944095,-1.183777
3IUY_1,3IUY,A,Eukaryota,Homo sapiens,Homo sapiens,DEAD box helicase family,hydrolase,2.4,213,228,213,112.5956328638498,6.726405906677246,-0.3465630465003571,0.1126760563380281,0.1220657276995305,-0.0169014084507041,0.0657276995305164,23.85774647887324,0.0657276995305164,0.2206572769953051,0.943661971830986,0.0610328638497653,0.2296770522122634,15.691877365112305,0.3004694835680751,1.883876,-1.498573660850525,-1.5908344984054563,-1.5817376375198364,-1.5451313257217407,-1.571810245513916,-1.6792560815811155,-1.323638,-1.586026,-1.1341479664117518,,,-1.6132094692176495,-2.6725177317158155,1.883876,-1.67852
2ONI_1,2ONI,A,Eukaryota,Homo sapiens,Homo sapiens,Pfam:PF00168,transferase,2.2,377,392,377,118.6916702917772,5.33333911895752,-9.686885982075276,0.1458885941644562,0.1352785145888594,-0.4127320954907163,0.1458885941644562,33.844854111405844,0.0450928381962864,0.1644562334217506,0.9257294429708224,0.273209549071618,0.1005530640706609,22.51654624938965,0.29973474801061,1.735604,-0.4294639229774475,-1.607411503791809,-1.6350151300430298,-1.5304200649261477,-1.554765701293945,-1.3438247442245483,-1.236502,-1.545721,-1.1927891738851126,,,-0.3148657396554314,-1.832910836217258,1.735604,-3.76299
6A8W_1,6A8W,A,Eukaryota,Saccharomyces cerevisiae,Saccharomyces cerevisiae,Pfam:PF00498,membrane,1.844,131,140,131,111.77526717557244,8.950355339050294,2.755388940124412,0.1221374045801526,0.1679389312977099,-0.3656488549618319,0.0687022900763358,32.628244274809155,0.0381679389312977,0.2366412213740458,0.9465648854961832,-0.5954198473282443,0.262121180606111,13.749770164489746,0.2977099236641221,1.826587,-1.6829359531402588,-1.6110695600509644,-1.577087163925171,-1.411679744720459,-1.4195849895477295,-1.259123921394348,-1.680617,-2.32663,-1.1868917450650047,,,-1.733616137322579,-3.297414532144561,1.826587,-3.198175
5EGP_1,5EGP,A,Eukaryota,Aspergillus fumigatus,Aspergillus fumigatus,Class I-like SAM-binding methyltransferase superfamily,toxin,1.5,282,314,282,112.40010319148944,5.123432731628417,-8.799773539583803,0.1205673758865248,0.1063829787234042,-0.1808510638297872,0.1063829787234042,35.936524822695034,0.0531914893617021,0.2624113475177305,0.9184397163120568,0.1666666666666666,0.1641344813959776,18.429431915283203,0.301418439716312,1.959245,-1.921188712120056,-1.4096359014511108,-1.5037727355957031,-1.2680950164794922,-1.288885474205017,-1.086890697479248,-1.243574,-1.878082,-1.052450734672817,-1.250966191291809,-1.1844576597213743,-1.919159151983599,-3.0660789976728724,1.959245,-1.245662
5CYA_1,5CYA,A,Eukaryota,Saccharomyces cerevisiae,Saccharomyces cerevisiae,Unclassified,chaperone,2.0,161,268,161,114.53371118012412,6.247821617126465,-1.4120131009894763,0.1180124223602484,0.1304347826086956,-0.0621118012422359,0.1118012422360248,46.02111801242236,0.0186335403726708,0.2360248447204969,0.906832298136646,-0.7329192546583851,0.1551053578684623,14.370391845703123,0.2981366459627329,1.765352,-2.5325489044189453,-1.7070703506469729,-1.732534885406494,-1.5394541025161743,-1.546600103378296,-1.9012290239334104,-1.748009,-2.301195,-1.3650448248253106,,,-2.928961333280765,-3.5799177655522127,1.765352,-2.010008
6W6C_1,6W6C,A,Eukaryota,Homo sapiens,Homo sapiens,Class I-like SAM-binding methyltransferase superfamily,transferase,2.38,278,313,278,112.98753129496424,9.659056282043458,13.430571642258895,0.0935251798561151,0.1690647482014388,-0.0280575539568346,0.0755395683453237,31.82446043165467,0.0683453237410072,0.197841726618705,0.9028776978417268,0.0899280575539568,0.1196642685851318,21.09090232849121,0.302158273381295,1.924217,-0.6667611002922058,-1.518195390701294,-1.575843334197998,-1.445499062538147,-1.390269160270691,-0.1991106420755386,-0.939315,-1.122298,-0.99462144151866,-1.2600481510162354,-0.5041657090187073,-0.3113519682301034,-2.2514784559071495,1.924217,-1.118932
4G0M_1,4G0M,A,Eukaryota,Arabidopsis thaliana,Arabidopsis thaliana,Argonaute family,RNA-binding,2.306,135,150,135,112.44034222222209,9.242397117614743,4.6193551736749505,0.1111111111111111,0.1629629629629629,-0.2985185185185184,0.074074074074074,29.137037037037015,0.0296296296296296,0.2740740740740741,0.8518518518518519,0.0814814814814814,0.2275356628713519,13.610847473144531,0.3037037037037037,1.716482,-2.804311990737915,-1.585784912109375,-1.6626989841461182,-1.530282974243164,-1.5181859731674194,-1.7458617687225342,-1.321904,-1.976836,-1.2872771086516204,-1.327772855758667,-1.485624074935913,-2.5285789207175924,-3.4351630316840276,1.716482,-2.462641
1WLF_1,1WLF,A,Eukaryota,Mus musculus,Mus musculus,AAA ATPase family,hydrolase,2.05,164,179,164,112.86606768292684,5.5597856521606435,-5.629506097208617,0.1036585365853658,0.1097560975609756,0.0652439024390244,0.073170731707317,32.50182926829267,0.0548780487804878,0.2073170731707317,0.9634146341463414,-0.4756097560975609,0.2520852508053383,14.866056442260742,0.298780487804878,1.705796,-2.037729263305664,-1.6931031942367554,-1.696766972541809,-1.5574532747268677,-1.5328480005264282,-1.1583380699157717,-1.669311,-2.188709,-1.3380387469035824,,,-1.270073867425686,-3.523897868830983,1.705796,-1.92875
7MQJ_1,7MQJ,A,Eukaryota,Saccharomyces cerevisiae,Saccharomyces cerevisiae,DEAD box helicase family,hydrolase,2.23,773,798,773,113.80147270375238,8.30631618499756,5.364993525026179,0.130659767141009,0.1591203104786546,-0.3338939197930138,0.0802069857697283,45.4460672703753,0.055627425614489,0.2173350582147477,0.8796895213454075,0.0206985769728331,0.0878993845488912,27.85077476501465,0.3001293661060802,1.74463,-1.4227230548858645,-1.5998671054840088,-1.6287765502929688,-1.506259799003601,-1.51930832862854,-1.755334973335266,-1.350408,-1.549753,-1.8137263881589587,,,-1.29895035323011,-2.4325298590616913,1.74463,-1.805592
5ZXD_1,5ZXD,A,Eukaryota,Homo sapiens,Homo sapiens,ABC transporter superfamily,RNA-binding,2.288,464,546,464,112.82036767241388,6.694007682800293,-1.1867433713165312,0.1271551724137931,0.1487068965517241,-0.3060344827586208,0.0797413793103448,31.50991379310345,0.0474137931034482,0.2262931034482758,0.9375,0.0193965517241379,0.1244962462218466,22.805273056030273,0.2995689655172414,1.769565,-0.8010063171386719,-1.6009337902069092,-1.6453022956848145,-1.446804404258728,-1.460606336593628,-1.3389471769332886,-1.427431,-1.619555,-1.2624619582603718,,,-0.3831416162951239,-1.8172539020406788,1.769565,-2.788563
8E1J_1,8E1J,A,Eukaryota,Schizosaccharomyces pombe,Schizosaccharomyces pombe,Histidine acid phosphatase family,transferase,1.6,325,335,325,114.3114883076924,6.62472095489502,-0.8204393714423617,0.1476923076923076,0.16,-0.3320000000000001,0.1015384615384615,49.06341538461537,0.0523076923076923,0.1938461538461538,0.923076923076923,-0.2092307692307692,0.1340763173834039,19.89487075805664,0.3015384615384615,1.80706,-1.5015530586242676,-1.4496771097183228,-1.464983344078064,-1.3308783769607544,-1.3790302276611328,-1.1415613889694214,-1.297214,-1.917191,-1.0277783203125,,,-1.365326397235577,-2.6363758263221153,1.80706,-1.192222
2PSW_1,2PSW,A,Eukaryota,Homo sapiens,Homo sapiens,Acetyltransferase family,transferase,2.1,155,170,155,115.48068451612902,9.111203956604005,5.864927961162742,0.1096774193548387,0.1806451612903225,-0.3225806451612902,0.1032258064516129,49.244,0.0258064516129032,0.1806451612903225,0.9548387096774194,-0.064516129032258,0.1482683554324164,14.588460922241213,0.3032258064516129,1.815581,-0.2973624169826507,-1.4160796403884888,-1.49026620388031,-1.3926341533660889,-1.399298906326294,-0.4001439213752746,-1.313499,-1.706093,-0.9678939327116935,-1.09783673286438,-0.1993405073881149,-0.3135511829007056,-2.6590428506174395,1.815581,-3.850314
3QJ3_1,3QJ3,A,Eukaryota,Tenebrio molitor,Tenebrio molitor,Peptidase C1 family,hydrolase,1.85,319,331,319,109.69106990595591,4.874648475646972,-12.739421457667444,0.115987460815047,0.0940438871473354,-0.4225705329153607,0.122257053291536,31.89028213166144,0.0438871473354232,0.3166144200626959,0.927899686520376,-0.0626959247648902,0.1761665059078852,18.82126808166504,0.3009404388714733,1.931313,-1.5819774866104126,-1.3820971250534058,-1.4713085889816284,-1.3220560550689695,-1.3206268548965454,-1.54216730594635,-1.199375,-1.447683,-0.9744159375612264,-1.3020143508911133,-1.1523303985595703,-1.7516634471737853,-2.4402925018980213,1.931313,-1.050412
8XUW_1,8XUW,A,Eukaryota,Gibberella zeae,Gibberella zeae,Acetyltransferase family,histone,1.58,112,117,112,118.47068749999988,5.071197700500488,-5.881437331293247,0.1607142857142857,0.1428571428571428,-0.8169642857142859,0.1160714285714285,33.00089285714285,0.0714285714285714,0.1517857142857142,0.9017857142857144,0.5982142857142857,0.1750496031746031,13.541563034057615,0.3035714285714285,1.788746,-1.0910485982894895,-1.6593073606491089,-1.7326875925064087,-1.397546648979187,-1.4205782413482666,-0.4859156608581543,-1.317206,-1.71154,-1.2761453901018416,-1.601300597190857,-0.9217901825904846,-0.9048894473484584,-2.8137828281947543,1.788746,-1.585451
1OAG_1,1OAG,A,Eukaryota,Glycine max,Glycine max,Peroxidase family,oxidoreductase,1.75,249,261,249,108.1125847389558,5.512552452087401,-7.507707882512062,0.144578313253012,0.144578313253012,-0.3578313253012053,0.0923694779116465,30.858674698795166,0.0763052208835341,0.3132530120481927,0.8955823293172691,0.2931726907630521,0.1898129780821727,16.43815040588379,0.3012048192771084,2.092564,-0.5655699372291565,-1.2920114994049072,-1.3197472095489502,-1.208289384841919,-1.2235673666000366,-1.2857346534729004,-0.932036,-1.115345,-0.9557449769782254,-1.2102971076965332,-0.4799152910709381,-0.5489582843091114,-1.9601903708584336,2.092564,-1.223513
4O7I_1,4O7I,A,Eukaryota,Entamoeba histolytica,Entamoeba histolytica,Inositol monophosphatase superfamily,hydrolase,2.11,317,325,317,110.52839400630914,5.628901863098144,-7.758412702029922,0.1419558359621451,0.1451104100946372,-0.2760252365930601,0.0630914826498422,28.297476340694008,0.028391167192429,0.2618296529968454,0.9337539432176656,0.0189274447949526,0.1350405841278843,17.827138900756836,0.2996845425867508,1.996393,-1.5621732473373413,-1.3681952953338623,-1.411279320716858,-1.3059232234954834,-1.2639572620391846,-1.077326774597168,-1.019127,-1.217589,-1.0500397787485214,-0.9814794659614564,-0.9819921255111694,-1.9655415146884856,-2.657927407827287,1.996393,-1.280955
8PHN_1,8PHN,A,Eukaryota,Thermochaetoides thermophila,Thermochaetoides thermophila,Pfam:PF00672,transferase,1.9,124,139,124,112.17816209677406,5.933956718444825,-1.9708964642552225,0.1370967741935483,0.1451612903225806,-0.1,0.0483870967741935,35.22258064516128,0.0403225806451612,0.2258064516129032,0.967741935483871,0.129032258064516,0.1789149560117302,12.77178955078125,0.2983870967741935,2.012767,-1.1300137042999268,-1.469543695449829,-1.481605052947998,-1.3380584716796875,-1.3146345615386963,-1.1391892433166504,-0.889218,-1.075721,-0.9132360642956148,-1.2910706996917725,-0.7428992986679077,-0.8615018783077117,-2.4070631457913305,2.012767,-1.669247
6VG3_1,6VG3,A,Eukaryota,Homo sapiens,Homo sapiens,Protein kinase superfamily,transferase,1.95,277,296,277,112.9803870036102,7.226191139221191,0.4565764998521544,0.1263537906137184,0.1552346570397111,-0.3530685920577619,0.0830324909747292,51.12527075812276,0.0433212996389891,0.2454873646209386,0.8989169675090253,0.0252707581227437,0.1287701873431804,17.738771438598633,0.2996389891696751,2.023911,-0.7074820399284363,-1.50792133808136,-1.5281883478164673,-1.4166449308395386,-1.3890453577041626,-0.2134919613599777,-1.422121,-1.56052,-1.0469505778288584,-1.3276163339614868,-0.596649706363678,-0.3433594411030573,-2.172978921057085,2.023911,-1.483553
2QR7_1,2QR7,A,Eukaryota,Mus musculus,Mus musculus,Protein kinase superfamily,ribosomal,2.0,298,342,298,112.88243993288602,5.870012855529784,-5.464939139266825,0.1275167785234899,0.1375838926174496,-0.2667785234899331,0.0973154362416107,33.008389261744966,0.0436241610738255,0.2483221476510067,0.8859060402684564,0.1006711409395973,0.1404680115960446,18.88252830505371,0.3020134228187919,1.952392,-0.3298345506191253,-1.4860460758209229,-1.5196536779403689,-1.48307204246521,-1.4452375173568726,-0.7256148457527161,-1.358761,-1.731896,-1.209186835577024,-1.1679445505142212,-0.2929481267929077,-0.234731891811294,-1.2237384975356544,1.952392,-2.903618
10AJ_1,10AJ,A,Eukaryota,Homo sapiens,Homo sapiens,Helicase family,hydrolase,2.42,421,429,421,113.80979952494076,8.531955528259278,6.869655542223825,0.1092636579572446,0.1543942992874109,-0.2396674584323041,0.0831353919239905,53.26389548693587,0.0403800475059382,0.2327790973871734,0.8764845605700713,0.0451306413301662,0.119457956738735,22.6009521484375,0.2992874109263658,1.747313,-0.8790507912635803,-1.7009364366531372,-1.719016194343567,-1.5678669214248655,-1.5495113134384155,-1.323642611503601,-1.360974,-1.559123,-1.1168375264437351,-1.6468058824539185,-0.6902642846107483,-0.4783902564694366,-2.214361122838109,1.747313,-1.448016
8DPE_1,8DPE,A,Eukaryota,Homo sapiens,Homo sapiens,DEAD box helicase family,hydrolase,1.531,436,444,436,112.33581284403684,8.465488624572757,4.348510276825394,0.1215596330275229,0.1697247706422018,-0.3763761467889913,0.0711009174311926,35.38786697247707,0.0458715596330275,0.25,0.9357798165137614,0.1376146788990825,0.1216713480584383,23.68691635131836,0.3004587155963302,1.834343,-0.6890715956687927,-1.5878615379333496,-1.6354219913482666,-1.46655535697937,-1.4830938577651978,-0.8974456787109375,-1.157899,-1.426303,-1.0022578108201332,,,-0.3435455112282289,-1.4903627448125716,1.834343,-1.305722
1WRM_1,1WRM,A,Eukaryota,Homo sapiens,Homo sapiens,Protein-tyrosine phosphatase family,hydrolase,1.5,156,165,156,113.63528589743584,8.32636585235596,2.431543804089305,0.1089743589743589,0.1730769230769231,-0.3743589743589742,0.0833333333333333,47.94230769230768,0.0384615384615384,0.2371794871794872,0.9423076923076924,0.2756410256410256,0.2046052631578947,13.531953811645508,0.3012820512820512,1.965815,-0.2953308522701263,-1.3516855239868164,-1.4165490865707395,-1.3875532150268557,-1.3233816623687744,-1.1220725774765017,-1.04645,-1.264246,-0.8891629928197616,,,-0.418892102363782,-2.1232788868439503,1.965815,-1.455116
4U9V_1,4U9V,B,Eukaryota,Homo sapiens,Homo sapiens,Acetyltransferase family,transferase,1.78,197,197,197,116.14607969543154,5.511813545227049,-4.306389180728189,0.1522842639593908,0.1472081218274111,-0.4573604060913707,0.1218274111675127,48.11015228426396,0.0253807106598984,0.2284263959390863,0.8730964467005076,-0.0710659898477157,0.1496715437444013,15.768202781677246,0.299492385786802,1.650657,-0.7046188116073608,-1.7237440347671509,-1.7155075073242188,-1.5547760725021362,-1.5569454431533811,-0.1294800192117691,-1.333804,-1.684587,-1.143145178780338,-1.5825111865997314,-0.5593607425689697,-0.4021680028305441,-3.132065826261104,1.650657,-1.869367
7E9V_1,7E9V,A,Eukaryota,Homo sapiens,Homo sapiens,Adenylate kinase family,transferase,2.1,192,214,192,113.57647083333336,5.435990333557128,-3.411860140998531,0.1666666666666666,0.15625,-0.5364583333333335,0.078125,29.818229166666672,0.03125,0.2083333333333333,0.9479166666666669,0.3958333333333333,0.2413102343059239,16.18760871887207,0.3020833333333333,1.829059,-0.6957783699035645,-1.576075553894043,-1.637670636177063,-1.5259848833084106,-1.5495109558105469,-0.7718035578727722,-0.990394,-1.102151,-1.0243223508199055,,,-0.4415239493052165,-2.255400021870931,1.829059,-1.865277
1KTE_1,1KTE,A,Eukaryota,Sus scrofa,Sus scrofa,Glutaredoxin family,transferase,2.2,105,105,105,111.12799142857132,8.449113655090333,1.858560084793471,0.1047619047619047,0.1333333333333333,-0.1104761904761904,0.0666666666666666,41.563809523809525,0.0476190476190476,0.2476190476190476,0.9333333333333332,0.2285714285714286,0.2588657573582196,12.61124324798584,0.3047619047619048,2.037292,-1.6908284425735474,-1.434460163116455,-1.429275631904602,-1.4245675802230835,-1.341591477394104,-0.5317080020904541,-0.989349,-1.156874,-1.0065301804315476,-1.3666596412658691,-1.219066858291626,-0.9741875784737724,-3.2035627092633927,2.037292,-1.882041
5EA1_1,5EA1,A,Eukaryota,Homo sapiens,Homo sapiens,SNF2/RAD54 helicase family,hydrolase,2.0,114,132,114,117.44187017543848,9.458495140075684,5.555624642257603,0.131578947368421,0.1929824561403509,-0.6210526315789475,0.0789473684210526,47.33947368421051,0.0526315789473684,0.1578947368421052,0.9385964912280702,0.6228070175438596,0.1827013770986606,13.65192699432373,0.2982456140350877,1.901481,-1.613132357597351,-1.540380597114563,-1.527889609336853,-1.4055469036102295,-1.4150149822235107,-1.4761042594909668,-1.378811,-1.624456,-1.19149673194216,-1.4617220163345337,-1.1569867134094238,-0.2751328652365166,-2.96539092482182,1.901481,-1.40071
1XBB_1,1XBB,A,Eukaryota,Homo sapiens,Homo sapiens,Protein kinase superfamily,transferase,1.57,268,291,268,116.12591007462694,8.414107322692871,3.236920359946126,0.1231343283582089,0.1567164179104477,-0.3660447761194028,0.1194029850746268,32.46828358208955,0.0335820895522388,0.1977611940298507,0.9440298507462688,0.0261194029850746,0.1221290242999876,17.932239532470703,0.3022388059701492,1.873795,-1.3439099788665771,-1.6075376272201538,-1.6637380123138428,-1.5047990083694458,-1.500661849975586,-1.5716009140014648,-1.317534,-1.566472,-1.1444850181465718,,,-0.6414132189394822,-2.2219575341068096,1.873795,-1.602256
4RTW_1,4RTW,A,Eukaryota,Gallus gallus,Gallus gallus,Protein kinase superfamily,transferase,1.24,57,61,57,113.772901754386,5.083759117126463,-2.504557891786482,0.1228070175438596,0.1052631578947368,-0.4894736842105263,0.1403508771929824,29.41052631578948,0.0350877192982456,0.3333333333333333,0.8771929824561403,-0.8771929824561403,0.3381180223285486,9.56206512451172,0.2982456140350877,2.123142,-0.9409698843955994,-1.3690987825393677,-1.406469464302063,-1.2327438592910769,-1.22176992893219,-1.109923005104065,-1.078585,-1.285731,-1.1140621252227247,-1.2003178596496582,-0.8381571173667908,-0.7912283780282003,-1.2285800063819217,2.123142,-1.178466
1FKW_1,1FKW,A,Eukaryota,Mus musculus,Mus musculus,Metallo-dependent hydrolases superfamily,hydrolase,2.4,349,349,349,113.6813679083096,5.485951805114746,-11.6130282378924,0.157593123209169,0.154727793696275,-0.4232091690544414,0.0916905444126074,37.363037249283664,0.0515759312320916,0.2234957020057306,0.8939828080229226,0.2808022922636103,0.1475135458113228,18.22418212890625,0.3008595988538682,1.975324,-1.0233763456344604,-1.3382612466812134,-1.4040197134017944,-1.3273942470550537,-1.350967288017273,-0.5990288853645325,-1.120806,-1.486941,-0.806778959695111,-0.9464731216430664,-0.7403819561004639,-0.5625793107259581,-2.3827761237464182,1.975324,-1.258813
7MEQ_1,7MEQ,A,Eukaryota,Homo sapiens,Homo sapiens,Peptidase S1 family,hydrolase,1.95,326,395,326,111.46078128834368,8.160682106018069,3.2466152141144597,0.0736196319018405,0.1042944785276073,-0.1398773006134968,0.1134969325153374,35.08349693251533,0.0490797546012269,0.2668711656441718,0.911042944785276,-0.4877300613496932,0.166622398144609,19.194263458251953,0.3006134969325153,1.93751,-1.4057656526565552,-1.5331329107284546,-1.5538907051086426,-1.4572299718856812,-1.4286571741104126,-1.605920910835266,-1.414284,-1.680848,-1.2056409215634585,,,-1.232321616330761,-2.5043671964867715,1.93751,-1.265891
4R30_1,4R30,A,Eukaryota,Homo sapiens,Homo sapiens,Protein-tyrosine phosphatase family,hydrolase,2.3,179,184,179,114.41112122905028,8.307734489440918,2.254076664642284,0.0893854748603352,0.1340782122905028,-0.1307262569832402,0.100558659217877,50.60111731843576,0.0502793296089385,0.2346368715083798,0.8770949720670391,0.0837988826815642,0.1908175096748934,15.100760459899902,0.3016759776536313,1.658814,-0.4556068480014801,-1.6869196891784668,-1.62419593334198,-1.5626752376556396,-1.5669794082641602,-0.1744479238986969,-1.644778,-2.125781,-1.2366024422245985,-1.4059796333312988,-0.2860039472579956,-0.6105417858954915,-2.5332931433310057,1.658814,-1.918449
3VWA_1,3VWA,A,Eukaryota,Saccharomyces cerevisiae,Saccharomyces cerevisiae,Unclassified,RNA-binding,2.2,531,560,531,112.5551553672318,6.685538673400879,-0.6032725419255485,0.1073446327683615,0.1148775894538606,0.0574387947269303,0.0809792843691148,44.903032015065975,0.0508474576271186,0.2429378531073446,0.887005649717514,0.4500941619585687,0.0527647420356543,31.3408145904541,0.2994350282485876,1.747319,-2.009446144104004,-1.6700029373168943,-1.733408808708191,-1.5763510465621948,-1.5670874118804932,-1.4990471601486206,-1.639211,-2.100464,-1.4139560620439031,,,-2.314232892684793,-2.9257419392213984,1.747319,-2.434467
1QFV_1,1QFV,A,Eukaryota,Rhipicephalus appendiculatus,Rhipicephalus appendiculatus,Calycin superfamily,other,1.36,175,175,175,113.1275205714286,4.0500284194946286,-21.149018550017814,0.1885714285714285,0.0742857142857142,-0.602857142857143,0.1314285714285714,25.473142857142857,0.0228571428571428,0.2571428571428571,0.8971428571428571,-0.4285714285714285,0.2196509372979961,14.759645462036133,0.3028571428571429,1.81745,-2.8123438358306885,-1.5869494676589966,-1.5275851488113403,-1.4650150537490845,-1.489652156829834,-1.3174035549163818,-1.46956,-2.095194,-1.106400146484375,-1.3834872245788574,-1.4976203441619873,-3.0413713727678573,-3.563290318080357,1.81745,-2.30762
6KQQ_1,6KQQ,A,Eukaryota,Homo sapiens,Homo sapiens,Class V-like SAM-binding methyltransferase superfamily,histone,1.8,223,223,223,113.5814237668162,8.132444953918458,2.985662027095948,0.1255605381165919,0.1569506726457399,-0.593273542600897,0.085201793721973,34.67717488789236,0.0582959641255605,0.210762331838565,0.8699551569506726,-0.5022421524663677,0.1959464575673697,17.301816940307617,0.3004484304932735,1.883222,-0.2814295887947082,-1.4931433200836182,-1.4852367639541626,-1.3714377880096436,-1.3835391998291016,-1.1508510112762451,-1.394453,-1.615358,-1.1825673740540918,-1.3561673164367676,-0.2834536731243133,-0.2109513560752697,-2.2762434749859866,1.883222,-1.538537
3E2V_1,3E2V,A,Eukaryota,Saccharomyces cerevisiae,Saccharomyces cerevisiae,Metallo-dependent hydrolases superfamily,hydrolase,1.5,363,401,363,114.1788685950414,6.462104606628418,-2.1160375000983365,0.1267217630853994,0.1487603305785124,-0.2991735537190087,0.1074380165289256,35.97358126721761,0.0385674931129476,0.2258953168044077,0.9008264462809916,0.2011019283746556,0.1455201064104746,19.529151916503903,0.3002754820936639,1.868766,-1.9056073427200315,-1.4679328203201294,-1.475419282913208,-1.23263418674469,-1.2403502464294434,-1.5771729946136477,-1.203249,-1.589068,-0.8132877402397555,,,-2.0454795984525656,-2.682425170562156,1.868766,-1.164651
4F8Q_1,4F8Q,A,Eukaryota,Homo sapiens,Homo sapiens,Immunoglobulin superfamily,membrane,2.3789,208,219,208,108.49186442307692,5.431613731384277,-7.546508017290829,0.1201923076923076,0.1201923076923077,-0.0754807692307691,0.0721153846153846,40.83177884615385,0.0432692307692307,0.3028846153846154,0.923076923076923,-0.6538461538461539,0.1683900704322607,21.675790786743164,0.3028846153846153,1.782068,-1.4764333963394165,-1.7180525064468384,-1.7157548666000366,-1.603941559791565,-1.63562273979187,-0.4984290897846222,-1.489669,-1.614218,-1.5516184293306792,,,-0.8798126807579627,-2.2516698103684645,1.782068,-1.959805
1Z6I_1,1Z6I,A,Eukaryota,Drosophila melanogaster,Drosophila melanogaster,N-acetylmuramoyl-L-alanine amidase 2 family,membrane,2.5,167,167,167,111.87490359281436,8.45349750518799,1.9145218644754447,0.0838323353293413,0.1077844311377245,-0.17125748502994,0.1077844311377245,44.2880239520958,0.0479041916167664,0.281437125748503,0.9101796407185628,-0.0359281437125748,0.2413522469623859,13.961352348327637,0.2994011976047904,1.567044,-1.679463505744934,-1.7151750326156616,-1.743662714958191,-1.7027831077575684,-1.634762167930603,-0.5590692758560181,-1.485762,-1.939226,-1.4206283477965944,-1.3589001893997192,-1.2278937101364136,-1.978122003064184,-3.261874444470434,1.567044,-2.00876
1HKK_1,1HKK,A,Eukaryota,Homo sapiens,Homo sapiens,Glycosyl hydrolase 18 family,hydrolase,1.85,364,364,364,111.69035796703302,7.09421100616455,0.1326800131900753,0.1016483516483516,0.1126373626373626,-0.4230769230769236,0.1236263736263736,28.8162087912088,0.0384615384615384,0.3076923076923077,0.8901098901098901,-0.0164835164835164,0.1326590076590076,19.14406967163086,0.2994505494505494,2.020418,-0.8402491807937622,-1.37077796459198,-1.3870820999145508,-1.2749606370925903,-1.2832252979278564,-0.9836901426315308,-0.883745,-1.007846,-0.9692916870117188,-1.1595581769943235,-0.7378170490264893,-0.5265121459960938,-1.7398099794492616,2.020418,-1.20546
2W0J_1,2W0J,A,Eukaryota,Homo sapiens,Homo sapiens,Protein kinase superfamily,transferase,2.05,280,323,280,114.43529357142876,6.127266120910644,-3.035414714448706,0.1428571428571428,0.1535714285714285,-0.1664285714285714,0.0892857142857142,31.99896428571428,0.0392857142857142,0.2071428571428571,0.9142857142857144,0.1071428571428571,0.1159519383961763,19.819787979125977,0.3,2.011894,-1.4756243228912354,-1.476689696311951,-1.514257550239563,-1.462949514389038,-1.4575810432434082,-1.0757299661636353,-1.259511,-1.554937,-1.1940500531877791,,,-0.9185021536690848,-2.2678584507533484,2.011894,-1.44404
7B8B_1,7B8B,A,Eukaryota,Arabidopsis thaliana,Arabidopsis thaliana,Glycosyl hydrolase 28 family,hydrolase,2.03,369,420,369,106.10174146341464,8.483733177185059,4.815695640522527,0.086720867208672,0.1056910569105691,-0.2921409214092143,0.051490514905149,24.638780487804887,0.029810298102981,0.3279132791327913,0.929539295392954,-0.7831978319783198,0.0768991100404831,20.168012619018555,0.3008130081300813,2.044278,-1.224582552909851,-1.393441915512085,-1.4702606201171875,-1.2792491912841797,-1.2436951398849487,-0.936571717262268,-1.123775,-1.232611,-1.134379978748518,-1.3002973794937134,-0.9352273344993592,-1.0517492113397695,-2.0903619699038787,2.044278,-1.164175
4PFO_1,4PFO,A,Eukaryota,Sus scrofa,Sus scrofa,TRAFAC class myosin-kinesin ATPase superfamily,cytoskeletal,1.75,755,788,755,114.47651483443774,6.715833854675293,-2.1016353522934423,0.1324503311258278,0.1602649006622516,-0.339999999999999,0.1019867549668874,33.8585562913908,0.0331125827814569,0.2132450331125827,0.933774834437086,0.1470198675496689,0.1194925304173725,27.682796478271484,0.3006622516556291,1.721163,-0.849814236164093,-1.6385149955749512,-1.6657607555389404,-1.524444818496704,-1.54487407207489,-0.3376907110214233,-1.41296,-1.597942,-2.0060394893418874,,,-0.3264724832496896,-1.6528270190914736,1.721163,-1.775369
5HZR_1,5HZR,A,Eukaryota,Thermothelomyces thermophilus,Thermothelomyces thermophilus,SNF2/RAD54 helicase family,other,2.33,552,732,552,116.40869927536264,6.164836692810058,-4.25901241676867,0.1394927536231884,0.1485507246376811,-0.3447463768115941,0.0887681159420289,42.10144927536235,0.0380434782608695,0.197463768115942,0.8822463768115942,0.201086956521739,0.1059822866344605,25.316091537475582,0.3007246376811594,1.765309,-1.3646156787872314,-1.5961402654647827,-1.6135650873184204,-1.497317671775818,-1.482495903968811,-1.818797945976257,-1.463498,-1.686509,-1.2631119437839673,,,-1.2586809241253396,-2.1921417678611865,1.765309,-1.326675
3DEO_1,3DEO,A,Eukaryota,Arabidopsis thaliana,Arabidopsis thaliana,Pfam:PF12796,other,1.5,183,183,183,109.40081639344262,4.606538963317871,-13.854691146717297,0.180327868852459,0.1202185792349726,-0.1972677595628416,0.0601092896174863,21.53661202185791,0.0327868852459016,0.2950819672131147,0.9016393442622952,0.3442622950819672,0.1045528519826936,17.293682098388672,0.3005464480874317,2.074831,-1.8321164846420288,-1.3926467895507812,-1.4356412887573242,-1.252275466918945,-1.2858463525772097,-1.0712199211120603,-1.340654,-1.722444,-1.080227377636185,-1.135739803314209,-1.196702480316162,-1.1966672803534837,-2.954251648949795,2.074831,-1.478723
3GBJ_1,3GBJ,A,Eukaryota,Homo sapiens,Homo sapiens,TRAFAC class myosin-kinesin ATPase superfamily,cytoskeletal,2.102,302,354,302,110.98921688741736,8.432094001770022,3.09219691246723,0.1258278145695364,0.1490066225165563,-0.3801324503311262,0.0794701986754966,35.49867549668874,0.0264900662251655,0.2913907284768212,0.9205298013245032,-0.0397350993377483,0.2368106744627561,18.62643814086914,0.3013245033112582,1.681572,-1.146016001701355,-1.7223833799362185,-1.754220485687256,-1.5594278573989868,-1.571982741355896,-1.4027575254440308,-1.147528,-1.261868,-1.1075224213252794,,,-0.9277663073002896,-1.9492733178549255,1.681572,-1.456509
2ONU_1,2ONU,A,Eukaryota,Plasmodium falciparum,Plasmodium falciparum,Ubiquitin-conjugating enzyme family,transferase,2.38,150,152,150,112.96668133333333,4.641949653625488,-9.27495486726737,0.1333333333333333,0.0933333333333333,-0.246,0.12,25.374666666666663,0.0666666666666666,0.2266666666666666,0.8866666666666667,0.0199999999999999,0.1668668668668668,14.754270553588867,0.3,1.975026,-1.2103705406188965,-1.480015516281128,-1.49802565574646,-1.3863884210586548,-1.4268085956573486,-1.7816648483276367,-1.083231,-1.227231,-1.1911632283528646,-1.4479129314422607,-0.9810742139816284,-1.2925813802083332,-2.9348689778645833,1.975026,-2.199774
2F3E_1,2F3E,A,Eukaryota,Homo sapiens,Homo sapiens,Peptidase A1 family,hydrolase,2.11,377,402,377,111.56542334217528,5.251661491394042,-9.940620514686245,0.1114058355437665,0.1034482758620689,-0.1281167108753316,0.1193633952254641,38.06023872679045,0.0477453580901856,0.2838196286472149,0.9310344827586208,-0.5278514588859416,0.1668383862741229,19.791658401489254,0.29973474801061,,-1.1600971221923828,-1.469491481781006,-1.5185281038284302,-1.4093953371047974,-1.3825660943984983,-0.1917868852615356,-1.549288,-1.98437,-1.1091701193892989,,,-0.2189450048957642,-2.471742503522878,,
1Z06_1,1Z06,A,Eukaryota,Mus musculus,Mus musculus,Small GTPase superfamily,GTPase,1.81,165,189,165,114.58437636363634,6.647342872619629,-0.7315116394635801,0.1272727272727273,0.1575757575757576,-0.2381818181818182,0.0969696969696969,30.009090909090904,0.0363636363636363,0.2303030303030303,0.9333333333333332,-0.0363636363636363,0.209870589180934,14.287785530090332,0.303030303030303,1.688073,-0.4640938639640808,-1.658499240875244,-1.7477654218673706,-1.7081775665283203,-1.630078673362732,-0.7129517197608948,-1.320285,-1.398458,-0.975622743548769,-1.438267469406128,-0.4204290211200714,-0.3362199263139204,-1.3000928474195077,1.688073,-1.883622
6WCD_1,6WCD,A,Eukaryota,Xenopus laevis,Xenopus laevis,DNA repair enzymes AP/ExoA family,hydrolase,1.54,314,355,314,112.63511210191092,5.279910469055174,-9.9549784048301,0.1337579617834395,0.1242038216560509,-0.4308917197452233,0.0955414012738853,46.671719745222944,0.0509554140127388,0.2611464968152866,0.8885350318471337,-0.232484076433121,0.1910828025477707,17.74984359741211,0.2993630573248407,1.880317,-1.3648157119750977,-1.5060014724731443,-1.5439927577972412,-1.2856801748275757,-1.3077490329742432,-1.130041480064392,-1.325135,-1.591702,-1.1161291037395502,,,-1.2945659661748607,-2.5375611129080413,1.880317,-1.258529
1LPG_2,1LPG,B,Eukaryota,Homo sapiens,Homo sapiens,Peptidase S1 family,hydrolase,2.0,234,254,234,112.86658290598292,7.669194221496583,1.1474757688253945,0.1282051282051282,0.1538461538461538,-0.4162393162393167,0.1025641025641025,38.41115384615384,0.0256410256410256,0.282051282051282,0.9145299145299144,-0.5384615384615384,0.2213540711394788,15.524293899536133,0.2991452991452991,2.009215,-0.8718119859695435,-1.4949780702590942,-1.541797161102295,-1.484452724456787,-1.4830821752548218,-1.545191764831543,-1.196949,-1.403298,-0.9699645735259748,,,-0.5004993992992955,-2.041450696113782,2.009215,
2ERK_1,2ERK,A,Eukaryota,Rattus norvegicus,Rattus norvegicus,Protein kinase superfamily,transferase,2.4,353,365,353,115.7496101983004,6.528947257995605,-2.0963979715937313,0.1274787535410765,0.1558073654390935,-0.323229461756374,0.0991501416430594,40.186402266288916,0.0566572237960339,0.1869688385269121,0.8781869688385269,0.0963172804532577,0.1344707358676294,20.34027862548828,0.3002832861189802,1.980059,-0.288593977689743,-1.4381577968597412,-1.4882862567901611,-1.4147528409957886,-1.419812798500061,-0.4450812339782715,-1.103799,-1.267068,,-1.2519752979278564,-0.2674168646335602,-0.1790071006537159,-1.105358437168024,1.980059,-1.567782
4KVX_1,4KVX,A,Eukaryota,Schizosaccharomyces pombe,Schizosaccharomyces pombe,Acetyltransferase family,transferase,2.0,152,156,152,115.32155789473676,8.89484806060791,3.455276191420033,0.1052631578947368,0.1776315789473684,-0.4657894736842106,0.1052631578947368,50.009210526315776,0.0394736842105263,0.2368421052631578,0.8355263157894737,-0.2039473684210526,0.148654221022642,14.175122261047363,0.3026315789473684,1.62691,-1.0444438457489014,-1.6329915523529053,-1.64755117893219,-1.5344352722167969,-1.4953631162643433,-0.9524086117744446,-1.552941,-1.794292,-1.157524309660259,-1.4300071001052856,-0.7803283929824829,-1.0957685771741366,-3.5138525711862663,1.62691,-5.261705
6S9F_1,6S9F,A,Eukaryota,Drosophila melanogaster,Drosophila melanogaster,Protein kinase superfamily,transferase,1.969,298,569,298,109.89130302013425,5.355108451843263,-7.681964664284191,0.1241610738255033,0.1174496644295302,-0.3859060402684566,0.046979865771812,32.72684563758389,0.0604026845637583,0.2550335570469799,0.9563758389261744,-0.7214765100671141,0.1200809365996636,33.058135986328125,0.3020134228187919,2.032051,-1.909491777420044,-1.44660222530365,-1.442684292793274,-1.3438456058502195,-1.341060757637024,-0.8370558023452759,-1.475621,-1.915864,-1.189400077666212,,,-1.5298969857644715,-2.7195532881973574,2.032051,-1.088566
2Y3X_1,2Y3X,A,Eukaryota,Mus musculus,Mus musculus,2H phosphoesterase superfamily,hydrolase,2.1,215,221,215,110.04642790697666,9.09914836883545,6.100178384757495,0.1069767441860465,0.1534883720930232,-0.2841860465116279,0.1023255813953488,40.310232558139525,0.0511627906976744,0.2976744186046511,0.9767441860465116,-0.0651162790697674,0.2642542509354426,16.502878189086914,0.3023255813953488,1.718304,-2.8373565673828125,-1.6017560958862305,-1.6245344877243042,-1.4535642862319946,-1.4451045989990234,-1.672806978225708,-1.573306,-2.369455,-1.152667520212573,-1.3994500637054443,-1.5383918285369873,-1.744134521484375,-3.330817360101744,1.718304,-1.757173
2GJS_1,2GJS,A,Eukaryota,Homo sapiens,Homo sapiens,Small GTPase superfamily,GTPase,1.9,150,176,150,110.2394006666666,8.50023708343506,2.0745554671725692,0.12,0.16,0.0886666666666668,0.0733333333333333,48.11999999999999,0.02,0.2666666666666666,0.92,0.1066666666666666,0.2042389210019267,13.76831340789795,0.3,1.931,-1.377716898918152,-1.5987638235092163,-1.587845802307129,-1.5099916458129885,-1.423722505569458,-1.0244661569595337,-1.416491,-1.642288,-1.2713852945963542,,,-1.332054036458333,-2.475461018880208,1.931,-2.002971
8BW6_1,8BW6,A,Eukaryota,Homo sapiens,Homo sapiens,Protein kinase superfamily,transferase,1.95,99,99,99,111.33671313131308,4.687818717956542,-6.149163183224648,0.1818181818181818,0.1313131313131313,-0.5545454545454543,0.0909090909090909,32.8010101010101,0.0909090909090909,0.2424242424242424,0.9494949494949496,-0.7474747474747475,0.3429125200342912,12.90849781036377,0.303030303030303,2.00941,-1.6603955030441284,-1.5354996919631958,-1.5659213066101074,-1.4274682998657229,-1.4580824375152588,-1.6769347190856934,-1.579241,-1.83676,-1.344478260387074,-1.483952879905701,-1.2790162563323977,-0.7053451538085938,-3.3164071747750947,2.00941,-1.627067
8OMW_1,8OMW,A,Eukaryota,Homo sapiens,Homo sapiens,Protein kinase superfamily,transferase,1.05,107,109,107,107.21536261682232,9.39486484527588,2.47313196645959,0.0934579439252336,0.1214953271028037,-0.3532710280373833,0.0841121495327102,35.831775700934564,0.1401869158878504,0.308411214953271,0.9813084112149532,-0.794392523364486,0.3676519833176048,12.9855318069458,0.2990654205607476,2.134683,-1.5261802673339844,-1.304290771484375,-1.3353947401046753,-1.178236961364746,-1.1736762523651123,-1.712435007095337,-1.236026,-1.564742,-0.9370023067866532,-1.1011770963668823,-1.1011825799942017,-0.5781978714131863,-3.090550788095064,2.134683,-1.518399
4XW3_1,4XW3,A,Eukaryota,Homo sapiens,Homo sapiens,DEAD box helicase family,hydrolase,2.0,190,221,190,111.2141921052631,8.107753562927247,2.103772759997433,0.1157894736842105,0.1684210526315789,-0.5673684210526322,0.1210526315789473,29.95842105263157,0.0368421052631578,0.2736842105263158,0.9157894736842104,-0.8631578947368421,0.2855822550831793,14.429523468017578,0.3,1.910362,-1.095495104789734,-1.544377684593201,-1.5403066873550415,-1.4065805673599243,-1.3824161291122437,-0.6578190326690674,-1.507736,-1.805406,-1.0199372140984786,-1.1910465955734253,-0.7679330706596375,-0.7301025390625,-2.74910888671875,1.910362,-1.566501
2XZJ_1,2XZJ,A,Eukaryota,Aspergillus fumigatus,Aspergillus fumigatus,Glycosyl hydrolase 33 family,hydrolase,1.84,386,386,386,108.97476917098456,9.312732124328612,7.222719849361553,0.1062176165803108,0.1373056994818652,-0.5948186528497412,0.0958549222797927,21.719689119170972,0.0569948186528497,0.3523316062176165,0.911917098445596,-0.7668393782383419,0.1519032702774487,18.724300384521484,0.3005181347150259,1.892288,-2.225464105606079,-1.3714346885681152,-1.4101241827011108,-1.2672489881515503,-1.2327170372009275,-0.9690654277801514,-1.301228,-1.948275,-0.8771567863503886,-1.0916998386383057,-1.1950910091400146,-1.397973411441467,-2.825885990123057,1.892288,-1.181289
1R26_1,1R26,A,Eukaryota,Trypanosoma brucei brucei,Trypanosoma brucei brucei,Pfam:PF00085,other,1.4,113,125,113,114.46108141592906,9.332717323303225,4.833262061143474,0.1061946902654867,0.1592920353982301,-0.027433628318584,0.0884955752212389,42.81769911504424,0.0530973451327433,0.2123893805309734,1.0,0.0442477876106194,0.2594381748802468,12.676886558532717,0.3008849557522124,1.713905,-2.087048292160034,-1.7361469268798828,-1.800107479095459,-1.6545590162277222,-1.6358181238174438,-2.028960466384888,-1.636451,-1.923642,-1.2966937850006914,-1.703671932220459,-1.514728546142578,-2.4414343369745577,-3.295304560028346,1.713905,-2.157378
2I6A_1,2I6A,A,Eukaryota,Homo sapiens,Homo sapiens,Carbohydrate kinase PfkB family,transferase,2.2,343,345,343,112.1589402332364,6.22457447052002,-3.682702097623654,0.1341107871720116,0.151603498542274,-0.2813411078717207,0.0932944606413994,37.56183673469389,0.032069970845481,0.2594752186588921,0.9329446064139942,0.0699708454810495,0.1404869098495261,18.32284927368164,0.3002915451895043,1.719135,-0.8471096158027649,-1.6191669702529907,-1.6618247032165527,-1.7141175270080566,-1.7211743593215942,-0.825806200504303,-1.203778,-1.294454,-1.25032795274918,-1.420005440711975,-0.7615790367126465,-0.4563031877790178,-2.260730087235787,1.719135,-1.873163
1N9L_1,1N9L,A,Eukaryota,Chlamydomonas reinhardtii,Chlamydomonas reinhardtii,Protein kinase superfamily,transferase,1.9,109,109,109,109.85798899082558,6.911416816711426,-0.0832835926027613,0.1192660550458715,0.1376146788990825,-0.2394495412844036,0.091743119266055,20.186330275229352,0.0642201834862385,0.2752293577981651,0.8715596330275229,-0.3577981651376146,0.2427292649407569,12.999556541442873,0.3027522935779816,1.825025,-0.8372926115989685,-1.444674730300903,-1.6215016841888428,-1.498507380485535,-1.4435489177703855,-0.9136719107627868,-0.862627,-0.989897,-0.9271446018044008,-1.2389096021652222,-0.7238994836807251,-0.7835359485871202,-2.4764829863102062,1.825025,-1.895683
3FME_1,3FME,A,Eukaryota,Homo sapiens,Homo sapiens,Protein kinase superfamily,transferase,2.26,268,290,268,113.76548246268663,6.102825355529784,-2.984545908803071,0.1305970149253731,0.1417910447761194,-0.1694029850746269,0.085820895522388,40.526567164179085,0.0597014925373134,0.208955223880597,0.9291044776119404,0.0932835820895522,0.1230340234312309,18.567441940307617,0.3022388059701492,1.804457,-0.985133707523346,-1.72092604637146,-1.7155338525772097,-1.5881030559539795,-1.6284624338150024,-0.8467531800270081,-1.273175,-1.479152,-1.1150908968341884,,,-0.8147204954232743,-2.007291879226912,1.804457,-1.53287
8T2J_1,8T2J,A,Eukaryota,Homo sapiens,Homo sapiens,PP2C family,hydrolase,1.8,339,345,339,110.73571356932158,6.162847328186035,-3.718390202725963,0.1238938053097345,0.1386430678466076,-0.2690265486725663,0.079646017699115,46.75722713864305,0.0471976401179941,0.2831858407079646,0.9233038348082596,-0.1504424778761062,0.2444326842351127,19.336198806762695,0.3008849557522124,1.798019,-1.1248786449432373,-1.5760447978973389,-1.6133058071136477,-1.4666450023651123,-1.4735515117645264,-1.218443751335144,-1.506966,-1.861481,,,,-0.8592869581374447,-2.2553800959854353,1.798019,-1.682602
8V3N_1,8V3N,A,Eukaryota,Homo sapiens,Homo sapiens,Peptidase M14 family,hydrolase,2.3,489,524,489,114.63780081799612,8.94255466461182,10.357807896513895,0.1022494887525562,0.1574642126789366,-0.4274028629856852,0.1206543967280163,40.05134969325153,0.0552147239263803,0.2576687116564417,0.8936605316973415,-0.2433537832310838,0.1172403434080763,21.910552978515625,0.3006134969325153,1.739827,-0.9463894963264464,-1.499427318572998,-1.543281078338623,-1.47169828414917,-1.4802401065826416,-0.96692955493927,-1.437052,-1.781301,-1.2313172510065185,,,-0.4660945962543136,-1.8515312959323875,1.739827,-1.327319
1BC0_1,1BC0,A,Eukaryota,Rattus norvegicus,Rattus norvegicus,Annexin family,transport,2.0,318,319,318,111.6281547169812,4.925121498107909,-12.876346948188434,0.169811320754717,0.1383647798742138,-0.3204402515723276,0.0754716981132075,33.379874213836466,0.0125786163522012,0.2893081761006289,0.9685534591194968,0.5849056603773586,0.1281410200501981,20.374759674072266,0.3018867924528302,1.662273,-1.089098334312439,-1.6966537237167358,-1.7793461084365845,-1.6531474590301514,-1.6579216718673706,-1.1697626113891602,-1.033416,-1.117668,-0.954258660850285,-1.2600582838058472,-0.8822327852249146,-0.6076492693439219,-2.145779591686321,1.662273,-1.855557
3HNB_1,3HNB,M,Eukaryota,Homo sapiens,Homo sapiens,Multicopper oxidase family,oxidoreductase,1.15,156,159,156,113.25668012820516,9.42735691070557,4.796649335215186,0.0641025641025641,0.1217948717948717,-0.2967948717948719,0.1025641025641025,35.823717948717935,0.0512820512820512,0.282051282051282,0.935897435897436,-0.6794871794871795,0.3153567447045708,14.01150608062744,0.3012820512820512,1.961852,-1.0208464860916138,-1.388709306716919,-1.453954815864563,-1.304763913154602,-1.275580644607544,-0.2750237584114074,-1.321347,-1.419479,-1.115370139097556,-1.2376275062561035,-0.8218079805374146,-0.8507003784179688,-2.707208486703726,1.961852,-1.339914
3FDW_1,3FDW,A,Eukaryota,Homo sapiens,Homo sapiens,Pfam:PF00168,other,2.2,130,148,130,117.38697769230764,9.488601875305177,7.274602767802373,0.1153846153846153,0.2153846153846154,-0.7138461538461544,0.1,43.32384615384615,0.0384615384615384,0.2153846153846154,0.7769230769230769,-0.7000000000000001,0.2892399267399267,14.22481632232666,0.3,1.756804,-1.3867782354354858,-1.56446373462677,-1.6373549699783323,-1.5017608404159546,-1.5255920886993408,-0.6310679316520691,-1.350496,-1.603014,-1.370611807016226,-1.342968225479126,-1.0673911571502686,-0.7084220886230469,-2.2735459547776444,1.756804,-1.882012
5HWC_1,5HWC,A,Eukaryota,Aspergillus fumigatus,Aspergillus fumigatus,FKBP-type PPIase family,isomerase,2.05,113,115,113,108.2005132743362,6.94091625213623,-0.0518809213723638,0.1150442477876106,0.1327433628318584,-0.4035398230088495,0.0884955752212389,22.788495575221237,0.0619469026548672,0.3097345132743362,0.911504424778761,-0.5221238938053098,0.3201146546446262,12.847807884216309,0.3008849557522124,2.241916,-0.9613663554191588,-1.2423009872436523,-1.2480976581573486,-1.1990365982055664,-1.14596426486969,-0.8105058073997498,-0.600221,-0.757936,-0.9700551665989698,-1.0127677917480469,-0.7405116558074951,-1.155578073147124,-2.7108175902240044,2.241916,-2.049661
6LA0_1,6LA0,A,Eukaryota,Aspergillus oryzae,Aspergillus oryzae,Glycosyl hydrolase 5 (cellulase A) family,hydrolase,1.75,360,373,360,111.85070444444447,4.849411964416503,-13.553047159246097,0.1027777777777777,0.0833333333333333,-0.3038888888888892,0.1472222222222222,24.75555555555556,0.0416666666666666,0.3166666666666666,0.8500000000000001,0.0499999999999999,0.1485646081349206,18.473731994628903,0.3,1.916259,-1.7812906503677368,-1.3559504747390747,-1.4425967931747437,-1.1827003955841064,-1.179705262184143,-0.9971848130226136,-1.325902,-1.890418,-0.9681095547146268,-1.2905871868133545,-1.108415961265564,-1.2509933471679688,-2.8591851128472223,1.916259,-1.107673
2XBQ_1,2XBQ,A,Eukaryota,Schistosoma mansoni,Schistosoma mansoni,Pfam:PF00085,other,1.67,105,117,105,112.3200857142856,5.1778276443481435,-3.4514046413589856,0.1714285714285714,0.1523809523809523,-0.0304761904761904,0.0857142857142857,27.876190476190462,0.0285714285714285,0.2095238095238095,0.9904761904761904,0.1333333333333333,0.2869706180344478,12.086530685424805,0.3047619047619048,2.295688,-1.3558706045150757,-1.2262250185012815,-1.197687745094299,-1.1248648166656494,-1.164234280586243,-1.2391682863235474,-0.897217,-1.170622,-0.7357402983165923,-1.31233549118042,-0.7909379601478577,-1.748187546502976,-2.791416713169643,2.295688,-1.196937
8P5H_1,8P5H,A,Eukaryota,Homo sapiens,Homo sapiens,Protein kinase superfamily,transferase,1.941,269,284,269,113.42041003717488,8.915349006652832,5.3417550968494005,0.104089219330855,0.1635687732342007,-0.1828996282527882,0.0892193308550186,44.23089219330854,0.0408921933085501,0.2342007434944238,0.9219330855018588,0.0966542750929367,0.1114219030088665,18.074892044067383,0.3011152416356877,2.116546,-0.5264724493026733,-1.4398833513259888,-1.5011717081069946,-1.363282561302185,-1.2971116304397583,-1.050834059715271,-1.317156,-1.512583,,,,-0.4367652524359607,-1.760229628325395,2.116546,-1.532732
2NYU_1,2NYU,A,Eukaryota,Homo sapiens,Homo sapiens,Class I-like SAM-binding methyltransferase superfamily,transferase,1.76,181,196,181,110.54558287292812,8.434801673889162,1.7940878505976483,0.0994475138121546,0.1325966850828729,-0.0596685082872928,0.0718232044198895,53.223204419889505,0.0662983425414364,0.2762430939226519,0.9171270718232044,-0.0994475138121547,0.1388598358537696,14.707481384277344,0.2983425414364641,1.988733,-1.173583984375,-1.511625051498413,-1.5457044839859009,-1.4149888753890991,-1.3940645456314087,-0.3491572141647339,-1.156338,-1.572263,-1.002535403762733,,,-0.9167140728860927,-2.3382308707052832,1.988733,-2.101403
4F2L_1,4F2L,A,Eukaryota,Rattus norvegicus,Rattus norvegicus,Protein kinase superfamily,transferase,1.5,61,61,61,119.36095901639344,5.288663673400878,-7.846411807220471,0.2131147540983606,0.2131147540983606,-0.7393442622950822,0.0491803278688524,56.509836065573765,0.0163934426229508,0.1311475409836065,0.9344262295081968,0.6721311475409836,0.1403688524590164,12.478713035583496,0.2950819672131147,1.764493,-2.3200080394744873,-1.7920949459075928,-1.9291220903396609,-1.6701536178588867,-1.717432975769043,-2.275313138961792,-1.507343,-2.233261,-1.5350985917888704,-1.320192575454712,-1.399436593055725,-1.7694733416447874,-2.8963558009413424,1.764493,-3.979801
3FXM_1,3FXM,A,Eukaryota,Homo sapiens,Homo sapiens,PP2C family,hydrolase,2.5,363,390,363,110.91196033057848,5.430079078674315,-13.13280303487428,0.1487603305785124,0.1460055096418732,-0.4165289256198347,0.0661157024793388,42.148484848484834,0.046831955922865,0.2424242424242424,0.9449035812672176,0.0027548209366391,0.1446855526583285,20.550626754760746,0.3002754820936639,1.907781,-0.7020217180252075,-1.4558773040771484,-1.5138427019119265,-1.458196759223938,-1.462705135345459,-0.2866407334804535,-1.173989,-1.507962,-1.104995517362905,,,-0.3012501530082429,-2.000658776149277,1.907781,-1.320476
3RHB_1,3RHB,A,Eukaryota,Arabidopsis thaliana,Arabidopsis thaliana,Glutaredoxin family,other,1.2,100,113,100,112.31958799999992,8.396378517150882,1.6159341242134246,0.11,0.15,-0.2269999999999999,0.05,35.454,0.04,0.23,0.93,0.39,0.226390243902439,12.279659271240234,0.3,1.919911,-1.053170084953308,-1.569007158279419,-1.6056561470031738,-1.394739031791687,-1.410477638244629,-0.5053309798240662,-1.064548,-1.214163,-1.234803466796875,-1.5006784200668335,-0.9270556569099426,-1.113746337890625,-2.6856201171875,1.919911,-1.436052
1JH7_1,1JH7,A,Eukaryota,Arabidopsis thaliana,Arabidopsis thaliana,2H phosphoesterase superfamily,hydrolase,2.4,185,189,185,113.14845405405416,5.071311378479003,-9.98875105398341,0.1567567567567567,0.1351351351351351,-0.3648648648648649,0.0972972972972973,35.17513513513512,0.0432432432432432,0.2810810810810811,0.8486486486486486,-0.3297297297297297,0.265783007888271,16.08803367614746,0.3027027027027027,1.413708,-1.5522030591964722,-1.9440901279449463,-1.9711970090866089,-2.058664321899414,-2.14754867553711,-0.8699091672897339,-1.719202,-1.764301,-1.8628220016891892,-1.8461958169937136,-1.440131425857544,-1.668629249366554,-2.9868784311655405,1.413708,-2.34183
3NH9_1,3NH9,A,Eukaryota,Homo sapiens,Homo sapiens,ABC transporter superfamily,translocase,2.1,273,306,273,108.9944725274726,5.5655832290649405,-5.695591150177666,0.1245421245421245,0.1245421245421245,-0.0923076923076921,0.0586080586080586,30.68868131868132,0.0256410256410256,0.304029304029304,0.956043956043956,0.0402930402930403,0.187927517100684,19.351720809936523,0.3003663003663003,1.881106,-0.8898741602897644,-1.5844842195510864,-1.6049295663833618,-1.5434651374816897,-1.5173999071121216,-1.1832774877548218,-1.112318,-1.108742,-1.044984363374256,-1.5539313554763794,-0.7789310812950134,-0.8097862830528846,-2.036116491743933,1.881106,-1.59568
8Q69_1,8Q69,A,Eukaryota,Homo sapiens,Homo sapiens,Class I-like SAM-binding methyltransferase superfamily,transferase,1.96,274,276,274,117.85026569343074,8.395927238464356,3.489476206379756,0.1423357664233576,0.1605839416058394,-0.4324817518248179,0.1386861313868613,43.01868613138686,0.0218978102189781,0.1824817518248175,0.9124087591240876,0.0656934306569343,0.1622679720158548,17.256330490112305,0.2992700729927007,1.62083,-0.6775667667388916,-1.7436370849609375,-1.7787160873413086,-1.6843653917312622,-1.720553994178772,-0.402632862329483,-1.199311,-1.352472,-1.359836550524635,,,-0.5532532852061474,-1.904154088375342,1.62083,-1.362583
2FLS_1,2FLS,A,Eukaryota,Homo sapiens,Homo sapiens,Glutaredoxin family,other,2.05,101,132,101,114.46797425742562,6.881860542297363,-0.1829144169590861,0.099009900990099,0.1386138613861386,-0.1415841584158415,0.099009900990099,23.141584158415835,0.0297029702970297,0.2079207920792079,0.9702970297029704,0.495049504950495,0.2299074977920327,12.171981811523438,0.297029702970297,1.90272,-1.1132149696350098,-1.5533066987991333,-1.6496338844299316,-1.5107038021087646,-1.4807778596878052,-1.4321165084838867,-1.238491,-1.289486,-1.1280744193804146,-1.4253044128417969,-0.8871939778327942,-0.5480234882619122,-2.720605227026609,1.90272,-1.8223
5U9N_1,5U9N,A,Eukaryota,Cryptosporidium parvum,Cryptosporidium parvum,Pfam:PF00439,other,2.4,125,151,125,119.9255199999999,5.26473445892334,-3.088507357477525,0.152,0.136,-0.7664000000000002,0.12,66.31519999999999,0.032,0.136,0.912,0.576,0.1928527918781725,14.503549575805664,0.304,1.803043,-2.51956844329834,-1.5921635627746582,-1.6253446340560913,-1.5064243078231812,-1.5188905000686646,-1.7465877532958984,-1.503105,-1.905599,-1.2790166015625,,,-2.98788525390625,-3.75183056640625,1.803043,-2.951885
1YII_1,1YII,A,Eukaryota,Gallus gallus,Gallus gallus,Annexin family,other,1.42,316,320,316,112.81765537974692,6.072700691223144,-2.7232164287933713,0.1518987341772152,0.1582278481012658,-0.2984177215189878,0.0759493670886075,30.551582278481007,0.0158227848101265,0.2816455696202531,0.981012658227848,0.5949367088607594,0.1299871168278767,20.09712791442871,0.300632911392405,1.592134,-1.1502641439437866,-1.723099708557129,-1.7852783203125,-1.524807095527649,-1.5166029930114746,-1.2321491241455078,-1.110123,-1.199821,-0.9344264163246636,-1.3045364618301392,-0.9173303246498108,-0.4654282678531695,-2.3830346216129352,1.592134,-1.445073
1WWA_1,1WWA,X,Eukaryota,Homo sapiens,Homo sapiens,Protein kinase superfamily,transferase,2.5,105,109,105,110.82819333333316,5.29849681854248,-4.831867355949985,0.0761904761904761,0.0761904761904761,0.0057142857142857,0.1238095238095238,44.91619047619046,0.0761904761904761,0.2857142857142857,0.9619047619047618,-0.6761904761904762,0.2626849609900457,17.1878719329834,0.3047619047619048,1.50409,-1.640825271606445,-1.9763097763061523,-1.9348176717758176,-1.9239739179611208,-1.9126598834991453,-0.4981523752212524,-1.835627,-2.201865,-1.5882588704427083,-1.8134970664978027,-1.4004634618759155,-0.9282084147135417,-3.5279727027529764,1.50409,-2.455322
6S8X_1,6S8X,A,Eukaryota,Homo sapiens,Homo sapiens,Pfam:PF00168,other,2.29,53,78,53,121.0052150943396,5.58951244354248,-2.407663055912993,0.2075471698113207,0.2075471698113207,-0.6169811320754718,0.0566037735849056,72.3301886792453,0.0188679245283018,0.1509433962264151,0.981132075471698,0.981132075471698,0.0754716981132075,20.41644859313965,0.3018867924528302,0.702083,-0.7355172038078308,-2.6882259845733643,-2.676444292068481,-2.5600931644439697,-2.6280055046081543,-0.6552053689956665,-2.206791,-2.414418,-2.4215165624078714,-2.493959426879883,-0.6961257457733154,-1.3637191484559257,-2.0595936325361146,0.702083,-2.181058
9CQG_1,9CQG,A,Eukaryota,Canis lupus familiaris,Canis lupus familiaris,Serpin family,protease_inhibitor,2.474,390,392,390,112.661202820513,8.364337730407716,3.118969261019096,0.1256410256410256,0.1769230769230769,-0.3517948717948723,0.0769230769230769,43.94207692307692,0.0333333333333333,0.2692307692307692,0.9205128205128206,-0.1205128205128205,0.2022060759227083,20.79872703552246,0.3,1.766819,-1.979008436203003,-1.6538984775543213,-1.712043523788452,-1.587950348854065,-1.5923783779144287,-1.884582996368408,-1.501336,-1.920769,-1.1881717779697516,-1.189144730567932,-1.2295595407485962,-0.5202289287860576,-2.676471103766026,1.766819,-1.50487
4ICK_1,4ICK,A,Eukaryota,Homo sapiens,Homo sapiens,Nudix hydrolase family,hydrolase,2.1,147,155,147,114.5237435374149,5.346866798400878,-7.624038158455797,0.163265306122449,0.1564625850340136,-0.3319727891156464,0.0816326530612244,50.86258503401361,0.0340136054421768,0.217687074829932,0.945578231292517,-0.2653061224489796,0.2543472720500304,14.045855522155762,0.2993197278911564,1.790717,-1.4636532068252563,-1.5706731081008911,-1.5502126216888428,-1.4511338472366333,-1.4962663650512695,-0.9959347248077391,-1.306476,-1.563886,-1.2982954167995324,-1.406423807144165,-1.056872844696045,-1.029159857302296,-3.0912612603635203,1.790717,-1.542105
4AU8_1,4AU8,A,Eukaryota,Homo sapiens,Homo sapiens,Protein kinase superfamily,transferase,1.9,276,296,276,113.79705797101452,8.784864997863771,5.342695528517183,0.1159420289855072,0.1594202898550724,-0.2597826086956522,0.0978260869565217,31.764855072463767,0.0615942028985507,0.2101449275362319,0.8623188405797102,0.0434782608695652,0.1254009505747933,18.116622924804688,0.3007246376811594,2.053105,-1.0029337406158447,-1.451621651649475,-1.4879603385925293,-1.375549554824829,-1.3819469213485718,-1.153733253479004,-1.023609,-1.207315,-0.8859680839206862,,,-0.6521472654480865,-1.738970438639323,2.053105,-1.125872
3MD1_1,3MD1,A,Eukaryota,Saccharomyces cerevisiae,Saccharomyces cerevisiae,Pfam:PF00076,RNA-binding,1.6,83,83,83,112.97836867469876,4.561693000793458,-5.415783260315186,0.1325301204819277,0.0963855421686747,-0.5542168674698797,0.1204819277108433,20.1144578313253,0.0240963855421686,0.2771084337349397,0.891566265060241,-0.2891566265060241,0.3421184738955823,11.670042037963867,0.3012048192771084,1.844296,-1.660282015800476,-1.6966177225112915,-1.695448875427246,-1.5316240787506104,-1.5565435886383057,-1.025748610496521,-1.486415,-1.541022,-1.2790215733539627,-1.6532762050628662,-1.4543204307556152,-1.7543763310076244,-3.1460130071065513,1.844296,-1.759181
7OVU_1,7OVU,A,Eukaryota,Arabidopsis thaliana,Arabidopsis thaliana,Acetyltransferase family,transferase,1.45,196,218,196,113.81774183673484,5.408082389831542,-7.943414798193434,0.1581632653061224,0.1530612244897959,-0.3653061224489797,0.0765306122448979,39.35357142857143,0.0408163265306122,0.2295918367346938,0.9081632653061223,0.1122448979591836,0.1880824929503417,15.564253807067873,0.3010204081632653,1.795781,-1.384163498878479,-1.6162511110305786,-1.605230689048767,-1.3835246562957764,-1.4154170751571655,-1.0230904817581177,-1.099811,-1.459701,-0.9768183182696908,-1.408510446548462,-0.8811601996421814,-0.932908972915338,-2.5801773071289062,1.795781,-1.935623
6IJP_1,6IJP,A,Eukaryota,Arabidopsis thaliana,Arabidopsis thaliana,Metallo-dependent hydrolases superfamily,hydrolase,1.85,340,376,340,113.33756205882383,5.794928550720214,-8.986256461855817,0.1470588235294117,0.1588235294117647,-0.0826470588235293,0.0764705882352941,39.49941176470589,0.0294117647058823,0.2441176470588235,0.9411764705882352,0.3823529411764705,0.1365508021390374,18.35209274291992,0.3,1.892008,-1.370102047920227,-1.4211986064910889,-1.456740379333496,-1.3057430982589722,-1.3068279027938845,-0.7784538865089417,-1.181327,-1.511834,-0.9981951545266544,,,-0.7937502692727482,-2.5328175264246324,1.892008,-1.288366
4XZG_1,4XZG,A,Eukaryota,Homo sapiens,Homo sapiens,SNF2/RAD54 helicase family,transferase,2.4,121,138,121,110.13295123966935,9.600970268249512,5.113307707247063,0.0743801652892562,0.1487603305785124,-0.377685950413223,0.0909090909090909,18.138842975206607,0.0413223140495867,0.2396694214876033,0.9008264462809918,-0.3388429752066116,0.3080538000324097,13.562307357788086,0.2975206611570248,1.825066,-2.019712448120117,-1.6106113195419312,-1.6081900596618652,-1.590940237045288,-1.5713324546813965,-1.2050909996032717,-1.399737,-1.953856,-1.3000939739637138,-1.6733919382095337,-1.4603747129440308,-0.7413274591619318,-3.623968203205707,1.825066,-1.805686
7DMS_1,7DMS,A,Bacteria,Yersinia pseudotuberculosis,Yersinia pseudotuberculosis,Unclassified,other,1.96,94,94,94,115.41840425531907,5.839319801330566,-2.2835566275293413,0.1276595744680851,0.1382978723404255,-0.403191489361702,0.0638297872340425,19.82340425531915,0.0212765957446808,0.1808510638297872,0.925531914893617,0.7765957446808511,0.2365719386995982,12.407947540283203,0.2978723404255319,1.573148,-2.806740045547486,-1.7215611934661863,-1.7594661712646484,-1.66606867313385,-1.655449390411377,-1.6693958044052124,-1.555296,-2.789911,-1.5016414561170213,-1.490736961364746,-1.4685732126235962,-3.05547186668883,-3.777692754217919,1.573148,-4.872347
1B37_1,1B37,A,Eukaryota,Zea mays,Zea mays,Flavin monoamine oxidase family,oxidoreductase,1.9,459,472,459,113.69803529411774,5.4785058975219725,-8.388759340043663,0.1350762527233115,0.130718954248366,-0.4000000000000002,0.1220043572984749,37.36494553376907,0.0457516339869281,0.2461873638344227,0.8976034858387799,0.0,0.1938317568002353,21.54949188232422,0.3006535947712418,1.884688,-1.4275462627410889,-1.4274357557296753,-1.4955129623413086,-1.3993983268737793,-1.392682671546936,-0.7144195437431335,-1.389814,-1.747424,-1.3049819048713236,-1.263738989830017,-1.0681835412979126,-0.5040203418607027,-2.427213913994417,1.884688,-1.583968
2R1L_1,2R1L,A,Bacteria,Agrobacterium tumefaciens,Agrobacterium tumefaciens,Metallo-dependent hydrolases superfamily,hydrolase,1.95,329,329,329,108.17402857142866,6.4401647567749025,-1.870076279813475,0.1094224924012158,0.1276595744680851,0.0610942249240121,0.0759878419452887,32.38085106382979,0.0486322188449848,0.3434650455927052,0.8753799392097265,0.182370820668693,0.1640535679428906,17.545658111572266,0.3009118541033435,2.061702,-1.7944859266281128,-1.3408061265945437,-1.4296987056732178,-1.261557936668396,-1.211560845375061,-1.3110798597335815,-1.222823,-1.555086,,-1.1975208520889282,-1.152659893035889,-1.9269025159099544,-2.914556161248575,2.061702,-1.37625
1UEK_1,1UEK,A,Bacteria,Thermus thermophilus,Thermus thermophilus,GHMP kinase family,transferase,1.7,268,275,268,107.07715970149243,8.044058799743652,0.9057882211268264,0.1082089552238806,0.126865671641791,0.0432835820895523,0.0895522388059701,36.73880597014925,0.085820895522388,0.3208955223880597,0.9104477611940298,-0.1194029850746269,0.2055602270338448,17.759220123291016,0.3022388059701492,2.281941,-1.287023663520813,-1.1587238311767578,-1.1802464723587036,-1.054607391357422,-1.005414605140686,-1.0496680736541748,-0.725413,-0.973358,-0.4200982905145901,-0.709014892578125,-0.5813121199607849,-1.532746955529967,-2.403217372609608,2.281941,-0.782405
4DWO_1,4DWO,A,Bacteria,Bacteroides thetaiotaomicron,Bacteroides thetaiotaomicron,Pfam:PF08282,hydrolase,1.5,268,279,268,111.29474738805982,4.686625099182128,-13.118881287107731,0.1455223880597015,0.1007462686567164,-0.0130597014925373,0.0708955223880597,35.22537313432835,0.0373134328358209,0.2350746268656716,0.9328358208955224,0.0970149253731343,0.1577637201860935,17.405521392822266,0.3022388059701492,2.09559,-1.3121553659439087,-1.3606688976287842,-1.381954789161682,-1.1853464841842651,-1.2122842073440552,-1.175140619277954,-1.060361,-1.270288,-0.7956220712234725,-1.0378992557525637,-0.8449645042419434,-1.1343218675300255,-2.7218457122347246,2.09559,-1.146157
4D2B_1,4D2B,A,Bacteria,Streptococcus thermophilus,Streptococcus thermophilus,Major facilitator superfamily,membrane,2.35,445,491,445,108.87625977528114,8.011244392395021,1.207771697814266,0.0426966292134831,0.0561797752808988,0.9521348314606752,0.1505617977528089,34.396426966292125,0.047191011235955,0.3258426966292135,0.9280898876404494,0.7078651685393259,0.1517018040983337,20.872915267944336,0.3011235955056179,1.417991,-1.8164160251617432,-1.6858344078063965,-2.0054378509521484,-1.549861192703247,-1.5643799304962158,-1.651555418968201,-1.178048,-1.585508,-0.9909611048323383,,,-1.538448445180829,-2.7802350333567416,1.417991,-1.283603
4H0C_1,4H0C,A,Bacteria,Dyadobacter fermentans,Dyadobacter fermentans,AB hydrolase superfamily,hydrolase,1.62,210,210,210,107.65955428571428,6.061446571350097,-2.18314984893407,0.0809523809523809,0.0904761904761904,-0.0319047619047619,0.0761904761904761,37.37428571428571,0.0571428571428571,0.3142857142857143,0.9285714285714286,-0.0809523809523809,0.1614575569358178,15.021556854248049,0.3,2.079152,-1.5964832305908203,-1.2395808696746826,-1.2303417921066284,-1.0830358266830444,-1.0605443716049194,-1.254650354385376,-1.046952,-1.36738,-0.8458685012090774,-0.954564332962036,-0.93264639377594,-1.2357480003720238,-2.909247116815476,2.079152,-3.610367
4O1R_1,4O1R,A,Bacteria,Nostoc punctiforme,Nostoc punctiforme,Helicase family,isomerase,1.4,142,142,142,108.97507394366193,6.051499748229981,-2.1691780738561075,0.1056338028169014,0.1197183098591549,0.0056338028169014,0.0774647887323943,22.303521126760565,0.0352112676056338,0.3098591549295775,0.8661971830985915,-0.6549295774647887,0.291334966319657,13.447225570678713,0.3028169014084507,2.064306,-1.668386697769165,-1.3927913904190063,-1.309604287147522,-1.2518678903579712,-1.223487138748169,-1.4703996181488037,-1.029184,-1.302912,-0.990265967140735,-1.1207338571548462,-0.862441897392273,-2.208098505584287,-3.0349602497799295,2.064306,-1.627906
2Q0I_1,2Q0I,A,Bacteria,Pseudomonas aeruginosa,Pseudomonas aeruginosa,Metallo-beta-lactamase superfamily,hydrolase,1.57,300,303,300,114.01585233333348,5.474811363220215,-11.498497429383342,0.15,0.15,-0.1880000000000001,0.0733333333333333,58.28936666666666,0.0433333333333333,0.2266666666666666,0.9066666666666668,-0.0399999999999999,0.1248601864181092,17.713075637817383,0.3,1.945317,-2.076169490814209,-1.4106433391571045,-1.441505789756775,-1.3068891763687134,-1.3058422803878784,-1.2098307609558103,-1.365173,-1.824425,-1.154439697265625,,,-2.406000773111979,-2.88194580078125,1.945317,-1.501898
4RA1_1,4RA1,A,Bacteria,Agrobacterium fabrum),Agrobacterium fabrum),Bacterial solute-binding protein 5 family,transport,1.75,490,499,490,114.0761765306124,6.57924976348877,-0.8326111847103448,0.1224489795918367,0.1285714285714285,-0.356530612244898,0.1244897959183673,35.286530612244896,0.0673469387755102,0.2408163265306122,0.8857142857142857,-0.2285714285714286,0.1718801359480461,21.667381286621097,0.3,1.9672,-1.8862146139144895,-1.3837486505508425,-1.420358180999756,-1.193033218383789,-1.2205660343170166,-1.4044269323349,-1.29934,-1.741587,-1.0275842783402422,-1.0416038036346436,-1.1575093269348145,-1.733122533681441,-2.6648883430325254,1.9672,-1.167276
3MSZ_1,3MSZ,A,Bacteria,Francisella tularensis,Francisella tularensis,Glutaredoxin family,other,2.053,86,89,86,116.4331011627906,4.99082736968994,-3.1240531174591872,0.1511627906976744,0.127906976744186,-0.4267441860465114,0.1395348837209302,51.30825581395347,0.0348837209302325,0.1976744186046511,0.9767441860465116,0.1627906976744186,0.2673691860465116,11.87677001953125,0.3023255813953488,1.859015,-1.9207850694656372,-1.4964640140533447,-1.5636578798294067,-1.4051285982131958,-1.4512747526168823,-1.3284560441970823,-1.39681,-1.698189,-1.0548454994379088,,,-2.3531149930732194,-3.5930317723473837,1.859015,-3.12527
4GBM_1,4GBM,A,Bacteria,Moorena producens 3L,Moorena producens 3L,Pfam:PF00561,lyase,1.62,283,323,283,114.19332579505304,6.103848457336424,-2.979907413059699,0.1095406360424028,0.1201413427561837,-0.3318021201413428,0.0812720848056537,45.67526501766785,0.0671378091872791,0.2190812720848056,0.872791519434629,0.1519434628975264,0.2177653222858535,17.651105880737305,0.3003533568904594,1.884108,-1.3655152320861816,-1.5345451831817627,-1.513375997543335,-1.2913058996200562,-1.277684450149536,-1.0418248176574707,-1.341525,-1.726276,-0.8714159638637368,-1.153438687324524,-0.9267343282699584,-1.0774279483215548,-2.884990355151281,1.884108,-1.023429
1X19_1,1X19,A,Bacteria,Chlorobaculum tepidum,Chlorobaculum tepidum,Class I-like SAM-binding methyltransferase superfamily,transferase,2.27,350,359,350,111.9449385714286,5.361360740661621,-10.426798346367178,0.1371428571428571,0.1314285714285714,-0.1514285714285715,0.0885714285714285,39.65517142857143,0.0514285714285714,0.24,0.9171428571428571,0.2485714285714285,0.0872141893194524,22.432619094848633,0.3,,-2.1737194061279297,-1.61686909198761,-1.6735700368881226,-1.6579551696777344,-1.6295992136001587,-1.7667858600616455,-1.560927,-1.927547,-1.45155517578125,-1.373464584350586,-1.4609217643737793,-1.9753248814174107,-3.012041713169643,,-1.735168
7KW3_1,7KW3,A,Bacteria,Thermobifida fusca,Thermobifida fusca,ATP-dependent AMP-binding enzyme family,ribosomal,2.3,77,87,77,105.52149090909084,5.436558723449706,-2.9967919222128305,0.1298701298701298,0.1298701298701298,0.3675324675324676,0.0649350649350649,38.21818181818181,0.0389610389610389,0.3506493506493506,0.935064935064935,0.4935064935064935,0.2346480679814013,10.478523254394531,0.2987012987012987,2.259997,-1.1981782913208008,-1.220952391624451,-1.1897393465042114,-1.0963269472122192,-1.1487025022506714,-1.4259945154190063,-0.950531,-1.159011,-0.8403607653332995,-1.2217696905136108,-0.8257521390914917,-1.6721082414899553,-3.199555236023742,2.259997,-1.13367
2JBV_1,2JBV,A,Bacteria,Arthrobacter globiformis,Arthrobacter globiformis,GMC oxidoreductase family,oxidoreductase,1.86,527,546,527,110.13548273244814,4.994919776916503,-29.671886360557664,0.1499051233396584,0.1290322580645161,-0.3990512333965844,0.0664136622390891,42.03984819734349,0.0664136622390891,0.286527514231499,0.857685009487666,-0.2732447817836811,0.1909232007428432,21.35761070251465,0.2998102466793169,2.057112,-0.9160314202308656,-1.3079291582107544,-1.3203177452087402,-1.183220148086548,-1.2343788146972656,-1.2109928131103516,-1.108459,-1.432509,-0.9523116804843156,-1.2401115894317627,-0.6798810362815857,-0.502212263827532,-2.334124049380337,2.057112,-1.276876
1VC8_1,1VC8,A,Bacteria,Thermus thermophilus,Thermus thermophilus,Nudix hydrolase family,hydrolase,2.0,126,126,126,112.4613373015872,4.837589454650878,-8.271951178500602,0.1746031746031746,0.1269841269841269,-0.1595238095238095,0.0952380952380952,36.608730158730154,0.0793650793650793,0.238095238095238,0.9444444444444444,-0.373015873015873,0.2825999598151497,12.841883659362791,0.3015873015873015,2.296718,-1.39133882522583,-1.1471036672592163,-1.125416278839111,-1.0610309839248655,-1.0848296880722046,-1.3038071393966677,-0.812353,-1.151302,-0.7761949811662946,-0.9173943400382996,-0.8027017116546631,-1.582185775514633,-2.8907674153645835,2.296718,-2.504731
3HZ6_1,3HZ6,A,Bacteria,Chromobacterium violaceum,Chromobacterium violaceum,FGGY kinase family,transferase,1.65,497,511,497,108.589480080483,5.772306632995605,-10.203348613623866,0.1167002012072434,0.124748490945674,-0.0156941649899399,0.0724346076458752,36.43583501006035,0.0482897384305835,0.3098591549295774,0.909456740442656,-0.0684104627766599,0.1169078202141529,21.905553817749023,0.2997987927565392,1.912816,-1.9256348609924316,-1.4358760118484497,-1.430740237236023,-1.2829697132110596,-1.2899582386016846,-1.2693361043930054,-1.395525,-1.841939,-1.069848902988242,,,-2.1615238304828974,-2.6382061902665996,1.912816,-2.342845
6BLK_1,6BLK,A,Bacteria,Mycolicibacterium hassiacum,Mycolicibacterium hassiacum,Pfam:PF00672,transferase,1.552,149,158,149,109.26508523489925,7.145025062561035,0.1972948718773501,0.1140939597315436,0.1476510067114094,-0.1604026845637583,0.0536912751677852,57.24228187919464,0.0939597315436241,0.2550335570469799,0.9463087248322148,-0.1946308724832214,0.2209958520997632,14.045076370239258,0.3020134228187919,1.854556,-1.7934043407440186,-1.446344971656799,-1.520356297492981,-1.3422811031341553,-1.3123623132705688,-1.1415128707885742,-1.200338,-1.496791,-1.134827377012112,,,-1.8873790766568792,-2.694961650259543,1.854556,-1.430765
4TY0_1,4TY0,A,Bacteria,Vibrio cholerae,Vibrio cholerae,CD-NTase family,transferase,1.8,384,413,384,113.89690598958356,5.934354591369629,-5.706531467222206,0.15625,0.1640625,-0.5062500000000001,0.0755208333333333,35.819270833333334,0.0416666666666666,0.2421875,0.9270833333333331,0.3854166666666667,0.1448033500590318,22.85203742980957,0.2994791666666667,1.654281,-2.4601004123687744,-1.6736520528793335,-1.6824709177017212,-1.503597378730774,-1.5312246084213257,-1.8930498361587524,-1.529609,-2.031729,-1.2386221885681152,,,-2.1247231165568032,-3.125549634297689,1.654281,-1.436932
1GXQ_1,1GXQ,A,Bacteria,Escherichia coli,Escherichia coli,Pfam:PF00072,other,2.0,105,106,105,116.684377142857,6.332341194152832,-1.4881328813244483,0.1428571428571428,0.1809523809523809,-0.501904761904762,0.0857142857142857,29.65333333333332,0.0571428571428571,0.219047619047619,0.8666666666666667,0.0285714285714285,0.1895386133728102,12.788606643676758,0.3047619047619048,1.84601,-1.1864938735961914,-1.5396299362182615,-1.6086149215698242,-1.445809245109558,-1.4794801473617554,-1.357826828956604,-0.826662,-1.024384,-1.1725114368257068,-1.5826879739761353,-0.8730190396308899,-0.9950701032366072,-2.912722923642113,1.84601,-1.367396
6EIB_1,6EIB,A,Bacteria,Vibrio cholerae,Vibrio cholerae,Pfam:PF00990,transferase,1.941,159,163,159,116.57107798742145,8.192787361145019,2.289064929678556,0.1257861635220125,0.2012578616352201,-0.4257861635220125,0.1069182389937107,35.53836477987419,0.0125786163522012,0.2075471698113207,0.9874213836477987,0.2578616352201258,0.2181698619050028,14.581233024597168,0.3018867924528302,1.63455,-1.6802198886871338,-1.8039406538009644,-1.8302147388458248,-1.6723378896713257,-1.6596686840057373,-0.7021936178207397,-1.374276,-1.647472,-1.12780550590851,-1.638512372970581,-1.2467401027679443,-2.088997319059552,-3.0418708849253147,1.63455,-2.437378
1DP6_1,1DP6,A,Bacteria,Bradyrhizobium diazoefficiens,Bradyrhizobium diazoefficiens,Pfam:PF02518,transferase,2.3,116,131,116,112.8066172413792,5.661811637878418,-3.7777944251691817,0.1293103448275862,0.1379310344827586,-0.4086206896551724,0.0775862068965517,54.17499999999999,0.043103448275862,0.2931034482758621,0.9137931034482758,-0.1379310344827586,0.210256584306272,13.8731050491333,0.3017241379310345,1.552268,-1.1862895488739014,-1.8686755895614624,-1.995957374572754,-1.84198260307312,-1.876835584640503,-0.7893868088722229,-1.121494,-1.141807,-1.5241665018015895,-1.7952821254730225,-1.048455834388733,-1.2491128855738147,-3.007885110789332,1.552268,-2.591245
5IX8_1,5IX8,A,Bacteria,Bordetella parapertussis,Bordetella parapertussis,Bacterial solute-binding protein 2 family,other,1.6,318,321,318,107.8871003144654,6.504563331604003,-0.8786264737212619,0.10062893081761,0.110062893081761,0.05188679245283,0.0786163522012578,30.72018867924529,0.0691823899371069,0.2861635220125786,0.940251572327044,0.0283018867924528,0.1724097035040431,18.42361831665039,0.3018867924528302,2.046633,-2.1630048751831055,-1.2694916725158691,-1.321911334991455,-1.0861376523971558,-1.0384005308151243,-1.6431623697280884,-1.342263,-1.889471,-0.7472457885742188,-0.8354927897453308,-0.976948380470276,-2.4785424958235063,-3.15908256866647,2.046633,-2.424443
1A2J_1,1A2J,A,Bacteria,Escherichia coli,Escherichia coli,Thioredoxin family,other,2.0,188,189,188,111.72154893617014,5.2323930740356435,-4.939236176299538,0.1276595744680851,0.1170212765957446,-0.2670212765957446,0.1117021276595744,27.840425531914885,0.0372340425531914,0.25,0.9148936170212768,0.2978723404255319,0.2695080807531153,16.106307983398438,0.3031914893617021,2.098831,-1.8829433917999268,-1.3761717081069946,-1.4421898126602173,-1.3144491910934448,-1.319710373878479,-0.3684679269790649,-0.903451,-1.133464,-0.8874904551404588,-1.2178763151168823,-1.1450687646865845,-1.032068780127992,-3.085554406998005,2.098831,-1.81345
1QZZ_1,1QZZ,A,Bacteria,Streptomyces purpurascens,Streptomyces purpurascens,Class I-like SAM-binding methyltransferase superfamily,transferase,2.1,340,374,340,107.3536158823531,5.05084934234619,-11.581573234419672,0.1352941176470588,0.1205882352941176,0.1279411764705882,0.0617647058823529,29.28058823529412,0.0441176470588235,0.3294117647058823,0.8705882352941177,0.2,0.0962850323375423,22.017709732055664,0.3,1.9047,-1.6714484691619873,-1.4579782485961914,-1.5351440906524658,-1.4189215898513794,-1.441564917564392,-1.2813361883163452,-1.190392,-1.453252,-1.1511023128733917,,,-1.790113022748162,-2.762050853056066,1.9047,-1.437503
1EA1_1,1EA1,A,Bacteria,Mycobacterium tuberculosis,Mycobacterium tuberculosis,Cytochrome P450 family,oxidoreductase,2.21,447,455,447,112.98158859060428,5.545973777770995,-14.652472613246168,0.1521252796420581,0.1543624161073825,-0.3317673378076063,0.087248322147651,37.80961968680089,0.0536912751677852,0.2527964205816554,0.8970917225950783,0.2841163310961969,0.176522645391409,21.394662857055664,0.2997762863534675,1.800888,-1.6263447999954224,-1.566650152206421,-1.63816499710083,-1.5014595985412598,-1.5068103075027466,-0.6482715010643005,-1.486525,-1.789694,-1.053889810105565,-1.3232284784317017,-1.1390604972839355,-1.114400910584452,-2.676452500174776,1.800888,-1.385745
6YAB_2,6YAB,AAA,Bacteria,Streptococcus pneumoniae,Streptococcus pneumoniae,BMP lipoprotein family,other,2.3,329,329,329,106.11288145896648,5.26160831451416,-10.495896255305992,0.1367781155015197,0.1276595744680851,-0.3696048632218851,0.0851063829787234,16.7820668693009,0.0121580547112462,0.3525835866261398,0.9331306990881458,0.0455927051671732,0.1624371904123942,19.87797737121582,0.3009118541033435,2.000012,-1.2688084840774536,-1.3799078464508057,-1.3963106870651243,-1.2241108417510986,-1.2405054569244385,-0.8081316351890564,-0.824194,-0.89571,-0.8557183633821713,-1.184454321861267,-1.0027658939361572,-1.0665487272036474,-2.6669971964641905,2.000012,-1.274097
5C5H_1,5C5H,A,Bacteria,Escherichia coli,Escherichia coli,ATP-dependent AMP-binding enzyme family,ligase,2.401,443,453,443,111.40896117381506,6.125163078308105,-5.396402168220632,0.1015801354401806,0.1173814898419864,-0.0514672686230247,0.0812641083521444,34.946049661399535,0.0564334085778781,0.2686230248306998,0.9503386004514672,-0.1241534988713318,0.0904551305796422,21.382232666015625,0.3002257336343115,1.903244,-1.609312891960144,-1.440780758857727,-1.4691792726516724,-1.3442672491073608,-1.3378113508224487,-0.7426524758338928,-1.194292,-1.521273,-1.0199778537448858,,,-1.2423131525112867,-2.468858292624859,1.903244,-1.330549
5EVG_1,5EVG,A,Bacteria,Francisella tularensis,Francisella tularensis,Unclassified,other,1.82,101,105,101,113.60114059405934,7.089663887023924,0.0891706668245042,0.1188118811881188,0.1485148514851485,-0.7435643564356441,0.0891089108910891,28.35841584158415,0.0495049504950495,0.2376237623762376,0.9405940594059404,-0.5247524752475248,0.3486253007770896,13.186164855957031,0.297029702970297,1.787478,-2.7881126403808594,-1.563166856765747,-1.5786670446395874,-1.4525712728500366,-1.4327924251556396,-2.021603345870972,-1.460651,-2.772219,-1.3244680272470606,-1.5628262758255005,-1.5041989088058472,-2.98698621693224,-3.852468056253868,1.787478,-1.590459
4JZS_1,4JZS,A,Bacteria,Bacillus subtilis,Bacillus subtilis,Nudix hydrolase family,hydrolase,2.2,158,178,158,116.79727215189877,6.346607780456543,-1.2211550725609115,0.1645569620253164,0.1772151898734177,-0.5613924050632915,0.1329113924050633,40.44936708860758,0.0443037974683544,0.1898734177215189,0.9113924050632912,-0.4556962025316455,0.2558372138781399,14.191869735717772,0.3037974683544304,2.039364,-1.6659705638885498,-1.452071189880371,-1.4303699731826782,-1.3670254945755005,-1.3714910745620728,-1.3703595399856567,-1.117642,-1.243455,-1.2860021470468257,-1.2393497228622437,-1.1222351789474487,-1.5090281812450554,-3.4492307252521757,2.039364,-1.586071
3ED5_1,3ED5,A,Bacteria,Bacillus subtilis,Bacillus subtilis,HAD-like hydrolase superfamily,hydrolase,1.72,232,238,232,116.77342500000007,4.825312232971191,-12.111373097907162,0.1594827586206896,0.125,-0.388793103448276,0.125,32.610344827586204,0.0344827586206896,0.2025862068965517,0.9094827586206896,0.271551724137931,0.1699935002736727,17.089303970336914,0.3017241379310345,1.885878,-1.312065839767456,-1.4997522830963137,-1.4569215774536133,-1.2918025255203247,-1.308253526687622,-0.9398308992385864,-1.21039,-1.553464,-0.9001166245033001,-1.1183737516403198,-1.008696675300598,-0.841259923474542,-3.063860663052263,1.885878,-3.14571
4AVA_1,4AVA,A,Bacteria,Mycobacterium tuberculosis,Mycobacterium tuberculosis,Pfam:PF13302,transferase,1.698,327,333,327,106.98354159021412,5.0507925033569325,-10.65679419228286,0.1223241590214067,0.1070336391437308,0.1700305810397552,0.0581039755351682,31.75932721712538,0.0519877675840978,0.327217125382263,0.9327217125382264,-0.1192660550458715,0.1227391586386401,20.481983184814453,0.2996941896024465,1.862939,-2.0367624759674072,-1.534048318862915,-1.6059600114822388,-1.424302339553833,-1.4098451137542725,-1.5226987600326538,-1.51159,-1.808345,-1.097511594813169,,,-1.1171405570587252,-3.023583461749809,1.862939,-1.297983
1GUD_1,1GUD,A,Bacteria,Escherichia coli,Escherichia coli,Bacterial solute-binding protein 2 family,other,1.71,288,288,288,105.5017899305555,5.491180992126464,-2.178793583185552,0.1215277777777777,0.1145833333333333,-0.0326388888888888,0.0555555555555555,21.958680555555553,0.0347222222222222,0.3229166666666667,0.9513888888888888,0.1180555555555555,0.1631503807106599,19.89271354675293,0.3020833333333333,2.113508,-1.3914552927017212,-1.306830644607544,-1.3272500038146973,-1.155082106590271,-1.1687915325164795,-0.0878239721059799,-1.032755,-1.24829,-0.7105209032694498,-0.8915793895721436,-0.855858564376831,-0.7813343471950955,-2.684115515814887,2.113508,-1.363065
1GCA_1,1GCA,A,Bacteria,Salmonella typhimurium,Salmonella typhimurium,Bacterial solute-binding protein 2 family,other,1.7,309,309,309,108.15636601941752,5.271498298645019,-5.909775350862759,0.1391585760517799,0.1294498381877022,-0.4000000000000007,0.0614886731391585,27.53527508090614,0.0323624595469255,0.2880258899676375,0.8932038834951457,0.1941747572815533,0.149045085229224,19.297948837280273,0.3009708737864077,2.060379,-1.061814546585083,-1.388721585273743,-1.447980523109436,-1.2554090023040771,-1.2304871082305908,-0.3003368973731994,-0.905832,-1.087733,-0.8193845779764614,-0.9333088994026184,-0.690774142742157,-0.4195948727308353,-2.5676079907463594,2.060379,-1.364148
1VR5_1,1VR5,A,Bacteria,Thermotoga maritima,Thermotoga maritima,Bacterial solute-binding protein 5 family,transport,1.73,536,547,536,115.2098177238806,5.030842018127441,-13.012827814608372,0.1287313432835821,0.1082089552238806,-0.3824626865671642,0.1548507462686567,33.70151119402984,0.0746268656716418,0.2201492537313432,0.8712686567164178,-0.0279850746268656,0.1702154985939866,23.0071964263916,0.3003731343283582,2.055864,-1.7414603233337402,-1.2096532583236694,-1.241858720779419,-1.0808643102645874,-1.1260170936584473,-1.2577797174453735,-1.347548,-1.820212,-0.909381752583518,,,-1.636534961301889,-2.5380107822702893,2.055864,-2.167858
2WZM_1,2WZM,A,Bacteria,Mycolicibacterium smegmatis155),Mycolicibacterium smegmatis155),Aldo/keto reductase family,oxidoreductase,1.64,274,283,274,106.18298686131396,4.508946418762207,-16.808703649277625,0.1313868613138686,0.083941605839416,-0.0186131386861314,0.0693430656934306,18.70693430656933,0.0437956204379562,0.3576642335766423,0.927007299270073,0.0875912408759124,0.1535742383845448,17.122365951538086,0.2992700729927007,2.109709,-1.3949123620986938,-1.2824639081954956,-1.3352272510528564,-1.1225932836532593,-1.2226570844650269,-1.1887857913970947,-0.860591,-1.091068,-0.7353971161111428,-0.9626282453536988,-0.960205078125,-0.7749955671547103,-2.209404938412409,2.109709,-1.139831
5BXA_1,5BXA,A,Bacteria,Pseudomonas aeruginosa,Pseudomonas aeruginosa,Unclassified,other,1.9,414,416,414,113.9738997584542,5.549384117126464,-6.650100715111151,0.1256038647342995,0.1231884057971014,-0.311835748792271,0.1159420289855072,38.40922705314008,0.072463768115942,0.2415458937198067,0.934782608695652,-0.1714975845410628,0.1297148114075437,21.048770904541016,0.2995169082125604,1.878131,-2.0188651084899902,-1.401536464691162,-1.4210405349731443,-1.2004433870315552,-1.182490348815918,-1.8544305562973025,-1.303419,-1.890574,-0.8413127217315821,-1.2273632287979126,-1.118889570236206,-1.3632980567821558,-2.8821316778947765,1.878131,-0.971146
4A91_1,4A91,A,Bacteria,Escherichia coli,Escherichia coli,Class-I aminoacyl-tRNA synthetase family,ligase,1.75,291,298,291,112.9579357388318,6.2752180099487305,-3.997798828044704,0.1134020618556701,0.1443298969072164,-0.2917525773195881,0.0927835051546391,48.969759450171814,0.0549828178694158,0.2542955326460481,0.8762886597938144,-0.0584192439862543,0.1672722888132546,19.0379638671875,0.2989690721649484,1.867408,-1.3540974855422974,-1.4655816555023191,-1.5436232089996338,-1.3488816022872925,-1.3417394161224363,-1.2425163984298706,-0.893263,-1.088845,-0.7810858238193997,,,-0.8915821612905391,-2.4421311211340204,1.867408,-1.381869
4LFY_1,4LFY,A,Bacteria,Burkholderia cenocepacia),Burkholderia cenocepacia),Metallo-dependent hydrolases superfamily,hydrolase,1.8,349,372,349,109.5049507163325,6.017396354675292,-5.895264211972112,0.1232091690544412,0.1404011461318051,-0.1306590257879658,0.0830945558739255,35.30805157593122,0.0744985673352435,0.3151862464183381,0.9025787965616046,0.0085959885386819,0.1518041203697701,18.53779983520508,0.3008595988538682,2.002685,-1.129453420639038,-1.3207616806030271,-1.3295482397079468,-1.2443242073059082,-1.259243726730347,-0.9770936369895936,-0.625471,-0.828967,,,,-0.8997486191014505,-2.402863160928546,2.002685,-1.374233
5TTJ_1,5TTJ,A,Bacteria,Pseudomonas putida,Pseudomonas putida,Flavin monoamine oxidase family,oxidoreductase,2.2,433,490,433,110.10965057736736,5.494648170471191,-9.410407972697657,0.1247113163972286,0.1224018475750577,-0.1808314087759819,0.0946882217090069,36.443418013856814,0.0300230946882217,0.3071593533487298,0.9030023094688222,-0.020785219399538,0.2080311495729555,20.588661193847656,0.3002309468822171,1.997808,-1.743250012397766,-1.3615849018096924,-1.3635555505752563,-1.185826301574707,-1.172446608543396,-1.5666208267211914,-1.30765,-1.610966,-1.032252357958646,-1.1710071563720703,-1.1069955825805664,-1.8976835114300663,-2.725178002760537,1.997808,-1.196205
3VAA_1,3VAA,A,Bacteria,Bacteroides thetaiotaomicron,Bacteroides thetaiotaomicron,Shikimate kinase family,transferase,1.7,176,199,176,116.90510852272722,5.206986045837401,-5.902145223118595,0.1590909090909091,0.1420454545454545,-0.3267045454545455,0.1193181818181818,46.78136363636363,0.0284090909090909,0.2045454545454545,0.9261363636363636,0.2670454545454545,0.2268518518518518,15.188243865966797,0.3011363636363636,1.902387,-1.527122139930725,-1.5879329442977903,-1.6036789417266846,-1.383842706680298,-1.472971796989441,-1.1563793420791626,-1.056928,-1.261572,-0.9253045862371272,-1.1442424058914185,-1.0585107803344729,-1.073247042569247,-2.979829268022017,1.902387,-1.433196
7ZS0_1,7ZS0,A,Bacteria,Kuenenia stuttgartiensis,Kuenenia stuttgartiensis,Pfam:PF00034,membrane,1.75,278,316,278,109.32484892086332,4.527760124206543,-21.3848536575443,0.1726618705035971,0.1043165467625899,-0.1564748201438847,0.0683453237410071,41.87521582733813,0.0575539568345323,0.2661870503597122,0.8669064748201438,0.1043165467625898,0.1405451066829273,19.975120544433594,0.302158273381295,1.99889,-1.8825464248657229,-1.2888001203536987,-1.3138201236724854,-1.1811710596084597,-1.226057052612305,-1.0392855405807495,-1.198254,-1.640891,-0.8540322283189073,-1.2974053621292114,-1.1315802335739136,-1.933937786294402,-3.061573495110162,1.99889,-0.963093
22HH_1,22HH,A,Bacteria,Chloroflexus aurantiacus,Chloroflexus aurantiacus,Bacterial solute-binding protein 1 family,transport,1.53,424,474,424,113.06732028301909,4.47950382232666,-27.79539489386581,0.1415094339622641,0.0849056603773584,-0.242216981132076,0.1273584905660377,34.46768867924529,0.0518867924528301,0.2476415094339622,0.9150943396226414,0.1981132075471698,0.1763045095122524,21.355464935302734,0.2995283018867924,1.981423,-2.215233564376831,-1.3389450311660769,-1.419169306755066,-1.2059214115142822,-1.260420799255371,-1.5664361715316772,-1.35453,-2.092126,-1.102713314992077,-1.265166401863098,-1.244025945663452,-2.26028125690964,-2.97201221394089,1.981423,-1.286882
8SPG_1,8SPG,A,Bacteria,Escherichia coli,Escherichia coli,SNF2/RAD54 helicase family,hydrolase,2.1,852,867,852,113.666094248827,5.167880821228025,-36.72056358124222,0.1525821596244131,0.1384976525821596,-0.3659624413145526,0.068075117370892,38.602582159624546,0.0375586854460093,0.2323943661971831,0.908450704225352,0.2347417840375587,0.1262894444192845,30.22457504272461,0.3004694835680751,1.793184,-1.033663988113403,-1.5724705457687378,-1.5934165716171265,-1.4683555364608765,-1.492409586906433,-1.188891887664795,-1.292365,-1.455558,-2.1395414110640405,,,-0.336446377033359,-2.180466056429724,1.793184,-2.068394
4ZL8_1,4ZL8,A,Bacteria,Pseudomonas aeruginosa,Pseudomonas aeruginosa,Thioredoxin family,other,1.395,187,192,187,111.27139786096254,5.987214851379394,-3.6188628927781537,0.1283422459893048,0.1443850267379679,-0.1363636363636363,0.1122994652406417,31.64491978609624,0.0588235294117647,0.2620320855614973,0.9411764705882352,0.3529411764705882,0.2313232757996029,15.954923629760742,0.2994652406417112,1.996173,-1.495099425315857,-1.3401249647140503,-1.3728704452514648,-1.2267755270004272,-1.2364264726638794,-0.9975077509880066,-0.858602,-1.003674,-0.755273339582637,-1.2302154302597046,-0.988595724105835,-1.1354400308374415,-2.976307914856283,1.996173,-1.578614
3G85_1,3G85,A,Bacteria,Clostridium acetobutylicum,Clostridium acetobutylicum,Pfam:PF00356,DNA-binding,1.84,270,289,270,111.3901848148149,8.197815895080566,2.085204728341381,0.1111111111111111,0.1333333333333333,-0.1077777777777778,0.0703703703703703,44.17259259259258,0.037037037037037,0.2444444444444444,0.9111111111111112,-0.0222222222222222,0.1660780720750735,18.63539123535156,0.3,1.910768,-2.0008621215820312,-1.414331316947937,-1.5107492208480835,-1.274715542793274,-1.269526481628418,-1.6139570474624634,-1.410416,-1.98805,-0.9943837483723958,-1.1068243980407717,-1.1916733980178833,-2.432918746383102,-2.9551694516782407,1.910768,-2.43805
4CU8_1,4CU8,A,Bacteria,Streptococcus pneumoniae,Streptococcus pneumoniae,Glycosyl hydrolase 2 family,hydrolase,2.5,848,849,848,113.35711875000074,6.891238975524904,-0.727400128232432,0.1367924528301886,0.1650943396226415,-0.7670990566037722,0.1073113207547169,17.133384433962267,0.0306603773584905,0.275943396226415,0.9080188679245282,-0.4693396226415094,0.0819739984283087,26.390926361083984,0.3007075471698113,1.959229,-1.0826780796051023,-1.3768327236175537,-1.4046146869659424,-1.2248255014419556,-1.2574955224990845,-0.0947154611349105,-1.20823,-1.535713,-2.269491519568102,-1.343291997909546,-0.7830784916877747,-0.2800041414656729,-2.207866740676592,1.959229,-1.789852
9X81_1,9X81,A,Bacteria,Vibrio parahaemolyticus,Vibrio parahaemolyticus,Pfam:PF00128,other,1.42,311,311,311,108.01106848874603,4.205142021179199,-24.71879500835313,0.1414790996784566,0.0707395498392283,-0.3482315112540198,0.090032154340836,21.433151125401924,0.0514469453376205,0.3440514469453376,0.9035369774919616,-0.5819935691318328,0.1425818524761813,22.044519424438477,0.2990353697749196,1.942221,-2.4374337196350098,-1.421971321105957,-1.4998621940612793,-1.2730708122253418,-1.3436185121536257,-1.4947701692581177,-1.624355,-2.286327,-1.0806199837344252,-1.3683913946151731,-1.4099633693695068,-2.861920421146503,-3.1660431006330385,1.942221,-1.237078
4KEG_1,4KEG,A,Bacteria,Escherichia coli,Escherichia coli,Bacterial solute-binding protein 1 family,transport,2.5,535,584,535,108.60574018691588,5.144747352600096,-14.48961955978428,0.1233644859813084,0.1102803738317757,-0.0355140186915895,0.0747663551401869,23.9429906542056,0.0542056074766355,0.2728971962616822,0.9196261682242992,0.0822429906542056,0.1254043315238681,26.213468551635746,0.3009345794392523,2.187596,-1.2164822816848757,-0.9321407675743104,-1.0264778137207031,-0.986212432384491,-0.995818018913269,-0.5133689045906067,-0.82814,-0.943829,-1.1795916691004673,,,-0.7226714232257594,-2.4741459641501167,2.187596,-1.364023
3B7F_1,3B7F,A,Bacteria,Cupriavidus pinatubonensis),Cupriavidus pinatubonensis),Unclassified,hydrolase,2.2,368,394,368,110.39162989130452,6.2060449600219725,-5.951469948873587,0.1141304347826086,0.1440217391304347,-0.4978260869565216,0.0951086956521739,41.19402173913044,0.0978260869565217,0.3016304347826086,0.9239130434782608,-0.592391304347826,0.1175099074038791,18.58037567138672,0.3016304347826087,1.975887,-1.6928657293319702,-1.4380714893341064,-1.4153836965560913,-1.2737131118774414,-1.270313382148743,-1.1956936120986938,-1.462079,-1.740832,-0.9504477459451428,,,-1.368866381437882,-2.868214814559273,1.975887,-3.08656
4JR4_1,4JR4,A,Bacteria,Mycobacterium tuberculosis,Mycobacterium tuberculosis,Thioredoxin family,oxidoreductase,2.498,197,224,197,105.0564314720812,5.064035987854003,-5.988558822703705,0.1218274111675127,0.1065989847715736,0.0908629441624366,0.0761421319796954,27.68482233502537,0.0507614213197969,0.3604060913705584,0.9543147208121828,0.3756345177664975,0.2231215006209015,15.838001251220703,0.299492385786802,2.061273,-1.9184985160827637,-1.35329008102417,-1.4987653493881226,-1.318835735321045,-1.3363230228424072,-1.286369800567627,-1.110882,-1.477632,-1.0119672281487944,-1.236002802848816,-1.1410495042800903,-1.034698408872343,-3.043633010786802,2.061273,-1.754749
4J94_1,4J94,A,Bacteria,Mycolicibacterium smegmatis155),Mycolicibacterium smegmatis155),Peptidase S8 family,hydrolase,1.857,380,408,380,102.96901552631584,4.791208839416504,-9.974332449367417,0.0921052631578947,0.0736842105263157,-0.1836842105263159,0.0552631578947368,37.147631578947355,0.1052631578947368,0.3657894736842105,0.8921052631578947,-0.2605263157894737,0.1888640092227198,18.271541595458984,0.3,2.178731,-1.570864200592041,-1.1846868991851809,-1.2343441247940063,-1.0715479850769043,-1.080856204032898,-1.072873592376709,-1.164909,-1.554792,-0.8161172967208059,-0.9981735944747924,-0.9715476632118224,-0.9017745168585526,-2.4526757491262337,2.178731,-1.797981
3OAI_1,3OAI,A,Bacteria,Escherichia coli,Escherichia coli,Bacterial solute-binding protein 1 family,transport,2.1,488,507,488,110.93946680327883,5.054771232604979,-15.580546232153196,0.1393442622950819,0.1209016393442622,-0.3502049180327876,0.1127049180327868,19.42766393442622,0.0532786885245901,0.2766393442622951,0.9364754098360656,-0.0430327868852459,0.1468024383306614,26.897624969482425,0.3012295081967213,2.272083,-1.0178648233413696,-0.8322206139564514,-0.96864116191864,-0.8466519117355347,-0.8639666438102722,-0.3041046261787414,-0.666521,-0.645052,-1.1308181012263063,,,-0.2625843423311828,-2.513671875,2.272083,-1.277419
4D8L_1,4D8L,A,Bacteria,Sphingobium sp.,Sphingobium sp.,Metallo-dependent hydrolases superfamily,hydrolase,2.0,294,303,294,111.85449591836732,5.1280366897583,-12.420911338073864,0.1530612244897959,0.1394557823129251,-0.2863945578231293,0.0850340136054421,32.66054421768709,0.1020408163265306,0.2312925170068027,0.8877551020408163,0.0782312925170067,0.1722639055622249,17.28984832763672,0.2993197278911564,2.114709,-1.661478877067566,-1.2786325216293335,-1.2831817865371704,-1.081174612045288,-1.073749303817749,-1.2699825763702393,-1.058347,-1.397322,-0.6457334764960672,-0.851051926612854,-0.9446836709976196,-0.6955752729558621,-2.786670918367347,2.114709,-0.950059
4MUP_1,4MUP,A,Bacteria,Agrobacterium fabrum),Agrobacterium fabrum),Metallo-dependent hydrolases superfamily,isomerase,1.6,284,312,284,109.58825950704232,6.216617012023924,-3.3307901198926686,0.1197183098591549,0.1408450704225352,-0.2531690140845072,0.0809859154929577,27.82711267605633,0.0739436619718309,0.2992957746478873,0.8767605633802817,0.0105633802816901,0.1538826152179348,16.962255477905273,0.2992957746478873,2.009445,-1.986014723777771,-1.2886492013931274,-1.3894555568695068,-1.154220700263977,-1.1236296892166138,-1.2714754343032837,-1.205695,-1.697002,-0.8098822580256932,-1.0467119216918943,-1.1539164781570437,-1.2792736644476232,-3.1041414502640845,2.009445,-0.988742
5HM3_1,5HM3,A,Bacteria,Mycobacterium tuberculosis,Mycobacterium tuberculosis,ATP-dependent AMP-binding enzyme family,ligase,2.25,625,657,625,108.68276576000042,5.890815925598144,-8.866898408370076,0.1184,0.1263999999999999,-0.1721600000000003,0.0832,31.40112000000001,0.0576,0.3184,0.9056,-0.2335999999999999,0.0800764742396027,23.42850685119629,0.3008,1.94658,-1.6557902097702026,-1.4849215745925903,-1.483777403831482,-1.364803910255432,-1.3846185207366943,-0.8698242902755737,-1.288171,-1.624154,,,,-0.8330462890625,-2.4735626953125,1.94658,-1.885395
3VFZ_1,3VFZ,A,Bacteria,Mycobacterium tuberculosis,Mycobacterium tuberculosis,Sigma-70 factor family,transferase,1.901,62,86,62,108.18895645161294,6.791770744323729,-0.1356779052351679,0.1290322580645161,0.1451612903225806,0.1951612903225807,0.0,45.646774193548374,0.0161290322580645,0.3064516129032258,0.9516129032258064,0.8225806451612903,0.1666094715168153,11.130471229553224,0.3064516129032258,1.53865,-1.2122551202774048,-1.8619763851165767,-1.8710999488830569,-1.700244426727295,-1.78778076171875,-0.6533676981925964,-1.324885,-1.269777,-1.700225337859123,-1.5971659421920776,-0.9629747867584229,-1.3267306666220389,-2.1145757859753025,1.53865,-2.783184
2CFO_1,2CFO,A,Bacteria,Thermosynechococcus vestitus,Thermosynechococcus vestitus,Class-I aminoacyl-tRNA synthetase family,ligase,2.45,485,492,485,112.08055876288688,5.52221508026123,-10.651818699555513,0.1257731958762886,0.1237113402061855,-0.3086597938144323,0.0927835051546391,43.25092783505155,0.0556701030927835,0.2824742268041237,0.9175257731958764,0.2123711340206185,0.0902703678446788,29.78811264038086,0.3010309278350515,1.978858,-1.3268048763275146,-1.4098432064056396,-1.4531830549240112,-1.3865222930908203,-1.421968936920166,-1.262438416481018,-0.953508,-1.15323,-0.8977177256161405,,,-1.0528736861710697,-2.002036183150773,1.978858,-1.305688
3GOZ_1,3GOZ,A,Bacteria,Legionella pneumophila,Legionella pneumophila,Unclassified,other,2.099,320,362,320,107.4311043750001,6.1600053787231435,-2.9049270838759043,0.08125,0.09375,0.1237499999999999,0.059375,24.32281249999999,0.046875,0.3,0.828125,-0.0218749999999999,0.0756351309226932,20.696191787719727,0.3,2.068521,-1.6894519329071045,-1.399982452392578,-1.4631855487823486,-1.3291988372802734,-1.310575246810913,-1.4002933502197266,-1.215831,-1.634815,-0.9985666275024414,-1.0606244802474976,-1.1184122562408447,-2.0885135650634767,-2.504530715942382,2.068521,-1.552652
9LKS_1,9LKS,A,Bacteria,Enterococcus faecalis,Enterococcus faecalis,Serine-aspartate repeat-containing protein (SDr) family,membrane,1.79,137,187,137,108.36251605839412,5.701087379455567,-1.9751056002415288,0.1167883211678832,0.1167883211678832,-0.2737226277372263,0.0802919708029197,36.99058394160582,0.0437956204379562,0.3065693430656934,0.9562043795620438,-0.4890510948905109,0.3350586153505862,14.17849826812744,0.2992700729927007,2.070941,-2.0671396255493164,-1.3585538864135742,-1.3110406398773191,-1.2644109725952148,-1.326207995414734,-1.5321264266967771,-1.371227,-2.121883,-1.0641559684363595,,,-2.7588284903199134,-3.586172284871122,2.070941,-1.322571
6Z2O_1,6Z2O,A,Bacteria,Akkermansia muciniphila,Akkermansia muciniphila,Unclassified,hydrolase,1.649,354,371,354,112.77876468926556,8.253516578674319,2.881356918197312,0.115819209039548,0.155367231638418,-0.5819209039548022,0.1186440677966101,37.34132768361582,0.0564971751412429,0.2598870056497175,0.9406779661016949,-0.3926553672316384,0.122011804437711,20.311241149902344,0.2994350282485876,1.951693,-2.200235605239868,-1.2722886800765991,-1.3709675073623655,-1.1158157587051392,-1.1109479665756226,-1.4780513048171997,-1.505236,-2.165764,-0.963947360798464,,,-2.7228347002449684,-3.154711017500883,1.951693,-0.981813
4F0J_1,4F0J,A,Bacteria,Pseudomonas aeruginosa,Pseudomonas aeruginosa,Pfam:PF00561,other,1.5,312,315,312,112.74553878205134,7.041407585144043,0.0853930975793559,0.1057692307692307,0.1282051282051282,-0.3320512820512824,0.1089743589743589,36.10448717948718,0.0512820512820512,0.2788461538461538,0.9262820512820512,0.1057692307692308,0.1517466706420194,17.464384078979492,0.3012820512820512,1.945763,-1.01634681224823,-1.271241545677185,-1.2939273118972778,-1.146473050117493,-1.138396382331848,-0.8315223455429077,-0.986933,-1.335946,-0.9242487198267229,-0.9314826726913452,-0.6950742602348328,-0.9339386377579126,-2.565234648875701,1.945763,-3.068061
2PKF_1,2PKF,A,Bacteria,Mycobacterium tuberculosis,Mycobacterium tuberculosis,Carbohydrate kinase PfkB family,transferase,1.5,332,334,332,106.9027234939761,4.725105094909667,-20.251603039325197,0.1325301204819277,0.0993975903614457,0.1132530120481928,0.0753012048192771,28.338584337349396,0.0301204819277108,0.3493975903614458,0.9156626506024096,-0.0120481927710843,0.1258261035111099,19.188873291015625,0.3012048192771084,1.877298,-1.5531493425369265,-1.5427148342132568,-1.578369140625,-1.3260396718978882,-1.35181725025177,-0.8000468015670776,-0.950086,-1.160659,-0.8640407883977316,-1.188187837600708,-1.055914282798767,-0.7212814882577184,-2.93277198148061,1.877298,-1.373782
2V2Q_1,2V2Q,A,Bacteria,Aquifex aeolicus,Aquifex aeolicus,GHMP kinase family,transferase,2.3,269,271,269,111.2451234200744,4.997704887390136,-10.900939932864867,0.1449814126394052,0.1152416356877323,-0.0379182156133828,0.0929368029739776,47.099293680297386,0.0483271375464684,0.2527881040892193,0.9182156133828996,-0.0631970260223048,0.1918042456020735,17.61699104309082,0.3011152416356877,2.230658,-1.6307638883590698,-1.1533178091049194,-1.19653058052063,-1.0187536478042605,-1.081417441368103,-1.1685906648635864,-0.852275,-1.177334,-0.6013976596988266,-0.7842239737510681,-0.8265771865844727,-1.9662373482516264,-2.766767877628369,2.230658,-0.872014
4U06_1,4U06,A,Bacteria,Leptospira interrogans serogroup Icterohaemorrhagiae,Leptospira interrogans serogroup Icterohaemorrhagiae,Pfam:PF00560,other,1.9,344,344,344,117.21058284883712,9.168516349792483,6.601304777241694,0.0959302325581395,0.1220930232558139,-0.4125000000000007,0.0552325581395348,54.39680232558138,0.0406976744186046,0.1337209302325581,0.7296511627906976,-0.6133720930232558,0.0630123407288603,23.81050491333008,0.2994186046511627,2.343307,-0.9505340456962584,-1.1765083074569702,-1.1384830474853516,-1.2062472105026243,-1.216622829437256,-0.8824657797813416,-0.835577,-0.951154,-0.796636891919513,-1.1914129257202148,-0.8408764600753784,-1.075978301292242,-1.4943870721861374,2.343307,-1.435482
2WPW_1,2WPW,A,Bacteria,Streptomyces clavuligerus,Streptomyces clavuligerus,Pfam:PF00583,other,2.38,328,339,328,107.42441097560972,5.895988273620605,-7.410714058716607,0.1189024390243902,0.1341463414634146,-0.2359756097560978,0.0640243902439024,34.629268292682916,0.073170731707317,0.350609756097561,0.899390243902439,-0.1006097560975609,0.1897146002710027,20.667781829833984,0.3018292682926829,1.782666,-2.0728628635406494,-1.4543360471725464,-1.5438998937606812,-1.457101821899414,-1.4782705307006836,-1.7683628797531128,-1.423234,-1.93247,-1.1806959756990758,,,-2.210419817668636,-2.763924761516292,1.782666,-2.841612
2OBP_1,2OBP,A,Bacteria,Cupriavidus pinatubonensis),Cupriavidus pinatubonensis),Unclassified,DNA-binding,1.7,81,96,81,104.18115308641973,5.683978843688965,-1.137357606368533,0.0987654320987654,0.0987654320987654,0.2888888888888891,0.0246913580246913,38.054320987654314,0.0617283950617283,0.345679012345679,0.9753086419753084,0.4074074074074074,0.2156207133058985,11.300118446350098,0.2962962962962963,1.855939,-2.0073561668395996,-1.5260202884674072,-1.5170665979385376,-1.3276598453521729,-1.29705548286438,-1.638662815093994,-1.570173,-2.150165,-1.217768539617091,-1.27664315700531,-1.2508710622787476,-2.2583979853877314,-3.7303704155815978,1.855939,-2.497819
1VK6_1,1VK6,A,Bacteria,Escherichia coli,Escherichia coli,Nudix hydrolase family,hydrolase,2.2,257,269,257,115.55109571984448,5.696426582336425,-7.373022107343683,0.1361867704280155,0.1439688715953307,-0.3361867704280156,0.1011673151750972,43.30470817120623,0.0544747081712062,0.2101167315175097,0.926070038910506,-0.1245136186770428,0.1337389689987538,20.076574325561523,0.2996108949416342,1.793322,-1.6456565856933594,-1.4994492530822754,-1.5484918355941772,-1.4151039123535156,-1.411456823348999,-0.8869185447692871,-1.340065,-1.802355,-1.2869592807636188,-1.2688884735107422,-1.0571986436843872,-0.6484892730119164,-3.1864768892874515,1.793322,-3.65059
4KBF_1,4KBF,A,Bacteria,Thermus thermophilus,Thermus thermophilus,DEAD box helicase family,other,1.9,365,365,365,109.43139013698644,8.995031929016115,3.108908757071049,0.1315068493150685,0.1561643835616438,-0.1972602739726027,0.0493150684931506,32.901917808219174,0.0630136986301369,0.2931506849315068,0.9534246575342468,0.0712328767123287,0.1346882673626662,20.941923141479492,0.3013698630136986,2.194316,-1.22435462474823,-1.2681176662445068,-1.3260754346847534,-1.140128493309021,-1.1312657594680786,-1.2122093439102173,-0.856839,-1.048199,-0.7462182449967893,-1.0448278188705444,-0.8458031415939331,-1.2329815590218325,-2.0325322399400685,2.194316,-1.149696
4GQO_1,4GQO,A,Bacteria,Listeria monocytogenes,Listeria monocytogenes,Pfam:PF13416,transport,2.1,404,433,404,112.67728143564368,4.583291816711426,-22.16393056314427,0.1683168316831683,0.1138613861386138,-0.5653465346534653,0.1113861386138614,35.14381188118811,0.0618811881188118,0.2648514851485148,0.9183168316831684,0.2054455445544555,0.2152882637291364,20.90116500854492,0.2995049504950495,1.853488,-1.8908551931381223,-1.4132838249206543,-1.4384098052978516,-1.2679038047790527,-1.3449504375457764,-0.7393357753753662,-1.5097,-2.081138,-1.1198338423625078,-1.1217451095581057,-1.18275249004364,-1.217188542432124,-2.827089819577661,1.853488,-3.33251
6V04_1,6V04,A,Bacteria,Micromonospora chersina,Micromonospora chersina,AHA1 family,other,1.5,269,284,269,112.15019851301128,5.0686967849731435,-10.483671506325097,0.1486988847583643,0.1301115241635687,-0.3661710037174724,0.1003717472118959,37.13828996282529,0.0631970260223048,0.3011152416356877,0.9739776951672864,-0.3717472118959107,0.1525309925814323,19.182493209838867,0.3011152416356877,1.689839,-2.2893426418304443,-1.5517232418060305,-1.6373846530914309,-1.3131763935089111,-1.3587989807128906,-1.5468531847000122,-1.620076,-2.160949,-1.0555018315084803,-1.388969659805298,-1.4226014614105225,-2.5418535537436107,-3.1502769498576906,1.689839,-1.098357
2DT8_1,2DT8,A,Bacteria,Thermus thermophilus,Thermus thermophilus,Pfam:PF02645,other,1.48,280,280,280,109.69878107142864,5.944074058532714,-3.0792800302740275,0.1357142857142857,0.1392857142857143,-0.1092857142857141,0.075,36.37110714285714,0.0357142857142857,0.3178571428571428,0.9464285714285714,0.1464285714285713,0.1692929188966652,17.485776901245117,0.3,2.067373,-1.3035480976104736,-1.37477445602417,-1.3738641738891602,-1.2843698263168335,-1.2963112592697144,-0.9895790219306946,-0.895972,-1.053515,-0.6910873413085937,-0.969692885875702,-0.8020174503326416,-1.3252664838518415,-2.668608311244419,2.067373,-1.944214
2QR3_1,2QR3,A,Bacteria,Bacteroides fragilis,Bacteroides fragilis,Pfam:PF25601,DNA-binding,1.8,121,140,121,111.40801900826432,5.037151145935058,-4.345896851533011,0.1239669421487603,0.1074380165289256,0.1735537190082647,0.0743801652892562,21.67603305785124,0.0330578512396694,0.2396694214876033,0.9338842975206612,0.2231404958677685,0.1781558904553557,12.528350830078123,0.2975206611570248,1.978511,-1.9003928899765017,-1.6182235479354858,-1.5852988958358765,-1.3798022270202637,-1.3788858652114868,-1.55171537399292,-1.181529,-1.471057,-0.9587875870633716,,,-1.7394769841974431,-3.490597307189437,1.978511,-1.552571
8TWN_1,8TWN,A,Bacteria,Aetokthonos hydrillicola,Aetokthonos hydrillicola,Unclassified,lyase,2.08,238,260,238,117.57849831932784,5.641008567810059,-7.4504414669784,0.1596638655462184,0.1638655462184874,-0.350840336134454,0.1050420168067226,50.147058823529406,0.0294117647058823,0.1974789915966386,0.9243697478991596,0.6638655462184874,0.2339117465167885,17.7894229888916,0.3025210084033613,1.41582,-2.502575159072876,-1.9195008277893064,-1.946035385131836,-1.7066903114318848,-1.7368320226669312,-1.841221809387207,-1.935047,-2.48579,-1.2915369883304884,,,-2.684228207884716,-3.2769895922236083,1.41582,-3.218164
3GG7_1,3GG7,A,Bacteria,Deinococcus radiodurans,Deinococcus radiodurans,Metallo-dependent hydrolases superfamily,hydrolase,1.5,243,254,243,111.33146131687248,6.444541358947753,-1.8291707760519105,0.1152263374485596,0.139917695473251,-0.1189300411522632,0.0781893004115226,42.70534979423867,0.0617283950617283,0.2962962962962963,0.8559670781893004,0.2139917695473251,0.1416610918526627,16.08403968811035,0.3004115226337449,2.011822,-1.3917831182479858,-1.310385823249817,-1.401302933692932,-1.2394386529922483,-1.17218816280365,-1.0764697790145874,-1.004183,-1.273734,-0.9001476146556713,-1.0232536792755127,-0.9480803608894348,-1.5562839586548354,-2.5678118168081276,2.011822,-1.261161
4NE4_1,4NE4,A,Bacteria,Agrobacterium fabrum),Agrobacterium fabrum),Pfam:PF04069,transport,1.73,281,286,281,106.55361850533804,4.9838361740112305,-6.998157138625778,0.1174377224199288,0.099644128113879,-0.084697508896797,0.0747330960854092,30.881494661921707,0.0462633451957295,0.3274021352313168,0.9181494661921707,0.2206405693950178,0.2079371702049331,18.42327880859375,0.298932384341637,2.084412,-1.2868680953979492,-1.2462512254714966,-1.2747437953948977,-1.1180787086486816,-1.0877389907836914,-1.1693936586380005,-0.863575,-1.115347,-0.8526049305111488,-0.8761789202690125,-0.7899724841117859,-0.7179973235758174,-2.8157741777413254,2.084412,-1.674186
4PSU_1,4PSU,A,Bacteria,Rhodopseudomonas palustris,Rhodopseudomonas palustris,Pfam:PF12697,hydrolase,2.2,286,295,286,107.21528006993007,9.664149284362791,6.825246563062066,0.0734265734265734,0.1363636363636363,0.2496503496503493,0.0664335664335664,44.78286713286713,0.0874125874125874,0.3076923076923077,0.8881118881118881,0.1258741258741259,0.15092180546726,16.88283348083496,0.3006993006993007,2.084065,-1.6452521085739136,-1.3006802797317505,-1.3990676403045654,-1.2599117755889893,-1.18429434299469,-1.2954224348068235,-1.036273,-1.559417,-0.8877568811803431,,,-1.5159078744741588,-2.898664567854021,2.084065,-3.07698
4Y7D_1,4Y7D,A,Bacteria,Nakamurella multipartita,Nakamurella multipartita,Pfam:PF00561,hydrolase,1.68,289,302,289,104.97565847750867,5.8195398330688475,-7.457503420386995,0.1211072664359861,0.1349480968858131,0.0121107266435985,0.0553633217993079,23.616262975778536,0.0519031141868512,0.3633217993079585,0.9134948096885812,0.1176470588235294,0.1714930473468159,16.813758850097656,0.301038062283737,2.108971,-1.9328293800354004,-1.2364658117294312,-1.2472397089004517,-1.068809986114502,-1.0702574253082275,-1.129757523536682,-1.288904,-1.790838,-0.8756269303160142,-0.8507219552993774,-1.0782313346862793,-1.9218642290900736,-2.749025127054498,2.108971,-2.62253
4UAP_1,4UAP,A,Bacteria,Clostridium perfringens,Clostridium perfringens,Glycosyl hydrolase 31 family,hydrolase,2.0,150,152,150,111.40956999999996,4.652692222595214,-9.335333506099586,0.16,0.1133333333333333,-0.5240000000000005,0.0866666666666666,38.420066666666656,0.0133333333333333,0.3066666666666666,0.9133333333333332,-0.7133333333333334,0.31082910321489,14.539209365844728,0.3,1.954453,-2.2342519760131836,-1.3064253330230713,-1.4288777112960815,-1.1163300275802612,-1.1920790672302246,-0.8885079026222229,-1.328741,-1.99209,-0.8679296875,-0.976228415966034,-1.199150323867798,-2.7221195475260416,-3.3072196451822915,1.954453,-1.481698
4LVQ_1,4LVQ,A,Bacteria,Mycobacterium tuberculosis,Mycobacterium tuberculosis,PstS family,other,2.3,319,376,319,103.95991661442002,5.223526191711424,-4.433022684505854,0.0783699059561128,0.0721003134796238,-0.2184952978056427,0.0846394984326018,23.275893416927897,0.0501567398119122,0.4043887147335423,0.9059561128526644,-0.0721003134796238,0.2174804031744595,18.410423278808594,0.3009404388714733,1.764861,-1.5039074420928955,-1.7798291444778442,-1.8207502365112305,-1.741888403892517,-1.7493414878845217,-1.4395129680633545,-1.373496,-1.278606,-1.5931157318402234,-1.434806227684021,-1.1597301959991455,-0.8930049884281935,-2.591532261767731,1.764861,-1.838898
4ESQ_1,4ESQ,A,Bacteria,Mycobacterium tuberculosis,Mycobacterium tuberculosis,Protein kinase superfamily,transferase,1.7,194,194,194,106.4166927835051,5.198289680480956,-4.080437939355754,0.0979381443298969,0.0876288659793814,-0.2829896907216493,0.0670103092783505,29.17731958762886,0.0515463917525773,0.3505154639175257,0.922680412371134,-0.2010309278350515,0.1907009064697463,15.180870056152344,0.2989690721649484,1.80735,-1.4233646392822266,-1.5279072523117063,-1.5889054536819458,-1.4097894430160522,-1.3860094547271729,-0.621350884437561,-1.393668,-1.693428,-1.037764087165754,-1.2264752388000488,-0.9490117430686952,-1.8913300504389496,-3.2815948171713916,1.80735,-1.842323
4P0D_1,4P0D,A,Bacteria,Streptococcus pyogenes,Streptococcus pyogenes,Pfam:PF00746,other,1.9,471,489,471,107.90027070063697,7.519707679748536,0.4869061406685731,0.1019108280254777,0.1040339702760085,-0.4157112526539278,0.0912951167728237,19.03974522292993,0.0297239915074309,0.3651804670912951,0.910828025477707,-0.6730360934182591,0.1236990131808517,30.43299674987793,0.2993630573248407,2.1656,-2.198591709136963,-1.2643873691558838,-1.256556272506714,-1.1543220281600952,-1.1896042823791504,-1.6903527975082395,-1.302506,-2.049471,-1.0132688615479033,,,-2.6209348771729033,-2.8494668300490975,2.1656,-1.126273
4EZE_1,4EZE,A,Bacteria,Salmonella typhi,Salmonella typhi,HAD-like hydrolase superfamily,hydrolase,2.27,291,317,291,112.6760099656358,5.666529273986817,-3.8819792993156983,0.11340206185567,0.11340206185567,0.0635738831615121,0.0962199312714776,42.13061855670103,0.0412371134020618,0.2542955326460481,0.9072164948453608,0.0824742268041237,0.1588982609601166,19.321823120117188,0.2989690721649484,1.953621,-1.855085372924805,-1.4857536554336548,-1.4854549169540403,-1.4721814393997192,-1.411234974861145,-1.220232009887695,-1.196304,-1.567988,-1.08679408961555,,,-1.8354576084621992,-3.0909694396343426,1.953621,-1.6048
4P0I_1,4P0I,A,Bacteria,Agrobacterium fabrum),Agrobacterium fabrum),Bacterial solute-binding protein 3 family,other,1.89,255,265,255,109.25813058823518,5.589341926574707,-2.1488058456164794,0.1254901960784313,0.1215686274509803,-0.1407843137254901,0.0862745098039215,33.693725490196066,0.0509803921568627,0.2941176470588235,0.9098039215686275,0.0156862745098039,0.2235757816640169,18.385438919067383,0.3019607843137254,2.027278,-1.3077938556671145,-1.3753001689910889,-1.4391721487045288,-1.2221555709838867,-1.2600706815719604,-0.6566694974899292,-0.977243,-1.221002,-1.0155997482000614,-1.0860704183578491,-0.8930591940879822,-1.7043775371476717,-2.4847206265318627,2.027278,-1.092749
3HP0_1,3HP0,A,Bacteria,Bacillus subtilis,Bacillus subtilis,Enoyl-CoA hydratase/isomerase family,lyase,2.32,250,267,250,113.18480320000008,7.616674995422364,0.9022925917833008,0.1,0.128,-0.1351999999999999,0.096,48.10760000000002,0.032,0.264,0.972,0.3,0.143419689119171,16.975112915039062,0.3,1.529376,-1.887112379074097,-1.8379125595092771,-1.908156991004944,-1.8693017959594729,-1.8268095254898071,-1.139853596687317,-1.660367,-1.928039,-1.74444091796875,-1.6273680925369265,-1.5161396265029907,-1.360941162109375,-3.1115498046875,1.529376,-3.96224
4UZ2_1,4UZ2,A,Bacteria,Thermus thermophilus,Thermus thermophilus,Peptidase C40 family,hydrolase,2.5,99,100,99,110.1247474747474,6.807856178283691,-0.1312725230115443,0.1111111111111111,0.1212121212121212,-0.1909090909090909,0.0606060606060606,40.7191919191919,0.0606060606060606,0.3131313131313131,0.9696969696969696,-0.0808080808080808,0.2181364203836114,16.985803604125977,0.303030303030303,2.316818,-1.1840702295303345,-1.2121683359146118,-1.2516952753067017,-1.2040035724639893,-1.1532543897628784,-0.9431940913200378,-0.714176,-0.92139,-0.7341014207011521,-1.1762380599975586,-0.9032130241394044,-1.2197874435270677,-2.7830616344105112,2.316818,-1.438841
3OT6_1,3OT6,A,Bacteria,Pseudomonas syringae pv. tomato,Pseudomonas syringae pv. tomato,Enoyl-CoA hydratase/isomerase family,isomerase,2.5,230,232,230,106.24814652173914,7.264216423034668,0.4210937114698794,0.1,0.1304347826086956,0.1873913043478258,0.0434782608695652,30.08043478260869,0.0304347826086956,0.3173913043478261,0.9521739130434784,0.3956521739130434,0.14929264498926,15.76478672027588,0.3,1.898765,-1.6041239500045776,-1.4000396728515625,-1.4562793970108032,-1.411028504371643,-1.367462396621704,-1.43060564994812,-1.303283,-1.729227,-1.3697646431300952,-1.233791708946228,-1.0824699401855469,-0.7319605951723845,-3.0005084493885867,1.898765,-4.240137
2FSX_1,2FSX,A,Bacteria,Mycobacterium tuberculosis,Mycobacterium tuberculosis,Pfam:PF00581,other,1.8,132,148,132,109.80287121212103,4.838498878479004,-7.263058489822969,0.1439393939393939,0.1136363636363636,-0.2393939393939393,0.0909090909090909,21.71363636363636,0.053030303030303,0.3106060606060606,0.9545454545454546,-0.1363636363636363,0.2577369439071567,13.085329055786133,0.303030303030303,2.06977,-1.510858416557312,-1.2381188869476318,-1.310201644897461,-1.1332838535308838,-1.186488389968872,-1.2413508892059326,-0.968837,-1.16496,-0.7893840905391809,,,-1.0868534897312974,-3.065949873490767,2.06977,-1.66395
7ZEI_1,7ZEI,A,Bacteria,Caldicellulosiruptor hydrothermalis,Caldicellulosiruptor hydrothermalis,Unclassified,hydrolase,1.7,310,318,310,118.18593935483888,5.1147363662719725,-13.244536728100025,0.1580645161290322,0.1419354838709677,-0.6406451612903227,0.1709677419354838,42.48948387096773,0.0580645161290322,0.2161290322580645,0.896774193548387,-0.7612903225806451,0.1570476858345021,17.528623580932617,0.3,2.041185,-1.667310118675232,-1.2815368175506592,-1.3156839609146118,-1.0904741287231443,-1.1155433654785156,-0.8982375860214233,-1.135356,-1.539717,-0.9112974105342742,-1.300186276435852,-1.147976040840149,-1.7471579274823588,-2.94384765625,2.041185,-0.876962
3H49_1,3H49,A,Bacteria,Escherichia coli,Escherichia coli,Carbohydrate kinase PfkB family,transferase,1.8,307,325,307,107.9930693811076,5.142189598083495,-6.099510459550579,0.1270358306188925,0.1140065146579804,0.1498371335504886,0.0586319218241042,23.877524429967423,0.022801302931596,0.2996742671009771,0.8664495114006514,-0.0521172638436481,0.1294475068905036,17.869287490844727,0.2996742671009772,2.043043,-1.5358741283416748,-1.3162871599197388,-1.4025086164474487,-1.3317012786865234,-1.3067362308502195,-0.4118635654449463,-1.230797,-1.675674,-0.9156407657586014,-1.1149743795394895,-1.0239337682724,-0.8028430255305884,-2.6833388735494705,2.043043,-2.586127
3LKB_1,3LKB,A,Bacteria,Thermus thermophilus,Thermus thermophilus,Leucine-binding protein family,other,2.4,383,392,383,109.94123211488257,7.252564430236817,0.4962009956362649,0.1096605744125326,0.1305483028720626,-0.1788511749347258,0.0939947780678851,35.02691906005223,0.0548302872062663,0.2845953002610966,0.877284595300261,0.1253263707571801,0.1494038634138381,19.055299758911133,0.3002610966057441,2.15027,-2.127263307571411,-1.2541364431381226,-1.2831528186798096,-1.2048254013061523,-1.1505920886993408,-1.5683393478393557,-1.182031,-1.692969,-1.070245727857784,,,-2.3148288975807767,-3.1323340991147193,2.15027,-1.32722
1BT5_1,1BT5,A,Bacteria,Escherichia coli,Escherichia coli,Class-A beta-lactamase family,hydrolase,1.8,263,263,263,110.0712927756654,5.458669090270996,-6.677678835164503,0.1368821292775665,0.1330798479087452,-0.2425855513307988,0.0494296577946768,40.22281368821291,0.0456273764258555,0.3041825095057034,0.8631178707224334,0.0570342205323193,0.2076527212350974,16.615062713623047,0.3003802281368821,1.998122,-1.1008272171020508,-1.4089447259902954,-1.4169933795928955,-1.3107874393463137,-1.30976665019989,-0.1080125495791435,-0.916281,-1.123703,-0.9867004858676924,,,-0.2698666822774329,-2.4282326353820105,1.998122,-1.416025
6K35_1,6K35,A,Bacteria,Vibrio harveyi,Vibrio harveyi,Glycosyl hydrolase 20 family,hydrolase,2.36,640,652,640,113.9899581250004,5.344195365905762,-24.232355139518376,0.1359375,0.1312499999999999,-0.3862499999999998,0.103125,45.29454687500008,0.0546875,0.2453125,0.8796875,-0.1984375,0.1149115499149177,25.169986724853516,0.3,1.816934,-1.6159350872039795,-1.465764045715332,-1.5107961893081665,-1.418379783630371,-1.4104093313217163,-1.0670980215072632,-1.360826,-1.627657,-1.3710294723510743,-1.4723877906799316,-1.23309588432312,-1.2153522491455078,-2.3770986557006837,1.816934,-1.380159
5H6X_1,5H6X,A,Bacteria,Legionella pneumophila,Legionella pneumophila,Sigma-70 factor family,transferase,1.6,94,100,94,117.7431063829786,9.813071250915527,4.865842234032298,0.1276595744680851,0.1914893617021276,-0.3606382978723403,0.0851063829787233,61.005319148936174,0.0212765957446808,0.2234042553191489,0.9148936170212766,0.723404255319149,0.1958387210532502,12.96396827697754,0.2978723404255319,1.790106,-0.7723759412765503,-1.6367157697677612,-1.6888339519500732,-1.5501176118850708,-1.5597466230392456,-1.083265781402588,-0.794394,-0.709244,-1.2559793350544382,-1.5592581033706665,-0.6701174378395081,-0.7483237246249584,-2.435431622444315,1.790106,-1.70842
5IL6_1,5IL6,A,Bacteria,Pseudomonas fluorescens,Pseudomonas fluorescens,Short-chain dehydrogenases/reductases (SDR) family,ribosomal,1.9,275,316,275,107.29601090909088,4.864133262634277,-11.581144682856689,0.1054545454545454,0.0872727272727272,0.2039999999999998,0.0654545454545454,36.04363636363637,0.0436363636363636,0.3054545454545455,0.9090909090909092,-0.3854545454545454,0.1581543078654495,17.28563117980957,0.3018181818181818,1.977257,-1.7626489400863647,-1.3724898099899292,-1.4619444608688354,-1.2854174375534058,-1.247759461402893,-1.3094072341918943,-1.311522,-1.716751,-1.038623046875,-1.3276824951171875,-1.1119518280029297,-2.292394575639205,-2.833683416193182,1.977257,-1.119826
1FRD_1,1FRD,A,Bacteria,Nostoc sp.,Nostoc sp.,2Fe2S plant-type ferredoxin family,other,1.7,98,98,98,110.38686224489788,4.284716606140138,-11.050223286672937,0.1836734693877551,0.0918367346938775,-0.3510204081632653,0.0612244897959183,58.35510204081631,0.0306122448979591,0.2653061224489796,0.8877551020408163,-0.3163265306122449,0.3135204081632653,11.547283172607422,0.3061224489795918,2.10112,-1.369457125663757,-1.430105686187744,-1.3415324687957764,-1.3375451564788818,-1.4544386863708496,-1.2605317831039429,-0.892429,-1.180022,-0.9776204946089764,-1.306715726852417,-1.0907660722732544,-1.4283775796695632,-3.150874546595982,2.10112,-1.303892
3HIX_1,3HIX,A,Bacteria,Nostoc sp.,Nostoc sp.,Pfam:PF00581,other,1.92,94,106,94,109.83321808510637,5.656355094909667,-5.485257351211844,0.1489361702127659,0.1702127659574468,-0.4297872340425532,0.0638297872340425,47.56808510638295,0.0212765957446808,0.3297872340425532,0.946808510638298,-0.1170212765957446,0.2679787234042553,12.242030143737791,0.2978723404255319,1.936455,-1.6839622259140017,-1.3945499658584597,-1.3908603191375732,-1.3499284982681274,-1.4484970569610596,-0.9118649959564208,-1.29572,-1.757584,-1.1840104448034408,-1.1779121160507202,-1.1829363107681274,-1.6124433152219082,-3.51034318639877,1.936455,-3.956339
1GUI_1,1GUI,A,Bacteria,Thermotoga maritima,Thermotoga maritima,Glycosyl hydrolase 16 family,hydrolase,1.9,155,155,155,113.56735354838696,4.19707088470459,-13.259373503702092,0.1354838709677419,0.0709677419354838,-0.5058064516129035,0.1548387096774193,6.797419354838709,0.0516129032258064,0.2967741935483871,0.9225806451612903,-0.7935483870967741,0.2956567086344334,14.364310264587402,0.3032258064516129,1.976833,-1.9214142560958865,-1.3585184812545776,-1.3238136768341064,-1.1183018684387207,-1.2088334560394287,-0.812282919883728,-1.229733,-1.809056,-0.85414064468876,-1.0455529689788818,-1.220370531082153,-2.0202837544102823,-3.2729275611139115,1.976833,-1.532029
9M6Y_1,9M6Y,A,Bacteria,Levilactobacillus brevis,Levilactobacillus brevis,Unclassified,other,1.7,92,92,92,104.63402391304344,6.028764152526855,-1.3573434648167364,0.0760869565217391,0.0869565217391304,-0.433695652173913,0.0760869565217391,-4.122826086956523,0.0108695652173913,0.4021739130434782,0.8804347826086956,-0.5978260869565217,0.3195373467112598,12.085504531860352,0.3043478260869565,2.041676,-2.411339044570923,-1.2810745239257812,-1.26405668258667,-1.1288379430770874,-1.1831947565078735,-1.9946540594100952,-1.317386,-2.27533,-1.1188089121942937,-1.302446722984314,-1.307456612586975,-2.8828357198963994,-3.609750498896059,2.041676,-1.316961
3DV9_1,3DV9,A,Bacteria,Phocaeicola vulgatus,Phocaeicola vulgatus,Pfam:PF13419,isomerase,1.72,243,247,243,110.96091646090537,6.1418169021606435,-3.721947770844349,0.1193415637860082,0.139917695473251,-0.3028806584362146,0.0864197530864197,40.96995884773663,0.0493827160493827,0.2674897119341564,0.9135802469135804,0.2880658436213992,0.2049664099046814,16.841285705566406,0.3004115226337449,1.892281,-1.8205589056015017,-1.4480479955673218,-1.4513463973999023,-1.3113466501235962,-1.3408888578414917,-0.9106273651123048,-1.373806,-2.060277,-0.9735682609149948,,,-1.4338052380722737,-2.8595357510288064,1.892281,-4.149145
3CCF_1,3CCF,A,Bacteria,Trichormus variabilis,Trichormus variabilis,Pfam:PF08241,transferase,1.9,238,279,238,112.14300840336136,5.376423072814942,-6.6895285035525625,0.1134453781512604,0.1092436974789916,-0.1457983193277309,0.1134453781512605,30.20294117647059,0.042016806722689,0.2647058823529412,0.865546218487395,0.0336134453781512,0.1782494019505612,18.011634826660156,0.3025210084033613,1.893439,-1.4157496690750122,-1.521980047225952,-1.5241796970367432,-1.425054907798767,-1.4362919330596924,-1.1836605072021484,-1.109433,-1.245484,-1.04019831809677,-1.3017441034317017,-1.0983359813690186,-1.2290608382024686,-2.8242810674074317,1.893439,-2.722345
2QHP_1,2QHP,A,Bacteria,Bacteroides thetaiotaomicron,Bacteroides thetaiotaomicron,Carbohydrate kinase PfkB family,transferase,1.8,288,296,288,111.01535312500008,5.074778556823729,-7.087378490360432,0.1284722222222222,0.1111111111111111,-0.0232638888888889,0.0902777777777777,39.14378472222222,0.0451388888888888,0.2430555555555555,0.9270833333333331,0.0381944444444444,0.1216958659904718,17.18347930908203,0.3020833333333333,1.942293,-1.6712526082992554,-1.4200090169906616,-1.4100759029388428,-1.2484418153762815,-1.275578856468201,-1.017996072769165,-1.172871,-1.601599,-0.7923555374145508,,,-1.0785343382093642,-2.6497669219970703,1.942293,-2.671876
3CAW_1,3CAW,A,Bacteria,Bdellovibrio bacteriovorus,Bdellovibrio bacteriovorus,Mandelate racemase/muconate lactonizing enzyme family,lyase,1.87,316,330,316,113.83601518987342,7.240457725524904,0.4729799174031441,0.1297468354430379,0.1550632911392405,-0.2965189873417728,0.1044303797468354,24.20632911392405,0.0443037974683544,0.2278481012658227,0.9398734177215188,0.0537974683544303,0.1787716000413893,18.901233673095703,0.300632911392405,1.905557,-2.3060882091522217,-1.4725284576416016,-1.4463274478912354,-1.3388466835021973,-1.320586919784546,-1.721224069595337,-1.500286,-1.90385,-1.0383632032177117,,,-2.821065395693236,-3.2700164408623418,1.905557,-1.254412
8V1X_1,8V1X,A,Bacteria,Streptomyces coelicolor / M145),Streptomyces coelicolor / M145),Pfam:PF00698,lyase,1.84,387,401,387,109.69643798449634,4.7822282791137685,-20.478285861648693,0.1472868217054263,0.1136950904392764,-0.0093023255813952,0.0826873385012919,26.793307493540063,0.0516795865633074,0.2997416020671835,0.9276485788113696,0.0594315245478036,0.1410114433370247,20.152530670166016,0.2997416020671835,2.12665,-1.1478850841522217,-1.20308256149292,-1.275138020515442,-1.1149687767028809,-1.1897156238555908,-1.3332329988479614,-1.095,-1.489804,-0.8058922740532138,-1.0505213737487793,-0.8283764123916626,-0.8907350840802648,-2.387054522216166,2.12665,-1.080636
7PQ7_1,7PQ7,A,Bacteria,Campylobacter jejuni,Campylobacter jejuni,Thioredoxin family,other,1.55,191,202,191,115.0921094240838,6.580557060241699,-0.8052085982974759,0.1151832460732984,0.1361256544502617,-0.4937172774869111,0.1308900523560209,25.825706806282714,0.0366492146596858,0.2094240837696335,0.9267015706806284,0.256544502617801,0.23740429898182,15.237800598144531,0.2984293193717277,1.932679,-2.068932056427002,-1.3943196535110474,-1.402715086936951,-1.2716633081436155,-1.2730669975280762,-1.036628246307373,-1.24018,-1.812015,-0.9779182953360191,-1.1227693557739258,-1.153545379638672,-2.330874617811273,-3.086252582010798,1.932679,-1.919887
4ETI_1,4ETI,A,Bacteria,Bacillus subtilis,Bacillus subtilis,Low molecular weight phosphotyrosine protein phosphatase family,hydrolase,1.8,150,184,150,111.89997466666668,6.589935493469238,-0.9667875440188922,0.1333333333333333,0.1666666666666666,-0.3046666666666666,0.0666666666666666,42.53666666666665,0.0333333333333333,0.2666666666666666,0.9333333333333332,0.2,0.2194802867383512,13.49188995361328,0.3,2.059923,-1.3903858661651611,-1.3776063919067385,-1.4481276273727417,-1.3098931312561035,-1.282931923866272,-1.2066679000854492,-1.038929,-1.200001,-0.9831121826171876,-1.251218318939209,-1.0717430114746094,-1.534591064453125,-2.7420955403645833,2.059923,-1.471385
4UT1_1,4UT1,A,Bacteria,Burkholderia pseudomallei,Burkholderia pseudomallei,Flagella basal body rod proteins family,structural,1.8,551,673,551,99.62583448275883,4.709872245788574,-4.541101946191809,0.0362976406533575,0.029038112522686,-0.000725952813067,0.0508166969147005,27.941379310344832,0.0526315789473684,0.4845735027223231,0.9346642468239564,-0.0163339382940108,0.1500510244611878,29.757110595703125,0.2994555353901996,2.059283,-1.7539571523666382,-1.3123823404312134,-1.3557997941970823,-1.1450564861297607,-1.1251678466796875,-1.262826442718506,-1.133342,-1.461954,-0.9527693123653016,,,-1.2554105284426045,-2.48173841417593,2.059283,-1.155814
4B6X_1,4B6X,A,Bacteria,Pseudomonas syringae,Pseudomonas syringae,Unclassified,other,2.2,69,90,69,113.2103057971014,4.780977821350096,-4.129095099336947,0.1884057971014492,0.144927536231884,-0.8318840579710148,0.0144927536231884,76.58260869565216,0.0144927536231884,0.2318840579710144,0.9855072463768116,0.927536231884058,0.2103690422829822,14.636595726013184,0.3043478260869565,1.468687,-2.4587881565093994,-1.9340143203735352,-1.9804524183273315,-1.8411599397659304,-1.8471038341522217,-2.3345675468444824,-1.804092,-2.051321,-1.6280871405117754,-1.6306159496307373,-1.7650604248046875,-2.7248406893965127,-3.732823910920516,1.468687,-2.180462
8DU0_1,8DU0,A,Bacteria,Brucella ovis,Brucella ovis,NAD(P)-dependent epimerase/dehydratase family,oxidoreductase,2.1,286,334,286,110.82122342657352,5.890077018737792,-6.062485503539634,0.1223776223776223,0.1363636363636363,-0.0594405594405593,0.0734265734265734,44.148986013986,0.0524475524475524,0.2727272727272727,0.9230769230769232,0.0909090909090908,0.1472422314527577,18.05648422241211,0.3006993006993007,1.836132,-1.5244407653808594,-1.488157868385315,-1.544455885887146,-1.423596978187561,-1.4019418954849243,-1.2148804664611816,-0.89261,-1.066172,-1.1614444972751858,,,-1.3929297173773492,-2.438558084981425,1.836132,-1.335855
6I86_1,6I86,A,Bacteria,Chondromyces crocatus,Chondromyces crocatus,Unclassified,other,2.0,156,156,156,112.05592115384606,4.76608600616455,-9.876874591965487,0.1474358974358974,0.1089743589743589,0.0679487179487179,0.0897435897435897,52.058974358974346,0.0641025641025641,0.2628205128205128,0.8525641025641025,-0.4551282051282052,0.297289840960727,14.48759937286377,0.3012820512820512,1.757409,-2.85066819190979,-1.6543442010879517,-1.7255163192749023,-1.505539059638977,-1.4901890754699707,-2.310666799545288,-1.840507,-2.924452,-1.3994441888271234,-1.612265706062317,-1.6415802240371704,-3.13115966014373,-3.694916553986378,1.757409,-2.023774
7QSJ_1,7QSJ,A,Bacteria,Mycolicibacterium hassiacum,Mycolicibacterium hassiacum,Unclassified,hydrolase,1.35,346,373,346,110.1775401734105,4.80377025604248,-20.349360729952114,0.1416184971098266,0.1098265895953757,-0.1962427745664739,0.0953757225433526,35.73265895953758,0.0606936416184971,0.3121387283236994,0.9046242774566474,0.315028901734104,0.1528646996295294,17.99794578552246,0.3005780346820809,1.80833,-1.335303544998169,-1.495808720588684,-1.5382757186889648,-1.2890485525131226,-1.334572672843933,-0.7030342221260071,-1.101813,-1.332232,-0.9067809705789378,-1.4138994216918943,-0.9432408213615416,-0.6022065443799675,-2.86107128341763,1.80833,-1.036577
9M07_1,9M07,A,Bacteria,Salmonella typhimurium,Salmonella typhimurium,Pfam:PF02518,transferase,2.4,108,134,108,112.21776574074065,6.782903861999511,-0.1567873273861302,0.1296296296296296,0.1388888888888889,-0.4898148148148152,0.0648148148148148,40.66296296296295,0.0185185185185185,0.3055555555555556,0.9814814814814816,0.7777777777777778,0.230003940110323,13.64735507965088,0.3055555555555556,1.183271,-2.739125490188598,-2.1483888626098637,-2.205408334732056,-2.1317265033721924,-2.0662853717803955,-1.3808104991912842,-1.908495,-2.4383,-2.0006257516366466,,,-2.051976521809896,-3.8760895905671298,1.183271,-2.460622
6WIN_1,6WIN,A,Bacteria,Salmonella typhi,Salmonella typhi,Unclassified,other,2.05,140,140,140,113.33935499999995,8.739092445373537,2.7544209927478427,0.0857142857142857,0.1785714285714285,-0.5664285714285714,0.1071428571428571,27.794285714285703,0.0214285714285714,0.2642857142857143,0.8071428571428572,-0.4785714285714286,0.2805462184873949,13.594036102294922,0.3,1.806955,-2.420429229736328,-1.5954177379608154,-1.702277660369873,-1.4892380237579346,-1.4484055042266846,-1.3496851921081543,-1.620808,-2.449169,-1.1589017595563615,-1.520166039466858,-1.4042272567749023,-2.95966796875,-3.7168182373046874,1.806955,-2.743691
1E29_1,1E29,A,Bacteria,Synechocystis sp.,Synechocystis sp.,Cytochrome c family,electron_carrier,1.21,135,135,135,111.99688518518506,4.579881477355957,-9.081969474011473,0.1629629629629629,0.1111111111111111,-0.5725925925925928,0.0888888888888888,34.41407407407405,0.0518518518518518,0.2814814814814814,0.8518518518518519,0.1703703703703703,0.22710150423461,13.679590225219728,0.3037037037037037,1.823631,-2.076826572418213,-1.5719423294067385,-1.6686058044433594,-1.4780856370925903,-1.5577023029327393,-1.4296693801879885,-1.549655,-1.733481,-1.254331687644676,-1.5137693881988523,-1.4564608335494995,-2.07301341869213,-3.68848718713831,1.823631,-1.728837
6G9P_1,6G9P,A,Bacteria,Escherichia coli,Escherichia coli,Transpeptidase family,hydrolase,2.101,538,582,538,111.98112825278828,9.04602642059326,7.936411442290918,0.104089219330855,0.1412639405204461,-0.3966542750929365,0.0966542750929368,30.99983271375465,0.0613382899628252,0.2695167286245353,0.8754646840148699,-0.1431226765799256,0.1231656525347228,26.74939346313477,0.3011152416356877,1.926197,-1.1827452182769775,-1.4683183431625366,-1.445096492767334,-1.3816131353378296,-1.3549553155899048,-0.8926401138305664,-1.166275,-1.316961,-1.0489206987685873,,,-0.3874002336126277,-2.222565945196329,1.926197,-1.199955
4OEU_1,4OEU,A,Bacteria,Campylobacter jejuni,Campylobacter jejuni,Bacterial solute-binding protein 5 family,transport,2.2,494,494,494,114.86602753036448,6.311424446105957,-3.962952464078001,0.1437246963562753,0.1619433198380566,-0.3789473684210528,0.1295546558704453,23.401842105263153,0.0404858299595141,0.2064777327935222,0.8623481781376519,-0.1619433198380567,0.1679383980312773,22.30532455444336,0.2995951417004048,2.034031,-1.540597438812256,-1.284590482711792,-1.3622008562088013,-1.2226893901824951,-1.19938063621521,-1.1821017265319824,-1.166777,-1.458988,-1.044999589804213,,,-1.3949374920926114,-2.498330058356528,2.034031,-1.122521
1ESD_1,1ESD,A,Bacteria,Streptomyces scabiei,Streptomyces scabiei,Pfam:PF13472,hydrolase,2.3,302,306,302,107.86756721854296,4.464270973205566,-19.978347340838273,0.1589403973509933,0.1026490066225165,-0.4016556291390735,0.076158940397351,36.67384105960264,0.0662251655629139,0.2880794701986755,0.8741721854304636,0.0596026490066224,0.1568267388308064,17.58901023864746,0.3013245033112582,1.95815,-2.102295398712158,-1.344990849494934,-1.4273931980133057,-1.3775824308395386,-1.4617830514907837,-1.365255355834961,-1.396111,-1.858984,-1.1242958725682948,-1.384477615356445,-1.3468246459960938,-1.9812256263581336,-3.0904324765236963,1.95815,-1.658676
3DHU_1,3DHU,A,Bacteria,Lactiplantibacillus plantarum,Lactiplantibacillus plantarum,Pfam:PF00128,hydrolase,2.0,422,449,422,113.76694715639816,4.882208061218263,-19.317337276142503,0.1374407582938388,0.1137440758293839,-0.3014218009478667,0.1161137440758293,24.091966824644537,0.0402843601895734,0.2488151658767772,0.8838862559241707,-0.0971563981042654,0.1204062669500191,21.13861656188965,0.3009478672985782,1.930793,-1.3283464908599854,-1.3758840560913086,-1.4222816228866575,-1.287551760673523,-1.2609020471572876,-0.7396671175956726,-1.095833,-1.353418,-1.009007313805169,-1.0824517011642456,-0.8887771964073181,-1.4935651300077757,-2.528684209308353,1.930793,-1.162451
6HLX_1,6HLX,A,Bacteria,Agrobacterium tumefaciens,Agrobacterium tumefaciens,Bacterial solute-binding protein 5 family,transport,1.65,491,492,491,110.50835356415487,6.5025739669799805,-2.146559764609762,0.120162932790224,0.1384928716904277,-0.3460285132382892,0.1079429735234215,27.181486761710783,0.0509164969450101,0.3014256619144603,0.90020366598778,-0.1059063136456212,0.1794884610098334,21.58013153076172,0.2993890020366598,2.130122,-1.6118885278701782,-1.2757295370101929,-1.294804930686951,-1.1533856391906738,-1.1505885124206543,-1.0613723993301392,-1.126485,-1.524975,-0.7555878866471487,-1.147303342819214,-1.0527256727218628,-1.601046622406441,-2.6009650764543024,2.130122,-1.127697
1LQA_1,1LQA,A,Bacteria,Escherichia coli,Escherichia coli,Aldo/keto reductase family,oxidoreductase,1.604,346,346,346,111.26895693641636,6.265725898742676,-3.515327314343864,0.1098265895953757,0.1300578034682081,-0.3231213872832375,0.0867052023121387,30.778612716763,0.0491329479768786,0.2947976878612717,0.9017341040462428,0.0520231213872832,0.1298765010771495,18.467559814453125,0.3005780346820809,1.888353,-1.0956276655197144,-1.4788508415222168,-1.5008240938186646,-1.383428931236267,-1.3801337480545044,-0.7864264249801636,-0.886275,-1.037151,-0.8392530672812049,-1.115100622177124,-0.8064181804656982,-0.4865003817343298,-2.2585562116148843,1.888353,-1.651802
6PXY_1,6PXY,A,Bacteria,Pseudomonas fluorescens,Pseudomonas fluorescens,Methyl-accepting chemotaxis (MCP) protein family,membrane,2.0,226,250,226,106.83656946902654,4.9270540237426745,-6.042363695885143,0.1106194690265486,0.0929203539823008,-0.0579646017699114,0.0752212389380531,27.769469026548663,0.0530973451327433,0.3539823008849557,0.9292035398230089,-0.0442477876106194,0.1669221008223332,18.307146072387695,0.3008849557522124,1.853276,-1.847350001335144,-1.585195541381836,-1.5855094194412231,-1.4976009130477903,-1.464443922042847,-1.3445335626602173,-1.331769,-1.66518,-1.246319661098244,,,-1.690863415203263,-2.8934647551680035,1.853276,-1.64124
3UPN_1,3UPN,A,Bacteria,Mycobacterium tuberculosis,Mycobacterium tuberculosis,Transpeptidase family,hydrolase,2.2,435,462,435,104.9336825287358,8.305413627624514,2.03022591074933,0.0827586206896551,0.0942528735632183,-0.1181609195402303,0.0620689655172413,34.30462068965515,0.0827586206896551,0.3770114942528735,0.9195402298850576,-0.064367816091954,0.1457787720064018,21.888837814331055,0.3011494252873563,2.041081,-1.4893015623092651,-1.2934647798538208,-1.3562028408050537,-1.2312099933624268,-1.1765239238739014,-1.3407583236694336,-1.193186,-1.32153,-0.9390696558459052,,,-0.9845132761988148,-2.3666955706716952,2.041081,-1.139351
1A0B_1,1A0B,A,Bacteria,Escherichia coli,Escherichia coli,Pfam:PF02518,transferase,2.06,117,125,117,111.78505726495726,4.810249900817872,-7.9443127995709375,0.1709401709401709,0.1282051282051282,-0.2957264957264957,0.0598290598290598,44.12222222222221,0.0427350427350427,0.2307692307692307,0.9230769230769232,0.8888888888888888,0.1797373358348968,13.822283744812012,0.2991452991452991,1.420297,-2.1709585189819336,-1.9483388662338257,-1.867916822433472,-1.7697231769561768,-1.7950568199157717,-0.8934471011161804,-1.561563,-2.080426,-1.4233890109592011,-1.7211081981658936,-1.583879470825195,-1.5774408324151976,-3.740680401141827,1.420297,-2.302501
3QQ6_1,3QQ6,A,Bacteria,Bacillus subtilis,Bacillus subtilis,Pfam:PF01381,DNA-binding,1.9,69,78,69,114.20105797101448,8.248165702819826,1.125930392977292,0.1304347826086956,0.2028985507246377,-0.5695652173913044,0.0579710144927536,21.28985507246377,0.0144927536231884,0.2463768115942029,0.8695652173913043,0.782608695652174,0.2426013883814395,10.305123329162598,0.3043478260869565,2.007322,-1.4798696041107178,-1.3796466588974,-1.5174885988235474,-1.414243221282959,-1.4937070608139038,-1.0727317333221436,-1.11199,-1.195153,-1.1477480902188066,-1.3496732711791992,-1.1029852628707886,-1.2411880493164062,-3.123408884241961,2.007322,-1.599893
6TAO_1,6TAO,A,Bacteria,Vibrio cholerae,Vibrio cholerae,Unclassified,toxin,1.98,345,355,345,110.37750579710148,4.415332603454591,-16.949389029105046,0.0985507246376811,0.0579710144927536,-0.1,0.0608695652173913,46.05101449275362,0.0115942028985507,0.2927536231884058,0.9710144927536232,0.6289855072463768,0.229402506081233,24.060060501098633,0.3014492753623188,1.508709,-2.343947410583496,-1.7846554517745972,-1.832058906555176,-1.6061238050460815,-1.6173022985458374,-1.5131160020828247,-1.818339,-2.420957,-1.4974439538043478,,,-2.7002980992413947,-2.9998973901721016,1.508709,-1.654419
4AMM_1,4AMM,A,Bacteria,Micromonospora chersina,Micromonospora chersina,Pfam:PF00698,other,1.4,384,401,384,101.03312604166688,5.714046669006348,-7.0995614364867095,0.1145833333333333,0.1197916666666666,0.2585937499999993,0.0338541666666666,28.102864583333325,0.0598958333333333,0.4244791666666667,0.9401041666666669,0.1328125,0.1889723463468171,21.065187454223633,0.2994791666666667,2.32336,-1.6302515268325806,-1.1008402109146118,-1.0732660293579102,-0.9708197116851808,-0.9475978016853333,-1.0185173749923706,-0.960999,-1.373859,-0.6284917990366617,,,-1.815673033396403,-2.4597031275431314,2.32336,-0.92559
1W0P_1,1W0P,A,Bacteria,Vibrio cholerae,Vibrio cholerae,Glycosyl hydrolase 33 family,hydrolase,1.6,753,781,753,109.6075714475438,4.776032829284667,-26.235718724274065,0.1049136786188578,0.0823373173970783,-0.3509960159362544,0.0942895086321381,30.306679946879193,0.0398406374501992,0.3213811420982735,0.9282868525896414,-0.6812749003984063,0.0980824220254246,29.59090805053711,0.300132802124834,1.929453,-2.2722110748291016,-1.420363187789917,-1.4019219875335691,-1.3338689804077148,-1.3179128170013428,-1.3858767747879028,-1.547866,-2.135477,-1.961985715990206,-1.3775923252105713,-1.3797255754470823,-2.6935908708914345,-2.93718744812417,1.929453,-2.626952
4N2O_1,4N2O,A,Bacteria,Ruminococcus flavefaciens,Ruminococcus flavefaciens,Unclassified,other,2.442,195,201,195,109.97871897435894,4.308986854553223,-18.87118147104411,0.1538461538461538,0.0769230769230769,-0.3133333333333334,0.0871794871794871,31.35999999999998,0.0512820512820512,0.282051282051282,0.958974358974359,-0.3435897435897436,0.3447635541444172,15.84572982788086,0.3025641025641025,1.717845,-2.447413682937622,-1.5167114734649658,-1.5603549480438232,-1.3805443048477173,-1.4558058977127075,-1.2847968339920044,-1.882166,-2.550576,-1.2011670234875802,-1.1722986698150637,-1.3603436946868896,-2.949045973557692,-3.423852226061699,1.717845,-6.238877
4PQ1_1,4PQ1,A,Bacteria,Corynebacterium diphtheriae,Corynebacterium diphtheriae,Pfam:PF00578,other,2.097,157,158,157,109.5671598726114,4.7737024307250975,-7.972238004713255,0.1464968152866242,0.1146496815286624,-0.2751592356687898,0.0891719745222929,43.47331210191081,0.0573248407643312,0.2802547770700637,0.9171974522292994,-0.178343949044586,0.2817484162274452,13.749625205993652,0.2993630573248407,2.07983,-2.061358690261841,-1.3223519325256348,-1.2981650829315186,-1.22163987159729,-1.202480673789978,-1.184559941291809,-1.025673,-1.422637,-0.8769219270937002,-1.2941502332687378,-1.203716278076172,-1.4340653146148488,-3.195997882041202,2.07983,-1.428994
4OVX_1,4OVX,A,Bacteria,Planctopirus limnophila,Planctopirus limnophila,Pfam:PF01261,isomerase,2.253,270,277,270,110.9688748148148,6.509849357604979,-1.744314635448248,0.1518518518518518,0.1777777777777777,-0.4540740740740745,0.1,30.83188888888889,0.0185185185185185,0.2925925925925925,0.8925925925925926,0.1962962962962962,0.1421282954424164,17.09446144104004,0.3,1.895765,-1.2271441221237185,-1.3837194442749023,-1.4054101705551147,-1.2599575519561768,-1.257745623588562,-1.0206842422485352,-0.8287,-1.187867,-0.7251738371672454,-0.9366723299026488,-0.7863885164260864,-0.9084903293185764,-2.91793212890625,1.895765,-3.39015
9KJ9_1,9KJ9,A,Bacteria,Rhodobacter capsulatus,Rhodobacter capsulatus,Unclassified,other,2.39,85,93,85,112.65770117647054,9.515420722961426,3.9357130469672494,0.1058823529411764,0.1764705882352941,-0.3235294117647057,0.0941176470588235,37.33188235294117,0.0352941176470588,0.2941176470588235,0.988235294117647,0.7764705882352941,0.1878787878787878,12.141902923583984,0.3058823529411765,1.555027,-2.467790365219116,-1.890227198600769,-1.894869327545166,-1.7263197898864746,-1.80522096157074,-1.5900243520736694,-1.69626,-2.254964,-1.6249780991498162,-1.8317118883132937,-1.7168018817901611,-2.977682854147518,-3.9780783260569854,1.555027,-1.962765
2ETJ_1,2ETJ,A,Bacteria,Thermotoga maritima,Thermotoga maritima,RNase HII family,hydrolase,1.74,211,250,211,111.4792706161138,6.545373725891113,-1.0327683591935468,0.1469194312796208,0.1658767772511848,-0.033649289099526,0.0710900473933649,33.16587677725117,0.0331753554502369,0.2322274881516587,0.9478672985781992,0.2085308056872037,0.1830063558543664,17.450986862182617,0.2985781990521327,2.08318,-1.5896177291870115,-1.3607409000396729,-1.3483871221542358,-1.3256263732910156,-1.312676191329956,-1.2039178609848022,-1.066409,-1.507141,-0.7993200220767921,,,-1.9652643429724528,-2.672121454754147,2.08318,-2.946019
3FN5_1,3FN5,A,Bacteria,Streptococcus pyogenes,Streptococcus pyogenes,Pfam:PF04203,other,1.5,161,187,161,109.8690329192546,4.6641736984252935,-9.920083538080634,0.1428571428571428,0.0993788819875776,-0.0801242236024844,0.0807453416149068,27.41366459627328,0.0372670807453416,0.2795031055900621,0.9192546583850932,-0.5217391304347827,0.2345221398517331,14.108037948608398,0.2981366459627329,1.905003,-1.9930580854415896,-1.4315043687820437,-1.4680609703063965,-1.293348789215088,-1.3214484453201294,-0.9556596875190736,-1.066908,-1.287243,-0.9833567364615684,-1.279200792312622,-1.3523175716400146,-0.930879581048622,-3.217434521787655,1.905003,-1.347077
4MAA_1,4MAA,A,Bacteria,Pseudomonas fluorescens,Pseudomonas fluorescens,Leucine-binding protein family,other,2.0,373,403,373,108.11090965147464,5.768441581726075,-4.713377852788639,0.1045576407506702,0.1072386058981233,-0.0490616621983913,0.099195710455764,27.57000000000001,0.0375335120643431,0.3378016085790885,0.906166219839142,0.0589812332439678,0.1458012022912495,19.491283416748047,0.3002680965147453,1.947331,-1.923543930053711,-1.3892560005187988,-1.4921059608459473,-1.249519944190979,-1.2650024890899658,-0.8388400077819824,-1.354353,-1.79343,-0.8442112817840985,-0.8546515107154846,-1.0547608137130735,-1.3447031629628854,-3.083750706895107,1.947331,-2.391532
1VHS_1,1VHS,A,Bacteria,Bacillus subtilis,Bacillus subtilis,Acetyltransferase family,transferase,1.8,165,175,165,112.49589151515146,5.297360038757325,-6.15429333085811,0.1454545454545454,0.1333333333333333,-0.2424242424242422,0.109090909090909,37.40975757575756,0.0424242424242424,0.2909090909090909,0.9212121212121211,-0.2181818181818182,0.1549076773566569,14.949085235595703,0.303030303030303,1.771971,-1.4414390325546265,-1.6546510457992554,-1.606096863746643,-1.5502643585205078,-1.636990666389465,-1.1460177898406982,-1.118577,-1.425118,-0.8817935828006629,-1.318363070487976,-1.0872353315353394,-1.2699650619969225,-2.7274434407552084,1.771971,-3.447354
6NOB_1,6NOB,A,Bacteria,Bifidobacterium adolescentis,Bifidobacterium adolescentis,Glycosyl hydrolase 32 family,hydrolase,2.44,634,637,634,110.12136671924334,4.895167350769043,-31.00500638387927,0.1356466876971608,0.113564668769716,-0.3373817034700314,0.0993690851735015,29.771766561514188,0.0504731861198738,0.2902208201892744,0.9164037854889592,-0.6419558359621451,0.1016097701298029,23.560131072998047,0.2996845425867508,1.921728,-2.1731622219085693,-1.4097938537597656,-1.4488734006881714,-1.176132082939148,-1.2194492816925049,-1.496084690093994,-1.468903,-1.997567,-1.4123771980357849,-1.3287968635559082,-1.319885015487671,-2.3550124303775632,-2.843708026296333,1.921728,-1.078966
1HA3_1,1HA3,A,Bacteria,Thermus thermophilus,Thermus thermophilus,TRAFAC class translation factor GTPase superfamily,GTPase,2.0,391,405,391,110.33959028133005,5.348230934143066,-14.103417433038608,0.1508951406649616,0.1432225063938619,-0.2048593350383636,0.0639386189258311,24.8949104859335,0.0562659846547314,0.2557544757033248,0.9565217391304348,-0.2557544757033248,0.1129070446175521,21.05685234069824,0.29923273657289,2.035899,-0.7745764255523682,-1.4375795125961304,-1.4858851432800293,-1.3590936660766602,-1.372721552848816,-1.225792646408081,-0.593546,-0.693166,-0.3856976209089274,,,-0.7534969554227942,-1.5368638294737051,2.035899,-1.300659
4FFI_1,4FFI,A,Bacteria,Paenarthrobacter ureafaciens,Paenarthrobacter ureafaciens,Glycosyl hydrolase 32 family,transferase,2.3,480,492,480,109.89530291666688,4.928190803527831,-20.87070073968296,0.1104166666666666,0.0958333333333333,-0.3150000000000001,0.1208333333333333,28.555854166666677,0.0645833333333333,0.3479166666666666,0.8708333333333332,-0.6583333333333333,0.12090035363906,21.556798934936523,0.3,1.94657,-1.914703607559204,-1.4148259162902832,-1.511218786239624,-1.347980499267578,-1.3624482154846191,-1.1258388757705688,-1.28225,-1.678729,-0.9158873240152996,-1.0191824436187744,-1.2192622423171997,-0.7100471496582031,-2.7072133382161456,1.94657,-1.371893
3R0V_1,3R0V,A,Bacteria,Sphaerobacter thermophilus,Sphaerobacter thermophilus,Pfam:PF12697,hydrolase,1.383,257,262,257,104.69290350194544,4.571241950988769,-13.768292960473914,0.11284046692607,0.0778210116731517,0.0599221789883268,0.0700389105058365,41.22490272373541,0.1011673151750972,0.3657587548638132,0.926070038910506,0.0856031128404669,0.153265193404452,16.4898624420166,0.2996108949416342,2.163946,-1.1328716278076172,-1.1863124370574951,-1.251448631286621,-1.0356929302215576,-1.050168514251709,-1.054640769958496,-1.119679,-1.428219,,-0.8757457137107849,-0.7559096813201904,-1.1382738402845332,-2.402860530155642,2.163946,-3.14848
4OGM_1,4OGM,A,Bacteria,Escherichia coli,Escherichia coli,Bacterial solute-binding protein 1 family,transport,2.234,500,520,500,107.98513900000002,5.040447807312011,-11.924937158327005,0.128,0.11,-0.2230000000000004,0.092,18.9552,0.048,0.314,0.94,0.0519999999999999,0.133444360333081,23.93646812438965,0.3,2.33977,-1.281862735748291,-0.8016122579574585,-0.8931812644004822,-0.872101366519928,-0.8748249411582947,-0.6747700572013855,-0.639037,-0.732609,-1.060966064453125,,,-0.8389853515625,-2.471763671875,2.33977,-1.165435
2EHS_1,2EHS,A,Bacteria,Aquifex aeolicus,Aquifex aeolicus,Acyl carrier protein (ACP) family,other,1.3,75,77,75,112.87265333333328,4.109027290344237,-14.496163591463976,0.2933333333333333,0.1066666666666666,-0.2226666666666666,0.0533333333333333,37.30666666666665,0.0266666666666666,0.1733333333333333,0.8800000000000001,0.3733333333333333,0.2119354838709677,10.814617156982422,0.3066666666666666,2.185534,-0.7146487832069397,-1.352976679801941,-1.3323194980621338,-1.1529892683029177,-1.224595308303833,-0.6438828110694885,-0.416918,-0.507819,-0.4856642659505208,-1.0896726846694946,-0.4396075010299682,-0.9525951131184895,-2.428233642578125,2.185534,-1.372728
3FUX_1,3FUX,A,Bacteria,Thermus thermophilus,Thermus thermophilus,Class I-like SAM-binding methyltransferase superfamily,ribosomal,1.68,264,271,264,110.52536325757576,10.027879905700685,8.293391288697006,0.1098484848484848,0.1590909090909091,0.0337121212121213,0.0757575757575757,46.39621212121211,0.0833333333333333,0.2727272727272727,0.9053030303030304,0.1022727272727272,0.1249180658498462,19.483795166015625,0.2992424242424242,2.337825,-1.2653616666793823,-1.1515828371047974,-1.1463992595672607,-1.0494569540023804,-1.0096837282180786,-0.9362313747406006,-0.658537,-0.936493,-0.5045942826704546,-0.8339636325836182,-0.6149500012397766,-1.1040328054717092,-2.795114228219697,2.337825,-0.875897
3MER_1,3MER,A,Bacteria,Synechocystis sp.,Synechocystis sp.,Pfam:PF13649,other,2.2,173,202,173,108.92123121387291,5.028454780578613,-4.994781581490654,0.1098265895953757,0.0924855491329479,-0.0445086705202312,0.0693641618497109,41.08323699421964,0.0520231213872832,0.254335260115607,0.907514450867052,-0.2138728323699422,0.1668539927210447,14.795748710632324,0.3005780346820809,1.827948,-1.5316941738128662,-1.587699055671692,-1.560459017753601,-1.6144834756851196,-1.6198476552963257,-1.2863181829452517,-1.002995,-1.157529,-1.113603183988891,,,-1.8199192995280888,-2.7633472949783235,1.827948,-1.949803
6AOJ_1,6AOJ,A,Bacteria,Legionella pneumophila,Legionella pneumophila,Unclassified,membrane,1.902,209,214,209,116.39582296650724,4.733517265319825,-13.293257233623873,0.1818181818181818,0.1339712918660287,-0.743062200956938,0.138755980861244,34.99813397129186,0.0382775119617224,0.2105263157894736,0.9138755980861244,0.0239234449760765,0.2180962947553336,16.766408920288086,0.3014354066985646,1.96982,-2.5192883014678955,-1.444981813430786,-1.467087745666504,-1.214881181716919,-1.248465895652771,-0.8024094700813293,-1.587288,-2.303962,-1.0258685390344646,,,-2.798194702732506,-3.4213543029493123,1.96982,-2.121403
1C3P_1,1C3P,A,Bacteria,Aquifex aeolicus,Aquifex aeolicus,Histone deacetylase family,histone,1.8,372,375,372,113.90048306451614,5.770317268371582,-6.518135629816918,0.1505376344086021,0.1532258064516129,-0.369623655913979,0.1182795698924731,32.25056451612903,0.0456989247311828,0.2177419354838709,0.8924731182795699,0.043010752688172,0.1343566963895445,18.49668312072754,0.3010752688172043,2.128656,-1.7893307209014893,-1.2479653358459473,-1.260637640953064,-1.1795918941497805,-1.199690580368042,-1.4487981796264648,-1.190835,-1.44587,-0.7447741108555948,-0.9413947463035583,-1.0083616971969604,-1.754740725281418,-2.9506583265078965,2.128656,-1.064281
4N30_1,4N30,A,Bacteria,Pseudomonas aeruginosa,Pseudomonas aeruginosa,Thioredoxin family,isomerase,1.3,182,221,182,109.84869175824178,5.549156761169433,-4.806443343382718,0.1428571428571428,0.1428571428571428,-0.3038461538461541,0.0659340659340659,38.75934065934066,0.0439560439560439,0.2912087912087912,0.901098901098901,0.1208791208791208,0.2025257905359946,15.384513854980469,0.3021978021978022,2.001271,-1.7774640321731567,-1.3028171062469482,-1.349180817604065,-1.2675788402557373,-1.2491941452026367,-0.3077399134635925,-1.349987,-1.682837,-1.0521615835336535,-1.3841893672943115,-1.1944183111190796,-1.5908565311641485,-2.8975860260345123,2.001271,-1.661364
2BM0_1,2BM0,A,Bacteria,Thermus thermophilus,Thermus thermophilus,TRAFAC class translation factor GTPase superfamily,GTPase,2.4,666,691,666,111.1984795795799,5.405524635314941,-16.965723131516427,0.1501501501501501,0.1426426426426426,-0.2148648648648652,0.069069069069069,35.635135135135165,0.057057057057057,0.2522522522522523,0.9054054054054056,-0.1726726726726726,0.0822784810126582,28.581239700317383,0.3003003003003003,1.915326,-0.856333315372467,-1.5148348808288574,-1.5500938892364502,-1.4555184841156006,-1.457467794418335,-0.9827261567115784,-0.70112,-0.703307,-1.1292740188919388,,,-0.8724948092623874,-1.600853905663476,1.915326,-1.45929
3M4X_1,3M4X,A,Bacteria,Enterococcus faecium,Enterococcus faecium,Class I-like SAM-binding methyltransferase superfamily,transferase,2.28,440,456,440,112.19487659090922,6.822350120544433,-0.6181178836810517,0.1159090909090909,0.1386363636363636,-0.3931818181818181,0.1022727272727272,42.93931818181818,0.0568181818181818,0.2636363636363636,0.9090909090909092,-0.0954545454545455,0.1186773312524385,22.033214569091797,0.3,2.058969,-1.5565216541290283,-1.3904709815979004,-1.430972933769226,-1.3357194662094116,-1.3361356258392334,-1.305703043937683,-1.138311,-1.526437,-0.8298626986416904,,,-1.7028317538174715,-2.597396573153409,2.058969,-2.317163
5E75_1,5E75,A,Bacteria,Bacteroides ovatus,Bacteroides ovatus,SusD family,other,1.36,506,519,506,114.17932648221344,4.63461742401123,-22.130993273875426,0.1363636363636363,0.0948616600790513,-0.4822134387351778,0.1363636363636363,37.143735177865615,0.0415019762845849,0.2628458498023715,0.9031620553359684,0.108695652173913,0.1492519786023542,21.51258659362793,0.300395256916996,1.919802,-2.124148368835449,-1.3478213548660278,-1.4196858406066897,-1.220546841621399,-1.237719178199768,-1.1893067359924316,-1.435462,-1.886893,-0.9217827235285944,,,-2.038514631067811,-2.839736154428113,1.919802,-1.131294
3GKM_1,3GKM,A,Bacteria,Xanthomonas campestris pv. campestris,Xanthomonas campestris pv. campestris,Peroxiredoxin family,oxidoreductase,1.53,157,163,157,107.5478700636942,6.567711448669433,-0.7969618449710261,0.1146496815286624,0.1401273885350318,-0.0662420382165605,0.0891719745222929,35.92554140127388,0.0445859872611464,0.3312101910828025,0.9426751592356688,-0.0636942675159235,0.2445715112912565,14.208110809326172,0.2993630573248407,1.903416,-1.486090898513794,-1.45620858669281,-1.435794711112976,-1.3338289260864258,-1.2766424417495728,-0.8801756501197815,-0.698004,-0.891521,-0.6370533742722432,-1.4190503358840942,-0.9574637413024902,-1.271510616229598,-2.774963767665207,1.903416,-1.735359
2O1C_1,2O1C,A,Bacteria,Escherichia coli,Escherichia coli,Nudix hydrolase family,hydrolase,1.8,147,150,147,115.86531496598634,5.823348045349121,-2.8766005297088952,0.1428571428571428,0.1496598639455782,-0.3108843537414968,0.0952380952380952,52.85510204081632,0.0408163265306122,0.2312925170068027,0.9047619047619048,-0.3197278911564626,0.299878309094899,13.951431274414062,0.2993197278911564,1.908436,-1.618432641029358,-1.469892978668213,-1.4753350019454956,-1.3566192388534546,-1.356001853942871,-0.3456513881683349,-0.987056,-1.28133,-1.2124226888020833,-1.055361032485962,-0.9187042117118835,-0.7664916888386214,-3.0709627112563775,1.908436,-1.872084
6MCA_1,6MCA,A,Bacteria,Legionella pneumophila,Legionella pneumophila,Pfam:PF12796,other,2.455,460,490,460,114.8999263043478,6.161824226379394,-5.866117139311541,0.1239130434782608,0.1434782608695652,-0.1776086956521741,0.1065217391304347,38.044369565217394,0.0391304347826087,0.208695652173913,0.9108695652173912,0.3978260869565217,0.0654274753379612,23.17614364624023,0.3,1.749188,-2.557980537414551,-1.624397873878479,-1.5963413715362549,-1.49698007106781,-1.4931364059448242,-1.748747944831848,-1.714719,-2.540624,-1.3020061990489131,,,-1.8011264966881793,-2.993799358865489,1.749188,-1.312466
5NPY_1,5NPY,A,Bacteria,Helicobacter pylori,Helicobacter pylori,Flagella basal body rod proteins family,other,2.292,472,618,472,111.69641250000004,5.435933494567871,-8.913641710715957,0.1461864406779661,0.1398305084745762,-0.6483050847457619,0.0847457627118644,26.005508474576256,0.048728813559322,0.2542372881355932,0.9088983050847456,-0.625,0.1991215775749674,32.300941467285156,0.3008474576271186,1.908877,-2.540205717086792,-1.4834402799606323,-1.4833201169967651,-1.3155087232589722,-1.3471423387527466,-1.426197528839111,-1.619628,-2.094463,-1.2577571545617054,,,-2.4810413425251587,-3.0073805986824684,1.908877,-1.310272
5DZ2_1,5DZ2,A,Bacteria,Streptomyces coelicolor / M145),Streptomyces coelicolor / M145),Terpene synthase family,lyase,2.111,322,338,322,113.34069409937904,5.162878990173339,-16.96748910325946,0.1428571428571428,0.1304347826086956,-0.3419254658385098,0.1055900621118012,47.33543478260869,0.0590062111801242,0.2701863354037266,0.9161490683229814,0.5931677018633541,0.1481170611605394,18.46951675415039,0.3012422360248447,1.660089,-1.4199451208114624,-1.6350226402282717,-1.6860920190811155,-1.4872949123382568,-1.5310957431793213,-0.6976212859153748,-1.325172,-1.485557,-1.0865640581024358,,,-0.4763990129743303,-2.9760260730056287,1.660089,-1.549331
9YPI_1,9YPI,A,Bacteria,Pseudomonas syringae,Pseudomonas syringae,Unclassified,toxin,2.49,238,250,238,112.75254747899156,4.970706367492675,-13.74460211374572,0.1386554621848739,0.1176470588235294,-0.1323529411764706,0.1302521008403361,25.76050420168067,0.0210084033613445,0.2899159663865546,0.957983193277311,0.7647058823529412,0.1884967763827621,17.829713821411133,0.3025210084033613,1.402579,-2.495124340057373,-1.865923762321472,-1.9291702508926392,-1.828773021697998,-1.822721600532532,-1.677506685256958,-1.770954,-2.284342,-1.534576416015625,-1.7162773609161377,-1.6948511600494385,-2.932322269728204,-3.397937934939601,1.402579,-1.752535
1R50_1,1R50,A,Bacteria,Bacillus subtilis,Bacillus subtilis,AB hydrolase superfamily,hydrolase,1.45,179,181,179,107.04717765363122,9.39821720123291,5.191650308387233,0.0614525139664804,0.1173184357541899,-0.1759776536312848,0.0837988826815642,10.98435754189944,0.0223463687150837,0.3240223463687151,0.9106145251396648,-0.0391061452513966,0.1637188157329292,13.854634284973145,0.3016759776536313,2.129339,-1.710766315460205,-1.2660892009735107,-1.394175410270691,-1.136748433113098,-1.0868502855300903,-1.43430757522583,-1.106235,-1.620511,-0.8029003462977915,-0.9519250988960266,-1.007893204689026,-1.421391151470845,-3.1643158470452164,2.129339,-1.336441
6ZJ8_1,6ZJ8,A,Bacteria,Bordetella pertussis,Bordetella pertussis,Pfam:PF02518,transferase,2.4,141,162,141,114.00762127659574,5.005548667907715,-7.7820212885698865,0.1843971631205674,0.1560283687943262,-0.3695035460992908,0.0709219858156028,14.795744680851064,0.0425531914893617,0.226950354609929,0.9574468085106382,-0.078014184397163,0.1610752516800807,16.289783477783203,0.2978723404255319,1.584724,-1.7445329427719116,-1.832995057106018,-1.8194715976715088,-1.698536992073059,-1.7177201509475708,-1.0484603643417358,-1.731289,-1.86208,-1.5092693355912012,-1.6771715879440308,-1.3303345441818235,-2.091896652329898,-3.1813029837101063,1.584724,-2.016288
5UM7_1,5UM7,A,Bacteria,Streptococcus gordonii,Streptococcus gordonii,Pfam:PF00578,membrane,1.62,140,187,140,119.3624071428571,5.051247215270995,-7.876164298020616,0.1928571428571428,0.1642857142857142,-0.8342857142857145,0.1214285714285714,26.35292857142856,0.0428571428571428,0.1571428571428571,0.9285714285714286,-0.157142857142857,0.2964632454923717,13.518497467041016,0.3,1.639521,-1.7988653182983398,-1.827756404876709,-1.8533464670181277,-1.8278096914291384,-1.8486467599868772,-1.376768946647644,-1.620866,-1.725322,-1.8030958993094308,-1.9657152891159055,-1.5443580150604248,-2.1299325125558037,-3.1067633492606026,1.639521,-2.134022
1BA2_1,1BA2,A,Bacteria,Escherichia coli,Escherichia coli,Bacterial solute-binding protein 2 family,other,2.1,271,271,271,105.22218819188184,7.041975975036621,0.0479114531822411,0.1143911439114391,0.1254612546125461,-0.1247232472324722,0.03690036900369,17.194833948339465,0.033210332103321,0.3062730627306273,0.955719557195572,0.1439114391143911,0.1622130938290515,19.63274383544922,0.2988929889298893,2.17287,-0.940272569656372,-1.393023133277893,-1.4320513010025024,-1.329613447189331,-1.3501110076904297,-0.8288053274154663,-0.729879,-0.923313,-0.7064614383936808,-0.9487571716308594,-0.6311344504356384,-0.3022897868138837,-2.4518063253142297,2.17287,-1.611736
2RAG_1,2RAG,A,Bacteria,Caulobacter vibrioides,Caulobacter vibrioides,Pfam:PF01244,hydrolase,2.0,369,417,369,108.90172249322512,5.368749809265137,-13.372158338676163,0.1490514905149051,0.1463414634146341,-0.3355013550135509,0.08130081300813,25.988644986449863,0.048780487804878,0.3116531165311653,0.913279132791328,0.1761517615176151,0.1626732324233811,18.672710418701172,0.3008130081300813,1.983242,-1.5451315641403198,-1.305654525756836,-1.312853217124939,-1.1306617259979248,-1.1287240982055664,-1.0090487003326416,-0.998286,-1.2751,-0.7428610370088076,,,-1.3121603368743648,-2.8529112280868905,1.983242,-1.226421
5EJ3_1,5EJ3,A,Bacteria,Streptomyces lividans,Streptomyces lividans,Glycosyl hydrolase 11 (cellulase G) family,hydrolase,1.314,191,234,191,109.75113089005228,8.702925682067871,1.8471054178108215,0.06282722513089,0.0785340314136125,-0.7026178010471208,0.1570680628272251,21.037172774869106,0.0261780104712041,0.4240837696335078,0.9685863874345548,-0.6858638743455497,0.3029925410600301,14.812875747680664,0.2984293193717277,2.091729,-0.8549938797950745,-1.118240237236023,-1.2454557418823242,-1.0453742742538452,-1.0369261503219604,-1.273611545562744,-0.628572,-0.728549,-0.5728628747750327,-1.0536116361618042,-0.607389509677887,-0.6625686565618865,-2.0826091666496236,2.091729,-1.19908
6EUD_1,6EUD,A,Bacteria,Escherichia coli,Escherichia coli,DEAD box helicase family,hydrolase,2.4,808,812,808,110.04146138613928,5.9246919631958,-7.159556358619824,0.1175742574257425,0.1212871287128713,-0.1525990099009902,0.0408415841584158,42.5227722772279,0.0618811881188118,0.2722772277227722,0.8873762376237624,-0.0309405940594059,0.0515694349607374,33.4439697265625,0.3007425742574257,1.888483,-1.0142714977264404,-1.5220983028411863,-1.5584701299667358,-1.416281819343567,-1.3869833946228027,-0.5224003791809082,-1.11058,-1.236411,-1.815563995059174,-1.4219070672988892,-0.776296079158783,-0.4377881040667543,-2.219492392964882,1.888483,-2.039917
1M6Y_1,1M6Y,A,Bacteria,Thermotoga maritima,Thermotoga maritima,Methyltransferase superfamily,ribosomal,1.9,293,301,293,116.9766518771333,8.838180351257325,4.264935931839538,0.1808873720136518,0.2116040955631399,-0.5313993174061435,0.0648464163822525,44.12047781569965,0.0375426621160409,0.1843003412969283,0.8737201365187713,0.1433447098976109,0.1473348725155591,18.353534698486328,0.3003412969283277,2.013208,-1.1555864810943604,-1.2977999448776243,-1.2628812789916992,-1.1628245115280151,-1.2080823183059692,-0.941430926322937,-0.950254,-1.109179,-0.612142829764825,-0.9103444814682008,-0.7028250694274902,-1.259043202058447,-2.3623832207897824,2.013208,-1.967975
3EEB_1,3EEB,A,Bacteria,Vibrio cholerae,Vibrio cholerae,Pfam:PF00561,toxin,2.1,205,209,205,108.8259243902439,5.782196617126464,-4.575402245969741,0.1317073170731707,0.1414634146341463,-0.6200000000000007,0.0585365853658536,20.719024390243906,0.024390243902439,0.2926829268292683,0.9365853658536584,-0.273170731707317,0.1631219512195121,15.22714614868164,0.3024390243902439,1.870023,-1.222865104675293,-1.5442174673080444,-1.5564095973968506,-1.3990874290466309,-1.414474606513977,-0.2234920412302017,-1.724048,-2.297964,-1.125883818835747,-1.2643457651138306,-0.8319962620735168,-0.5054119203148819,-3.2668075933689025,1.870023,-1.878222
8WXK_1,8WXK,A,Bacteria,Nostoc sp.,Nostoc sp.,NAD(P)-dependent epimerase/dehydratase family,isomerase,2.26,332,332,332,109.5572165662652,6.049794578552246,-5.448552383993956,0.1114457831325301,0.1295180722891566,-0.1201807228915662,0.0903614457831325,30.54909638554216,0.0602409638554216,0.2740963855421686,0.9156626506024096,-0.0060240963855421,0.1501604049333428,18.387929916381836,0.3012048192771084,2.045283,-1.0966740846633911,-1.3775877952575684,-1.4353810548782349,-1.2542182207107544,-1.2369638681411743,-1.0603119134902954,-0.748476,-0.906678,-0.9861277384930346,-1.209384560585022,-0.8227084875106812,-0.6624414834631495,-2.2318148325724776,2.045283,-1.1945
3TVQ_1,3TVQ,A,Bacteria,Streptomyces glaucescens,Streptomyces glaucescens,Class I-like SAM-binding methyltransferase superfamily,transferase,1.67,152,169,152,116.17462105263162,5.860634422302245,-3.935877813433134,0.1578947368421052,0.1710526315789473,-0.7217105263157898,0.1052631578947368,34.58355263157892,0.0460526315789473,0.256578947368421,0.9473684210526316,-0.1842105263157894,0.2446992481203007,15.061033248901367,0.3026315789473684,1.684341,-1.9290528297424316,-1.64350163936615,-1.6556247472763062,-1.472014546394348,-1.4898812770843506,-1.3220638036727903,-1.170504,-1.509666,-1.0731495305111534,-1.399043321609497,-1.209160566329956,-1.595640584042198,-3.2204200343081824,1.684341,-2.194023
3C7G_1,3C7G,A,Bacteria,Bacillus subtilis,Bacillus subtilis,Glycosyl hydrolase 43 family,hydrolase,2.02,488,488,488,105.975055942623,6.692302513122559,-1.3135805918136685,0.0717213114754098,0.096311475409836,-0.2227459016393446,0.1188524590163934,19.61516393442623,0.055327868852459,0.375,0.8688524590163935,-0.6639344262295082,0.133498975409836,21.7454891204834,0.3012295081967213,2.103373,-1.0947301387786863,-1.2106038331985474,-1.2586476802825928,-1.0664715766906738,-1.0932692289352417,-0.5361152291297913,-1.214586,-1.456592,-0.7908256405689678,-0.971908450126648,-0.7398037314414978,-0.9409971393522668,-2.1944434994556863,2.103373,-1.060182
3PGP_1,3PGP,A,Bacteria,Pseudomonas aeruginosa,Pseudomonas aeruginosa,Pfam:PF00583,transferase,1.42,159,162,159,111.2459811320754,6.900446891784668,-0.155073476454433,0.10062893081761,0.1257861635220125,-0.1276729559748428,0.10062893081761,26.60138364779873,0.050314465408805,0.2767295597484276,0.89937106918239,-0.0817610062893081,0.1615512484362415,14.309728622436523,0.3018867924528302,1.786581,-1.6522650718688965,-1.5703084468841553,-1.6005429029464722,-1.3776694536209106,-1.3685098886489868,-0.6865085959434509,-1.350246,-1.566981,-1.175562636657331,-1.4268544912338257,-1.271871566772461,-1.2691665745381289,-3.219725027024371,1.786581,-1.514166
1H42_1,1H42,A,Bacteria,Nostoc sp.,Nostoc sp.,Ferredoxin--NADP reductase type 1 family,oxidoreductase,2.15,295,304,295,112.3060023728814,6.0329702377319325,-3.6139022735673194,0.1322033898305084,0.1423728813559321,-0.5111864406779665,0.0915254237288135,31.473220338983044,0.0644067796610169,0.2508474576271186,0.9322033898305084,-0.2338983050847458,0.1506529591553209,18.5015926361084,0.3016949152542373,1.984195,-1.380226492881775,-1.384822130203247,-1.389095425605774,-1.2458345890045166,-1.2803778648376465,-0.6118350625038147,-0.96444,-1.052138,-0.7983183779958951,-0.914387047290802,-0.8880932927131653,-0.6494881840075477,-2.6098858332229873,1.984195,-1.083723
8ANX_1,8ANX,AAA,Bacteria,Thermogutta terrifontis,Thermogutta terrifontis,Glycosyl hydrolase 5 (cellulase A) family,hydrolase,1.2,334,346,334,114.87349610778452,5.5373342514038075,-11.10374095460356,0.1407185628742515,0.1437125748502994,-0.4053892215568864,0.1197604790419161,46.69640718562873,0.0658682634730539,0.2305389221556886,0.934131736526946,-0.0778443113772455,0.1615681680118025,18.28510284423828,0.2994011976047904,2.035373,-1.6419445276260376,-1.2738298177719116,-1.346395492553711,-1.1961318254470823,-1.1888113021850586,-0.927701473236084,-1.178702,-1.654574,-0.8767754103609188,-1.2206275463104248,-0.968002438545227,-1.862170556348241,-2.628573297740457,2.035373,-0.941348
1OEJ_1,1OEJ,A,Bacteria,Escherichia coli,Escherichia coli,Calycin superfamily,other,1.81,187,193,187,115.7695385026738,5.2517183303833,-7.708695923354405,0.160427807486631,0.1497326203208556,-0.791978609625669,0.1283422459893048,52.98930481283421,0.0427807486631016,0.2299465240641711,0.9144385026737968,-0.1336898395721925,0.2190223467449723,15.969511985778809,0.2994652406417112,1.916545,-2.642890453338623,-1.4546459913253784,-1.4573347568511963,-1.3537554740905762,-1.3695223331451416,-0.7819796204566956,-1.512936,-2.046126,-1.2145304144385027,-1.350364327430725,-1.5262248516082764,-1.1201545592935327,-3.5156380556483957,1.916545,-1.39639
1L9G_1,1L9G,A,Bacteria,Thermotoga maritima,Thermotoga maritima,Uracil-DNA glycosylase (UDG) superfamily,hydrolase,2.5,191,192,191,112.27026439790582,8.597519874572757,2.7627096712634263,0.1361256544502617,0.1675392670157068,-0.2607329842931937,0.0575916230366492,43.750261780104715,0.0575916230366492,0.2198952879581152,0.963350785340314,0.094240837696335,0.1822130397013593,14.99621295928955,0.2984293193717277,1.991445,-1.36537766456604,-1.3819501399993896,-1.3912043571472168,-1.3420311212539673,-1.3519498109817505,-1.2616949081420898,-0.904463,-1.070197,-1.0752493174288285,-1.0904648303985596,-0.9068293571472168,-1.571883116717114,-2.266563215804974,1.991445,-2.233149
4WY9_1,4WY9,A,Bacteria,Campylobacter jejuni,Campylobacter jejuni,Methyl-accepting chemotaxis (MCP) protein family,membrane,1.4,285,297,285,111.8621056140352,4.9714452743530275,-7.124099105867209,0.1333333333333333,0.1122807017543859,-0.3245614035087721,0.1052631578947368,30.441052631578952,0.031578947368421,0.256140350877193,0.9052631578947368,-0.0771929824561403,0.1527696793002915,20.146820068359375,0.3017543859649123,1.845516,-2.148075580596924,-1.5090900659561155,-1.503848433494568,-1.3196216821670532,-1.3788907527923584,-1.6382819414138794,-1.475486,-2.064531,-1.091070128323739,,,-2.425669030975877,-3.1201308936403507,1.845516,-1.311074
3P94_1,3P94,A,Bacteria,Parabacteroides distasonis,Parabacteroides distasonis,Pfam:PF13472,hydrolase,1.93,204,204,204,111.87229558823532,8.567993354797363,2.204578294096436,0.1078431372549019,0.142156862745098,-0.2127450980392156,0.0980392156862745,22.105392156862735,0.0441176470588235,0.2401960784313725,0.9019607843137256,0.2647058823529412,0.1356752680282092,15.169297218322754,0.2990196078431372,1.854914,-1.1000604629516602,-1.3544005155563354,-1.443389892578125,-1.2095515727996826,-1.1728242635726929,-0.8052400946617126,-1.004204,-1.801153,-0.7407109877642464,,,-1.2883489272173714,-2.6260543524050246,1.854914,-3.480623
6N1F_1,6N1F,A,Bacteria,Burkholderia pseudomallei,Burkholderia pseudomallei,Iron/ascorbate-dependent oxidoreductase family,oxidoreductase,2.05,206,237,206,113.40904611650484,7.800755119323731,1.192694687759868,0.116504854368932,0.1650485436893204,-0.283009708737864,0.0970873786407767,45.271407766990286,0.0485436893203883,0.2572815533980582,0.9466019417475728,-0.4805825242718446,0.2591278347172938,15.643746376037598,0.3009708737864077,1.54227,-2.3918168544769287,-1.7109450101852417,-1.697675108909607,-1.5549854040145874,-1.542896747589111,-1.631696105003357,-1.729949,-2.289171,-1.2860981469015471,,,-2.71710442107858,-3.3781237555939017,1.54227,-4.206039
6P80_1,6P80,A,Bacteria,Escherichia coli,Escherichia coli,CD-NTase family,transferase,1.5,318,321,318,112.74324842767312,6.693155097961426,-0.6099888938215656,0.1257861635220125,0.1415094339622641,-0.2534591194968558,0.1069182389937107,29.624245283018865,0.0534591194968553,0.2484276729559748,0.9025157232704402,0.2044025157232704,0.106833120537192,19.870697021484375,0.3018867924528302,1.780209,-2.1114091873168945,-1.5357166528701782,-1.567869782447815,-1.3564053773880005,-1.370578646659851,-0.7105847597122192,-1.434286,-1.93178,-1.0947803041470126,-1.4041398763656616,-1.23381507396698,-1.3134244522958431,-3.0078587562033214,1.780209,-1.357236
3GWI_1,3GWI,A,Bacteria,Escherichia coli,Escherichia coli,Cation transport ATPase (P-type) (TC 3.A.3) family,translocase,1.6,164,170,164,114.01812134146336,5.521703529357908,-5.951544672307797,0.1585365853658537,0.1585365853658536,-0.3621951219512195,0.0548780487804878,47.86585365853657,0.0182926829268292,0.2317073170731707,0.945121951219512,-0.1036585365853658,0.2553774972423091,14.338726997375488,0.298780487804878,1.702973,-2.7704520225524902,-1.684254765510559,-1.7158993482589722,-1.486347794532776,-1.522677302360535,-0.4831357896327972,-1.326551,-1.618257,-1.2262387159394057,-1.315937876701355,-1.5170235633850098,-1.4921614484089176,-3.392368223608994,1.702973,-2.086857
3LHH_1,3LHH,A,Bacteria,Shewanella oneidensis,Shewanella oneidensis,Pfam:PF00571,membrane,2.1,125,172,125,111.38342239999992,4.494281959533691,-8.42043216950731,0.136,0.088,0.1792,0.064,28.982399999999995,0.04,0.2239999999999999,0.928,-0.0159999999999999,0.1916255319148936,14.482854843139648,0.304,1.697883,-1.7598050832748413,-1.7851040363311768,-1.81184983253479,-1.7512143850326538,-1.7272040843963623,-1.3880205154418943,-1.660515,-2.102888,-1.2663304443359376,-1.462127685546875,-1.4305212497711182,-1.8896650390625,-3.11566162109375,1.697883,-5.820827
1VIQ_1,1VIQ,A,Bacteria,Escherichia coli,Escherichia coli,Nudix hydrolase family,hydrolase,2.4,204,220,204,113.0528803921569,5.119738197326659,-10.863935996608038,0.1617647058823529,0.142156862745098,-0.253921568627451,0.0735294117647058,47.73676470588236,0.034313725490196,0.2549019607843137,0.9019607843137256,-0.3921568627450981,0.1657268571916784,18.41803741455078,0.2990196078431372,1.731875,-1.4386160373687744,-1.6783329248428345,-1.6873337030410769,-1.7079685926437378,-1.714076042175293,-0.5253015160560608,-1.109949,-1.278619,-1.6214743221507353,,,-1.055543488147212,-3.066709032245711,1.731875,-2.455707
4N03_1,4N03,A,Bacteria,Thermomonospora curvata,Thermomonospora curvata,Leucine-binding protein family,other,1.15,389,405,389,106.67835347043705,7.816034126281738,1.153773830890934,0.1053984575835475,0.1182519280205655,-0.1987146529562983,0.0745501285347043,26.80437017994858,0.0565552699228791,0.3341902313624678,0.9562982005141388,0.0411311053984575,0.1604564349395613,19.308258056640625,0.300771208226221,2.054521,-1.6325762271881104,-1.2474113702774048,-1.310993790626526,-1.0575146675109863,-1.025839924812317,-1.3068864345550537,-1.2562,-1.82769,-0.7711635089472204,-0.7832170128822327,-0.8670418858528137,-1.4532376561495823,-2.9207343172598006,2.054521,-2.512511
4A39_1,4A39,A,Bacteria,Pseudomonas aeruginosa,Pseudomonas aeruginosa,Peptidase M14 family,hydrolase,1.6,375,388,375,114.48679706666684,5.343854331970214,-17.038332303719926,0.1546666666666666,0.1493333333333333,-0.5642666666666661,0.0986666666666666,45.66986666666667,0.0559999999999999,0.24,0.8959999999999999,-0.2133333333333333,0.1487684478371501,19.586301803588867,0.3013333333333333,1.878717,-1.3423547744750977,-1.3993488550186155,-1.4144843816757202,-1.2906134128570557,-1.3154618740081787,-0.595244288444519,-1.032197,-1.176507,-1.0182360026041666,-1.06675386428833,-0.9044910669326782,-1.0507340494791666,-2.6509104817708335,1.878717,-1.167836
6JYV_1,6JYV,A,Bacteria,Pseudomonas aeruginosa,Pseudomonas aeruginosa,Iron/ascorbate-dependent oxidoreductase family,oxidoreductase,1.651,329,339,329,112.1924474164135,5.616340446472168,-8.613342344165659,0.1337386018237082,0.1367781155015197,-0.3221884498480246,0.1003039513677811,40.993951367781165,0.0699088145896656,0.2613981762917933,0.8844984802431611,-0.1246200607902735,0.1660227458235838,18.86190414428711,0.3009118541033435,1.949445,-1.462065815925598,-1.359196662902832,-1.422406554222107,-1.2371940612792969,-1.2845189571380615,-0.8796841502189636,-1.086006,-1.261628,-0.8550842656190635,-1.167751431465149,-0.971423327922821,-0.8991912563521086,-2.5208604806824657,1.949445,-1.324852
8YXK_1,8YXK,A,Bacteria,Clostridioides difficile,Clostridioides difficile,Peptidase C40 family,hydrolase,1.87,151,201,151,109.65853377483435,9.605676460266114,8.625976620504275,0.086092715231788,0.1589403973509933,-0.6721854304635764,0.0927152317880794,33.70403973509933,0.0198675496688741,0.3112582781456953,0.8874172185430464,0.4370860927152318,0.1790062259586786,13.664387702941896,0.2980132450331126,1.855697,-2.04158878326416,-1.376805067062378,-1.4604473114013672,-1.2837468385696411,-1.2607991695404053,-0.9166914820671082,-1.243307,-1.764972,-1.045588815449089,-1.2994993925094604,-1.244698166847229,-2.5200538887882864,-3.644941519427773,1.855697,-1.416413
1WE2_1,1WE2,A,Bacteria,Mycobacterium tuberculosis,Mycobacterium tuberculosis,Shikimate kinase family,transferase,2.3,165,176,165,105.96291333333328,10.768815040588382,9.0817656909701,0.103030303030303,0.1757575757575757,-0.1066666666666667,0.0303030303030303,47.52606060606061,0.0424242424242424,0.3575757575757576,0.896969696969697,0.3636363636363636,0.2530842673308426,14.13661766052246,0.303030303030303,1.98324,-1.025815725326538,-1.5077356100082395,-1.5772868394851685,-1.480724215507507,-1.4226338863372805,-0.4682569503784179,-0.951392,-1.065678,-1.0966608220880685,-1.3763827085494995,-0.9248133897781372,-0.5817691687381629,-2.308020759351326,1.98324,-2.022603
4EDP_1,4EDP,A,Bacteria,Clostridium perfringens,Clostridium perfringens,Pfam:PF13416,other,1.85,316,351,316,110.26527183544312,4.750625801086425,-14.087647741109125,0.1487341772151899,0.1075949367088607,-0.3522151898734179,0.0822784810126582,22.223101265822788,0.0411392405063291,0.2626582278481013,0.8892405063291139,0.1424050632911392,0.2043031095211888,19.168781280517575,0.300632911392405,2.095267,-1.55939781665802,-1.2790147066116333,-1.309503436088562,-1.1190330982208252,-1.1962145566940308,-0.9795182347297668,-1.032976,-1.330574,-0.9175317498702036,-0.9116634130477904,-0.8220322132110596,-1.293645544897152,-2.9128537721271757,2.095267,-1.155616
2O0M_1,2O0M,A,Bacteria,Enterococcus faecalis,Enterococcus faecalis,SorC transcriptional regulatory family,DNA-binding,1.6,247,345,247,110.02048704453448,7.904807090759277,1.210649954325728,0.1052631578947368,0.1295546558704453,-0.1376518218623482,0.0607287449392712,37.7757085020243,0.0283400809716599,0.2793522267206478,0.9554655870445344,0.145748987854251,0.1955447212235173,16.470775604248047,0.2995951417004048,1.91873,-1.6171064376831057,-1.4544129371643066,-1.4680936336517334,-1.3505951166152954,-1.3577933311462402,-1.195880651473999,-1.435584,-1.846744,-1.0025687275627846,-1.1430765390396118,-1.0896714925765991,-1.3009786876107037,-3.076545004902581,1.91873,-4.283606
1BAG_1,1BAG,A,Bacteria,Bacillus subtilis,Bacillus subtilis,Glycosyl hydrolase 13 family,hydrolase,2.5,425,425,425,110.63989223529435,5.295200157165527,-12.241436755027095,0.1105882352941176,0.1058823529411764,-0.587058823529412,0.1058823529411764,31.4635294117647,0.0305882352941176,0.3270588235294117,0.8447058823529412,-0.148235294117647,0.1282867079993951,20.87185287475586,0.3011764705882352,2.001746,-1.3226072788238523,-1.3945198059082031,-1.4016193151474,-1.3621052503585815,-1.345849633216858,-0.9986253380775452,-1.341573,-1.753101,-1.122714053883272,-1.0603110790252686,-0.8805892467498779,-1.2232008272058823,-2.5812965303308824,2.001746,-1.205537
4NBR_1,4NBR,A,Bacteria,Brucella abortus,Brucella abortus,Short-chain dehydrogenases/reductases (SDR) family,oxidoreductase,1.35,268,273,268,106.20238694029852,6.072302818298339,-3.538650789681782,0.1007462686567164,0.1156716417910447,0.121268656716418,0.0522388059701492,41.27835820895522,0.0485074626865671,0.3470149253731343,0.9328358208955224,0.1641791044776119,0.1469308387639268,17.001684188842773,0.3022388059701492,2.112,-1.580066442489624,-1.4958653450012207,-1.5506349802017212,-1.404123306274414,-1.3728164434432983,-1.4367235898971558,-1.003052,-1.326041,-0.9982545767257462,-1.016724944114685,-1.015786051750183,-1.2477644735307836,-2.529712733937733,2.112,-1.629028
3RDR_1,3RDR,A,Bacteria,Bacillus subtilis,Bacillus subtilis,N-acetylmuramoyl-L-alanine amidase 2 family,hydrolase,2.2,153,157,153,108.99570457516332,5.72387981414795,-4.659551902811067,0.1045751633986928,0.1176470588235294,-0.369281045751634,0.0915032679738562,22.9921568627451,0.0457516339869281,0.326797385620915,0.8627450980392157,-0.1437908496732026,0.2532838378069674,13.661130905151367,0.3006535947712418,1.99933,-0.97198086977005,-1.3733620643615725,-1.398165225982666,-1.206819772720337,-1.2801717519760132,-0.7667715549468994,-0.868765,-0.937343,-1.0000353046492034,-0.8861143589019775,-0.6794734001159668,-1.2526176303040748,-2.3441704644097223,1.99933,-1.859462
3B5Q_1,3B5Q,A,Bacteria,Bacteroides thetaiotaomicron,Bacteroides thetaiotaomicron,Sulfatase family,hydrolase,2.4,464,482,464,111.93327693965524,6.323474311828614,-5.3714435940065215,0.1206896551724137,0.1508620689655172,-0.5493534482758624,0.0883620689655172,37.74571120689656,0.084051724137931,0.2543103448275862,0.9008620689655172,-0.0258620689655172,0.2029345349220294,20.262531280517575,0.2995689655172414,1.891559,-2.0579416751861572,-1.38317608833313,-1.3921613693237305,-1.25958251953125,-1.232377290725708,-0.9376475214958192,-1.538787,-2.099397,-0.9163012011297818,-0.9989454746246338,-1.1424087285995483,-2.022474223169787,-2.7575083765490302,1.891559,-2.877581
4BHB_1,4BHB,A,Bacteria,Mycobacterium tuberculosis,Mycobacterium tuberculosis,MGMT family,transferase,1.8,165,165,165,108.14532060606052,5.93225154876709,-3.045213462349956,0.109090909090909,0.1212121212121212,-0.1721212121212119,0.0787878787878788,25.019999999999985,0.0606060606060606,0.3333333333333333,0.9151515151515152,0.0666666666666666,0.1471458773784355,15.54344654083252,0.303030303030303,1.843116,-1.1764745712280271,-1.446323037147522,-1.515332818031311,-1.4659969806671145,-1.463395357131958,-1.445178508758545,-0.965594,-1.154232,-1.0631540009469698,-1.1026606559753418,-0.8909469842910767,-0.8998342803030303,-2.6866628935842805,1.843116,-1.360696
3LHL_1,3LHL,A,Bacteria,Clostridioides difficile,Clostridioides difficile,Arginase family,hydrolase,2.3,276,287,276,113.35478405797106,4.753240394592285,-16.698648941593312,0.1594202898550724,0.1195652173913043,-0.2413043478260873,0.1123188405797101,40.5047463768116,0.0289855072463768,0.2355072463768115,0.8840579710144927,-0.0072463768115941,0.1940695733593877,16.41584587097168,0.3007246376811594,1.959605,-1.5196958780288696,-1.3422797918319702,-1.3753182888031006,-1.2820838689804075,-1.3237823247909546,-1.245185136795044,-0.999082,-1.430653,-0.7794934701228488,-1.0312130451202393,-0.9793306589126588,-1.279459414274796,-2.842156009397645,1.959605,-2.304115
8HLS_1,8HLS,A,Bacteria,Akkermansia muciniphila,Akkermansia muciniphila,Glycosyl hydrolase 33 family,hydrolase,2.04,572,601,572,111.572172727273,9.412464714050294,14.43762832853595,0.1136363636363636,0.1695804195804195,-0.639160839160837,0.0839160839160839,38.47587412587416,0.0611888111888111,0.2867132867132867,0.9423076923076924,-0.6870629370629371,0.1009711866499945,23.710464477539062,0.3006993006993007,1.943121,-2.3319294452667236,-1.371260404586792,-1.4190795421600342,-1.2549543380737305,-1.2651604413986206,-0.6295318007469177,-1.463984,-2.264648,-1.076386885209517,-1.2835086584091189,-1.2820338010787964,-2.6464805336265296,-2.9614795604785837,1.943121,-1.288378
5DPM_1,5DPM,A,Bacteria,Escherichia coli,Escherichia coli,Methyltransferase superfamily,transferase,2.1,206,225,206,110.54702815533987,5.787653160095215,-6.355937026801865,0.1310679611650485,0.145631067961165,-0.2383495145631066,0.0776699029126213,31.120388349514563,0.0436893203883495,0.2572815533980582,0.8737864077669902,0.0,0.1463412261416035,15.139156341552734,0.3009708737864077,1.896072,-1.5894677639007568,-1.4505926370620728,-1.4956878423690796,-1.3808495998382568,-1.3873205184936523,-0.9736723899841307,-1.127138,-1.2781,-1.114327884414821,,,-1.0664551373824334,-2.5220831713630156,1.896072,-1.779644
1CGU_1,1CGU,A,Bacteria,Niallia circulans,Niallia circulans,Glycosyl hydrolase 13 family,transferase,2.5,684,684,684,108.86046929824606,6.073553276062011,-5.193240962906394,0.0789473684210526,0.087719298245614,-0.2923976608187134,0.121345029239766,15.222953216374272,0.033625730994152,0.3611111111111111,0.9093567251461988,-0.2894736842105264,0.0872793549893156,24.596668243408203,0.2997076023391813,1.961673,-1.5894649028778076,-1.3685829639434814,-1.447055697441101,-1.4539954662322998,-1.4637236595153809,-1.120724320411682,-1.209081,-1.408362,-1.2930701183296784,-1.512189507484436,-1.1640185117721558,-0.9536418357090644,-2.4568242301717835,1.961673,-2.109771
7WRK_1,7WRK,A,Bacteria,Thermus thermophilus,Thermus thermophilus,Unclassified,other,1.78,160,176,160,104.38214999999992,4.224069404602051,-8.019194117449064,0.09375,0.04375,-0.1312499999999999,0.0999999999999999,20.488124999999993,0.08125,0.425,0.9625,-0.9,0.3409922680412371,14.7510404586792,0.3,1.91266,-2.501157283782959,-1.4448087215423584,-1.4710599184036257,-1.2400343418121338,-1.250243902206421,-1.9912980794906616,-1.37924,-2.197032,-1.0026033401489258,-1.3022083044052124,-1.3611854314804075,-2.723379898071289,-3.3252464294433595,1.91266,-1.516319
2E8Z_1,2E8Z,A,Bacteria,Bacillus subtilis,Bacillus subtilis,Glycosyl hydrolase 13 family,hydrolase,2.2,712,718,712,112.97631839887693,5.876151466369628,-16.02080984950645,0.1320224719101123,0.1460674157303371,-0.3341292134831454,0.1053370786516854,38.25563202247198,0.0505617977528089,0.2570224719101124,0.8735955056179776,-0.2275280898876404,0.075004611987709,27.430652618408203,0.300561797752809,1.894685,-1.5592219829559326,-1.4689655303955078,-1.4801241159439087,-1.4368219375610352,-1.438197135925293,-1.379830837249756,-1.252757,-1.47737,-1.5706389352176966,-1.4162672758102417,-1.1309410333633425,-1.614983033598139,-2.484109257044417,1.894685,-2.43353
3GFO_1,3GFO,A,Bacteria,Clostridium perfringens,Clostridium perfringens,ABC transporter superfamily,translocase,2.3,251,275,251,112.01802310756985,7.955350303649903,1.28939382064312,0.1314741035856573,0.1553784860557769,-0.1274900398406376,0.0597609561752988,27.95298804780876,0.0438247011952191,0.199203187250996,0.8884462151394422,0.1633466135458167,0.1913788146383538,18.302419662475582,0.298804780876494,1.997045,-1.3043729066848757,-1.5457773208618164,-1.564104676246643,-1.4531443119049072,-1.4601538181304932,-1.1088019609451294,-1.076419,-1.196298,-0.9954809667579682,-1.2300235033035278,-0.9546255469322203,-1.1431160125124502,-2.2928970154538098,1.997045,-1.462631
5NR1_1,5NR1,A,Bacteria,Caulobacter vibrioides,Caulobacter vibrioides,GST superfamily,other,2.004,226,228,226,116.61543362831856,6.783358573913574,-0.5335466652433851,0.1460176991150442,0.1769911504424778,-0.4376106194690272,0.0973451327433628,63.17256637168142,0.075221238938053,0.2079646017699115,0.9336283185840708,0.3672566371681416,0.1449067157031758,16.477508544921875,0.3008849557522124,1.77996,-1.7375612258911133,-1.644059419631958,-1.648612380027771,-1.496667504310608,-1.4653393030166626,-1.2541087865829468,-1.301478,-1.450023,-1.2301943618639382,-1.4006235599517822,-1.2517147064208984,-1.1188016908358684,-3.115757764968197,1.77996,-2.200125
5CF3_1,5CF3,A,Bacteria,Staphylococcus aureus,Staphylococcus aureus,Serine-aspartate repeat-containing protein (SDr) family,other,2.031,316,331,316,111.15287183544312,4.737723350524903,-14.777218735495318,0.1424050632911392,0.110759493670886,-0.6050632911392413,0.0886075949367088,15.84588607594936,0.0253164556962025,0.2879746835443038,0.9082278481012658,-0.7056962025316456,0.1689198886305577,21.884885787963867,0.300632911392405,2.037316,-1.596950888633728,-1.3739806413650513,-1.4022376537322998,-1.2116332054138184,-1.225064396858215,-1.3264116048812866,-1.461933,-2.124467,-0.9611470669130736,-1.2144798040390017,-0.9999654293060304,-0.9744040573699564,-2.9277084930033626,2.037316,-1.145648
6PIR_1,6PIR,A,Bacteria,Legionella pneumophila,Legionella pneumophila,Unclassified,membrane,1.65,132,137,132,114.8094628787878,6.122321128845214,-1.3386910072361786,0.1439393939393939,0.1515151515151515,-0.6227272727272731,0.0681818181818181,22.755303030303025,0.0303030303030303,0.25,0.9166666666666666,0.6287878787878788,0.2339246119733924,13.897890090942385,0.303030303030303,1.543147,-2.6467525959014893,-1.8199784755706787,-1.851794958114624,-1.7077555656433103,-1.7363638877868652,-2.594500780105591,-1.798774,-2.641692,-1.5577765956069485,,,-2.957522999156605,-3.5680396340110083,1.543147,-1.986623
3VN5_1,3VN5,A,Bacteria,Aquifex aeolicus,Aquifex aeolicus,RNase HII family,hydrolase,1.98,255,257,255,114.9326454901962,9.259029960632322,12.021831108401564,0.1294117647058823,0.1803921568627451,-0.4043137254901963,0.0980392156862745,28.741215686274504,0.0470588235294117,0.188235294117647,0.9058823529411764,0.1450980392156863,0.1912475134981529,20.052967071533203,0.3019607843137254,2.022712,-1.8676016330718992,-1.4036473035812378,-1.4188742637634275,-1.3291977643966677,-1.304533839225769,-0.9953880310058594,-1.167045,-1.426054,-0.9094475839652268,-1.071346402168274,-0.9756788611412048,-2.490099858302696,-2.953747797947304,2.022712,-1.163385
8JYX_1,8JYX,A,Bacteria,Escherichia coli,Escherichia coli,Bacterial solute-binding protein 1 family,transport,2.35,565,635,565,110.26650548672602,6.545487403869629,-1.672374067408512,0.1150442477876106,0.127433628318584,-0.2249557522123898,0.1061946902654867,30.159469026548663,0.0548672566371681,0.3026548672566371,0.9150442477876106,-0.0371681415929203,0.1284738722894722,25.212881088256836,0.3008849557522124,2.120992,-1.5279059410095217,-0.9859207272529602,-1.0883709192276,-0.9624350666999816,-0.959414541721344,-1.0244553089141846,-0.85441,-1.206569,-1.249171434250553,,,-1.1392820105088497,-2.6317356886061947,2.120992,-1.172616
4RN3_1,4RN3,A,Bacteria,Geobacter sulfurreducens,Geobacter sulfurreducens,HAD-like hydrolase superfamily,hydrolase,2.15,210,213,210,112.2564161904762,5.279910469055174,-7.720790014306466,0.1428571428571428,0.1333333333333333,-0.0780952380952379,0.0904761904761904,31.481000000000005,0.0571428571428571,0.2523809523809524,0.9095238095238096,0.0999999999999999,0.2010884353741496,17.637348175048828,0.3,2.015632,-1.6688858270645142,-1.2777724266052246,-1.316525936126709,-1.1865479946136477,-1.224059820175171,-1.3033969402313232,-1.365206,-1.96773,-0.8719807942708333,-1.1327428817749023,-1.0628119707107544,-1.5224036807105654,-3.075752185639881,2.015632,-5.20838
8UX2_1,8UX2,A,Bacteria,Chromobacterium violaceum,Chromobacterium violaceum,Unclassified,transferase,1.87,239,246,239,111.53695774058568,4.686397743225096,-14.579544402654935,0.1548117154811715,0.1129707112970711,-0.5305439330543933,0.100418410041841,41.68410041841005,0.0543933054393305,0.2845188284518828,0.8870292887029289,-0.0083682008368201,0.262146850816455,17.34173583984375,0.301255230125523,1.743956,-2.777393579483032,-1.5751546621322632,-1.515669584274292,-1.3674087524414062,-1.3807016611099243,-2.398963928222656,-1.790728,-2.712274,-1.227959668785957,-1.544182538986206,-1.5293848514556885,-3.0061116876961296,-3.3625135860682533,1.743956,-3.335236
4DNJ_1,4DNJ,A,Bacteria,Rhodopseudomonas palustris,Rhodopseudomonas palustris,Cytochrome P450 family,oxidoreductase,1.8,399,412,399,108.58568796992496,5.636916160583495,-6.900766218479298,0.12531328320802,0.12531328320802,-0.1543859649122811,0.0827067669172932,41.625313283208015,0.075187969924812,0.3057644110275689,0.8847117794486214,0.2982456140350877,0.1878848355456542,19.884435653686523,0.3007518796992481,2.054063,-1.4697513580322266,-1.3117599487304688,-1.3646681308746338,-1.1421902179718018,-1.1629855632781982,-0.9072563648223876,-1.040226,-1.350407,-0.801564763960683,-0.9448641538619996,-0.9138184189796448,-0.7152355834654996,-2.4897359977091167,2.054063,-1.222661
3CK7_1,3CK7,A,Bacteria,Bacteroides thetaiotaomicron,Bacteroides thetaiotaomicron,SusD family,other,2.1,496,527,496,114.25950383064534,5.04101619720459,-13.864293819078584,0.1411290322580645,0.1209677419354838,-0.577016129032258,0.125,37.97544354838707,0.034274193548387,0.2762096774193548,0.8931451612903225,0.1552419354838709,0.1564484378968758,21.17017364501953,0.3004032258064516,1.840901,-2.0145201683044434,-1.4690992832183838,-1.488591194152832,-1.3440724611282349,-1.3756928443908691,-1.0307902097702026,-1.291823,-1.651155,-0.9790950282927482,,,-2.0006737247590096,-2.861912881174395,1.840901,-1.260478
8EHB_1,8EHB,A,Bacteria,Tannerella forsythia,Tannerella forsythia,Unclassified,other,2.4,102,113,102,117.3123088235293,8.600549888610843,2.9773374517614144,0.1568627450980392,0.2058823529411764,-0.4568627450980391,0.0980392156862745,46.9598039215686,0.0588235294117647,0.1470588235294118,0.8823529411764707,-0.7843137254901961,0.3716757958244027,12.57414722442627,0.3039215686274509,1.694472,-2.791600227355957,-1.646054983139038,-1.633408784866333,-1.6151825189590454,-1.631303071975708,-2.250135898590088,-1.706267,-2.415596,-1.3545225554821538,-1.5575121641159058,-1.5228842496871948,-3.0224591423483456,-4.153509401807598,1.694472,-2.334942
7PD7_1,7PD7,A,Bacteria,Chondromyces crocatus,Chondromyces crocatus,Pfam:PF13649,transferase,1.96,247,255,247,109.20785060728748,5.99846897125244,-6.112657282577658,0.1255060728744939,0.1497975708502024,-0.1894736842105263,0.068825910931174,48.05910931174089,0.0607287449392712,0.2995951417004048,0.8825910931174089,-0.0728744939271255,0.1368124814851387,16.905473709106445,0.2995951417004048,,-2.226412773132324,-1.4574306011199951,-1.4860053062438965,-1.281084418296814,-1.2852747440338137,-1.5640347003936768,-1.399238,-1.846732,-1.07284051686646,-1.329694747924805,-1.3213434219360352,-2.5522772290928644,-2.963061128068067,,-1.238337
3GV1_1,3GV1,A,Bacteria,Neisseria gonorrhoeae,Neisseria gonorrhoeae,Thioredoxin family,other,2.0,140,147,140,112.4207507142856,7.654700279235841,0.6615396164126004,0.1214285714285714,0.1428571428571428,-0.4985714285714285,0.0928571428571428,35.522857142857134,0.0785714285714285,0.2499999999999999,0.9071428571428573,-0.0071428571428571,0.2418271383788625,13.488287925720217,0.3,1.708507,-1.7470316886901855,-1.5206719636917114,-1.545210599899292,-1.3732750415802002,-1.378267526626587,-0.8377530574798584,-1.368199,-1.556422,-0.975323486328125,-1.4808039665222168,-1.2493534088134766,-1.397955322265625,-3.1583223615373885,1.708507,-4.968127
4QTQ_1,4QTQ,A,Bacteria,Xanthomonas citri pv. citri,Xanthomonas citri pv. citri,Unclassified,other,2.0,209,214,209,108.50740334928234,4.69696979522705,-12.804683080818002,0.1435406698564593,0.1052631578947368,-0.3736842105263156,0.0669856459330143,44.05220095693782,0.0478468899521531,0.2918660287081339,0.9090909090909092,-0.5550239234449761,0.097796939902203,17.285367965698242,0.3014354066985646,1.952444,-2.085240364074707,-1.4270488023757937,-1.432186722755432,-1.2614136934280396,-1.312387228012085,-0.928364098072052,-1.460505,-2.069984,-1.1374495656866777,-1.39525306224823,-1.366944432258606,-1.7911102440938995,-3.40073639354067,1.952444,-1.563713
3MZY_1,3MZY,A,Bacteria,Fusobacterium nucleatum,Fusobacterium nucleatum,Sigma-70 factor family,transferase,2.5,123,164,123,119.41209268292673,8.608479499816898,1.859818206757275,0.1788617886178861,0.1951219512195121,-0.6260162601626016,0.1138211382113821,47.26105691056911,0.0,0.2032520325203252,0.9268292682926828,0.8617886178861789,0.1633663366336633,13.872651100158691,0.3008130081300813,1.565709,-1.6191681623458862,-1.7692121267318726,-1.7361056804656982,-1.6138993501663208,-1.7028076648712158,-1.5044760704040527,-1.393894,-1.59155,-1.4653935626270325,,,-2.086919520928608,-3.3208680191660314,1.565709,-2.39551
5BXG_1,5BXG,A,Bacteria,Clostridioides difficile,Clostridioides difficile,Unclassified,other,1.9,151,162,151,114.57796953642378,4.6980497360229485,-9.0697440813337,0.1920529801324503,0.1390728476821192,-0.6139072847682121,0.0993377483443708,44.97483443708608,0.0397350993377483,0.2119205298013244,0.9536423841059604,-0.7549668874172186,0.2481981594564376,15.350390434265137,0.2980132450331126,1.871328,-2.16410231590271,-1.4748127460479736,-1.5373963117599487,-1.2846964597702026,-1.3364813327789309,-1.316907525062561,-1.439282,-2.264743,-1.0436959171926738,-1.4385905265808103,-1.3698610067367554,-2.859266470599648,-3.427682636589404,1.871328,-2.569079
9S88_1,9S88,A,Bacteria,Akkermansia muciniphila,Akkermansia muciniphila,Sulfatase family,other,1.92,488,496,488,109.56837479508216,8.73251667022705,6.524380228563935,0.1229508196721311,0.1618852459016393,-0.4481557377049178,0.0778688524590164,35.3309426229508,0.0635245901639344,0.2827868852459016,0.8975409836065573,-0.2295081967213114,0.1974433764098817,20.587913513183594,0.3012295081967213,2.078819,-1.6032246351242063,-1.225682497024536,-1.2548342943191528,-1.0462673902511597,-1.039808988571167,-1.4630149602890017,-1.041711,-1.312733,-0.7529652079597848,-1.1076157093048096,-1.012874722480774,-1.5919934882492317,-2.4868894483222337,2.078819,-1.008147
4R0S_1,4R0S,A,Bacteria,Pseudomonas aeruginosa,Pseudomonas aeruginosa,Protein-tyrosine phosphatase family,hydrolase,2.03,162,218,162,110.40787469135788,6.044053840637207,-2.238586224308971,0.1234567901234567,0.1358024691358024,-0.2895061728395061,0.0617283950617283,40.57098765432099,0.0432098765432098,0.2839506172839506,0.8765432098765432,0.1851851851851852,0.1804207963832376,14.161818504333496,0.3024691358024691,1.888176,-1.737232327461243,-1.475195050239563,-1.5325262546539309,-1.3298590183258057,-1.2748253345489502,-0.8428972959518433,-1.248911,-1.48667,-1.0271613980516976,-1.25128972530365,-1.17554771900177,-1.7130270122010032,-2.965702951690297,1.888176,-1.896329
3RQT_1,3RQT,A,Bacteria,Staphylococcus aureus,Staphylococcus aureus,Bacterial solute-binding protein 5 family,transport,1.5,467,486,467,113.26566873661668,8.823094749450682,6.657465018020481,0.1327623126338329,0.1670235546038543,-0.7488222698072797,0.0770877944325481,33.02955032119914,0.0428265524625267,0.2355460385438972,0.8586723768736617,-0.1134903640256959,0.1842547861271482,21.496536254882812,0.2997858672376873,1.941949,-1.7450851202011108,-1.4521021842956543,-1.5115015506744385,-1.3018338680267334,-1.2914810180664062,-1.05646550655365,-1.410801,-1.706743,-1.0837761758481663,,,-1.6549208189741702,-2.670870207106531,1.941949,-2.189268
4G3H_1,4G3H,A,Bacteria,Helicobacter pylori,Helicobacter pylori,Arginase family,hydrolase,2.2,301,330,301,114.61993953488368,5.904229927062987,-4.878900472428626,0.1561461794019933,0.1627906976744186,-0.2259136212624585,0.0764119601328903,36.07109634551495,0.0199335548172757,0.2026578073089701,0.9003322259136213,0.1229235880398671,0.1596775650074382,17.4443302154541,0.2990033222591362,1.855677,-2.0815024375915527,-1.4770959615707395,-1.4612398147583008,-1.4468692541122437,-1.4207260608673096,-1.5366246700286863,-1.446068,-1.927745,-1.2518683652149087,,,-2.360714326269207,-3.116362815679506,1.855677,-1.474229
2O14_1,2O14,A,Bacteria,Bacillus subtilis,Bacillus subtilis,'GDSL' lipolytic enzyme family,hydrolase,2.1,354,375,354,109.34205847457638,6.279083061218262,-1.77482741260647,0.1129943502824858,0.1214689265536723,-0.3559322033898309,0.0932203389830508,21.44067796610169,0.0338983050847457,0.3220338983050848,0.9180790960451976,-0.2288135593220339,0.1112121313225677,19.968347549438477,0.2994350282485876,2.010571,-1.7692116498947144,-1.337802171707153,-1.3124425411224363,-1.2034393548965454,-1.187718629837036,-0.8887910842895508,-1.419674,-2.020024,-0.8087673726054908,-1.0556830167770386,-1.056981086730957,-1.3030840340307204,-2.839015120166843,2.010571,-2.891351
2B3B_1,2B3B,A,Bacteria,Thermus thermophilus,Thermus thermophilus,Bacterial solute-binding protein 1 family,other,1.95,392,400,392,109.7750007653064,9.266443824768068,6.860861118613457,0.086734693877551,0.1147959183673469,-0.1964285714285715,0.0994897959183673,26.71632653061225,0.0510204081632653,0.3086734693877551,0.9209183673469388,0.2678571428571428,0.2026702074272332,19.457212448120117,0.3010204081632653,1.945341,-1.4939275979995728,-1.316408395767212,-1.392197847366333,-1.214074730873108,-1.1412382125854492,-1.2028824090957642,-1.055058,-1.28642,-1.0028651490503429,-0.8484387397766113,-0.8345288634300232,-1.072267415572186,-2.846070270149075,1.945341,-1.17459
3H6E_1,3H6E,A,Bacteria,Novosphingobium aromaticivorans,Novosphingobium aromaticivorans,FGGY kinase family,transferase,2.5,458,482,458,109.76793580786044,5.051247215270995,-15.762950722900698,0.1310043668122271,0.1157205240174672,-0.0427947598253274,0.0764192139737991,41.76899563318779,0.074235807860262,0.2947598253275109,0.8864628820960698,-0.0262008733624454,0.1148691216335405,21.754409790039062,0.3013100436681222,1.983566,-1.7281252145767212,-1.402931809425354,-1.4019042253494265,-1.304502010345459,-1.310749650001526,-1.113206386566162,-1.250302,-1.518006,-0.9074112005108828,,,-0.9325983305685384,-2.8527736080786026,1.983566,-2.348527
8G5T_1,8G5T,A,Bacteria,Streptomyces sp.,Streptomyces sp.,Peptidase S33 family,hydrolase,1.846,481,489,481,109.39688128898162,5.304067039489746,-13.918756400104336,0.1309771309771309,0.1247401247401247,-0.1700623700623702,0.0831600831600831,36.0206029106029,0.0748440748440748,0.3035343035343035,0.9106029106029104,0.1746361746361746,0.1416521360069747,21.2265625,0.2993762993762994,1.925321,-1.8788925409317017,-1.3576970100402832,-1.3663928508758545,-1.1470826864242554,-1.148838996887207,-1.025890827178955,-1.2986,-1.778672,-0.9388185370241034,-1.1819775104522705,-1.142149567604065,-2.100225056035603,-2.8261744128443347,1.925321,-0.90597
4R0Q_1,4R0Q,A,Bacteria,Lancefieldella parvula,Lancefieldella parvula,Transpeptidase family,hydrolase,2.0,413,482,413,102.59299515738508,4.809113121032715,-13.907933957433103,0.0774818401937046,0.0605326876513317,0.0719128329297821,0.0629539951573849,25.14261501210653,0.0435835351089588,0.4309927360774818,0.8861985472154964,-0.1404358353510896,0.139087234596722,20.976911544799805,0.3002421307506053,2.106989,-1.79706072807312,-1.1413511037826538,-1.2439535856246948,-1.0469316244125366,-1.064827561378479,-1.4582252502441406,-1.307194,-1.744044,-0.788291949625454,,,-1.4909830532120156,-2.6883870048615313,2.106989,-3.176886
4GS5_1,4GS5,A,Bacteria,Dyadobacter fermentans,Dyadobacter fermentans,ATP-dependent AMP-binding enzyme family,ligase,2.018,350,358,350,109.37905885714297,6.7572126388549805,-0.7162063354952082,0.0914285714285714,0.1142857142857143,-0.0119999999999999,0.08,24.603999999999996,0.0428571428571428,0.3057142857142857,0.9371428571428572,-0.1257142857142857,0.0720532249122158,24.032752990722656,0.3,1.737319,-1.6165003776550293,-1.4837371110916138,-1.5129903554916382,-1.3990275859832764,-1.368808627128601,-1.2890352010726929,-1.373786,-1.855114,-0.9602106584821428,-1.193685531616211,-1.1057817935943604,-1.5649567522321428,-2.78290283203125,1.737319,-3.813444
3I4G_1,3I4G,A,Bacteria,Bacteroides fragilis,Bacteroides fragilis,SusD family,other,1.35,513,528,513,114.0835545808968,5.38034496307373,-9.613626618827034,0.1267056530214425,0.1189083820662768,-0.5545808966861602,0.1286549707602339,36.41097465886939,0.0487329434697855,0.2846003898635477,0.8888888888888888,0.1481481481481481,0.1522528587194951,21.827672958374023,0.3001949317738791,1.763578,-1.9550343751907349,-1.4306126832962036,-1.4485143423080444,-1.240936040878296,-1.2723660469055176,-1.375746488571167,-1.459208,-1.90529,-0.9490587855407834,-1.273315191268921,-1.2660069465637207,-1.8400013944094176,-2.756684598866959,1.763578,-2.913229
4PYS_1,4PYS,A,Bacteria,Bacteroides fragilis,Bacteroides fragilis,Glycosyl hydrolase 20 family,hydrolase,1.822,492,506,492,116.14148373983744,7.6666364669799805,1.540426010996363,0.1280487804878048,0.1483739837398374,-0.4636178861788619,0.1321138211382113,45.661036585365885,0.0548780487804878,0.2215447154471544,0.8699186991869918,-0.0609756097560975,0.1081163502129915,22.47353172302246,0.3008130081300813,1.79207,-1.9860013723373413,-1.5046265125274658,-1.4752711057662964,-1.3555210828781128,-1.3456981182098389,-1.5846277475357056,-1.501012,-2.04286,-1.121620240250254,,,-2.064483022302147,-2.687390087096672,1.79207,-2.9495
4AQ4_1,4AQ4,A,Bacteria,Escherichia coli,Escherichia coli,Bacterial solute-binding protein 1 family,chaperone,1.8,418,419,418,111.1214700956938,6.0803739547729485,-2.7782235046867356,0.1196172248803827,0.124401913875598,-0.5655502392344495,0.1148325358851674,32.49645933014353,0.055023923444976,0.3014354066985646,0.9210526315789472,0.2320574162679425,0.1871168155438718,20.11597442626953,0.3014354066985646,1.928547,-1.1061081886291504,-1.415795087814331,-1.4790163040161133,-1.2469613552093506,-1.2772539854049685,-0.8746975064277649,-1.125676,-1.276216,-0.9778488378205368,-1.0687311887741089,-0.7149960994720459,-0.1796260998009494,-2.542000948527213,1.928547,-1.229383
3ILF_1,3ILF,A,Bacteria,Zobellia galactanivorans,Zobellia galactanivorans,Glycosyl hydrolase 16 family,hydrolase,1.8,257,268,257,115.80168132295724,6.609260749816895,-0.7375296754507232,0.1284046692607003,0.1439688715953307,-0.678988326848249,0.1517509727626459,43.4191439688716,0.0661478599221789,0.2373540856031128,0.9260700389105058,-0.5914396887159533,0.2638464519961139,16.79911994934082,0.2996108949416342,1.928816,-1.927343726158142,-1.4311498403549194,-1.4274179935455322,-1.3027106523513794,-1.3585628271102903,-1.0063965320587158,-1.444621,-1.955517,-0.8829080900793409,-1.0612008571624756,-1.1100624799728394,-2.208811481639105,-3.1885563594357977,1.928816,-1.226893
4R6Y_1,4R6Y,A,Bacteria,Salmonella typhimurium,Salmonella typhimurium,Bacterial solute-binding protein 1 family,other,1.22,317,318,317,108.5844962145112,5.859440803527831,-3.1626956532909496,0.1009463722397476,0.1041009463722397,-0.270031545741325,0.0914826498422713,28.591482649842263,0.0473186119873817,0.3217665615141956,0.9400630914826498,0.1009463722397476,0.2009343928443077,18.928380966186523,0.2996845425867508,1.954996,-1.986671566963196,-1.4107950925827026,-1.41512131690979,-1.2606208324432373,-1.2209399938583374,-1.007423758506775,-1.311332,-1.665303,-1.0595377732526616,-1.0277202129364014,-1.175560474395752,-1.1415813458078667,-2.9540068328568614,1.954996,-1.410226
5HQJ_1,5HQJ,A,Bacteria,Paraburkholderia graminis,Paraburkholderia graminis,Bacterial solute-binding protein 2 family,other,1.55,289,311,289,106.12357923875436,6.84792766571045,-0.220121543514324,0.1141868512110726,0.1245674740484429,-0.2013840830449828,0.0415224913494809,17.198269896193757,0.0380622837370242,0.314878892733564,0.9204152249134948,0.1799307958477508,0.1694578421846352,18.645410537719727,0.301038062283737,1.961367,-1.597794532775879,-1.499879002571106,-1.4890271425247192,-1.4036298990249634,-1.3630362749099731,-1.415711522102356,-1.168668,-1.56342,-0.8411043688500216,-0.9827080368995668,-1.0273199081420898,-1.1304169229157657,-2.7493873253000647,1.961367,-3.59077
2GKO_1,2GKO,A,Bacteria,Bacillus subtilis,Bacillus subtilis,Peptidase S8 family,hydrolase,1.4,309,309,309,101.05413527508092,4.801098823547363,-10.678722069546229,0.0906148867313915,0.0744336569579288,-0.1284789644012943,0.0679611650485436,19.704207119741092,0.029126213592233,0.4466019417475728,0.9029126213592232,-0.2362459546925566,0.1852464740176101,16.479358673095703,0.3009708737864077,2.142444,-1.7142808437347412,-1.2441811561584473,-1.34376060962677,-1.202155351638794,-1.2241947650909424,-1.344107747077942,-1.129321,-1.428779,-0.895466036009557,-1.0338932275772097,-1.0710525512695312,-1.1008306706993325,-2.591670459142395,2.142444,-1.070107
4LJ1_1,4LJ1,A,Bacteria,Mycobacterium tuberculosis,Mycobacterium tuberculosis,Peptidase C40 family,hydrolase,1.17,135,147,135,104.75594962962958,9.84723949432373,5.758147570607084,0.0444444444444444,0.0888888888888888,-0.0333333333333333,0.0814814814814814,29.691925925925915,0.0666666666666666,0.3555555555555555,0.888888888888889,-0.237037037037037,0.1991702084598259,13.372370719909668,0.3037037037037037,2.080248,-1.2328808307647705,-1.3231626749038696,-1.3892037868499756,-1.2201474905014038,-1.188180446624756,-0.2634336650371551,-1.01961,-1.095778,-0.8856827347366898,,,-0.9379629064489294,-2.8426884403935184,2.080248,-1.34498
3RKP_1,3RKP,A,Bacteria,Bacillus cereus,Bacillus cereus,Serine-aspartate repeat-containing protein (SDr) family,membrane,2.243,350,355,350,110.50758314285714,8.29387378692627,2.0683731974062027,0.1428571428571428,0.1571428571428571,-0.5062857142857148,0.0657142857142857,20.208285714285697,0.0371428571428571,0.2514285714285714,0.9428571428571428,-0.7714285714285714,0.1204077442065121,31.290151596069336,0.3,1.985043,-1.6644083261489868,-1.5057936906814575,-1.5118404626846311,-1.4177595376968384,-1.42378830909729,-0.943098247051239,-1.292791,-1.523763,-1.2030882045200892,-1.215835452079773,-1.2106971740722656,-1.7314006696428572,-2.759300013950893,1.985043,-1.365187
4H0A_1,4H0A,A,Bacteria,Staphylococcus aureus,Staphylococcus aureus,Pfam:PF00188,membrane,1.9,292,323,292,115.05922808219194,6.038654136657715,-3.5897980297417575,0.1438356164383561,0.1541095890410959,-0.7041095890410956,0.1061643835616438,25.33184931506848,0.0376712328767123,0.226027397260274,0.9246575342465752,-0.1780821917808219,0.1557971014492753,18.14051818847656,0.3013698630136986,1.700104,-2.1395416259765625,-1.597508192062378,-1.639726638793945,-1.4184812307357788,-1.4572538137435913,-1.776509165763855,-1.68967,-2.160068,-1.1234213424055544,,,-2.0167786062580264,-3.13913737257866,1.700104,-2.509798
9FCQ_1,9FCQ,A,Bacteria,Kitasatospora cystarginea,Kitasatospora cystarginea,Pfam:PF13649,transferase,1.4,213,215,213,111.21818544600936,4.938706016540526,-11.038869049047264,0.1549295774647887,0.1314553990610328,-0.2169014084507042,0.0704225352112676,45.031924882629106,0.0422535211267605,0.2863849765258216,0.92018779342723,0.1690140845070422,0.1894610908695415,15.768667221069336,0.3004694835680751,1.883571,-1.7149018049240112,-1.5080081224441528,-1.5069890022277832,-1.28297758102417,-1.2894363403320312,-1.291375994682312,-1.142131,-1.454889,-0.980214150298929,,,-1.972960995956206,-2.9481003452354755,1.883571,
3PZT_1,3PZT,A,Bacteria,Bacillus subtilis,Bacillus subtilis,Glycosyl hydrolase 5 (cellulase A) family,hydrolase,1.97,293,327,293,111.3377300341298,5.503401374816893,-4.859321236641804,0.1296928327645051,0.1262798634812286,-0.5409556313993179,0.1058020477815699,26.919146757679183,0.0273037542662116,0.2866894197952218,0.9283276450511946,-0.061433447098976,0.1545599439238298,16.714351654052734,0.3003412969283277,2.012193,-0.8001114130020142,-1.263689398765564,-1.328166961669922,-1.086548924446106,-1.115801453590393,-0.2553654611110687,-0.688957,-0.82434,-0.7175263284416329,-0.9110105633735656,-0.5380612015724182,-0.5761967161002827,-2.094972369613908,2.012193,-1.186632
5JP0_1,5JP0,A,Bacteria,Bacteroides ovatus,Bacteroides ovatus,Glycosyl hydrolase 3 family,hydrolase,2.3,745,772,745,111.74386000000052,5.529831504821778,-11.798093220320808,0.1302013422818791,0.1261744966442953,-0.3100671140939596,0.0939597315436241,26.623087248322143,0.0456375838926174,0.2577181208053691,0.8993288590604027,-0.0832214765100671,0.1040489105451871,24.81966209411621,0.3006711409395973,1.894196,-1.5238591432571411,-1.3619664907455444,-1.4100264310836792,-1.21279776096344,-1.20698344707489,-0.9835920333862304,-1.095891,-1.369318,-1.7261210806417786,,,-0.8811251441904362,-2.300833027474832,1.894196,-1.88703
2RHF_1,2RHF,A,Bacteria,Deinococcus radiodurans,Deinococcus radiodurans,Helicase family,isomerase,1.1,76,77,76,110.1625513157894,4.890336036682128,-4.42527845327219,0.1710526315789473,0.131578947368421,-0.2144736842105261,0.0526315789473684,37.79210526315788,0.0263157894736842,0.3157894736842105,0.9473684210526316,0.6842105263157895,0.2205882352941176,10.881546974182127,0.3026315789473684,1.997798,-1.716549515724182,-1.4583390951156616,-1.5200681686401367,-1.3281147480010986,-1.3891547918319702,-1.0932422876358032,-1.206703,-1.563201,-1.0441897542853105,-1.1668332815170288,-1.1200844049453735,-2.066464474326686,-3.7476613898026314,1.997798,-2.494267
1PQ4_1,1PQ4,A,Bacteria,Synechocystis sp.,Synechocystis sp.,Bacterial solute-binding protein 9 family,other,1.9,255,291,255,110.55565294117648,4.565217018127441,-15.919205322825146,0.1411764705882353,0.0901960784313725,-0.2101960784313725,0.0705882352941176,31.657647058823525,0.0666666666666666,0.2549019607843137,0.9137254901960784,0.2,0.1371439141694413,18.137537002563477,0.3019607843137254,1.907498,-1.4157817363739014,-1.4402683973312378,-1.4817274808883667,-1.4028156995773315,-1.4432791471481323,-1.0159070491790771,-1.069921,-1.334077,-0.8997812308517157,,,-1.6660321403952203,-2.6781355315563724,1.907498,-1.441346
1P9Y_1,1P9Y,A,Bacteria,Escherichia coli,Escherichia coli,FKBP-type PPIase family,isomerase,2.15,117,121,117,110.2963854700854,5.501753044128416,-1.4778731393745057,0.1367521367521367,0.1282051282051282,-0.1205128205128205,0.0683760683760683,30.769230769230745,0.0427350427350427,0.2649572649572649,0.9658119658119658,-0.0256410256410256,0.2368629313073757,17.24078369140625,0.2991452991452991,1.61455,-1.471757173538208,-1.782802700996399,-1.8066837787628172,-1.6160995960235596,-1.6660994291305542,-0.1609890013933181,-1.241031,-1.373271,-1.4209146092080662,-1.6557379961013794,-1.0933994054794312,-1.3331139719384348,-3.1689742650741186,1.61455,-1.768099
5U47_1,5U47,A,Bacteria,Streptococcus thermophilus,Streptococcus thermophilus,Transpeptidase family,hydrolase,1.95,684,707,684,108.68845350877235,5.995968055725096,-2.4340393811290397,0.1096491228070175,0.1081871345029239,-0.3960526315789472,0.0804093567251462,22.181871345029236,0.0292397660818713,0.3464912280701754,0.9078947368421052,-0.1739766081871345,0.0991871662852784,27.883277893066406,0.2997076023391813,1.968194,-1.8477047681808472,-1.373249053955078,-1.3787989616394043,-1.2531651258468628,-1.2745782136917114,-1.2588289976119995,-1.301445,-1.672914,-1.293789155301992,-1.2679767608642578,-1.2382218837738037,-1.526975040547332,-2.603102834601151,1.968194,-1.607428
2NYV_1,2NYV,A,Bacteria,Aquifex aeolicus,Aquifex aeolicus,HAD-like hydrolase superfamily,hydrolase,2.103,217,222,217,111.89758387096776,5.085748481750487,-7.282492852781438,0.1658986175115207,0.1428571428571428,-0.1511520737327187,0.0875576036866359,34.52165898617511,0.0506912442396313,0.2304147465437788,0.9262672811059908,0.0506912442396313,0.2121727823775742,16.206623077392578,0.2995391705069124,2.19517,-1.542885661125183,-1.2400553226470947,-1.2865716218948364,-1.09875750541687,-1.0975053310394287,-1.1786099672317505,-0.997848,-1.281061,-0.7661605342741935,-0.9585593938827516,-0.8248462677001953,-1.8022993940362184,-2.8080452773977536,2.19517,-1.989267
6BTC_1,6BTC,A,Bacteria,Staphylococcus aureus,Staphylococcus aureus,Unclassified,DNA-binding,2.17740739208,85,96,85,115.98051529411757,9.965216636657717,10.473081837619782,0.0470588235294117,0.1764705882352941,-0.5976470588235292,0.1411764705882353,19.375294117647048,0.0470588235294117,0.2235294117647059,0.9294117647058824,0.1764705882352941,0.2507890961262554,12.668356895446776,0.3058823529411765,1.539448,-2.465127468109131,-1.8488421440124512,-1.879424810409546,-1.7471853494644165,-1.7584245204925537,-1.9449055194854736,-1.757216,-2.380111,-1.4715436150045955,-1.834909439086914,-1.7806793451309204,-3.0533310834099265,-4.135291604434743,1.539448,-3.043694
4R9N_1,4R9N,A,Bacteria,Listeria monocytogenes,Listeria monocytogenes,SorC transcriptional regulatory family,DNA-binding,1.869,247,254,247,111.60874453441303,5.117691993713378,-10.680909604486946,0.1619433198380566,0.1417004048582995,-0.1493927125506074,0.0688259109311741,41.59473684210527,0.0242914979757085,0.2510121457489879,0.9635627530364372,0.1538461538461539,0.1873205444330349,16.522748947143555,0.2995951417004048,1.87802,-2.005683183670044,-1.4292107820510864,-1.4727118015289309,-1.3535709381103516,-1.4085677862167358,-1.3110730648040771,-1.452155,-1.886741,-1.1581954647172317,,,-2.265813047586665,-3.1218400098051617,1.87802,-3.057078
4HYQ_1,4HYQ,A,Bacteria,Streptomyces albidoflavus,Streptomyces albidoflavus,'GDSL' lipolytic enzyme family,hydrolase,1.75,236,236,236,102.4559381355932,6.0693471908569325,-1.905273415818616,0.0762711864406779,0.0847457627118644,0.0004237288135593,0.0847457627118644,35.77419491525424,0.0381355932203389,0.4322033898305085,0.9279661016949152,0.1313559322033898,0.1759667190481535,16.195066452026367,0.3008474576271186,1.891569,-1.28510844707489,-1.352718472480774,-1.4808852672576904,-1.320352554321289,-1.2755318880081177,-1.0318307876586914,-0.788547,-1.020164,-0.7132847672801906,-0.9447293281555176,-0.8377658128738403,-0.9192619970289329,-2.760853654247219,1.891569,-0.952978
4JJO_1,4JJO,A,Bacteria,Clavibacter michiganensis,Clavibacter michiganensis,Pfam:PF00553,hydrolase,1.75,202,202,202,107.76919999999996,7.717905235290528,0.9163635021401292,0.0841584158415841,0.1138613861386138,-0.1821782178217821,0.0792079207920792,36.73618811881188,0.0693069306930693,0.3366336633663366,0.9554455445544554,-0.608910891089109,0.1954532169084067,16.731931686401367,0.3019801980198019,2.149664,-1.602270483970642,-1.259533405303955,-1.294134497642517,-1.1271440982818604,-1.0849299430847168,-0.6467329263687134,-1.133586,-1.540169,-0.8936148917320932,-0.9595105648040771,-0.8779259324073792,-2.0829866617032797,-2.923469165764233,2.149664,-1.347202
3PVC_1,3PVC,A,Bacteria,Yersinia pestis,Yersinia pestis,Methyltransferase superfamily,oxidoreductase,2.31,635,689,635,111.24965496063037,6.592834281921387,-3.1192739035600923,0.0913385826771653,0.1228346456692913,-0.2088188976377954,0.0944881889763779,46.31511811023635,0.0566929133858267,0.2881889763779527,0.9086614173228348,-0.074015748031496,0.1194923668249334,24.480409622192383,0.3007874015748031,1.792137,-1.3130892515182495,-1.5265761613845823,-1.5846443176269531,-1.4552059173583984,-1.4077900648117063,-1.138363480567932,-1.291962,-1.486954,-1.2849494032972442,,,-1.034409410371555,-2.3741120586245077,1.792137,-2.6662
6LG3_1,6LG3,A,Bacteria,Mycobacterium tuberculosis,Mycobacterium tuberculosis,Unclassified,other,1.90057258182,74,74,74,108.53790270270268,4.410558128356934,-7.779190213074582,0.1621621621621621,0.0945945945945946,-0.1391891891891892,0.0675675675675675,29.63918918918918,0.027027027027027,0.3108108108108108,1.0,0.5675675675675675,0.2055019305019305,11.5486478805542,0.2972972972972973,1.641776,-2.62459659576416,-1.7600994110107422,-1.8189773559570312,-1.6903722286224363,-1.682346224784851,-2.5568735599517822,-1.634505,-2.531123,-1.4343550398543077,-1.662743091583252,-1.6487817764282229,-2.922726192989865,-3.905712230785473,1.641776,-1.722327
5B50_1,5B50,A,Bacteria,Corynebacterium glutamicum,Corynebacterium glutamicum,Bacterial solute-binding protein 8 family,other,1.65,324,345,324,103.96747530864198,4.089588356018066,-33.18706164884445,0.1574074074074073,0.0648148148148148,0.1506172839506171,0.0308641975308641,37.272530864197535,0.0493827160493827,0.345679012345679,0.8888888888888888,0.0308641975308641,0.1821619051863737,19.0490779876709,0.2993827160493827,2.174449,-1.7175487279891968,-1.1912331581115725,-1.2506070137023926,-1.1018903255462646,-1.1966962814331057,-1.287558913230896,-1.136621,-1.411122,-0.9853380933220004,-1.2265132665634155,-1.0772900581359863,-1.56154594892337,-3.0887283513575423,2.174449,-1.065796
3UZU_1,3UZU,A,Bacteria,Burkholderia pseudomallei,Burkholderia pseudomallei,Class I-like SAM-binding methyltransferase superfamily,ribosomal,1.75,262,279,262,109.57534045801528,5.526023292541503,-6.574747987330053,0.1297709923664122,0.1297709923664122,0.0465648854961832,0.0687022900763358,38.60648854961833,0.0763358778625954,0.2557251908396946,0.8969465648854962,0.1259541984732824,0.1240286087614331,19.379566192626953,0.3015267175572519,2.016444,-1.3630940914154053,-1.4296445846557615,-1.4575095176696775,-1.2780685424804688,-1.2787871360778809,-1.2262629270553589,-0.864442,-1.046226,-0.7218289557304091,-1.2309808731079102,-0.9089545607566832,-1.0071433263880607,-2.5504108458074906,2.016444,-1.361953
1DIL_1,1DIL,A,Bacteria,Salmonella typhimurium,Salmonella typhimurium,Glycosyl hydrolase 33 family,hydrolase,1.9,381,381,381,110.08241706036748,8.446921730041506,2.9941911623565503,0.1049868766404199,0.1312335958005249,-0.4448818897637803,0.0944881889763779,26.16354330708661,0.0262467191601049,0.3202099737532808,0.8740157480314961,-0.6272965879265091,0.1222365334873028,18.518882751464844,0.2992125984251969,1.942578,-2.252556800842285,-1.3323055505752563,-1.3895716667175293,-1.2392326593399048,-1.2394740581512451,-1.547713041305542,-1.415147,-2.022896,-0.942878783218504,-1.3859351873397827,-1.3356794118881226,-2.517631150293225,-2.9327126650672573,1.942578,-1.260919
2XCU_1,2XCU,A,Bacteria,Aquifex aeolicus,Aquifex aeolicus,Glycosyltransferase group 1 family,transferase,2.42,353,374,353,115.29610566572228,9.418589210510255,17.45325860468204,0.1274787535410765,0.1983002832861189,-0.1390934844192632,0.1133144475920679,29.223541076487255,0.0396600566572237,0.1954674220963173,0.9008498583569404,0.0113314447592067,0.1020224394155498,22.259153366088867,0.3002832861189802,2.015178,-1.7289248704910278,-1.3504098653793335,-1.4211387634277344,-1.271528959274292,-1.2642439603805542,-1.253227472305298,-1.038953,-1.413565,-0.7227498343578479,-0.9717522859573364,-0.7935658097267151,-2.003394626693077,-2.728384909481232,2.015178,-1.303642
4Q6B_1,4Q6B,A,Bacteria,Desulfitobacterium hafniense,Desulfitobacterium hafniense,Leucine-binding protein family,other,1.667,336,356,336,109.62160267857143,4.503035163879395,-23.572050805423252,0.1517857142857143,0.0982142857142857,-0.1446428571428571,0.1041666666666666,32.341666666666654,0.0357142857142857,0.3005952380952381,0.8928571428571428,0.1726190476190476,0.1586942311971517,19.368221282958984,0.3005952380952381,1.941783,-1.850759983062744,-1.373111367225647,-1.397804617881775,-1.2418372631072998,-1.2770158052444458,-1.426220178604126,-1.401006,-1.801554,-0.9697752453031994,,,-2.1211829412551153,-2.6369596208844865,1.941783,-2.690824
4L9A_1,4L9A,A,Bacteria,Streptococcus mutans,Streptococcus mutans,Pfam:PF00561,hydrolase,2.0,273,292,273,113.98591904761912,6.827977180480957,-0.447630161472226,0.1025641025641025,0.1318681318681318,-0.2190476190476192,0.1135531135531135,38.71355311355311,0.0329670329670329,0.2454212454212454,0.9267399267399268,0.0256410256410256,0.1676226212811578,16.988971710205078,0.3003663003663003,1.742441,-2.4458961486816406,-1.5981398820877075,-1.577553153038025,-1.387614130973816,-1.3611478805541992,-1.520784854888916,-1.76628,-2.390919,-1.2700568677741528,-1.4419059753417969,-1.5342836380004885,-2.886306483230311,-3.2232992430746337,1.742441,-2.426253
7CFE_1,7CFE,A,Bacteria,Mycobacterium tuberculosis,Mycobacterium tuberculosis,Methyltransferase superfamily,ribosomal,2.02,214,230,214,108.42379906542055,9.750859260559082,5.223281110866786,0.116822429906542,0.1635514018691588,0.0060747663551402,0.0373831775700934,39.611214953271016,0.0607476635514018,0.2850467289719626,0.8971962616822429,0.1121495327102803,0.135089209855565,15.593798637390137,0.2990654205607476,2.075972,-1.4374425411224363,-1.3730415105819702,-1.4144949913024902,-1.2244961261749268,-1.168929934501648,-0.8846220374107361,-0.917403,-1.108329,-0.9267288635824328,-1.1942030191421509,-0.958593487739563,-1.1079108692775264,-2.7219104232075058,2.075972,-1.542249
8HFM_1,8HFM,A,Bacteria,Mycolicibacterium smegmatis155),Mycolicibacterium smegmatis155),Class-I aminoacyl-tRNA synthetase family,ligase,2.41,404,413,404,109.89852054455464,4.950016975402831,-21.229290747853383,0.146039603960396,0.1262376237623762,-0.3094059405940595,0.0891089108910891,36.52499999999999,0.0594059405940594,0.3217821782178218,0.905940594059406,0.0445544554455445,0.1563376925927887,21.334510803222656,0.2995049504950495,1.925864,-1.555324912071228,-1.4173346757888794,-1.4790406227111816,-1.328637719154358,-1.3194185495376587,-0.6411887407302856,-0.941863,-1.101732,-0.9230168408686572,,,-0.8220226929919554,-2.4943394424891707,1.925864,-1.161553
4FKM_1,4FKM,A,Bacteria,Staphylococcus aureus,Staphylococcus aureus,Bacterial solute-binding protein 8 family,other,2.2,256,261,256,113.0422890625,9.147177314758302,8.150719182733361,0.15234375,0.19140625,-0.7386718750000006,0.09765625,19.426171874999987,0.03125,0.2421875,0.89453125,0.26953125,0.1440682387312186,18.359575271606445,0.30078125,1.428492,-1.6077601909637451,-1.5585530996322632,-1.4882513284683228,-1.3766063451766968,-1.4472711086273191,-0.8941159248352051,-1.913053,-2.389128,,,,-1.580910086631775,-3.0000405311584473,1.428492,-13.858526
6HPD_1,6HPD,A,Bacteria,Formosa agariphila,Formosa agariphila,Glycosyl hydrolase 2 family,hydrolase,2.43,955,990,955,113.81181968586456,5.542790794372558,-27.357022548524256,0.1413612565445026,0.1424083769633508,-0.6035602094240822,0.1141361256544502,31.330073298429458,0.0492146596858638,0.2513089005235602,0.9172774869109948,-0.5821989528795812,0.0947512503669604,27.504913330078125,0.300523560209424,1.8868,-2.0619356632232666,-1.4637659788131714,-1.4392969608306885,-1.265296459197998,-1.3023170232772827,-1.3111127614974976,-1.561271,-2.01956,-2.7709063624836388,,,-1.178591934923102,-2.71239288489856,1.8868,-2.21513
4QDJ_1,4QDJ,A,Bacteria,Synechocystis sp.,Synechocystis sp.,Class I-like SAM-binding methyltransferase superfamily,transferase,1.6,208,238,208,109.8011293269232,6.056558418273925,-2.2623172297451006,0.110576923076923,0.1201923076923077,-0.1115384615384614,0.0865384615384615,36.03995192307692,0.0240384615384615,0.3076923076923076,0.908653846153846,0.1586538461538461,0.1390831390831391,15.516880989074709,0.3028846153846153,1.93692,-2.1033132076263428,-1.5059340000152588,-1.549113631248474,-1.3744932413101196,-1.3708431720733645,-1.570260524749756,-1.387397,-1.695266,-0.9605530958909256,,,-1.6513472336989183,-3.079867436335637,1.93692,-1.745261
1JX6_1,1JX6,A,Bacteria,Vibrio harveyi,Vibrio harveyi,Bacterial solute-binding protein 2 family,DNA-binding,1.5,338,342,338,114.13863491124278,5.392906379699707,-8.587248947967133,0.1420118343195266,0.136094674556213,-0.4801775147928995,0.1183431952662721,32.76153846153847,0.0414201183431952,0.257396449704142,0.9437869822485208,0.1390532544378698,0.1690088757396449,19.052270889282227,0.301775147928994,1.771598,-1.6236003637313845,-1.5595660209655762,-1.5266720056533811,-1.4403107166290283,-1.433971643447876,-1.0195372104644775,-1.572514,-1.98956,-1.1367756318763869,-1.2572126388549805,-1.1629515886306765,-1.193842329217132,-3.199146519045858,1.771598,-1.474775
2CVB_1,2CVB,A,Bacteria,Thermus thermophilus,Thermus thermophilus,Pfam:PF00578,isomerase,1.8,187,188,187,113.53429144385028,5.2242650985717765,-7.7799354195475985,0.1657754010695187,0.1497326203208556,-0.4577540106951873,0.0962566844919786,43.11016042780747,0.0962566844919786,0.2032085561497326,0.9304812834224598,-0.160427807486631,0.2516418050473778,14.780004501342772,0.2994652406417112,2.283557,-1.5026460886001587,-1.1736234426498413,-1.2016814947128296,-1.0108791589736938,-1.0258430242538452,-1.1186546087265017,-0.818118,-1.19767,-0.5897051969314004,-1.0496630668640137,-0.8730365037918091,-1.529363458806818,-3.217104335519719,2.283557,-1.873219
3EIF_1,3EIF,A,Bacteria,Streptococcus pyogenes,Streptococcus pyogenes,Peptidase S8 family,hydrolase,1.9,936,936,936,110.26908108974438,5.425190925598144,-20.09137229572346,0.1431623931623931,0.1378205128205128,-0.6014957264957254,0.0886752136752136,33.59050213675227,0.0438034188034188,0.3119658119658119,0.9113247863247864,-0.4241452991452991,0.0800827423167848,31.227998733520508,0.3002136752136752,2.038947,-1.7568080425262451,-1.3052786588668823,-1.3444337844848633,-1.2145864963531494,-1.2495975494384766,-1.4891605377197266,-1.353042,-1.842882,-2.5228271484375,-1.2440556287765503,-1.153213620185852,-2.0722887088090944,-2.5316222101195245,2.038947,-1.870253
6CUL_1,6CUL,A,Bacteria,Pseudomonas aeruginosa,Pseudomonas aeruginosa,Unclassified,transferase,2.3,267,275,267,113.13399513108622,5.241544151306152,-8.669069526226487,0.1498127340823969,0.1385767790262172,-0.3565543071161054,0.1086142322097378,35.06445692883895,0.0524344569288389,0.2471910112359551,0.8464419475655431,-0.0749063670411985,0.1414220596347588,17.75684356689453,0.299625468164794,1.791229,-2.67431640625,-1.6480910778045654,-1.6947189569473269,-1.666400671005249,-1.6349915266036987,-1.2897640466690063,-1.595501,-2.117351,-1.4742349346032304,,,-2.2886318249648876,-3.2453700147764515,1.791229,-2.459309
2Q8P_1,2Q8P,A,Bacteria,Staphylococcus aureus,Staphylococcus aureus,Bacterial solute-binding protein 8 family,other,1.95,258,260,258,114.34448720930246,9.26612148284912,8.29654110286408,0.1201550387596899,0.1744186046511628,-0.5259689922480623,0.0852713178294573,31.310193798449607,0.0581395348837209,0.186046511627907,0.9031007751937984,0.0581395348837209,0.134362646953129,18.03489875793457,0.3023255813953488,1.916578,-1.579322099685669,-1.4313490390777588,-1.424212098121643,-1.2866653203964231,-1.2264471054077148,-0.6283470988273621,-1.283844,-1.749473,-0.9629979096641836,-1.0643031597137451,-1.009640336036682,-1.7256878993307898,-2.988021022589632,1.916578,-3.53881
5XE7_1,5XE7,A,Bacteria,Mycobacterium tuberculosis,Mycobacterium tuberculosis,Sigma-70 factor family,transferase,2.162,277,312,277,106.82826931407938,5.186012458801269,-6.777613403922079,0.1227436823104693,0.111913357400722,0.1328519855595667,0.0685920577617328,21.915162454873645,0.0505415162454873,0.3393501805054152,0.8411552346570397,0.1624548736462094,0.1560744883735849,19.05374526977539,0.2996389891696751,1.678578,-1.729683756828308,-1.7312315702438354,-1.7112942934036257,-1.722522497177124,-1.7456862926483154,-1.179300308227539,-1.395597,-1.593699,-1.538036800894066,,,-1.2890913650016922,-2.699538248110334,1.678578,-2.772192
5TW4_1,5TW4,A,Bacteria,Staphylococcus aureus,Staphylococcus aureus,Peptidase S11 family,hydrolase,1.57,359,359,359,111.84963119777156,9.096634101867677,6.931188879349612,0.1002785515320334,0.1364902506963788,-0.5356545961002792,0.0919220055710306,23.627855153203345,0.0389972144846796,0.2952646239554317,0.8690807799442897,-0.0891364902506963,0.1625343691812264,20.220691680908203,0.3008356545961003,2.014205,-1.9482903480529783,-1.310458421707153,-1.3474591970443726,-1.1309627294540403,-1.0896217823028564,-1.303970456123352,-1.302178,-1.771839,-0.7510136256310933,-0.8705968260765076,-1.0100946426391602,-1.6654688588091922,-2.989465910080084,2.014205,-1.048823
5EL0_1,5EL0,A,Bacteria,Brucella ovis,Brucella ovis,Short-chain dehydrogenases/reductases (SDR) family,oxidoreductase,1.85,223,276,223,107.5741475336323,7.208343696594238,0.2809815953037784,0.1076233183856502,0.1300448430493273,-0.079372197309417,0.0672645739910313,40.49506726457399,0.0448430493273542,0.3542600896860987,0.9103139013452914,0.1031390134529148,0.165935413104494,15.838683128356934,0.3004484304932735,2.043059,-1.634960412979126,-1.4404850006103516,-1.5463874340057373,-1.225541591644287,-1.2543613910675049,-1.4809101819992063,-1.221646,-1.450614,-0.8874355025355591,,,-0.9856212256735216,-2.708960289377803,2.043059,-2.667351
2WUG_1,2WUG,A,Bacteria,Mycobacterium tuberculosis,Mycobacterium tuberculosis,AB hydrolase superfamily,hydrolase,1.8,283,291,283,109.4808901060071,8.06694507598877,1.5764318871535217,0.1024734982332155,0.1378091872791519,-0.0678445229681978,0.0954063604240282,22.38268551236749,0.0494699646643109,0.2968197879858657,0.88339222614841,0.0706713780918728,0.1577661304241191,16.405662536621094,0.3003533568904594,2.07238,-1.623360514640808,-1.332983374595642,-1.367194890975952,-1.2269282341003418,-1.2113922834396362,-1.5172960758209229,-1.095995,-1.443853,-0.8933646266115006,-1.0447943210601809,-0.9953380227088928,-0.842790799090382,-2.7673486500662543,2.07238,-1.158647
1FAH_1,1FAH,A,Bacteria,Priestia megaterium,Priestia megaterium,Cytochrome P450 family,oxidoreductase,2.3,455,471,455,114.43951538461543,5.556830024719238,-12.40823223252238,0.1516483516483516,0.1516483516483516,-0.4419780219780209,0.0923076923076923,31.96375824175824,0.0571428571428571,0.2087912087912088,0.8989010989010989,0.265934065934066,0.1714330705118832,21.285341262817383,0.3010989010989011,1.703398,-1.3394819498062134,-1.6263164281845093,-1.6443727016448977,-1.561362624168396,-1.6186233758926392,-0.6918948292732239,-1.249892,-1.487167,-1.2229832911229397,-1.3678799867630005,-1.0282310247421265,-0.968976567865728,-2.4465857872596155,1.703398,-1.53808
8QB1_1,8QB1,A,Bacteria,Tannerella forsythia,Tannerella forsythia,Peptidase S8 family,hydrolase,1.601,88,88,88,111.12666704545444,9.226924705505368,1.7693524394420308,0.0795454545454545,0.1022727272727272,-0.1420454545454545,0.0795454545454545,37.19999999999999,0.0568181818181818,0.3181818181818182,0.931818181818182,-0.7045454545454546,0.2901034151034151,12.62929916381836,0.3068181818181818,1.678211,-1.498568058013916,-1.7657570838928225,-1.7569571733474731,-1.6245880126953125,-1.6027642488479614,-0.4322678744792938,-1.378303,-1.973215,-1.0113560069691052,,,-2.170492345636541,-3.482458634810014,1.678211,-4.436496
5GPP_1,5GPP,A,Bacteria,Escherichia coli,Escherichia coli,Bacterial solute-binding protein 1 family,transport,2.0,461,468,461,109.17709392624748,5.191866874694823,-10.822629102642608,0.140997830802603,0.1258134490238611,-0.2446854663774408,0.0911062906724511,24.095878524945768,0.0477223427331887,0.2971800433839479,0.9587852494577008,0.2733188720173536,0.15041095345181,23.11657333374023,0.2993492407809111,1.951329,-1.275020718574524,-1.062226176261902,-1.201433539390564,-1.1004557609558103,-1.1311620473861694,-0.3897684514522552,-0.703414,-0.682715,-1.4113041346088666,-1.230656385421753,-0.8878664374351501,-0.6286452949176383,-2.490346383117543,1.951329,-1.356928
1ZJR_1,1ZJR,A,Bacteria,Aquifex aeolicus,Aquifex aeolicus,Class IV-like SAM-binding methyltransferase superfamily,transferase,1.85,197,211,197,115.60972690355334,8.967310523986818,4.04570772592713,0.1370558375634517,0.1725888324873096,-0.3213197969543145,0.0913705583756345,32.5467005076142,0.0253807106598984,0.1878172588832487,0.9035532994923858,0.1319796954314721,0.2088123765794798,15.997690200805664,0.299492385786802,1.836087,-1.4936796426773071,-1.543676733970642,-1.5765126943588257,-1.5100339651107788,-1.4843443632125854,-1.2305889129638672,-1.045959,-1.139432,-1.0336669302228745,-1.431348204612732,-1.0911489725112915,-1.790062299234613,-2.816388280258566,1.836087,-2.04375
1PJ6_1,1PJ6,A,Bacteria,Arthrobacter globiformis,Arthrobacter globiformis,GcvT family,oxidoreductase,1.65,828,830,828,108.43159154589458,5.195902442932128,-23.16001915317929,0.1207729468599033,0.109903381642512,-0.1764492753623192,0.0881642512077294,39.53009661835765,0.0543478260869565,0.3393719806763285,0.9106280193236715,-0.1256038647342994,0.0973641395487393,26.818510055541992,0.3007246376811594,2.022636,-1.2407041788101196,-1.3074284791946411,-1.3444558382034302,-1.126650333404541,-1.142187237739563,-0.3841148316860199,-1.101665,-1.314374,-1.9891966299158363,-1.2056677341461182,-0.8443812727928162,-0.5998285265936367,-2.322939960277023,2.022636,-2.175235
3TVA_1,3TVA,A,Bacteria,Planctopirus limnophila,Planctopirus limnophila,Pfam:PF01261,isomerase,2.148,282,290,282,109.32114397163129,5.621853828430175,-8.9790971956838,0.1241134751773049,0.1312056737588652,-0.1684397163120567,0.0709219858156028,31.32517730496453,0.0602836879432624,0.2943262411347517,0.9219858156028368,0.1418439716312056,0.1400582754120254,17.19192123413086,0.301418439716312,1.931123,-1.95353102684021,-1.4245524406433103,-1.4197992086410522,-1.276144027709961,-1.262970209121704,-1.1082135438919067,-1.153534,-1.613247,-0.9534771425504212,-1.0286377668380735,-1.132429599761963,-1.4861928520473182,-3.060644271525931,1.931123,-1.989473
3MFD_1,3MFD,A,Bacteria,Bacillus subtilis,Bacillus subtilis,Peptidase S11 family,hydrolase,1.75,326,334,326,112.53322791411046,8.986715507507324,6.511490093942086,0.1226993865030674,0.1656441717791411,-0.3858895705521477,0.0889570552147239,25.721809815950916,0.0214723926380368,0.2791411042944785,0.9141104294478528,-0.1901840490797546,0.1405649161945578,22.106277465820312,0.3006134969325153,1.972269,-1.3315379619598389,-1.3075133562088013,-1.3864786624908447,-1.153868556022644,-1.1587234735488892,-1.0531938076019287,-1.12877,-1.666378,-0.6998696356463286,-0.9002457857131958,-0.8539052605628967,-1.15919354210602,-2.47455526714676,1.972269,-3.934845
4TWR_1,4TWR,A,Bacteria,Brucella abortus,Brucella abortus,NAD(P)-dependent epimerase/dehydratase family,isomerase,1.9,325,336,325,107.42133569230784,5.6552751541137685,-8.226104799103855,0.1169230769230769,0.123076923076923,-0.0932307692307692,0.0769230769230769,27.360615384615382,0.0461538461538461,0.3323076923076923,0.8953846153846154,-0.0584615384615385,0.1467499553810458,18.248228073120117,0.3015384615384615,2.088814,-1.283206343650818,-1.3041584491729736,-1.3754068613052368,-1.1977471113204956,-1.1832906007766724,-1.0457491874694824,-0.790686,-0.949453,-0.8806575833834135,-1.1173745393753052,-0.884818971157074,-0.9554857459435095,-2.346572265625,2.088814,-1.158676
4FDU_1,4FDU,A,Bacteria,Bacteroides thetaiotaomicron,Bacteroides thetaiotaomicron,Histidine acid phosphatase family,hydrolase,2.293,397,426,397,115.87565869017658,9.329945182800294,11.466869608728617,0.0982367758186398,0.1460957178841309,-0.2952141057934512,0.1209068010075566,48.6577329974811,0.052896725440806,0.2317380352644836,0.9017632241813602,0.3123425692695214,0.2018151074359725,21.103166580200195,0.2997481108312342,1.631295,-2.097855567932129,-1.6791166067123413,-1.7003411054611206,-1.5919852256774902,-1.5688018798828125,-1.5408533811569214,-1.637522,-1.872227,-1.232896319564704,,,-2.3590114026586115,-3.0007637850283375,1.631295,-1.618947
1ECE_1,1ECE,A,Bacteria,Acidothermus cellulolyticus,Acidothermus cellulolyticus,Glycosyl hydrolase 5 (cellulase A) family,hydrolase,2.4,358,358,358,112.3922287709498,4.8661226272583,-10.699973251438037,0.0921787709497206,0.0782122905027933,-0.3329608938547488,0.1368715083798882,35.42405027932959,0.0586592178770949,0.2849162011173184,0.8575418994413408,-0.0977653631284916,0.1698678634336904,18.374420166015625,0.3016759776536313,2.004602,-1.0412228107452393,-1.156476974487305,-1.1745405197143557,-1.2186193466186523,-1.2029340267181396,-0.9601977467536926,-0.791779,-1.007216,-0.7234543954859899,-0.9185369610786438,-0.6675969362258911,-0.604921308975646,-2.1735157886696927,2.004602,-1.089418
3I1A_1,3I1A,A,Bacteria,Legionella pneumophila,Legionella pneumophila,Pfam:PF01636,transferase,1.7,328,339,328,116.316462195122,6.130903816223144,-5.067430606449761,0.1280487804878048,0.149390243902439,-0.4240853658536586,0.1219512195121951,33.586341463414634,0.0335365853658536,0.198170731707317,0.926829268292683,0.1280487804878048,0.1292978403352315,20.88007545471191,0.3018292682926829,1.723654,-1.9501631259918213,-1.7014827728271484,-1.774461269378662,-1.545491099357605,-1.5279983282089231,-1.2913873195648191,-1.471969,-1.889912,-1.1956800135170542,-1.3485358953475952,-1.3212076425552368,-1.7146792528105943,-3.121683632455221,1.723654,-1.6643
7MSP_1,7MSP,A,Bacteria,Bacillus subtilis,Bacillus subtilis,Glycosyltransferase 2 family,transferase,2.1,333,335,333,118.1843561561562,5.260301017761231,-10.637718742550597,0.1621621621621621,0.1501501501501501,-0.3903903903903905,0.1291291291291291,34.770870870870866,0.027027027027027,0.1621621621621621,0.8678678678678678,0.1231231231231231,0.1017383580763862,20.740013122558594,0.3003003003003003,1.767689,-2.030665636062622,-1.5973644256591797,-1.6576805114746094,-1.4975258111953735,-1.5255509614944458,-1.350576877593994,-1.472433,-1.96615,-1.362050832570852,-1.511805534362793,-1.3736443519592283,-2.2984837254246435,-2.982198262715841,1.767689,-1.497953
1NT4_1,1NT4,A,Bacteria,Escherichia coli,Escherichia coli,Histidine acid phosphatase family,hydrolase,2.4,391,391,391,111.23732122762163,5.297360038757325,-8.72959881176839,0.1176470588235294,0.1099744245524296,-0.3992327365728901,0.0895140664961636,43.89616368286444,0.0613810741687979,0.2659846547314578,0.938618925831202,0.0127877237851662,0.1890644379111525,20.090612411499023,0.29923273657289,1.750773,-1.4271961450576782,-1.605449080467224,-1.6196234226226809,-1.5696054697036743,-1.5950881242752075,-0.2355855107307434,-1.499933,-1.783881,-1.1548618014206362,-1.2504791021347046,-1.027388572692871,-1.0925911905820411,-2.992248691256394,1.750773,-1.625901
7B0E_1,7B0E,A,Bacteria,Caulobacter vibrioides,Caulobacter vibrioides,Unclassified,oxidoreductase,1.4,270,291,270,109.31075703703712,4.967864418029785,-9.193946904454677,0.1296296296296296,0.1074074074074074,-0.1525925925925926,0.0777777777777777,36.51296296296296,0.0444444444444444,0.3148148148148148,0.8925925925925926,0.0481481481481481,0.1570346513985805,17.98923683166504,0.3,1.89612,-2.2944977283477783,-1.4441876411437988,-1.49513578414917,-1.2902123928070068,-1.3041976690292358,-1.7680975198745728,-1.458181,-2.012676,-1.0557210286458334,,,-2.5585435655381943,-3.139842845775463,1.89612,-1.19303
3KKZ_1,3KKZ,A,Bacteria,Bacteroides fragilis,Bacteroides fragilis,Pfam:PF13649,transferase,1.677,256,267,256,114.03066406250004,5.074664878845213,-9.791745797643106,0.13671875,0.1171875,-0.2269531250000001,0.1328125,40.87734374999998,0.03515625,0.25,0.8984375,0.1875,0.1745516304347826,17.34732437133789,0.30078125,1.772244,-1.6327451467514038,-1.6199054718017578,-1.6576545238494873,-1.441237211227417,-1.473142147064209,-0.9341027736663818,-1.168714,-1.493272,-0.938121259212494,-1.3952677249908447,-1.1568523645401,-1.1706496477127075,-2.793550968170166,1.772244,-2.722862
5IGT_1,5IGT,A,Bacteria,Escherichia coli,Escherichia coli,Pfam:PF01636,transferase,1.39,300,301,300,110.32093000000016,5.222503089904785,-11.74872786518658,0.14,0.13,0.001,0.0766666666666666,33.37433333333333,0.0466666666666666,0.2933333333333333,0.9433333333333334,0.2233333333333333,0.128755832037325,19.251054763793945,0.3,1.852715,-1.7586067914962769,-1.4851499795913696,-1.48585307598114,-1.2652615308761597,-1.2406474351882937,-0.6561590433120728,-1.274533,-1.690103,-1.0144188435872397,-1.2585972547531128,-1.1643046140670776,-1.704286397298177,-2.7858256022135417,1.852715,-1.361569
7JJ8_1,7JJ8,A,Bacteria,Streptococcus pneumoniae,Streptococcus pneumoniae,Bacterial solute-binding protein 9 family,other,2.03,267,299,267,110.87304419475656,5.0560216903686515,-9.843996949083618,0.1535580524344569,0.1310861423220974,-0.4134831460674161,0.0861423220973782,31.21501872659175,0.0411985018726591,0.2846441947565543,0.9213483146067416,0.2397003745318351,0.1414385863824066,18.487607955932617,0.299625468164794,1.937171,-1.298311710357666,-1.45167076587677,-1.4404926300048828,-1.2668529748916626,-1.2486532926559448,-0.9735230803489684,-1.017307,-1.120118,-0.919305522790116,,,-1.1733323000790028,-2.8377002044563437,1.937171,-1.140427
2XNJ_1,2XNJ,A,Bacteria,Escherichia coli,Escherichia coli,Ferredoxin--NADP reductase type 1 family,oxidoreductase,1.9,255,266,255,111.4718968627452,6.428683280944824,-1.5717986482439414,0.1176470588235294,0.1372549019607843,-0.1862745098039216,0.0745098039215686,27.47886274509803,0.0509803921568627,0.2745098039215686,0.9372549019607844,-0.3647058823529412,0.1499583140342751,17.377532958984375,0.3019607843137254,1.927674,-1.4595321416854858,-1.4251489639282229,-1.4929378032684326,-1.254120945930481,-1.2742986679077148,-0.6443755626678467,-0.994387,-1.199457,-0.7097418093213848,-0.9697127938270568,-0.986526906490326,-0.9967540067784928,-3.1083883846507354,1.927674,-1.176593
5I7P_1,5I7P,A,Bacteria,Escherichia coli,Escherichia coli,FKBP-type PPIase family,chaperone,2.002,155,161,155,111.33109419354837,4.853504371643066,-7.943147397337455,0.1612903225806451,0.1290322580645161,-0.3909677419354839,0.0774193548387096,40.39225806451611,0.0451612903225806,0.232258064516129,0.8838709677419355,-0.5225806451612903,0.3117530052754475,18.191226959228516,0.3032258064516129,2.002992,-1.1467055082321167,-1.404606580734253,-1.370989203453064,-1.2557917833328247,-1.2599050998687744,-0.9791690707206726,-0.94552,-1.023187,-1.078220687373992,-1.2278144359588623,-0.9182915687561036,-1.136132320280998,-2.990415511592742,2.002992,-1.631233
2WRZ_1,2WRZ,A,Bacteria,Escherichia coli,Escherichia coli,Bacterial solute-binding protein 2 family,transport,2.2,299,306,299,108.00462274247492,5.152250099182127,-7.856926637803504,0.1404682274247491,0.1237458193979933,-0.2595317725752509,0.0702341137123745,24.92277591973243,0.0501672240802675,0.3043478260869565,0.9264214046822744,0.1304347826086956,0.148072029751419,19.86324882507324,0.3010033444816054,1.875779,-1.802554965019226,-1.568305253982544,-1.5484533309936523,-1.4538344144821167,-1.467454433441162,-0.6105181574821472,-1.398137,-1.810929,,,,-0.9955834226066054,-3.0399610844742893,1.875779,-1.378089
6H20_1,6H20,A,Bacteria,Mycobacterium tuberculosis,Mycobacterium tuberculosis,Bacterial solute-binding protein 3 family,other,1.4,288,287,288,109.00865798611116,5.0942174911499025,-6.0577471741497995,0.125,0.1111111111111111,-0.0819444444444444,0.0555555555555555,38.52881944444444,0.0868055555555555,0.2743055555555556,0.9270833333333331,-0.0868055555555555,0.2408673822714681,17.876466751098633,0.3020833333333333,2.06265,-1.3811368942260742,-1.2902640104293823,-1.368643045425415,-1.1620054244995115,-1.1175304651260376,-0.7564007043838501,-1.032826,-1.402837,-0.9864894019232856,,,-0.8302804099188911,-2.883231268988715,2.06265,-1.032228
2YWH_1,2YWH,A,Bacteria,Aquifex aeolicus,Aquifex aeolicus,TRAFAC class translation factor GTPase superfamily,ribosomal,2.24,528,600,528,112.38797878787884,5.6125890731811525,-9.64920845302251,0.1477272727272727,0.1458333333333333,-0.1732954545454545,0.0852272727272727,29.04320075757575,0.0606060606060606,0.2234848484848485,0.9318181818181818,-0.3143939393939393,0.0869198143405889,24.489728927612305,0.3011363636363636,2.027865,-1.143057346343994,-1.419871211051941,-1.447739839553833,-1.29123854637146,-1.318867325782776,-1.1380661725997925,-0.827594,-0.920367,-0.9611836057720762,,,-1.1304181416829426,-1.9625056873668325,2.027865,-1.344013
3E23_1,3E23,A,Bacteria,Rhodopseudomonas palustris,Rhodopseudomonas palustris,Pfam:PF08241,transferase,1.6,198,211,198,110.50152676767672,5.298781013488769,-5.869598345683059,0.1464646464646464,0.1363636363636363,-0.325252525252525,0.1111111111111111,36.77333333333333,0.0404040404040404,0.3282828282828283,0.9292929292929292,-0.1414141414141414,0.1644760861628331,15.020529747009276,0.303030303030303,1.960216,-1.5658550262451172,-1.4114450216293335,-1.45489501953125,-1.2990710735321045,-1.3242212533950806,-1.2845827341079712,-1.185809,-1.383337,-0.9638734297318892,-1.1136137247085571,-1.12630033493042,-1.4682805225102589,-3.1639570756392046,1.960216,-2.614495
3TZZ_1,3TZZ,A,Bacteria,Mycobacterium tuberculosis,Mycobacterium tuberculosis,Pfam:PF00698,lyase,2.49,463,491,463,107.69554751619891,5.419734382629394,-14.870865351153412,0.1231101511879049,0.120950323974082,-0.0542116630669546,0.0691144708423326,35.08142548596112,0.0496760259179265,0.3347732181425485,0.956803455723542,0.1403887688984881,0.1539976886379943,22.259654998779297,0.3002159827213823,1.962585,-1.5957326889038086,-1.4631632566452026,-1.4675946235656738,-1.4034582376480105,-1.4394522905349731,-0.3445336818695068,-1.484236,-1.923609,-1.0977953257879995,-1.2020446062088013,-1.0324651002883911,-0.6016368495207883,-2.84537725263229,1.962585,-1.310257
2CB9_1,2CB9,A,Bacteria,Bacillus subtilis,Bacillus subtilis,ATP-dependent AMP-binding enzyme family,ligase,1.8,212,244,212,112.46043018867928,4.842818641662597,-12.079703054286496,0.1415094339622641,0.1084905660377358,-0.2764150943396228,0.1132075471698113,42.054716981132074,0.0235849056603773,0.2547169811320754,0.929245283018868,-0.0424528301886792,0.1597167950578691,15.708983421325684,0.3018867924528302,1.878992,-1.9160091876983645,-1.5360532999038696,-1.4974491596221924,-1.347568392753601,-1.3849660158157349,-1.7233108282089231,-1.586113,-2.086401,-1.181723324757702,,,-2.1606833979768574,-3.352865543005602,1.878992,-1.920023
8OK3_1,8OK3,A,Bacteria,Bdellovibrio bacteriovorus,Bdellovibrio bacteriovorus,Unclassified,other,1.5,121,125,121,107.06035785123956,6.284994316101075,-0.964187111721543,0.0578512396694214,0.0743801652892562,-0.0909090909090908,0.1239669421487603,33.577768595041306,0.0330578512396694,0.4380165289256198,0.9504132231404958,-0.7851239669421488,0.4404487131759859,14.049064636230469,0.2975206611570248,1.852698,-2.5409116744995117,-1.494877576828003,-1.6249282360076904,-1.3487861156463623,-1.3694416284561155,-2.313203811645508,-1.587693,-2.205918,-0.9645626604064436,-1.3074079751968384,-1.439428210258484,-2.886650148502066,-3.789627453512397,1.852698,-1.366289
1JL3_1,1JL3,A,Bacteria,Bacillus subtilis,Bacillus subtilis,Low molecular weight phosphotyrosine protein phosphatase family,oxidoreductase,1.6,137,139,137,111.93444671532838,5.0384016036987305,-5.98778334178639,0.1605839416058394,0.1386861313868613,-0.5649635036496353,0.0875912408759124,26.499270072992687,0.0364963503649635,0.2627737226277372,0.9635036496350364,0.0,0.2296532846715328,13.448480606079102,0.2992700729927007,1.885435,-1.107455134391785,-1.4872851371765137,-1.600792646408081,-1.30648934841156,-1.382521152496338,-0.5857853293418884,-0.855112,-0.924196,-0.8743840238473711,-1.2362823486328125,-0.8324439525604248,-0.6185887468992358,-2.2991466661439324,1.885435,-1.485471
2Q02_1,2Q02,A,Bacteria,Salmonella typhimurium,Salmonella typhimurium,Pfam:PF01261,other,2.4,272,272,272,113.35948161764712,5.139575004577636,-8.840843025516595,0.1433823529411764,0.125,-0.2095588235294116,0.0808823529411764,45.81838235294117,0.0367647058823529,0.2316176470588235,0.8602941176470589,0.088235294117647,0.1411775983399494,17.077220916748047,0.3014705882352941,1.941325,-1.9809097051620483,-1.45380961894989,-1.4504201412200928,-1.3138079643249512,-1.2935127019882202,-1.0796993970870972,-1.278157,-1.776616,-0.906675002154182,-1.0172500610351562,-1.114032745361328,-1.481665667365579,-3.231230343089384,1.941325,-2.576416
4LEF_1,4LEF,A,Bacteria,Escherichia coli,Escherichia coli,Metallo-dependent hydrolases superfamily,hydrolase,1.842,291,292,291,112.6593147766325,5.250013160705565,-11.656551803631295,0.1305841924398625,0.1237113402061855,-0.2429553264604813,0.0824742268041237,35.614089347079045,0.0240549828178694,0.2577319587628865,0.872852233676976,0.1718213058419244,0.1474712534103238,16.93789291381836,0.2989690721649484,2.094167,-1.399372935295105,-1.345850944519043,-1.323763132095337,-1.162008285522461,-1.1312808990478516,-0.4875740110874176,-1.048757,-1.25203,-0.7347539003772015,-0.8800784945487976,-0.8383013010025024,-0.8611002918780875,-2.826584439097401,2.094167,-0.971392
5EXI_1,5EXI,A,Bacteria,Mycobacterium tuberculosis,Mycobacterium tuberculosis,Radical SAM superfamily,transferase,2.28,278,331,278,111.12095035971232,6.193483543395996,-1.8884323108779029,0.1438848920863309,0.1510791366906474,-0.3258992805755401,0.0755395683453237,44.228776978417265,0.0539568345323741,0.2913669064748201,0.9136690647482016,0.1438848920863309,0.1161348866526114,17.119503021240234,0.302158273381295,1.764658,-1.2064708471298218,-1.519321084022522,-1.5220060348510742,-1.4595459699630735,-1.4085094928741455,-0.7510802745819092,-1.050634,-1.203237,-1.0523383051371402,-1.452195405960083,-1.005400776863098,-0.6699389999718974,-2.7655578174179407,1.764658,-1.393194
3EXQ_1,3EXQ,A,Bacteria,Levilactobacillus brevis,Levilactobacillus brevis,Nudix hydrolase family,hydrolase,2.0,159,161,159,110.72658113207544,5.660220146179199,-6.445737333680814,0.1257861635220125,0.1383647798742138,-0.2930817610062892,0.0754716981132075,19.705031446540872,0.0440251572327044,0.3144654088050314,0.8805031446540881,-0.440251572327044,0.231784015953367,15.466592788696287,0.3018867924528302,1.763516,-2.077134132385254,-1.637791872024536,-1.6545976400375366,-1.5877256393432615,-1.6038603782653809,-1.8017008304595947,-1.520781,-1.882116,-1.378251945447622,-1.2682658433914185,-1.2994098663330078,-2.1959357111708924,-3.382761061566431,1.763516,-2.79799
2FSR_1,2FSR,A,Bacteria,Agrobacterium fabrum),Agrobacterium fabrum),Pfam:PF13302,other,1.52,171,195,171,111.15908888888887,5.289857292175292,-6.7029528531340965,0.1228070175438596,0.1169590643274853,-0.250877192982456,0.1169590643274853,36.3298245614035,0.0760233918128654,0.2982456140350877,0.9239766081871345,-0.1520467836257309,0.1323510086076614,15.444184303283691,0.2982456140350877,1.789433,-1.7093830108642578,-1.5292242765426636,-1.5608638525009155,-1.4492933750152588,-1.4554729461669922,-0.8735792636871338,-1.362363,-1.728148,-0.8258963244700293,,,-1.1397116142406798,-3.1660805863943713,1.789433,-2.803134
1YZF_1,1YZF,A,Bacteria,Enterococcus faecalis,Enterococcus faecalis,Pfam:PF13472,hydrolase,1.9,195,195,195,110.10011128205124,5.082110786437987,-7.192868017815368,0.1538461538461538,0.1333333333333333,-0.0487179487179486,0.0564102564102564,38.902564102564085,0.0512820512820512,0.2461538461538461,0.9230769230769232,0.3076923076923077,0.1920736248537078,15.062280654907228,0.3025641025641025,1.953093,-1.7160991430282593,-1.38571298122406,-1.423727035522461,-1.2892853021621704,-1.250945210456848,-1.3911092281341553,-1.232766,-1.586538,-0.8576541215945512,-0.9517293572425842,-1.0837866067886353,-1.930127422626202,-2.976118664863782,1.953093,-1.677895
1B4V_1,1B4V,A,Bacteria,Streptomyces sp.,Streptomyces sp.,GMC oxidoreductase family,oxidoreductase,1.5,498,504,498,109.1722516064258,6.68707332611084,-0.7100387303005249,0.1024096385542168,0.1124497991967871,-0.2526104417670688,0.1004016064257028,30.62269076305219,0.0441767068273092,0.3172690763052209,0.891566265060241,-0.2650602409638554,0.1888123924268502,20.80289077758789,0.3012048192771084,1.931973,-1.8620402812957764,-1.398942947387695,-1.415027737617493,-1.2643922567367554,-1.229740858078003,-1.0426530838012695,-1.346976,-1.677761,-0.9956810886122616,-1.3895573616027832,-1.1635828018188477,-0.7227645935303715,-2.7337011620701555,1.931973,-1.229672
4Z0T_1,4Z0T,A,Bacteria,Brucella ovis,Brucella ovis,Short-chain dehydrogenases/reductases (SDR) family,oxidoreductase,1.5,244,254,244,108.30877090163932,8.54355983734131,2.2168651427371664,0.1188524590163934,0.1475409836065573,-0.0061475409836065,0.0491803278688524,31.999590163934418,0.0450819672131147,0.319672131147541,0.9139344262295082,0.0450819672131147,0.1412095418242959,16.360645294189453,0.2991803278688524,2.180894,-1.467482566833496,-1.4224177598953247,-1.4488312005996704,-1.2710886001586914,-1.23327374458313,-1.1341044902801514,-0.884473,-0.970081,-0.7352688273445505,-0.9291216135025024,-0.9176368713378906,-0.6789586426781826,-2.700683093461834,2.180894,-1.067804
2DYK_1,2DYK,A,Bacteria,Thermus thermophilus,Thermus thermophilus,TRAFAC class TrmE-Era-EngA-EngB-Septin-like GTPase superfamily,GTPase,1.96,150,161,150,112.62785666666666,5.971413612365722,-2.2007304636414773,0.1733333333333333,0.1799999999999999,-0.38,0.0733333333333333,23.260666666666665,0.0466666666666666,0.2266666666666666,0.84,-0.0666666666666666,0.1976666666666666,13.656842231750488,0.3,2.268954,-1.7091121673583984,-1.2487926483154297,-1.2469638586044312,-1.2117611169815063,-1.250878930091858,-1.5376543998718262,-0.887489,-1.271258,-0.7891223653157552,,,-1.7485595703125,-2.8175543212890624,2.268954,-1.506579
2RJO_1,2RJO,A,Bacteria,Paraburkholderia phytofirmans,Paraburkholderia phytofirmans,Bacterial solute-binding protein 2 family,other,2.05,322,332,322,107.4009164596273,8.599067115783694,2.9265682301291314,0.093167701863354,0.108695652173913,-0.0866459627329191,0.093167701863354,29.881987577639755,0.0496894409937888,0.3354037267080745,0.922360248447205,0.2701863354037267,0.153826945126369,18.697538375854492,0.3012422360248447,1.869757,-1.8330451250076296,-1.442413091659546,-1.5135987997055054,-1.4830049276351929,-1.4158469438552856,-1.1401656866073608,-1.410217,-2.034839,-1.0544607979910714,-1.1693308353424072,-1.202615737915039,-1.6789975373641304,-3.0648758218895575,1.869757,-2.704732
1IQR_1,1IQR,A,Bacteria,Thermus thermophilus,Thermus thermophilus,DNA photolyase class-1 family,lyase,2.1,415,420,415,114.14862819277124,9.257933998107909,6.890680388499959,0.1301204819277108,0.1734939759036144,-0.4812048192771081,0.108433734939759,48.3913253012048,0.1060240963855421,0.236144578313253,0.8963855421686747,0.2987951807228916,0.1304352312891824,21.34297752380371,0.3012048192771084,2.215206,-1.3841960430145264,-1.264264702796936,-1.2630276679992676,-1.2092009782791138,-1.1814804077148438,-0.7413103580474854,-0.884342,-1.226448,-0.8505827019013554,-1.029621124267578,-0.8475637435913086,-1.3751254529838102,-2.390990916792169,2.215206,-1.080858
4R6K_1,4R6K,A,Bacteria,Bacillus subtilis,Bacillus subtilis,Bacterial solute-binding protein 1 family,transport,1.94,396,428,396,113.6950603535354,5.155603599548338,-11.663214947537549,0.1565656565656565,0.1388888888888889,-0.6282828282828282,0.1035353535353535,31.31265151515152,0.053030303030303,0.2373737373737373,0.9292929292929292,0.2878787878787878,0.1957985257985258,21.30266571044922,0.3005050505050505,1.977849,-1.5722014904022217,-1.4094407558441162,-1.4499748945236206,-1.233285427093506,-1.2532029151916504,-0.9541255831718444,-1.172158,-1.496952,-1.0740008884006076,-1.0514469146728516,-0.969200313091278,-1.2249130094894256,-2.86068694760101,1.977849,-1.270623
6SY9_1,6SY9,A,Bacteria,Legionella pneumophila,Legionella pneumophila,Pfam:PF00072,other,2.1,307,361,307,115.28267817589588,4.600514030456543,-21.553013991393613,0.1563517915309446,0.1107491856677524,-0.0970684039087947,0.1237785016286645,40.52156351791531,0.0293159609120521,0.2019543973941368,0.8794788273615635,0.0781758957654722,0.1449265378824409,21.401830673217773,0.2996742671009772,1.803957,-2.144777536392212,-1.6426126956939695,-1.653451681137085,-1.4306663274765017,-1.4553879499435425,-1.7548929452896118,-1.674104,-2.30856,-1.3116573371017406,,,-2.066438457476588,-3.1106851683377443,1.803957,-1.369426
4U0O_1,4U0O,B,Bacteria,Thermosynechococcus vestitus,Thermosynechococcus vestitus,Radical SAM superfamily,transferase,1.6,273,296,273,110.04070000000016,8.423068428039553,3.4371727502876723,0.1062271062271062,0.1391941391941392,-0.2102564102564103,0.0586080586080586,50.98205128205128,0.0659340659340659,0.293040293040293,0.8827838827838828,0.0476190476190476,0.1265619116086405,17.01693344116211,0.3003663003663003,1.896486,-1.3489782810211182,-1.412700057029724,-1.4379055500030518,-1.360468864440918,-1.319386005401611,-1.236438512802124,-0.917036,-1.161353,-0.829891833630237,,,-0.9562567965888278,-2.2860170022035255,1.896486,-1.229022
6AH9_1,6AH9,A,Bacteria,Acinetobacter baumannii,Acinetobacter baumannii,Short-chain dehydrogenases/reductases (SDR) family,oxidoreductase,1.74,260,267,260,106.82871730769229,6.245207023620606,-1.8014820148644224,0.1076923076923077,0.1192307692307692,0.1061538461538462,0.0846153846153846,23.778846153846157,0.0307692307692307,0.3384615384615385,0.8961538461538461,0.2269230769230769,0.1489344729344729,16.856149673461914,0.3,1.955478,-1.221692442893982,-1.473946452140808,-1.4786207675933838,-1.3479722738265991,-1.333113670349121,-1.26324462890625,-0.789976,-0.875039,-0.9941813542292668,-1.2268682718276978,-0.939031720161438,-0.5850624671349158,-2.605023897611178,1.955478,-1.282761
3KST_1,3KST,A,Bacteria,Bacteroides thetaiotaomicron,Bacteroides thetaiotaomicron,Glycosyl hydrolase 43 family,hydrolase,1.7,291,306,291,112.03510171821316,5.4356492996215815,-6.123694035753669,0.1099656357388316,0.1065292096219931,-0.3477663230240554,0.1512027491408934,23.378109965635744,0.0481099656357388,0.3127147766323024,0.9106529209621992,-0.7044673539518901,0.1506607498409758,17.000993728637695,0.2989690721649484,2.03525,-1.589226245880127,-1.3377180099487305,-1.321888446807861,-1.1589168310165403,-1.1655265092849731,-1.1677238941192627,-1.224669,-1.603685,-0.8168120498919406,-0.8878780007362366,-0.969245433807373,-1.3206229193513743,-2.609789871268256,2.03525,-2.069776
3HAV_1,3HAV,A,Bacteria,Enterococcus faecium,Enterococcus faecium,Pfam:PF01636,transferase,2.45,296,299,296,118.0384327702704,4.9390470504760735,-14.974182667510457,0.1756756756756756,0.1452702702702702,-0.3962837837837843,0.1216216216216216,32.047297297297305,0.0168918918918918,0.1554054054054054,0.902027027027027,0.2804054054054054,0.1219214094640716,20.022296905517575,0.3006756756756756,1.687094,-2.2433841228485107,-1.6507885456085205,-1.65722918510437,-1.7223143577575684,-1.7437896728515625,-1.605674147605896,-1.65959,-2.005127,-1.349337191195101,,,-2.575676170555321,-3.0569041484111064,1.687094,-1.71491
5W0R_1,5W0R,A,Bacteria,Escherichia coli,Escherichia coli,Bacterial solute-binding protein 1 family,transport,2.4,548,549,548,112.14437901459875,6.276809501647949,-2.625328618971949,0.125912408759124,0.1332116788321168,-0.3208029197080295,0.1204379562043795,30.08412408759123,0.0474452554744525,0.2810218978102189,0.927007299270073,0.0547445255474452,0.1216440762779161,25.47820281982422,0.3010948905109489,2.09557,-1.0448461771011353,-0.9930050373077391,-1.086989402770996,-1.0544307231903076,-1.08556866645813,-0.6244582533836365,-0.946724,-0.977106,-1.3169963307624315,,,-0.5308028729292598,-2.3717486527714415,2.09557,-1.264366
4L36_1,4L36,A,Bacteria,Streptomyces scabiei,Streptomyces scabiei,Cytochrome P450 family,oxidoreductase,2.104,396,426,396,110.20520126262645,6.125504112243651,-4.609688039106572,0.106060606060606,0.1212121212121212,-0.082070707070707,0.0782828282828282,44.92275252525253,0.0732323232323232,0.2853535353535353,0.8787878787878787,0.3131313131313131,0.1874266908088779,20.091005325317383,0.3005050505050505,1.940567,-2.035374164581299,-1.4795588254928589,-1.53222393989563,-1.3895256519317627,-1.4077585935592651,-1.8805056810379028,-1.410202,-1.868225,-1.0810929115372474,,,-2.177831013997396,-2.6736098780776514,1.940567,-1.334394
5XBJ_1,5XBJ,A,Bacteria,Campylobacter jejuni,Campylobacter jejuni,Flagella basal body rod proteins family,structural,2.448,500,511,500,111.51496500000016,4.62057819366455,-25.822412955243465,0.1579999999999999,0.114,-0.7397999999999991,0.086,25.55861999999999,0.018,0.284,0.918,0.198,0.1625459140690817,29.18170738220215,0.3,1.739096,-2.258789539337158,-1.6467951536178589,-1.647311091423035,-1.4586044549942017,-1.4938908815383911,-1.6115108728408811,-1.515265,-1.882264,-1.310082763671875,-1.5569227933883667,-1.4919774532318115,-1.860709716796875,-2.9301689453125,1.739096,-1.393346
5BR1_1,5BR1,A,Bacteria,Allorhizobium ampelinum),Allorhizobium ampelinum),Bacterial solute-binding protein 2 family,other,1.85,320,346,320,105.78018437499992,5.222048377990721,-6.854080936332213,0.109375,0.0999999999999999,0.1025,0.0625,18.92874999999999,0.0625,0.309375,0.925,0.08125,0.1465021306818182,18.59111785888672,0.3,1.898524,-2.0565428733825684,-1.4669854640960691,-1.5069658756256104,-1.4089256525039673,-1.4261372089385986,-0.8886678814888,-1.510636,-2.053772,-1.0391131401062013,-1.1937884092330933,-1.1866466999053955,-1.2319953918457032,-3.082065963745117,1.898524,-3.649104
4X7R_1,4X7R,A,Bacteria,Staphylococcus aureus,Staphylococcus aureus,Glycosyltransferase group 1 family,transferase,2.15,493,493,493,116.37570324543616,9.014888191223148,11.642049849337395,0.1338742393509127,0.1825557809330629,-0.506896551724138,0.1115618661257606,44.13087221095336,0.0182555780933062,0.1845841784989857,0.9391480730223124,-0.1075050709939148,0.083227368026318,24.676877975463867,0.3002028397565923,1.739218,-1.851124286651611,-1.5411689281463623,-1.6102330684661863,-1.4037752151489258,-1.4033225774765017,-0.3641625642776489,-1.453299,-1.834718,-1.0970710305606617,-1.214076280593872,-1.261764407157898,-2.119943367298428,-2.683617520283976,1.739218,-1.344382
8BMV_1,8BMV,A,Bacteria,Pseudomonas putida,Pseudomonas putida,Methyl-accepting chemotaxis (MCP) protein family,membrane,1.95,245,276,245,110.37594408163264,5.112064933776855,-8.752538209324651,0.1428571428571428,0.1265306122448979,-0.2506122448979594,0.0938775510204081,36.04167346938775,0.0326530612244898,0.3102040816326531,0.8816326530612245,0.0081632653061224,0.1173800928313563,19.2365665435791,0.3020408163265306,1.83454,-1.7957419157028198,-1.5485241413116455,-1.5576930046081543,-1.4505550861358645,-1.439208745956421,-1.5005016326904297,-1.415494,-1.738615,-1.2404260752152425,-1.3624072074890137,-1.1951394081115725,-1.788018176020408,-3.149814154177296,1.83454,-1.472717
3E0X_1,3E0X,A,Bacteria,Clostridium acetobutylicum,Clostridium acetobutylicum,Pfam:PF00561,hydrolase,1.45,245,245,245,111.86689591836756,5.681932640075684,-5.9449130176707214,0.1387755102040816,0.1428571428571428,-0.0865306122448979,0.0775510204081632,18.93795918367346,0.0244897959183673,0.1959183673469388,0.8816326530612244,0.0326530612244898,0.1726097711811997,15.709566116333008,0.3020408163265306,2.109752,-2.113865852355957,-1.245716571807861,-1.3049296140670776,-1.030830144882202,-1.0864434242248535,-1.6232045888900757,-1.29144,-2.002718,-0.7350164919483418,-0.9410049319267272,-1.07889986038208,-2.423493303571429,-2.9745505819515308,2.109752,-2.235008
6J7E_1,6J7E,A,Bacteria,Pseudomonas aeruginosa,Pseudomonas aeruginosa,Pfam:PF25601,DNA-binding,2.4,251,263,251,112.75834621513955,8.000542640686035,1.49820460218438,0.1274900398406374,0.1633466135458167,-0.2147410358565737,0.0637450199203187,43.794820717131465,0.0398406374501992,0.2390438247011952,0.8924302788844621,0.1513944223107569,0.1831720736103206,19.80422592163086,0.298804780876494,1.964869,-0.943331241607666,-1.4410473108291626,-1.4813003540039062,-1.4174867868423462,-1.45353364944458,-1.2945407629013062,-0.869626,-0.954665,-0.8523709726523593,-1.2933670282363892,-0.7286190986633301,-0.440785047067589,-2.068214933235806,1.964869,-1.453177
8AGR_1,8AGR,A,Bacteria,Lactiplantibacillus plantarum,Lactiplantibacillus plantarum,Pfam:PF00144,hydrolase,1.86,322,374,322,111.21217608695652,9.572733116149902,13.542167016534773,0.0683229813664596,0.1366459627329192,-0.364596273291926,0.1024844720496894,23.29692546583851,0.0217391304347826,0.3043478260869565,0.9534161490683232,0.170807453416149,0.2062866914916456,18.44110679626465,0.3012422360248447,1.91206,-1.6952884197235107,-1.4062844514846802,-1.4205117225646973,-1.257935881614685,-1.2197449207305908,-1.1984035968780518,-1.473404,-1.893616,-0.9480604088824728,-1.3862324953079224,-1.1435697078704834,-1.8890225428231755,-2.9472349178717003,1.91206,-1.280422
4FIN_1,4FIN,A,Bacteria,Escherichia coli,Escherichia coli,ABC transporter superfamily,hydrolase,2.4,538,555,538,112.4422923791824,5.159013938903808,-18.59160346114028,0.1654275092936803,0.1468401486988847,-0.43271375464684,0.0724907063197026,33.20855018587359,0.0427509293680297,0.2434944237918215,0.9368029739776952,0.0260223048327137,0.1078144168698452,34.565948486328125,0.3011152416356877,1.850681,-0.9745862483978271,-1.5155775547027588,-1.531551718711853,-1.464499592781067,-1.4646399021148682,-1.5632692575454712,-1.083291,-1.281815,-1.223635308361408,,,-0.447313556883858,-1.9995203408166824,1.850681,-2.686547
3I47_1,3I47,A,Bacteria,Legionella pneumophila,Legionella pneumophila,Enoyl-CoA hydratase/isomerase family,lyase,1.58,259,268,259,109.6880042471043,5.639644432067871,-4.183400495249774,0.1119691119691119,0.1119691119691119,-0.0301158301158302,0.0733590733590733,35.96332046332046,0.027027027027027,0.2934362934362934,0.945945945945946,0.3822393822393822,0.1150193714737604,18.600730895996097,0.3011583011583011,1.731655,-1.4323595762252808,-1.7268235683441162,-1.7759114503860474,-1.513870358467102,-1.538896560668945,-1.294402837753296,-0.991936,-1.189916,-1.3222722233952702,-1.2780020236968994,-1.0162782669067385,-1.1682798172055984,-2.6992592829995172,1.731655,-1.428764
8JBZ_1,8JBZ,AAA,Bacteria,Rhodococcus erythropolis,Rhodococcus erythropolis,FAD-dependent oxidoreductase 2 family,oxidoreductase,2.079,521,521,521,104.03756007677563,4.6691186904907225,-28.559669773533535,0.1324376199616123,0.0959692898272552,-0.1994241842610372,0.0671785028790787,31.226333973128582,0.0518234165067178,0.3877159309021113,0.927063339731286,-0.0633397312859884,0.1829205325222446,22.23295021057129,0.2994241842610364,2.0776,-1.557426929473877,-1.2434309720993042,-1.2635034322738647,-1.092639684677124,-1.1391533613204956,-0.8333985209465027,-1.16471,-1.405504,-1.043248621378659,-1.2683950662612915,-1.0648045539855957,-1.1927844027411227,-2.446560850527831,2.0776,-1.168196
8IUD_1,8IUD,A,Bacteria,Bacillus cereus,Bacillus cereus,Helicase family,DNA-binding,2.0,473,496,473,116.03396236786462,5.377161979675294,-10.870992120418222,0.1458773784355179,0.1374207188160676,-0.3120507399577171,0.1057082452431289,33.496194503171246,0.0211416490486257,0.1881606765327695,0.9260042283298096,0.1268498942917547,0.1387236585219103,24.434043884277344,0.3002114164904862,1.772488,-2.2646615505218506,-1.536884069442749,-1.5997748374938965,-1.4047362804412842,-1.4222716093063354,-1.927212357521057,-1.539946,-2.273333,-1.0645986802986258,,,-2.6073816150237845,-3.006215004789905,1.772488,-2.531814
1UC7_1,1UC7,A,Bacteria,Escherichia coli,Escherichia coli,Thioredoxin family,oxidoreductase,1.9,124,125,124,111.64123951612888,4.996340751647948,-5.856181266778886,0.1290322580645161,0.1129032258064516,-0.2387096774193548,0.0806451612903225,20.254838709677415,0.0403225806451612,0.25,0.9112903225806452,0.0403225806451613,0.2648110957700514,13.480666160583496,0.2983870967741935,2.115533,-1.381887912750244,-1.3627102375030518,-1.400679111480713,-1.2933553457260132,-1.2470386028289795,-0.118570439517498,-0.928254,-1.135024,-0.933356192804152,-1.3666532039642334,-0.978944718837738,-0.8994467950636341,-3.009485552387853,2.115533,-1.589162
5F7V_1,5F7V,A,Bacteria,Listeria monocytogenes,Listeria monocytogenes,Pfam:PF01547,transport,1.4,388,400,388,112.76827912371148,4.491837882995605,-26.90242497763839,0.1675257731958762,0.1056701030927835,-0.6149484536082469,0.1185567010309278,36.12966494845361,0.0463917525773195,0.2628865979381443,0.9510309278350516,0.2345360824742268,0.2005339936661949,20.45528221130371,0.3015463917525773,1.938907,-1.613170862197876,-1.4086700677871704,-1.3989087343215942,-1.2145581245422363,-1.2926570177078247,-1.0046353340148926,-1.207835,-1.436861,-1.1264352700144975,,,-1.4505942433150774,-2.627504014477287,1.938907,-1.328041
1KNR_1,1KNR,A,Bacteria,Escherichia coli,Escherichia coli,FAD-dependent oxidoreductase 2 family,oxidoreductase,2.5,529,540,529,111.51841455576589,5.755141258239747,-15.84142561896968,0.1304347826086956,0.1436672967863894,-0.2013232514177695,0.0737240075614366,36.96391304347828,0.0434782608695652,0.2741020793950851,0.9073724007561436,-0.0075614366729678,0.1706834084830356,21.435850143432617,0.3005671077504726,1.856187,-0.9377591013908386,-1.5441149473190308,-1.599295139312744,-1.6299452781677246,-1.6313306093215942,-0.7357396483421326,-0.949308,-0.996417,-1.3877788464378544,-1.6392704248428345,-0.8162167072296143,-0.3587294003463197,-2.207055248700378,1.856187,-1.814123
4XA2_1,4XA2,A,Bacteria,Escherichia coli,Escherichia coli,Bacterial solute-binding protein 1 family,transport,1.98,490,498,490,107.12195122448996,5.356017875671387,-7.222173361659884,0.1163265306122449,0.1081632653061224,-0.2385714285714291,0.0857142857142857,20.074693877551024,0.0448979591836734,0.3489795918367347,0.9367346938775508,0.0755102040816326,0.1414067513797972,22.985166549682617,0.3,2.272049,-1.2577041387557983,-0.779137909412384,-0.911586582660675,-0.7863160371780396,-0.8270748853683472,-0.6438923478126526,-0.558898,-0.677388,-1.0105471241230868,,,-0.7877011046117666,-2.514790437659439,2.272049,-1.088095
3KG9_1,3KG9,A,Bacteria,Lyngbya majuscula,Lyngbya majuscula,Pfam:PF00698,other,1.7,281,296,281,110.6648879003559,5.501298332214354,-7.512469227536073,0.1138790035587188,0.1138790035587188,-0.2220640569395021,0.0711743772241993,24.47793594306049,0.0284697508896797,0.2846975088967972,0.8790035587188612,-0.4306049822064057,0.1608825230630471,17.647857666015625,0.298932384341637,1.764958,-1.684839963912964,-1.6185507774353027,-1.6000001430511477,-1.383731722831726,-1.4136683940887451,-1.0313396453857422,-1.445026,-1.72858,-1.168223207955683,,,-1.7284634953291815,-2.9171444495801824,1.764958,-1.383754
6DCR_1,6DCR,A,Bacteria,Escherichia coli,Escherichia coli,Helicase family,translation_factor,1.978,639,694,639,111.51372582159658,8.907612800598145,10.1902510383568,0.0907668231611893,0.1517996870109546,-0.114397496087637,0.0688575899843505,47.12848200313,0.0641627543035993,0.2566510172143975,0.8998435054773084,-0.1517996870109546,0.0906745262605192,25.636249542236328,0.3004694835680751,1.925649,-1.24094557762146,-1.4663560390472412,-1.4701093435287476,-1.310270071029663,-1.2755659818649292,-0.3503806889057159,-1.075122,-1.198858,-1.185534457832062,,,-0.752161399112994,-1.9535850083137716,1.925649,-1.224023
2WU1_1,2WU1,A,Bacteria,Escherichia coli,Escherichia coli,Glucosamine/galactosamine-6-phosphate isomerase family,hydrolase,2.2,266,266,266,111.93184135338352,6.411290550231934,-2.539392777035353,0.112781954887218,0.1428571428571428,-0.1845864661654137,0.0827067669172932,36.62744360902256,0.0488721804511278,0.2518796992481202,0.868421052631579,-0.0338345864661653,0.1949020277967646,16.965152740478516,0.3007518796992481,1.896939,-1.0214000940322876,-1.4137201309204102,-1.4491500854492188,-1.1829779148101809,-1.170185089111328,-0.2366583347320556,-0.753837,-0.884795,-0.8911377182580474,-1.1039947271347046,-0.7115053534507751,-0.6367698038431039,-2.53491807521734,1.896939,-1.194517
8QCC_1,8QCC,A,Bacteria,Escherichia coli,Escherichia coli,GHMP kinase family,transferase,1.9,281,283,281,109.16952099644134,5.125763130187988,-9.956218741111478,0.1281138790035587,0.1138790035587188,-0.0637010676156582,0.0747330960854092,37.96868327402135,0.0640569395017793,0.2918149466192171,0.9323843416370108,-0.0640569395017793,0.209136915011671,17.806873321533203,0.298932384341637,2.073471,-1.1008599996566772,-1.303761005401611,-1.320353388786316,-1.2838010787963867,-1.299445867538452,-0.9062823057174684,-0.833861,-0.905074,-0.7581485191698176,-0.9875621795654296,-0.8032723069190979,-0.5108067522693783,-2.4512893839663032,2.073471,-0.909542
2B4L_1,2B4L,A,Bacteria,Bacillus subtilis,Bacillus subtilis,Pfam:PF04069,transport,2.0,268,268,268,110.97600559701492,7.097166633605957,0.1327638740133778,0.1305970149253731,0.1455223880597015,-0.4764925373134335,0.085820895522388,24.57388059701492,0.0335820895522388,0.3097014925373134,0.9253731343283582,0.1417910447761194,0.2581165714834189,18.35462760925293,0.3022388059701492,1.903916,-1.3272414207458496,-1.4302523136138916,-1.5252835750579834,-1.318159580230713,-1.3130667209625244,-0.8963133096694946,-0.987426,-1.149571,-1.079358684482859,-0.9884602427482604,-0.92638498544693,-1.1928774705573697,-2.8926633009270057,1.903916,-1.375313
4RU1_1,4RU1,A,Bacteria,Acidothermus cellulolyticus,Acidothermus cellulolyticus,Bacterial solute-binding protein 2 family,other,1.5,288,304,288,106.18806006944448,5.009129524230956,-6.9700042850586215,0.1041666666666666,0.0902777777777777,-0.086111111111111,0.0729166666666666,19.271180555555556,0.0486111111111111,0.3333333333333333,0.90625,0.1770833333333333,0.163310482719223,18.100160598754883,0.3020833333333333,1.998416,-1.5847163200378418,-1.3601603507995603,-1.3884111642837524,-1.2508240938186646,-1.218866944313049,-1.1600680351257324,-0.974019,-1.205693,-0.9418539471096464,-1.0473768711090088,-1.1067291498184204,-1.3732223510742188,-2.8790810902913413,1.998416,-1.280678
1P3J_1,1P3J,A,Bacteria,Bacillus subtilis,Bacillus subtilis,Adenylate kinase family,transferase,1.9,212,217,212,111.48838207547172,4.543959236145019,-16.307663759028088,0.1886792452830188,0.1226415094339622,-0.4122641509433962,0.0660377358490566,27.37551886792452,0.0471698113207547,0.2216981132075471,0.9009433962264152,0.2216981132075472,0.210560219433131,15.803637504577637,0.3018867924528302,1.928325,-1.0800422430038452,-1.5942530632019043,-1.6193981170654297,-1.444624423980713,-1.5370678901672363,-0.9539416432380676,-0.882189,-0.910889,-0.8666224929521669,-1.4026952981948853,-0.9983322620391846,-0.7791699103589328,-2.6130690664615273,1.928325,-2.173375
2BKX_1,2BKX,A,Bacteria,Bacillus subtilis,Bacillus subtilis,Glucosamine/galactosamine-6-phosphate isomerase family,hydrolase,1.4,242,242,242,111.53313636363646,5.75917682647705,-5.777286236493129,0.1322314049586777,0.140495867768595,-0.4363636363636368,0.0661157024793388,39.35004132231405,0.0413223140495867,0.2851239669421487,0.884297520661157,-0.0909090909090908,0.2038256464942682,16.113994598388672,0.3016528925619834,1.988072,-1.2064028978347778,-1.3189018964767456,-1.307665467262268,-1.179229497909546,-1.1700423955917358,-1.0467337369918823,-0.97204,-1.063687,-0.7788059455304106,-1.1738616228103638,-0.8784776329994202,-1.376494856905346,-2.661453625387397,1.988072,-1.115803
4M88_1,4M88,A,Bacteria,Verminephrobacter eiseniae,Verminephrobacter eiseniae,Leucine-binding protein family,other,1.762,355,357,355,104.47976394366192,8.036193656921387,1.2672437689982274,0.0901408450704225,0.1070422535211267,0.0873239436619718,0.0647887323943662,23.143943661971832,0.0591549295774647,0.3408450704225352,0.9549295774647888,0.1380281690140845,0.153539222486956,18.94768714904785,0.3014084507042253,1.971845,-1.9490885734558103,-1.340994119644165,-1.3355886936187744,-1.127524495124817,-1.100266456604004,-1.305261492729187,-1.343617,-1.920781,-0.8483174928477113,-0.8958983421325684,-1.0382829904556274,-2.0550021319322185,-3.0293415768045775,1.971845,-2.839784
9RF5_1,9RF5,A,Bacteria,Mycobacterium tuberculosis,Mycobacterium tuberculosis,AB hydrolase superfamily,hydrolase,1.8,278,307,278,108.1758449640288,5.663801002502441,-7.699629126517355,0.1223021582733813,0.1294964028776978,0.0194244604316547,0.0611510791366906,35.88093525179856,0.0611510791366906,0.2877697841726618,0.8920863309352518,-0.0143884892086331,0.1459961442610617,16.489240646362305,0.302158273381295,1.983881,-1.4383403062820437,-1.3372012376785278,-1.369551181793213,-1.1763811111450195,-1.1912004947662354,-0.9809640645980836,-0.96986,-1.28957,-0.7938926202787769,-1.130150556564331,-0.902258574962616,-0.7746712664048448,-2.6133280143463353,1.983881,-1.067529
4JKU_1,4JKU,A,Bacteria,Rhizobium etli,Rhizobium etli,Carbohydrate kinase PfkB family,transferase,1.51,330,352,330,108.3002875757576,4.895906257629394,-12.16033500898994,0.1333333333333333,0.109090909090909,-0.0793939393939393,0.0787878787878788,19.485454545454537,0.0272727272727272,0.3212121212121211,0.9545454545454544,0.0636363636363636,0.1488640414843623,17.47830581665039,0.3,1.973782,-1.2144988775253296,-1.391026735305786,-1.4661918878555298,-1.2579878568649292,-1.22910475730896,-0.942552387714386,-1.08538,-1.54143,-0.8473564379142993,-1.2427293062210083,-0.8688462972640991,-0.6974470658735795,-2.776461514559659,1.973782,-3.552495
1H4H_1,1H4H,A,Bacteria,Salipaludibacillus agaradhaerens,Salipaludibacillus agaradhaerens,Glycosyl hydrolase 11 (cellulase G) family,hydrolase,1.9,207,209,207,111.56674396135269,8.596875190734863,2.179394219797322,0.072463768115942,0.1014492753623188,-0.5574879227053141,0.1304347826086956,23.149275362318832,0.0338164251207729,0.3188405797101449,0.9710144927536232,-0.6038647342995169,0.2989277718864145,15.131288528442385,0.2995169082125604,2.061766,-1.10623037815094,-1.222476363182068,-1.2908227443695068,-1.167186975479126,-1.1551750898361206,-1.091848373413086,-0.921514,-1.094099,,,,-1.0606456517021436,-2.869270656419837,2.061766,-2.106872
7RT0_1,7RT0,A,Bacteria,Paenarthrobacter nicotinovorans,Paenarthrobacter nicotinovorans,Flavin monoamine oxidase family,oxidoreductase,1.8,385,421,385,105.37228181818202,5.032774543762207,-11.730875754948244,0.122077922077922,0.1038961038961038,-0.035064935064935,0.0519480519480519,31.01246753246754,0.0467532467532467,0.3896103896103896,0.9142857142857144,0.0311688311688311,0.1925667619645902,20.433507919311523,0.3012987012987013,1.947605,-1.9433362483978271,-1.4987984895706177,-1.5032185316085815,-1.2925480604171753,-1.2871546745300293,-1.8193475008010864,-1.45414,-1.809755,-1.0878252301897322,,,-2.185027045708198,-2.853769594663149,1.947605,-1.178678
6EI3_1,6EI3,A,Bacteria,Xanthomonas campestris pv. campestris,Xanthomonas campestris pv. campestris,Major facilitator superfamily,membrane,2.1,511,514,511,110.19549589041122,9.409499168395996,10.801534149096046,0.0528375733855185,0.0919765166340508,0.6471624266144829,0.136986301369863,39.00219178082189,0.0508806262230919,0.2974559686888454,0.9256360078277888,0.6986301369863014,0.1310714073923467,22.019351959228516,0.299412915851272,1.361168,-1.705550193786621,-1.6890302896499634,-2.0531527996063232,-1.4405817985534668,-1.4388477802276611,-0.6893318891525269,-1.227158,-1.535959,-0.9652168288856104,,,-0.8491344713184932,-2.65794035133317,1.361168,-1.30118
4IVV_1,4IVV,A,Bacteria,Streptococcus pneumoniae,Streptococcus pneumoniae,N-acetylmuramoyl-L-alanine amidase 2 family,hydrolase,1.05,174,188,174,111.89194022988508,5.234723472595214,-10.298564167995044,0.1379310344827586,0.132183908045977,-0.6568965517241382,0.0919540229885057,23.66264367816092,0.0517241379310344,0.2758620689655172,0.896551724137931,-0.0459770114942528,0.2190394644664124,14.052608489990234,0.2988505747126437,2.003606,-1.5221344232559204,-1.2311352491378784,-1.3210673332214355,-1.027165412902832,-1.081127047538757,-0.6144230365753174,-1.401529,-1.882488,-0.9403733878300108,-0.974632441997528,-0.8434106111526489,-1.240605321423761,-2.9880602606411637,2.003606,-1.552777
7UYG_1,7UYG,A,Bacteria,Legionella pneumophila,Legionella pneumophila,Unclassified,other,1.5,274,296,274,114.93883540146012,5.169244956970213,-9.733437480897848,0.1715328467153284,0.1532846715328467,-0.627372262773723,0.0766423357664233,35.403649635036494,0.0328467153284671,0.2116788321167883,0.9233576642335766,0.3467153284671533,0.2453007518796992,20.51109504699707,0.2992700729927007,1.886927,-2.6921167373657227,-1.547026753425598,-1.5423979759216309,-1.385271668434143,-1.4318652153015137,-2.1722452640533447,-1.566715,-2.497674,-1.2077898457102532,-1.3572462797164917,-1.3665779829025269,-2.9410870405879335,-3.2200725026374317,1.886927,-1.440136
6KP1_1,6KP1,A,Bacteria,Deinococcus radiodurans,Deinococcus radiodurans,Peptidase M1 family,hydrolase,2.19,435,474,435,109.02801563218416,6.241910362243652,-3.302835498660592,0.1011494252873563,0.1149425287356321,-0.1903448275862076,0.0781609195402298,38.56160919540228,0.0804597701149425,0.335632183908046,0.9310344827586208,-0.2137931034482759,0.1035049698698781,20.493608474731445,0.3011494252873563,2.119847,-1.8581359386444092,-1.265000820159912,-1.332751989364624,-1.1893527507781982,-1.1462122201919556,-1.747982621192932,-1.143877,-1.53902,-1.0060121733566811,,,-2.124000566855244,-2.6378095254130747,2.119847,-0.919962
3K2G_1,3K2G,A,Bacteria,Cereibacter sphaeroides,Cereibacter sphaeroides,Metallo-dependent hydrolases superfamily,toxin,1.8,357,364,357,110.44072913165282,5.212840461730956,-18.119896086916413,0.1456582633053221,0.1372549019607843,-0.1535014005602245,0.0644257703081232,46.24932773109241,0.0504201680672268,0.2745098039215686,0.834733893557423,0.1512605042016807,0.1712673033104917,18.22090721130371,0.299719887955182,1.95056,-1.53105890750885,-1.2340705394744873,-1.215747594833374,-1.135395646095276,-1.1431804895401,-1.2518439292907717,-1.460948,-1.778102,-0.8045803038012079,-0.9359093308448792,-1.036770224571228,-1.001505106437106,-2.900988325017507,1.95056,-3.439413
5EQV_1,5EQV,A,Bacteria,Yersinia pestis,Yersinia pestis,5'-nucleotidase family,hydrolase,1.45,336,340,336,109.33698869047628,5.583316993713378,-7.394182606055864,0.119047619047619,0.1220238095238095,-0.2130952380952381,0.0863095238095238,17.51696428571427,0.050595238095238,0.2738095238095238,0.875,-0.2202380952380953,0.187385653300808,18.43329811096191,0.3005952380952381,2.094406,-1.0492392778396606,-1.273694634437561,-1.2508814334869385,-1.110296607017517,-1.1003541946411133,-1.186079740524292,-1.021312,-1.125617,-0.8130116235642206,-1.1536699533462524,-0.7692251801490784,-0.6303999764578683,-2.2696529570079984,2.094406,-1.117171
7SUA_1,7SUA,A,Bacteria,Acinetobacter baumannii,Acinetobacter baumannii,Unclassified,membrane,1.65,195,281,195,112.7488287179487,6.054114341735839,-3.565250454414951,0.1076923076923077,0.1282051282051282,-0.1046153846153846,0.0717948717948718,46.662615384615385,0.0256410256410256,0.241025641025641,0.9794871794871796,0.2512820512820513,0.1861968719111576,15.311174392700195,0.3025641025641025,1.607704,-2.754810094833374,-1.755609393119812,-1.7585937976837158,-1.6130120754241943,-1.6363203525543213,-2.221738815307617,-1.869315,-2.698629,-1.3293270795773238,-1.6439849138259888,-1.705249547958374,-3.0176006610576924,-3.4451585036057693,1.607704,-4.117597
2YQZ_1,2YQZ,A,Bacteria,Thermus thermophilus,Thermus thermophilus,Pfam:PF08241,transferase,1.8,261,263,261,112.84897356321846,7.073351097106933,0.1459903105620057,0.1455938697318007,0.1724137931034483,-0.2256704980842913,0.0766283524904214,39.50689655172413,0.0689655172413793,0.2567049808429119,0.9157088122605364,0.1800766283524904,0.1645373356487224,18.320308685302734,0.2988505747126437,1.982731,-1.9294917583465576,-1.3865256309509275,-1.4255558252334597,-1.336808204650879,-1.2852813005447388,-1.5569223165512085,-1.134516,-1.745624,-0.8041312265213422,-0.9742960929870604,-1.0561248064041138,-1.906701449690194,-2.9181565324922176,1.982731,-2.045788
4RPC_1,4RPC,A,Bacteria,Desulfitobacterium hafniense,Desulfitobacterium hafniense,Pfam:PF12697,hydrolase,2.1,250,263,250,111.93981400000015,5.602017021179199,-8.326927644178816,0.14,0.144,-0.0999999999999999,0.072,26.33723999999999,0.044,0.236,0.8999999999999999,0.068,0.175963133640553,16.013572692871094,0.3,1.933527,-2.259544134140014,-1.4461089372634888,-1.5033316612243652,-1.390195608139038,-1.3940049409866333,-1.8748044967651367,-1.603902,-2.343194,-1.103584716796875,-1.1932677030563354,-1.320993423461914,-2.5829990234375,-3.196616455078125,1.933527,-3.528464
1M03_1,1M03,A,Bacteria,Streptomyces plicatus,Streptomyces plicatus,Glycosyl hydrolase 20 family,hydrolase,1.9,499,512,499,109.25780661322663,5.938788032531738,-7.065398660014388,0.1242484969939879,0.1342685370741483,-0.3531062124248499,0.1022044088176352,33.59841683366734,0.0781563126252505,0.3246492985971944,0.907815631262525,-0.1022044088176352,0.1186232864589578,22.01963233947754,0.3006012024048096,2.07671,-1.1884952783584597,-1.1560158729553225,-1.2356607913970947,-1.0861095190048218,-1.1267989873886108,-1.042902946472168,-0.812392,-0.981927,-0.7063229241686498,-0.9878167510032654,-0.7950809597969055,-0.762042028392723,-2.5452780561122244,2.07671,-0.80589
2YZY_1,2YZY,A,Bacteria,Thermus thermophilus,Thermus thermophilus,Unclassified,other,1.6,163,200,163,115.78930981595094,9.1554292678833,2.7956695568157066,0.1349693251533742,0.1533742331288343,-0.2907975460122697,0.0920245398773006,37.84662576687116,0.0490797546012269,0.1963190184049079,0.9325153374233128,-0.4171779141104294,0.205558609010829,16.55648422241211,0.3006134969325153,1.910343,-2.284613609313965,-1.4911043643951416,-1.4935269355773926,-1.3924987316131592,-1.376015067100525,-1.905385971069336,-1.325307,-1.702877,-1.0625872465730444,,,-2.8124687335242524,-3.4626438632333207,1.910343,-1.557871
1EBB_1,1EBB,A,Bacteria,Geobacillus stearothermophilus,Geobacillus stearothermophilus,Pfam:PF00300,isomerase,2.3,202,202,202,114.008547029703,5.566549491882324,-8.284037042583822,0.1534653465346535,0.1584158415841584,-0.4361386138613866,0.0792079207920792,42.94356435643565,0.0396039603960396,0.2673267326732673,0.9356435643564356,0.094059405940594,0.2626114884215694,15.696348190307615,0.3019801980198019,2.018912,-1.3143631219863892,-1.4597060680389404,-1.4795589447021484,-1.427988886833191,-1.4639015197753906,-1.045629858970642,-1.036139,-1.267497,-1.037964169341739,-1.120956540107727,-0.9391441941261292,-1.3842661640431622,-2.7703089950108293,2.018912,-2.016941
2QVG_1,2QVG,A,Bacteria,Legionella pneumophila,Legionella pneumophila,Pfam:PF00072,transferase,1.5,129,143,129,115.35750155038744,5.3681245803833,-3.95496584755956,0.1627906976744186,0.1550387596899224,-0.0806201550387595,0.0852713178294573,43.62868217054263,0.0232558139534883,0.1782945736434108,0.8604651162790697,0.1162790697674418,0.1923663646835403,13.257583618164062,0.3023255813953488,1.836822,-1.9882313013076784,-1.624127984046936,-1.604804754257202,-1.5446135997772217,-1.545412302017212,-1.3151440620422363,-1.446768,-1.968846,-1.1836874318677326,-1.362586259841919,-1.3338221311569214,-2.19290894500969,-3.149921269379845,1.836822,-3.174277
1Q2Y_1,1Q2Y,A,Bacteria,Bacillus subtilis,Bacillus subtilis,Acetyltransferase family,transferase,2.0,140,140,140,111.91237714285704,5.636631965637206,-4.121086486189551,0.1714285714285714,0.1714285714285714,-0.4414285714285715,0.0785714285714285,41.66657142857141,0.0285714285714285,0.2357142857142857,0.9214285714285716,0.0357142857142857,0.1659509202453987,13.523991584777832,0.3,1.895463,-1.304540753364563,-1.5360835790634155,-1.5552046298980713,-1.5186583995819092,-1.5154061317443848,-0.7393288612365723,-0.90692,-0.975876,-0.8526684897286552,-1.2773680686950684,-0.9421188235282898,-1.5651256016322546,-2.9175404139927457,1.895463,-1.818522
3RF9_1,3RF9,A,Bacteria,Escherichia coli,Escherichia coli,Radical SAM superfamily,ribosomal,2.2,355,404,355,113.0838394366198,8.391801261901858,3.1835860823734947,0.1323943661971831,0.1549295774647887,-0.3335211267605637,0.0676056338028169,36.020845070422524,0.0394366197183098,0.228169014084507,0.904225352112676,0.0197183098591549,0.0990186607006661,20.51454734802246,0.3014084507042253,1.8821,-1.236597180366516,-1.496198058128357,-1.5121991634368896,-1.422290325164795,-1.41378653049469,-0.2934492826461792,-0.964038,-1.145378,-0.7766160562004841,,,-0.5187741561674736,-2.4872338523327464,1.8821,-1.251876
2XMW_1,2XMW,A,Bacteria,Synechocystis sp.,Synechocystis sp.,Cation transport ATPase (P-type) (TC 3.A.3) family,translocase,1.8,67,71,67,107.86936567164182,7.989325141906739,0.9488465993029092,0.0746268656716418,0.1194029850746268,0.1253731343283581,0.044776119402985,46.767164179104455,0.0298507462686567,0.3134328358208955,0.8955223880597014,-0.1492537313432835,0.3780058043117744,10.28404712677002,0.2985074626865671,1.716468,-1.8995450735092163,-1.9531188011169436,-1.8919243812561035,-1.770145058631897,-1.6774685382843018,-1.7360860109329224,-1.579913,-1.686584,-1.454180247748076,,,-2.221341261223181,-3.189033394429221,1.716468,-1.767114
8E7F_1,8E7F,A,Bacteria,Serratia marcescens,Serratia marcescens,Peptidase S8 family,hydrolase,2.0,614,618,614,106.83060765472344,5.775830650329589,-7.339924401242712,0.1009771986970684,0.1042345276872964,-0.3262214983713357,0.0846905537459283,30.334853420195422,0.0374592833876221,0.3583061889250813,0.9332247557003256,-0.3729641693811074,0.0821140736760804,26.710464477539062,0.2996742671009772,1.990842,-1.7823801040649414,-1.4137457609176636,-1.3929758071899414,-1.2567033767700195,-1.2947543859481812,-1.754133701324463,-1.341954,-1.857045,-1.4693573693887418,-1.2949131727218628,-1.1812838315963743,-1.8155318766541124,-2.4769893484705823,1.990842,-1.070878
3L7Y_1,3L7Y,A,Bacteria,Streptococcus mutans,Streptococcus mutans,Pfam:PF08282,other,1.996,266,304,266,113.01486654135344,7.738196754455567,0.9165178851268828,0.1165413533834586,0.1390977443609022,-0.3022556390977445,0.1052631578947368,47.10676691729322,0.0300751879699248,0.2481203007518796,0.9172932330827068,0.0676691729323308,0.1593940538199265,17.292736053466797,0.3007518796992481,2.027464,-1.7651771306991575,-1.4066423177719116,-1.4908313751220703,-1.3696292638778689,-1.3880890607833862,-1.5982173681259155,-1.184462,-1.534135,-1.054508065818844,,,-1.79896855175047,-2.8686353640448776,2.027464,-1.273399
2REE_1,2REE,A,Bacteria,Lyngbya majuscula,Lyngbya majuscula,Pfam:PF00583,other,1.95,199,224,199,115.80023668341713,5.360394477844238,-6.73095392482281,0.1306532663316583,0.1256281407035175,-0.265326633165829,0.0804020100502512,44.566331658291475,0.0552763819095477,0.1507537688442211,0.8894472361809045,0.0552763819095477,0.1480820391550512,15.77890396118164,0.3015075376884422,1.680623,-1.7442539930343628,-1.616222858428955,-1.6259453296661377,-1.4683494567871094,-1.466243863105774,-1.2857884168624878,-1.584964,-2.004863,-1.1177936343092416,-1.2020721435546875,-1.1929796934127808,-1.1838969321706188,-3.2419525606548367,1.680623,-1.82718
22YZ_1,22YZ,A,Bacteria,Ralstonia nicotianae,Ralstonia nicotianae,Unclassified,other,1.8,359,400,359,108.98798161559914,4.910854911804199,-16.49340659529033,0.1392757660167131,0.1142061281337047,-0.2328690807799448,0.0584958217270195,41.126490250696385,0.0389972144846796,0.2952646239554317,0.935933147632312,0.3231197771587744,0.1784362693305158,20.91835594177246,0.3008356545961003,1.890765,-2.6145272254943848,-1.4903428554534912,-1.5209940671920776,-1.2888978719711304,-1.306414008140564,-2.5235931873321533,-1.545882,-2.582573,-1.106546301031511,-1.3439834117889404,-1.3770641088485718,-2.936712833500174,-3.094256642801184,1.890765,-1.347825
3EQV_1,3EQV,A,Bacteria,Neisseria gonorrhoeae,Neisseria gonorrhoeae,Transpeptidase family,hydrolase,2.4,443,542,443,108.4398442437924,8.94435977935791,4.242661066581377,0.110609480812641,0.1399548532731377,-0.3537246049661395,0.0677200902934537,42.74562076749434,0.0564334085778781,0.3182844243792325,0.9232505643340858,-0.1512415349887133,0.1333522336218301,23.892805099487305,0.3002257336343115,1.983344,-1.536237120628357,-1.4348891973495483,-1.4839189052581787,-1.3538204431533811,-1.3453385829925537,-0.7558541297912598,-1.219889,-1.403793,,,,-1.5291651603061511,-2.4434436944483635,1.983344,-1.438282
6J1G_1,6J1G,A,Bacteria,Aquifex aeolicus,Aquifex aeolicus,Enoyl-CoA hydratase/isomerase family,isomerase,2.5,544,582,544,115.709980147059,5.977040672302246,-6.605279229883706,0.1617647058823529,0.1672794117647058,-0.5137867647058822,0.1139705882352941,32.72303308823529,0.0459558823529411,0.2169117647058823,0.9577205882352942,0.03125,0.0668139231499051,23.046859741210938,0.2996323529411764,1.951628,-1.6036502122879028,-1.4106166362762451,-1.4291167259216309,-1.3686974048614502,-1.3730432987213137,-1.3772042989730835,-1.064964,-1.307552,-1.1938550612505745,-1.3470337390899658,-1.049784541130066,-1.3430953306310318,-2.762568754308364,1.951628,-1.241634
1DUS_1,1DUS,A,Archaea,Methanocaldococcus jannaschii,Methanocaldococcus jannaschii,Methyltransferase superfamily,transferase,1.8,194,194,194,112.4332139175258,9.3281400680542,7.941283445091305,0.1494845360824742,0.2010309278350515,-0.4072164948453611,0.0618556701030927,12.594845360824731,0.0154639175257731,0.211340206185567,0.9381443298969072,-0.134020618556701,0.1412392522564914,15.214098930358888,0.2989690721649484,2.074316,-1.3245912790298462,-1.3352168798446655,-1.333834886550903,-1.198017716407776,-1.2066998481750488,-1.184759259223938,-0.990576,-1.271875,-0.7444126089823615,-0.9358145594596864,-0.7310872673988342,-1.5781564614207475,-2.592568309036727,2.074316,-2.233822
3L23_1,3L23,A,Bacteria,Parabacteroides distasonis,Parabacteroides distasonis,Pfam:PF01261,isomerase,1.7,282,303,282,113.50265390070926,6.4255571365356445,-1.6375734125059296,0.1312056737588652,0.1489361702127659,-0.3166666666666667,0.1099290780141843,18.45106382978723,0.0390070921985815,0.226950354609929,0.9397163120567376,0.2234042553191488,0.1330839982269503,17.99444007873535,0.301418439716312,1.675937,-2.0890166759490967,-1.515655755996704,-1.5582785606384275,-1.3153256177902222,-1.280230164527893,-1.636449694633484,-1.461104,-2.175167,-0.7876217889447584,,,-1.9059067313552749,-3.2363181689106826,1.675937,-5.766118
1MTZ_1,1MTZ,A,Archaea,Thermoplasma acidophilum,Thermoplasma acidophilum,Peptidase S33 family,hydrolase,1.8,290,293,290,114.18034931034497,5.554158592224121,-8.369282501823832,0.1482758620689655,0.1482758620689655,-0.400689655172414,0.1103448275862069,39.34248275862067,0.0379310344827586,0.2413793103448276,0.8793103448275862,0.0517241379310344,0.1608106318159742,17.065677642822266,0.3,2.02866,-1.736258029937744,-1.336788773536682,-1.3231761455535889,-1.2201908826828003,-1.2240514755249023,-1.37576162815094,-1.074003,-1.320486,-0.8478350935311153,-1.0188740491867063,-1.0755887031555176,-1.7746849323141165,-2.829034213362069,2.02866,-1.149751
4CH4_1,4CH4,A,Archaea,Methanosarcina mazei,Methanosarcina mazei,Class-II aminoacyl-tRNA synthetase family,ligase,2.16,259,291,259,115.602640926641,5.757869529724121,-3.670226879564773,0.1621621621621621,0.1621621621621621,-0.434362934362935,0.0888030888030887,27.339382239382257,0.0501930501930501,0.1891891891891892,0.9227799227799228,0.0115830115830116,0.1366341991341991,19.855684280395508,0.3011583011583011,1.831235,-2.228257894515991,-1.508362054824829,-1.490383267402649,-1.3236069679260254,-1.3724572658538818,-0.8027614951133728,-1.395155,-1.795422,-1.1750382235611727,,,-1.990024168979247,-3.038624178028475,1.831235,-1.40769
1U04_1,1U04,A,Archaea,Pyrococcus furiosus,Pyrococcus furiosus,Argonaute family,hydrolase,2.25,713,771,713,117.60957433380143,8.775581550598144,8.522398233449593,0.1458625525946704,0.1725105189340813,-0.3277699859747546,0.1107994389901823,37.83046283309967,0.0378681626928471,0.155680224403927,0.9200561009817672,-0.11781206171108,0.0954394397835963,26.816709518432617,0.3001402524544179,1.807293,-2.4835262298583984,-1.5058401823043823,-1.5368857383728027,-1.4295458793640137,-1.4612668752670288,-1.9668723344802856,-1.659551,-2.297726,-1.4502072969626578,,,-2.902576248575561,-2.9000310911202667,1.807293,-3.452938
9P55_1,9P55,A,Archaea,Thermoplasma acidophilum,Thermoplasma acidophilum,Helicase family,isomerase,2.127,622,642,622,115.26706704180124,5.819426155090333,-6.88566149000809,0.1495176848874598,0.1495176848874598,-0.3940514469453376,0.1109324758842443,45.48491961414808,0.0385852090032154,0.2299035369774919,0.9019292604501608,0.2556270096463022,0.1270062085608927,25.459257125854492,0.3006430868167202,1.92002,-1.9862996339797976,-1.51125967502594,-1.5042277574539185,-1.4140667915344238,-1.43986713886261,-1.4327492713928225,-1.377592,-1.767836,-1.436410689277281,-1.434679388999939,-1.2832562923431396,-2.13380633289791,-2.753505694521202,1.92002,-1.346654
2Q04_1,2Q04,A,Bacteria,Exiguobacterium sibiricum,Exiguobacterium sibiricum,Pfam:PF00583,other,2.33,211,211,211,114.3382246445498,5.375115776062012,-8.502720598158298,0.1374407582938388,0.1327014218009478,-0.2161137440758294,0.1090047393364929,45.13459715639808,0.0568720379146919,0.2369668246445497,0.9004739336492891,-0.1232227488151658,0.1455889208297723,16.22883415222168,0.2985781990521327,1.714736,-2.379023551940918,-1.6133859157562256,-1.5770078897476196,-1.4795950651168823,-1.471940279006958,-1.3241307735443115,-1.649276,-2.210952,-1.123580209451829,-1.2264198064804075,-1.3510414361953735,-1.7064366634423134,-3.4381890319534953,1.714736,-4.894272
2RFM_1,2RFM,A,Archaea,Thermoplasma volcanium,Thermoplasma volcanium,Pfam:PF12796,other,1.65,183,192,183,112.77279071038252,6.0099504470825185,-1.1254194446255,0.1475409836065573,0.1475409836065573,-0.2819672131147542,0.0765027322404371,18.90163934426229,0.0163934426229508,0.2513661202185792,0.8907103825136612,0.5628415300546449,0.0920056668690548,17.08295249938965,0.3005464480874317,2.092917,-1.7627670764923096,-1.3296750783920288,-1.305317997932434,-1.1593859195709229,-1.1872495412826538,-1.4665615558624268,-1.179978,-1.590612,-1.0401317825734289,-1.0269575119018557,-1.1705732345581057,-2.1243567961812673,-2.692898609599129,2.092917,-1.889445
1KK3_1,1KK3,A,Archaea,Pyrococcus abyssi,Pyrococcus abyssi,TRAFAC class translation factor GTPase superfamily,GTPase,1.9,398,410,398,109.31927713567832,6.729020500183106,-0.8155253841374588,0.1281407035175879,0.1457286432160804,-0.1195979899497487,0.0452261306532663,42.996231155778865,0.0653266331658291,0.2487437185929648,0.8944723618090453,-0.3869346733668342,0.1346815972492124,20.855581283569336,0.3015075376884422,2.065551,-1.3499841690063477,-1.395135521888733,-1.4093466997146606,-1.2635048627853394,-1.2789102792739868,-0.930481731891632,-0.918509,-0.930195,-0.7168321465727073,,,-1.10744947883951,-2.2560549021965297,2.065551,-1.068275
1SW1_1,1SW1,A,Archaea,Archaeoglobus fulgidus,Archaeoglobus fulgidus,Pfam:PF04069,transport,1.9,270,275,270,113.50951481481488,4.639050865173339,-15.105195367317371,0.1814814814814815,0.1259259259259259,-0.3192592592592594,0.0962962962962963,25.145925925925916,0.037037037037037,0.2037037037037037,0.9074074074074074,0.2037037037037037,0.213695987654321,17.76493263244629,0.3,2.038731,-1.4881433248519895,-1.3300116062164309,-1.4076404571533203,-1.1104832887649536,-1.1462132930755615,-0.947409987449646,-1.086701,-1.449875,-0.9864556206597224,-0.8905713558197021,-0.886670708656311,-1.5249455204716436,-2.6784297236689816,2.038731,-2.48876
3A4T_1,3A4T,A,Archaea,Methanocaldococcus jannaschii,Methanocaldococcus jannaschii,Class I-like SAM-binding methyltransferase superfamily,transferase,2.3,258,274,258,114.61020813953505,8.935785484313968,5.841201396743195,0.1317829457364341,0.1589147286821705,-0.1844961240310076,0.0852713178294573,39.746124031007746,0.0465116279069767,0.1821705426356589,0.9147286821705426,-0.0542635658914728,0.1395858833129335,17.07454490661621,0.3023255813953488,2.041474,-1.477459192276001,-1.3687337636947632,-1.366297721862793,-1.3300520181655884,-1.317829132080078,-1.1758763790130615,-1.023896,-1.182651,-0.8417670671329942,,,-1.8318086372789488,-2.6821946728137114,2.041474,-1.167592
1IXK_1,1IXK,A,Archaea,Pyrococcus horikoshii,Pyrococcus horikoshii,Class I-like SAM-binding methyltransferase superfamily,transferase,1.9,305,315,305,113.3664485245902,6.532016563415527,-0.8846061079047303,0.1278688524590163,0.1377049180327868,-0.1049180327868851,0.0950819672131147,33.88590163934426,0.0590163934426229,0.2262295081967213,0.8819672131147541,-0.0360655737704918,0.125708775313404,18.61709213256836,0.3016393442622951,1.964128,-1.604790210723877,-1.4011006355285645,-1.4209495782852173,-1.3287827968597412,-1.3173595666885376,-1.0916255712509155,-1.155973,-1.505644,-0.8223987516809682,,,-1.6339256411693135,-2.55999255571209,1.964128,-2.803834
3TLJ_1,3TLJ,A,Archaea,Pyrococcus furiosus,Pyrococcus furiosus,Methyltransferase superfamily,transferase,2.2,364,373,364,112.5958085164836,6.185412406921387,-5.207730835976953,0.1456043956043956,0.1675824175824175,-0.0615384615384615,0.0796703296703296,37.14615384615384,0.0247252747252747,0.2445054945054945,0.9203296703296704,-0.0741758241758241,0.1082554323504549,22.222726821899418,0.2994505494505494,2.083536,-1.9196324348449707,-1.3861935138702393,-1.432950139045715,-1.3726952075958252,-1.3784773349761963,-1.216418981552124,-1.236689,-1.537503,-1.089715810922476,,,-1.4889372102506868,-2.8498414427369507,2.083536,-1.451432
4RKZ_1,4RKZ,A,Archaea,Thermoplasma acidophilum,Thermoplasma acidophilum,GHMP kinase family,transferase,2.3,313,337,313,110.44466261980835,6.069801902770995,-4.691191027140036,0.121405750798722,0.1373801916932907,-0.2993610223642175,0.1022364217252396,37.89361022364218,0.0287539936102236,0.3322683706070288,0.904153354632588,-0.0031948881789137,0.2304703172598261,18.349031448364254,0.3003194888178914,1.884885,-2.5446972846984863,-1.395949125289917,-1.5405120849609375,-1.30876624584198,-1.3498258590698242,-1.5461621284484863,-1.562208,-2.18692,-1.1622932604707468,,,-3.004119190545128,-3.207794871954872,1.884885,-1.232613
9F9U_1,9F9U,A,Archaea,Saccharolobus solfataricus,Saccharolobus solfataricus,Unclassified,translation_factor,1.68,170,170,170,114.93970941176468,8.956995582580568,3.6783381498438033,0.1235294117647058,0.1588235294117647,-0.0717647058823529,0.0529411764705882,42.96176470588234,0.0294117647058823,0.1941176470588235,0.923529411764706,-0.088235294117647,0.112205458552297,16.271167755126953,0.3,1.905119,-2.242170810699463,-1.4643596410751345,-1.5194787979125977,-1.428539514541626,-1.3812156915664673,-1.1139459609985352,-1.484868,-1.802561,-1.272826879164752,-1.4269672632217407,-1.4404821395874023,-2.3862943761488973,-3.493765079273897,1.905119,-1.749364
5ZVE_1,5ZVE,A,Archaea,Pyrococcus horikoshii,Pyrococcus horikoshii,Class I-like SAM-binding methyltransferase superfamily,transferase,2.178,384,384,384,113.86122708333336,9.519159889221193,18.232361000393475,0.1302083333333333,0.1901041666666666,-0.3921875000000004,0.0859375,41.91593749999998,0.0546875,0.2135416666666666,0.90625,-0.1145833333333333,0.1305899339933993,21.007680892944336,0.2994791666666667,2.115098,-1.5400937795639038,-1.290475606918335,-1.3352413177490234,-1.110573649406433,-1.1390188932418823,-1.0147680044174194,-1.01808,-1.302647,-0.7741444905598959,-1.0379120111465454,-1.0190852880477903,-1.4773753484090169,-2.50978946685791,2.115098,-0.955029
1W9H_1,1W9H,A,Archaea,Archaeoglobus fulgidus,Archaeoglobus fulgidus,Argonaute family,DNA-binding,1.95,398,427,398,115.15871884422104,8.702925682067871,4.646883311220918,0.100502512562814,0.135678391959799,-0.2695979899497489,0.1155778894472361,35.220628140703504,0.0552763819095477,0.2085427135678391,0.9346733668341708,-0.0653266331658291,0.1278025739463362,20.7246150970459,0.3015075376884422,1.740626,-2.3809244632720947,-1.579243540763855,-1.625962257385254,-1.4952558279037476,-1.4988056421279907,-2.082959651947021,-1.631065,-2.102063,-1.2809153801232729,,,-2.9590500107961684,-3.1753536971969223,1.740626,-1.50243
3AFG_1,3AFG,A,Archaea,Thermococcus kodakarensis),Thermococcus kodakarensis),Peptidase S8 family,hydrolase,2.0,505,539,505,106.02469742574269,5.671531105041503,-5.627725278806722,0.0891089108910891,0.091089108910891,-0.1168316831683167,0.095049504950495,11.481188118811868,0.0396039603960396,0.3524752475247525,0.897029702970297,-0.3386138613861386,0.1108367355762401,22.06283187866211,0.300990099009901,2.204295,-1.499158501625061,-1.2220715284347534,-1.2365089654922483,-1.0716004371643066,-1.0811721086502075,-1.4680441617965698,-1.128463,-1.355581,-0.919392984220297,,,-1.5905636022586631,-2.235155766553218,2.204295,-1.209319
5UXG_1,5UXG,A,Archaea,Sulfurisphaera tokodaii,Sulfurisphaera tokodaii,Unclassified,other,1.72,212,220,212,117.49297405660391,6.47136936187744,-1.1024916514957042,0.1556603773584905,0.1698113207547169,-0.3259433962264152,0.1132075471698113,52.57551886792451,0.0330188679245283,0.1839622641509434,0.8679245283018868,0.7735849056603774,0.1567032060920599,16.186925888061523,0.3018867924528302,1.768094,-2.423152446746826,-1.5606874227523804,-1.5934511423110962,-1.398331642150879,-1.3795980215072632,-1.9966708421707156,-1.317913,-2.021142,-1.0492547952903892,-1.394870638847351,-1.4042047262191772,-2.770698403412441,-3.3002636027785965,1.768094,-1.929093
3I72_1,3I72,A,Archaea,Pyrococcus horikoshii,Pyrococcus horikoshii,ATPase alpha/beta chains family,hydrolase,2.47,514,588,514,112.1376799610898,5.739794731140138,-5.517894903969648,0.1459143968871595,0.1439688715953307,-0.2575875486381325,0.0836575875486381,38.43661478599221,0.0680933852140077,0.2470817120622568,0.9299610894941636,-0.1011673151750972,0.1228524275025265,24.59556770324707,0.2996108949416342,1.786227,-1.1348700523376465,-1.5929895639419556,-1.597517490386963,-1.4899849891662598,-1.5194507837295532,-1.3144816160202026,-0.821208,-0.848203,-1.1704987403483706,,,-0.970048125151994,-1.9566377276112596,1.786227,-1.422499
3SKX_1,3SKX,A,Archaea,Archaeoglobus fulgidus,Archaeoglobus fulgidus,Cation transport ATPase (P-type) (TC 3.A.3) family,translocase,1.59,261,280,261,108.58615325670502,5.0204973220825195,-9.917589184308795,0.1647509578544061,0.1379310344827586,-0.0996168582375477,0.057471264367816,25.201149425287344,0.0268199233716475,0.2873563218390804,0.942528735632184,0.0076628352490421,0.1926773428441949,20.510072708129883,0.2988505747126437,2.078598,-1.2498263120651243,-1.381868600845337,-1.4193329811096191,-1.191219449043274,-1.203819990158081,-1.1911463737487793,-0.923472,-1.043038,-0.7977771393640745,-1.1979366540908811,-0.8431311845779419,-1.0290491096818128,-2.219425829891044,2.078598,-1.176302
1ZTF_1,1ZTF,A,Archaea,Archaeoglobus fulgidus,Archaeoglobus fulgidus,Protein kinase superfamily,transferase,1.99,253,258,253,116.5120470355732,5.162992668151854,-8.000481791613709,0.1897233201581027,0.1660079051383399,-0.4252964426877472,0.1146245059288537,35.42533596837945,0.0276679841897233,0.1936758893280632,0.9090909090909092,0.1264822134387351,0.1161650742273816,18.197917938232425,0.300395256916996,1.821082,-1.5903704166412354,-1.504727840423584,-1.5230258703231812,-1.468618392944336,-1.5451756715774536,-1.3014631271362305,-1.362166,-1.729883,-1.2076648817703186,-1.5254508256912231,-1.2187907695770264,-1.5579786941468008,-2.714959547924902,1.821082,-4.10905
6MRO_1,6MRO,A,Archaea,Methanosarcina acetivorans,Methanosarcina acetivorans,Pfam:PF13649,transferase,1.6,194,194,194,113.2108963917526,5.288265800476074,-7.04979055269575,0.1597938144329896,0.1494845360824742,-0.2005154639175256,0.0979381443298969,41.68969072164947,0.0463917525773195,0.2268041237113402,0.958762886597938,0.0206185567010309,0.1663542642924086,14.993419647216797,0.2989690721649484,1.996595,-1.6936252117156982,-1.4411232471466064,-1.445719599723816,-1.2975023984909058,-1.272199034690857,-1.4184746742248535,-1.271831,-1.422849,-1.0617935337971167,-1.3110672235488892,-1.1942216157913208,-1.8404100555734535,-2.9972276196037373,1.996595,-1.658967
2WJG_1,2WJG,A,Archaea,Methanocaldococcus jannaschii,Methanocaldococcus jannaschii,TRAFAC class TrmE-Era-EngA-EngB-Septin-like GTPase superfamily,GTPase,2.2,170,188,170,109.2907188235294,5.157422447204589,-4.12447644327538,0.1411764705882353,0.1235294117647058,0.0441176470588235,0.0588235294117647,17.43117647058823,0.0294117647058823,0.2411764705882352,0.9411764705882352,0.0588235294117647,0.1861726508785332,14.722515106201172,0.3,,-1.1245582103729248,-1.259746551513672,-1.2685816287994385,-1.150467038154602,-1.187868595123291,-0.8006231784820557,-0.725215,-0.912998,-0.8629971672506893,-1.0224051475524902,-0.7190885543823242,-1.1995520199046414,-2.0645416259765623,,-1.35217
1XHC_1,1XHC,A,Archaea,Pyrococcus furiosus,Pyrococcus furiosus,FAD-dependent oxidoreductase family,oxidoreductase,2.35,346,367,346,110.86356560693643,8.278530311584475,1.8563545081791872,0.1329479768786127,0.1502890173410404,-0.1098265895953755,0.0895953757225433,24.988757225433513,0.0289017341040462,0.2716763005780347,0.9508670520231214,-0.1763005780346821,0.1344603514348333,20.13419532775879,0.3005780346820809,2.224125,-1.8030102252960205,-1.2560960054397583,-1.2247542142868042,-1.192485809326172,-1.2157431840896606,-1.410613775253296,-1.077379,-1.479996,-0.8887017751704751,,,-1.6448133170949242,-2.689104201476698,2.224125,-1.299555
3TNV_1,3TNV,A,Archaea,Pyrococcus horikoshii,Pyrococcus horikoshii,Acylphosphatase family,hydrolase,1.6,90,91,90,113.58430999999996,9.858328056335449,3.990665638008826,0.1222222222222222,0.1888888888888888,-0.5277777777777777,0.0888888888888888,23.922222222222217,0.0444444444444444,0.2333333333333333,0.9555555555555556,-0.311111111111111,0.3987974987974988,11.515907287597656,0.3,2.103462,-1.316593885421753,-1.2698973417282104,-1.2934765815734863,-1.2595280408859253,-1.242626428604126,-1.3885376453399658,-0.868502,-1.118403,-0.8204608493381076,-1.2057429552078247,-1.026807188987732,-1.6663467407226562,-3.1552947998046874,2.103462,-1.221735
5E72_1,5E72,A,Archaea,Thermococcus kodakarensis),Thermococcus kodakarensis),Methyltransferase superfamily,transferase,1.739,323,346,323,113.93182260061926,7.107795524597168,0.2429320942035886,0.1517027863777089,0.1764705882352941,-0.2755417956656349,0.1052631578947368,25.468452012383896,0.0464396284829721,0.2229102167182662,0.9256965944272446,-0.1083591331269349,0.1067062283953571,20.808692932128903,0.3003095975232198,2.173783,-1.8224444389343264,-1.2142221927642822,-1.2015148401260376,-1.084214448928833,-1.05640709400177,-1.3592368364334106,-0.982413,-1.33678,-0.7067403409503192,,,-1.9668785071594428,-2.903573145438274,2.173783,-0.921831
1W5B_1,1W5B,A,Archaea,Methanocaldococcus jannaschii,Methanocaldococcus jannaschii,FtsZ family,other,2.2,333,364,333,106.070806906907,5.213124656677246,-7.015566385203492,0.1381381381381381,0.1231231231231231,0.0531531531531533,0.024024024024024,25.557957957957953,0.03003003003003,0.3063063063063063,0.9009009009009008,0.1561561561561561,0.1188699159410456,18.535884857177734,0.3003003003003003,2.10543,-1.2067655324935913,-1.3638787269592283,-1.3655593395233154,-1.2856040000915527,-1.287437081336975,-1.1188154220581057,-1.002861,-1.145282,,,,-1.1545422070019238,-2.389053482193131,2.10543,-1.126285
4YGQ_1,4YGQ,A,Archaea,Thermococcus onnurineus,Thermococcus onnurineus,HAD-like hydrolase superfamily,hydrolase,2.0,215,229,215,116.68180790697676,5.2505815505981435,-5.287157112993114,0.1627906976744186,0.1488372093023255,-0.2906976744186046,0.1209302325581395,25.965581395348824,0.041860465116279,0.1953488372093023,0.8558139534883721,0.1116279069767441,0.175148952527388,16.99121856689453,0.3023255813953488,2.230756,-1.7348865270614624,-1.2366554737091064,-1.2266911268234253,-1.0902546644210815,-1.0763083696365356,-1.4880527257919312,-1.100044,-1.550553,-0.8611268509265988,-0.9732071161270142,-1.0806528329849243,-1.358572742550872,-2.986429187863372,2.230756,-1.436625
2X6Q_1,2X6Q,A,Archaea,Pyrococcus horikoshii,Pyrococcus horikoshii,Glycosyltransferase group 1 family,transferase,2.2,408,416,408,116.21136053921572,6.439369010925293,-2.283983456269972,0.1544117647058823,0.1715686274509804,-0.2985294117647062,0.1029411764705882,46.40100490196078,0.0441176470588235,0.1813725490196078,0.9068627450980392,0.1274509803921569,0.1049608462984772,21.167192459106445,0.3014705882352941,2.011042,-1.3136266469955444,-1.3841396570205688,-1.412992238998413,-1.352268099784851,-1.3567638397216797,-1.1551624536514282,-0.92829,-1.145896,,,,-1.1974307041542205,-2.3648702584060968,2.011042,-1.210725
8GM6_1,8GM6,A,Archaea,Thermococcus kodakarensis),Thermococcus kodakarensis),Unclassified,other,1.98,169,170,169,115.28089112426036,8.75811061859131,4.550683322366368,0.1538461538461538,0.1893491124260355,-0.460355029585799,0.1005917159763313,29.22130177514792,0.059171597633136,0.1775147928994083,0.9230769230769232,-0.1538461538461538,0.1106571491186875,15.82608699798584,0.301775147928994,1.920941,-2.5071983337402344,-1.4175015687942505,-1.5359805822372437,-1.3213857412338257,-1.3300682306289673,-2.4357521533966064,-1.57221,-2.45565,-1.101716171354937,-1.089946985244751,-1.143839955329895,-2.898607423319619,-3.475633971084505,1.920941,-2.862147
3HA9_1,3HA9,A,Archaea,Aeropyrum pernix,Aeropyrum pernix,Pfam:PF00578,other,1.7,161,165,161,110.7404316770186,4.467397117614746,-10.139519276124336,0.1428571428571428,0.0869565217391304,0.0881987577639752,0.0993788819875776,31.677018633540357,0.0559006211180124,0.2732919254658384,0.9316770186335404,0.0248447204968944,0.202939146673162,15.49942398071289,0.2981366459627329,1.92577,-2.3584611415863037,-1.5255939960479736,-1.565935492515564,-1.3991259336471558,-1.3900468349456787,-1.546077013015747,-1.517943,-2.069117,-1.1303554558605882,-1.56729257106781,-1.5769469738006592,-2.6450972468216225,-3.351121606293672,1.92577,-1.561451
5FRD_1,5FRD,A,Archaea,Archaeoglobus fulgidus,Archaeoglobus fulgidus,Pfam:PF12697,hydrolase,1.4,256,260,256,112.07747343750016,6.135564613342285,-4.508468511210388,0.1484375,0.171875,-0.1023437499999999,0.07421875,26.2090234375,0.03125,0.21875,0.9375,0.0859375,0.1442957261029411,16.056922912597656,0.30078125,2.23024,-1.760420322418213,-1.1857054233551023,-1.2170090675354004,-1.0254614353179932,-1.0537335872650146,-1.3381857872009275,-0.933161,-1.431114,-0.7100642323493958,-0.8377919793128967,-0.9458807706832886,-2.08252477645874,-2.6896910667419434,2.23024,-1.122117
9B15_1,9B15,A,Archaea,Archaeoglobus fulgidus,Archaeoglobus fulgidus,Helicase family,isomerase,2.25,682,699,682,112.42703870967796,5.845117378234862,-10.257530044328064,0.1612903225806451,0.1642228739002932,-0.1913489736070384,0.0703812316715542,40.60395894428164,0.0263929618768328,0.2595307917888563,0.9178885630498534,0.3079178885630498,0.0731320132813068,25.91450309753418,0.3005865102639296,1.971926,-1.536771297454834,-1.4054896831512451,-1.4600625038146973,-1.2520240545272827,-1.322089910507202,-1.0116424560546875,-1.0498,-1.289388,-1.231532480010539,,,-1.4878013812202162,-2.19708162458761,1.971926,-1.824607
6EMT_1,6EMT,A,Archaea,Thermococcus kodakarensis),Thermococcus kodakarensis),Class IV-like SAM-binding methyltransferase superfamily,transferase,1.794,167,197,167,114.8309083832335,4.969740104675293,-7.935220853306248,0.1736526946107784,0.1437125748502994,-0.2676646706586825,0.1017964071856287,19.605389221556873,0.0359281437125748,0.2035928143712574,0.8802395209580838,0.0419161676646707,0.1870782929817598,14.415559768676758,0.2994011976047904,2.036079,-2.614271879196167,-1.4019050598144531,-1.4387508630752563,-1.1749825477600098,-1.261535882949829,-1.6933568716049194,-1.296129,-1.900545,-1.0227228952739054,,,-2.7984525943230727,-3.430601930903818,2.036079,-1.4147
1PBJ_1,1PBJ,A,Archaea,Methanothermobacter thermautotrophicus,Methanothermobacter thermautotrophicus,Pfam:PF00571,other,1.4,120,125,120,111.17623333333329,4.346159553527833,-12.195164794199636,0.2166666666666666,0.1166666666666666,0.1325000000000001,0.0333333333333333,24.123333333333328,0.0083333333333333,0.2333333333333333,0.9,0.2,0.2305236270753512,13.52664566040039,0.3,1.812957,-1.7753069400787354,-1.577769756317139,-1.5462453365325928,-1.3978042602539062,-1.4856151342391968,-1.5579267740249634,-1.533886,-1.862971,-1.0680427551269531,-1.3765429258346558,-1.4170130491256714,-2.0704493204752605,-3.068473052978516,1.812957,-3.876207
1IO8_1,1IO8,A,Archaea,Sulfolobus acidocaldarius,Sulfolobus acidocaldarius,Cytochrome P450 family,oxidoreductase,2.0,366,368,366,116.35328879781436,6.243217658996582,-2.8182338132300444,0.1557377049180328,0.1666666666666666,-0.4000000000000002,0.0956284153005464,39.44153005464478,0.0464480874316939,0.1994535519125683,0.8579234972677596,0.3278688524590163,0.1866040772902807,19.85754013061523,0.3005464480874317,1.911149,-1.6455128192901611,-1.591321587562561,-1.6464786529541016,-1.6147104501724243,-1.6194040775299072,-1.2046993970870972,-1.224262,-1.486208,-1.1099472462805242,-1.2606141567230225,-1.2501637935638428,-2.0353757097421448,-2.561923167744621,1.911149,-1.712101
8WQN_1,8WQN,A,Archaea,Saccharolobus solfataricus,Saccharolobus solfataricus,Unclassified,other,1.8,155,173,155,114.5787903225807,8.871123695373537,3.574883572527625,0.1354838709677419,0.1677419354838709,-0.0219354838709676,0.1032258064516129,34.37032258064515,0.032258064516129,0.1935483870967742,0.9548387096774194,0.2580645161290322,0.1709586551567469,13.90577793121338,0.3032258064516129,1.881601,-2.602261781692505,-1.4916032552719116,-1.520455837249756,-1.3512005805969238,-1.3515383005142212,-2.6452081203460693,-1.562731,-2.665557,-1.1301476263230847,-1.3622812032699585,-1.2795640230178833,-2.9442022508190524,-3.641424363659274,1.881601,-1.558872
3EVZ_1,3EVZ,A,Archaea,Pyrococcus furiosus,Pyrococcus furiosus,Pfam:PF13649,transferase,2.2,197,230,197,113.03340253807109,9.367465782165528,7.122517307347035,0.1116751269035532,0.1675126903553299,-0.1096446700507613,0.1269035532994923,24.920304568527904,0.0304568527918781,0.248730964467005,0.9137055837563453,-0.081218274111675,0.1312810436111566,15.294183731079102,0.299492385786802,2.030746,-2.240993022918701,-1.251349925994873,-1.3268615007400513,-1.231306552886963,-1.1856305599212646,-1.7092591524124146,-1.219708,-2.007375,-0.9542205345812182,,,-1.950238687737944,-3.1103741795883564,2.030746,-2.352596
1Y8A_1,1Y8A,A,Archaea,Archaeoglobus fulgidus,Archaeoglobus fulgidus,Unclassified,hydrolase,1.4,313,332,313,111.66951916932912,4.942855262756347,-12.910183242957984,0.1597444089456869,0.1277955271565495,-0.0511182108626197,0.0990415335463258,32.67955271565496,0.0255591054313099,0.2843450479233226,0.9105431309904154,0.3610223642172524,0.1744659525151914,18.165163040161133,0.3003194888178914,2.111113,-2.1853291988372803,-1.313884139060974,-1.3723793029785156,-1.1330854892730713,-1.1604218482971191,-1.436484694480896,-1.209656,-1.686578,-0.7904502698026907,-0.9874126315116882,-1.0723787546157837,-2.611599370694389,-3.037103914986022,2.111113,-1.351186
1L7M_1,1L7M,A,Archaea,Methanocaldococcus jannaschii,Methanocaldococcus jannaschii,HAD-like hydrolase superfamily,hydrolase,1.48,209,211,209,111.64112392344504,8.339581871032717,1.7918975023486825,0.1866028708133971,0.1961722488038277,-0.3038277511961723,0.0478468899521531,28.374641148325345,0.0143540669856459,0.215311004784689,0.937799043062201,0.1722488038277512,0.1981658692185008,15.603676795959473,0.3014354066985646,2.229828,-1.0924073457717896,-1.1222087144851685,-1.1589137315750122,-0.9814050197601318,-0.9647431373596193,-0.8792775273323059,-0.709128,-0.918898,-0.6020152260812276,-0.6600711345672607,-0.5936076045036316,-1.1849701803837096,-2.256838565808164,2.229828,-2.518504
1VKC_1,1VKC,A,Archaea,Pyrococcus furiosus,Pyrococcus furiosus,Pfam:PF00583,transferase,1.89,149,158,149,118.46962214765097,5.057158470153809,-7.862263636592381,0.2013422818791946,0.1677852348993288,-0.3335570469798658,0.1275167785234899,33.211409395973156,0.0201342281879194,0.1879194630872483,0.9194630872483222,-0.0201342281879194,0.1419891181263291,15.215312004089355,0.3020134228187919,1.855901,-2.022526741027832,-1.551891565322876,-1.601551175117493,-1.414320945739746,-1.4945374727249146,-1.4911092519760132,-1.19808,-1.626566,-1.056099910864094,-1.3223142623901367,-1.4092861413955688,-2.3893399846633807,-3.196257111210151,1.855901,-2.18085
3F8K_1,3F8K,A,Archaea,Saccharolobus solfataricus,Saccharolobus solfataricus,Acetyltransferase family,transferase,1.84,131,160,131,117.22582290076326,8.72555408477783,2.129310217286058,0.1450381679389313,0.1908396946564885,-0.3267175572519082,0.1221374045801526,15.959694656488546,0.015267175572519,0.2213740458015267,0.9389312977099236,0.1145038167938931,0.1548240831085347,13.566179275512695,0.2977099236641221,1.809509,-1.9150344133377075,-1.542288064956665,-1.483748197555542,-1.3852583169937134,-1.3848339319229126,-1.6215046644210815,-1.533567,-1.978302,,,,-2.1378728269620706,-3.2718543132752864,1.809509,-3.391549
1W94_1,1W94,A,Archaea,Methanothermobacter thermautotrophicus,Methanothermobacter thermautotrophicus,Unclassified,ribosomal,2.0,155,156,155,113.59356774193542,9.55500431060791,4.94815863460671,0.1290322580645161,0.1741935483870967,-0.4729032258064518,0.0774193548387096,42.800645161290305,0.0516129032258064,0.2774193548387096,0.929032258064516,-0.3354838709677419,0.174865924917954,14.373412132263184,0.3032258064516129,1.866679,-2.7766592502593994,-1.4707958698272705,-1.5893129110336304,-1.3299356698989868,-1.3195087909698486,-1.3749979734420776,-1.440162,-2.718354,-1.0640718521610384,-1.1409754753112793,-1.3889790773391724,-2.953817650579637,-3.4974510931199596,1.866679,-4.640764
2YJ5_1,2YJ5,A,Archaea,Saccharolobus solfataricus,Saccharolobus solfataricus,Cation transport ATPase (P-type) (TC 3.A.3) family,hydrolase,2.4,246,263,246,109.88629227642292,7.907514762878418,0.962848681752888,0.1341463414634146,0.1463414634146341,-0.1150406504065039,0.0528455284552845,20.446747967479663,0.024390243902439,0.2357723577235772,0.9390243902439024,-0.0772357723577236,0.197964533993166,20.422056198120117,0.3008130081300813,1.937405,-1.5741780996322632,-1.5235741138458252,-1.5605326890945437,-1.5173861980438232,-1.513442873954773,-1.4817440509796145,-1.279213,-1.421043,-1.2068728315151804,,,-1.8778397474831685,-2.8009112598450203,1.937405,-1.404145
1S3M_1,1S3M,A,Archaea,Methanocaldococcus jannaschii,Methanocaldococcus jannaschii,Metallophosphoesterase superfamily,hydrolase,2.5,165,190,165,114.60154787878793,4.618134117126464,-17.790601812727406,0.1939393939393939,0.1333333333333333,-0.1109090909090908,0.0848484848484848,27.05090909090908,0.0181818181818181,0.1696969696969697,0.793939393939394,-0.2363636363636363,0.2134914361001317,13.842724800109863,0.303030303030303,1.924229,-1.391252040863037,-1.4358084201812744,-1.4728341102600098,-1.4328685998916626,-1.480289101600647,-1.183903694152832,-1.006596,-1.203959,-1.1446242823745263,-1.4500890970230105,-0.9985774159431458,-1.647704708214962,-2.916537383108428,1.924229,-2.026597
2CZ9_1,2CZ9,A,Archaea,Pyrococcus horikoshii,Pyrococcus horikoshii,GHMP kinase family,transferase,1.5,346,350,346,112.3468739884394,5.757073783874512,-6.745259561828746,0.1531791907514451,0.1560693641618497,-0.1852601156069364,0.1069364161849711,22.448872832369936,0.0289017341040462,0.2514450867052022,0.9104046242774566,0.0028901734104045,0.1974143824973584,19.04461669921875,0.3005780346820809,2.07137,-1.5143285989761353,-1.3376023769378662,-1.338450908660889,-1.1659613847732544,-1.1838933229446411,-1.206162929534912,-0.91982,-1.221753,-0.7232681009810784,,,-1.643092337371297,-2.4646334785946533,2.07137,-1.086423
5G5S_1,5G5S,A,Archaea,Methanocaldococcus jannaschii,Methanocaldococcus jannaschii,Argonaute family,hydrolase,2.29,692,715,692,118.77336921965365,8.851202964782715,12.730465404238402,0.1358381502890173,0.1690751445086705,-0.4485549132947968,0.1358381502890173,41.35699421965326,0.0404624277456647,0.1473988439306358,0.9132947976878614,-0.1589595375722544,0.107817998816287,26.167320251464844,0.3005780346820809,1.763323,-2.47642183303833,-1.5598232746124268,-1.6051840782165527,-1.5092381238937378,-1.5172317028045654,-1.9589197635650637,-1.674087,-2.273391,-1.7297414437883851,,,-2.902647161759393,-2.9371172072570446,1.763323,-1.7973
1KKH_1,1KKH,A,Archaea,Methanocaldococcus jannaschii,Methanocaldococcus jannaschii,GHMP kinase family,transferase,2.4,317,317,317,112.6534835962145,8.68648624420166,5.213552176866187,0.1451104100946372,0.1703470031545741,-0.2952681388012622,0.0694006309148265,29.07447949526813,0.0189274447949526,0.2145110410094637,0.9274447949526814,0.0378548895899053,0.1776185638667593,19.03641891479492,0.2996845425867508,1.993145,-1.7222177982330322,-1.392423152923584,-1.4675498008728027,-1.375287413597107,-1.3809703588485718,-1.2897453308105469,-0.942488,-1.22772,-0.8787737825315457,-1.064465045928955,-1.053080916404724,-1.815937992902208,-2.530720130126183,1.993145,-1.430705
7QBT_1,7QBT,A,Archaea,Methanosarcina acetivorans,Methanosarcina acetivorans,Radical SAM superfamily,transferase,1.9,411,436,411,110.02827347931884,5.095126914978027,-13.092458099129466,0.1386861313868613,0.1192214111922141,-0.0231143552311434,0.0802919708029197,32.709999999999994,0.0559610705596107,0.2579075425790754,0.8588807785888077,-0.0267639902676399,0.1137994965698567,21.5240535736084,0.2992700729927007,1.988272,-2.3603694438934326,-1.3828071355819702,-1.4256820678710938,-1.20706045627594,-1.2500778436660769,-1.0918536186218262,-1.467112,-2.071632,-0.9997790260036497,-1.26719331741333,-1.2215720415115356,-1.2155452830368003,-3.0634584450083637,1.988272,-1.176983
6K8N_1,6K8N,A,Archaea,Saccharolobus solfataricus,Saccharolobus solfataricus,Type IA topoisomerase family,isomerase,2.1,668,668,668,114.60536556886284,9.5143892288208,35.266038178821105,0.1137724550898203,0.1796407185628742,-0.2485029940119765,0.1002994011976047,36.90255988023957,0.0329341317365269,0.217065868263473,0.9595808383233532,0.1691616766467065,0.1192907034266854,29.367725372314453,0.3008982035928144,1.958329,-1.652698278427124,-1.4072611331939695,-1.4249414205551147,-1.3204320669174194,-1.2881362438201904,-1.2858115434646606,-1.226416,-1.522853,-1.3725766850088883,-1.261730670928955,-1.05251145362854,-1.9546786553845432,-2.5456652612743262,1.958329,-1.160152
1WKM_1,1WKM,A,Archaea,Pyrococcus furiosus,Pyrococcus furiosus,Peptidase M24A family,hydrolase,2.3,296,295,296,111.3959408783784,6.631598472595216,-0.9197496909919494,0.1385135135135135,0.1554054054054054,-0.0412162162162161,0.0709459459459459,34.434121621621614,0.0472972972972973,0.2398648648648648,0.9155405405405406,-0.0912162162162162,0.2058126514709942,17.857025146484375,0.3006756756756756,2.163774,-1.2360737323760986,-1.304626703262329,-1.3679689168930054,-1.327434539794922,-1.3001102209091189,-0.942341446876526,-0.997278,-1.114268,-1.1197165411871832,,,-1.3366229083086991,-2.578239028518264,2.163774,-1.611837
3M4R_1,3M4R,A,Archaea,Thermoplasma acidophilum,Thermoplasma acidophilum,Short-chain dehydrogenases/reductases (SDR) family,oxidoreductase,2.0,213,222,213,109.78152065727708,6.331943321228027,-1.664604435922335,0.1267605633802817,0.1455399061032863,-0.1596244131455399,0.0704225352112676,30.72957746478873,0.0422535211267605,0.2863849765258216,0.943661971830986,-0.0234741784037558,0.1828382838283828,15.747008323669434,0.3004694835680751,1.915551,-2.0209169387817383,-1.3777028322219849,-1.4065454006195068,-1.3393223285675049,-1.2881611585617063,-0.9707458019256592,-1.318317,-1.659203,-0.9875959656048268,,,-2.450814833663439,-3.1081823787778755,1.915551,-3.838152
5H7J_1,5H7J,A,Archaea,Pyrococcus horikoshii,Pyrococcus horikoshii,TRAFAC class translation factor GTPase superfamily,GTPase,2.3,686,743,686,112.55372084548124,7.094722557067871,0.3686625715620124,0.1282798833819242,0.151603498542274,-0.2005830903790087,0.0626822157434402,36.32333819241985,0.0553935860058309,0.2142857142857143,0.932944606413994,0.0,0.0825210800963478,28.472742080688477,0.3002915451895043,1.889816,-1.5519291162490845,-1.5089421272277832,-1.550061583518982,-1.43278706073761,-1.4245994091033936,-1.544500470161438,-1.110456,-1.287348,-1.4171360560825892,,,-1.389922828785532,-2.4261214809584546,1.889816,-1.662775
1GAJ_1,1GAJ,A,Archaea,Methanocaldococcus jannaschii,Methanocaldococcus jannaschii,ABC transporter superfamily,other,2.5,253,257,253,112.607881422925,5.395464134216309,-7.917123311731768,0.142292490118577,0.1343873517786561,-0.050592885375494,0.0830039525691699,27.530474308300395,0.0434782608695652,0.2055335968379446,0.8774703557312253,0.0948616600790513,0.2035128299632703,17.34296989440918,0.300395256916996,2.117852,-1.4414535760879517,-1.4601455926895142,-1.46616792678833,-1.4036999940872192,-1.4279292821884155,-1.2528076171875,-1.097453,-1.310822,-1.0369832035109932,-1.3523426055908203,-1.0003818273544312,-1.3866413101377224,-2.4129177892632163,2.117852,-1.418102
1UAX_1,1UAX,A,Archaea,Pyrococcus horikoshii,Pyrococcus horikoshii,RNase HII family,hydrolase,2.0,211,220,211,114.67048199052137,8.510809898376465,1.804591336373136,0.1706161137440758,0.1943127962085308,-0.5402843601895735,0.0853080568720379,29.870142180094767,0.0473933649289099,0.2132701421800948,0.914691943127962,0.2227488151658767,0.2248951130448294,17.24985122680664,0.2985781990521327,2.009211,-1.2968147993087769,-1.4569109678268433,-1.4933593273162842,-1.3792665004730225,-1.376811981201172,-1.0820761919021606,-0.937963,-1.013834,-1.021584316452533,-1.2828071117401123,-0.9321813583374025,-1.354422329726377,-2.4263152353006516,2.009211,-2.214502
2E0Q_1,2E0Q,A,Archaea,Sulfurisphaera tokodaii,Sulfurisphaera tokodaii,Pfam:PF00085,other,1.49,104,104,104,111.68366442307683,4.265277671813965,-13.069560308462924,0.1923076923076923,0.0865384615384615,0.153846153846154,0.0961538461538461,42.39230769230768,0.0673076923076923,0.2019230769230769,0.9615384615384616,0.1538461538461538,0.2709430979978925,12.112059593200684,0.2980769230769231,2.225571,-1.387360692024231,-1.315135478973389,-1.3121094703674316,-1.063173770904541,-1.1560908555984497,-1.007143497467041,-1.007908,-1.115084,-0.894252923818735,-1.4245213270187378,-0.9398783445358276,-1.5910946772648735,-3.0781478881835938,2.225571,-1.1786
3EEH_1,3EEH,A,Archaea,Haloarcula marismortui,Haloarcula marismortui,Pfam:PF02518,transferase,1.95,116,125,116,115.37617413793096,4.406522560119629,-12.952266920864464,0.2155172413793103,0.1206896551724138,-0.5922413793103449,0.0775862068965517,38.72758620689655,0.0258620689655172,0.2413793103448276,0.8448275862068966,-0.0689655172413793,0.20935960591133,13.75702667236328,0.3017241379310345,1.59982,-1.7304726839065552,-1.7518404722213743,-1.8323018550872805,-1.5693130493164062,-1.6571727991104126,-1.2448399066925049,-1.385863,-1.56905,-1.179657771669585,-1.491071105003357,-1.3345677852630615,-1.850922420107085,-3.7230927039837014,1.59982,-2.629859
3FIX_1,3FIX,A,Archaea,Thermoplasma acidophilum,Thermoplasma acidophilum,Acetyltransferase family,transferase,2.3,165,183,165,118.1292303030302,7.904484748840332,0.9546323144594916,0.1515151515151515,0.1696969696969697,-0.3193939393939391,0.1333333333333333,48.49763636363635,0.006060606060606,0.2121212121212121,0.9575757575757576,0.2666666666666666,0.1414080929050988,14.977442741394045,0.303030303030303,1.63383,-1.9565755128860471,-1.856245040893555,-1.8898496627807615,-1.945221185684204,-1.942501783370972,-1.743443727493286,-1.747834,-2.011377,-1.4986955122514205,-1.714487910270691,-1.6135371923446655,-2.327450654000947,-3.0071758848248105,1.63383,-3.469133
3FYC_1,3FYC,A,Archaea,Methanocaldococcus jannaschii,Methanocaldococcus jannaschii,Class I-like SAM-binding methyltransferase superfamily,ribosomal,2.15,265,265,265,115.20009169811333,9.268442344665528,8.984609880739704,0.1320754716981132,0.1735849056603773,-0.318867924528302,0.1056603773584905,37.30196226415094,0.030188679245283,0.1735849056603773,0.8867924528301887,0.1018867924528301,0.1278790938347952,20.090986251831055,0.3018867924528302,2.13911,-1.4207333326339722,-1.3153506517410278,-1.3660916090011597,-1.3034391403198242,-1.3031549453735352,-1.0301471948623655,-0.86413,-1.040626,-0.7593732725899175,-0.9574199318885804,-0.915879726409912,-1.413447311689269,-2.572539707399764,2.13911,-1.069661
1WXO_1,1WXO,A,Archaea,Pyrococcus horikoshii,Pyrococcus horikoshii,Class-II aminoacyl-tRNA synthetase family,ligase,1.88,152,157,152,115.86340000000004,7.80359172821045,0.8842545132544188,0.1710526315789473,0.2039473684210526,-0.4184210526315791,0.0789473684210526,42.22434210526316,0.0394736842105263,0.1776315789473684,0.9342105263157896,-0.1842105263157895,0.2679906871736983,14.316266059875488,0.3026315789473684,2.033896,-1.8593899011611936,-1.3454179763793943,-1.2741619348526,-1.2219053506851196,-1.1883257627487185,-0.9327892661094666,-1.143965,-1.494182,-0.6896379872372276,-0.8717073202133179,-0.9811135530471802,-2.1311810142115544,-3.4064411364103617,2.033896,-1.342926
1JNY_1,1JNY,A,Archaea,Saccharolobus solfataricus,Saccharolobus solfataricus,TRAFAC class translation factor GTPase superfamily,GTPase,1.8,415,435,415,111.22851855421692,8.695898628234861,4.850394188662882,0.1349397590361445,0.1734939759036144,-0.3224096385542169,0.0698795180722891,25.325542168674698,0.0650602409638554,0.2289156626506024,0.9204819277108434,-0.2361445783132529,0.1107727535363478,24.140928268432617,0.3012048192771084,1.983701,-1.1738940477371216,-1.389851212501526,-1.433714509010315,-1.3385738134384155,-1.311049222946167,-1.3735413551330566,-0.936018,-1.020702,-0.6826111575207078,,,-0.9333610810429216,-1.9926084219691265,1.983701,-1.333162
5A8I_1,5A8I,A,Archaea,Sulfolobus acidocaldarius,Sulfolobus acidocaldarius,Pfam:PF00498,other,1.75,116,214,116,115.80299999999988,8.460331153869632,1.1421302670152065,0.1034482758620689,0.1293103448275862,-0.4310344827586206,0.1120689655172413,38.028448275862054,0.0689655172413793,0.1810344827586207,0.9741379310344828,-0.6293103448275862,0.256787719097262,13.086545944213867,0.3017241379310345,2.089581,-1.9550106525421145,-1.3839356899261477,-1.4645229578018188,-1.268664836883545,-1.2342026233673096,-1.6664856672286987,-1.352554,-1.642064,-0.9155390509243668,-1.0569915771484375,-1.1638027429580688,-2.1605056236530173,-3.304876656367861,2.089581,-1.239374
3EHE_1,3EHE,A,Archaea,Archaeoglobus fulgidus,Archaeoglobus fulgidus,NAD(P)-dependent epimerase/dehydratase family,other,1.87,290,313,290,112.62003482758632,5.054032325744628,-11.766690518072268,0.1586206896551724,0.1344827586206896,-0.1762068965517239,0.0862068965517241,35.4496551724138,0.0310344827586206,0.2413793103448276,0.9517241379310344,-0.0068965517241379,0.1363689123180345,18.282041549682617,0.3,2.10202,-1.5453170537948608,-1.3182854652404783,-1.361229419708252,-1.2899552583694458,-1.3122684955596924,-1.1630412340164185,-0.893648,-1.078649,-0.9103742928340516,,,-1.277788254310345,-2.7176229542699355,2.10202,-1.188622
3NRW_1,3NRW,A,Archaea,Haloarcula marismortui,Haloarcula marismortui,Unclassified,DNA-binding,1.7,104,117,104,118.18861730769218,5.624525260925293,-2.9464848986740435,0.1923076923076923,0.1923076923076923,-0.8471153846153848,0.0961538461538461,22.64230769230769,0.048076923076923,0.2307692307692307,0.9134615384615384,0.5673076923076923,0.1990918803418803,12.446981430053713,0.2980769230769231,1.494309,-2.070058822631836,-1.835288166999817,-1.822272062301636,-1.6765155792236328,-1.7476513385772705,-1.2396939992904663,-1.743986,-1.935641,-1.189398692204402,-1.622949719429016,-1.4866753816604614,-2.095005622276893,-3.5505060049203725,1.494309,-3.200797
7DBO_1,7DBO,A,Archaea,Thermoplasma acidophilum,Thermoplasma acidophilum,AAA ATPase family,other,1.9,91,93,91,112.0389032967032,9.641327476501464,3.51365971411391,0.1648351648351648,0.2087912087912088,-0.6087912087912085,0.0109890109890109,41.04505494505492,0.0219780219780219,0.2307692307692307,0.8901098901098902,-0.3406593406593406,0.394788617496041,11.159059524536133,0.2967032967032967,1.816917,-1.7871047258377075,-1.5257387161254885,-1.6396422386169434,-1.4117647409439087,-1.437220811843872,-1.3143706321716309,-1.420136,-1.93708,-1.151832748245407,-1.3685330152511597,-1.1412956714630127,-2.0227526989611953,-3.5233905498798075,1.816917,-4.280547
1FBN_1,1FBN,A,Archaea,Methanocaldococcus jannaschii,Methanocaldococcus jannaschii,Methyltransferase superfamily,transferase,1.6,230,230,230,112.89528,5.6717016220092775,-3.2905354029483505,0.1739130434782608,0.1695652173913043,-0.2513043478260869,0.0782608695652174,30.769999999999992,0.0391304347826087,0.2,0.9043478260869564,-0.1043478260869564,0.1351792524790236,16.448293685913086,0.3,2.026154,-1.168604850769043,-1.3447487354278564,-1.3790167570114136,-1.2694854736328125,-1.2726703882217407,-0.9729490280151368,-0.963636,-1.175451,-0.737816454016644,-1.032331466674805,-0.7227817177772522,-1.362476116677989,-2.519422448199728,2.026154,-2.562214
1JG1_1,1JG1,A,Archaea,Pyrococcus furiosus,Pyrococcus furiosus,Methyltransferase superfamily,transferase,1.2,215,235,215,111.86019720930236,8.854039573669432,3.3045833349051605,0.1255813953488372,0.1627906976744186,-0.1241860465116277,0.0790697674418604,35.31488372093022,0.0697674418604651,0.2232558139534883,0.911627906976744,-0.0186046511627906,0.123131300959955,15.415528297424316,0.3023255813953488,2.265117,-1.349193096160889,-1.2127511501312256,-1.2174804210662842,-1.03613543510437,-1.1017205715179443,-0.9788973927497864,-0.789102,-0.9589,-0.647110482149346,-0.8602608442306519,-0.8470404148101807,-1.3637357490007267,-2.612138331213663,2.265117,-1.614176
5A7Y_1,5A7Y,A,Archaea,Sulfolobus acidocaldarius,Sulfolobus acidocaldarius,Class IV-like SAM-binding methyltransferase superfamily,transferase,2.5,270,312,270,113.4043974074075,6.141362190246581,-2.6702037102940395,0.1481481481481481,0.1592592592592592,-0.1070370370370369,0.0592592592592592,51.330370370370346,0.0259259259259259,0.2074074074074073,0.9370370370370372,-0.0111111111111111,0.1087502342139778,20.691856384277344,0.3,1.968589,-2.655512809753418,-1.4369146823883057,-1.4879841804504397,-1.481503963470459,-1.476882815361023,-2.258115530014038,-1.498638,-2.537888,-1.301670554832176,,,-2.8879301848234955,-3.2347529658564813,1.968589,-1.560091
2ZOS_1,2ZOS,A,Archaea,Pyrococcus horikoshii,Pyrococcus horikoshii,HAD-like hydrolase superfamily,hydrolase,1.7,238,249,238,115.33269453781516,5.03061466217041,-10.176535552225335,0.1722689075630252,0.1428571428571428,-0.2907563025210086,0.1218487394957983,35.1026050420168,0.0462184873949579,0.2016806722689075,0.9243697478991596,0.0504201680672268,0.158371622030107,16.794706344604492,0.3025210084033613,2.055769,-1.874274969100952,-1.3509972095489502,-1.388222336769104,-1.3101706504821775,-1.351418137550354,-1.5506190061569214,-1.299405,-1.69641,-0.8340830442284336,,,-2.0436101320410978,-2.936363925452994,2.055769,-2.798767
2QVO_1,2QVO,A,Archaea,Archaeoglobus fulgidus,Archaeoglobus fulgidus,Unclassified,other,1.85,87,95,87,117.01125287356312,9.019787788391112,2.847206775266079,0.1264367816091954,0.1724137931034483,-0.0528735632183908,0.0919540229885057,26.1735632183908,0.0114942528735632,0.1839080459770115,0.9655172413793104,0.6436781609195402,0.1860254083484573,11.908319473266602,0.2988505747126437,1.548064,-2.209777355194092,-1.8600631952285769,-1.963679552078247,-1.764885425567627,-1.788648247718811,-1.35113263130188,-1.704541,-1.984415,-1.7490939436287716,-1.788090467453003,-1.7178356647491455,-2.5896567859868895,-3.937572260012572,1.548064,-1.929488
2CXH_1,2CXH,A,Archaea,Aeropyrum pernix,Aeropyrum pernix,Unclassified,ribosomal,1.8,180,217,180,109.43111444444436,10.448213768005369,8.96749055429924,0.1055555555555555,0.1666666666666666,-0.0066666666666666,0.0777777777777777,42.358888888888885,0.0722222222222222,0.3,0.9611111111111112,-0.3388888888888889,0.1922090729783037,14.726363182067873,0.3,2.128415,-2.056544303894043,-1.2875540256500244,-1.3381210565567017,-1.2355960607528689,-1.2176309823989868,-1.498139500617981,-1.271618,-2.011182,-0.7457316080729167,-1.071642518043518,-1.034896731376648,-2.6646959092881946,-3.492431640625,2.128415,-3.04893
5DHE_1,5DHE,A,Archaea,Thermococcus kodakarensis),Thermococcus kodakarensis),Glycosyl hydrolase 18 family,hydrolase,1.6,100,100,100,110.011356,4.294208717346191,-6.228868000413899,0.13,0.07,-0.111,0.15,33.599000000000004,0.04,0.32,0.93,-0.73,0.3621621621621622,12.367589950561523,0.3,2.052178,-2.7326507568359375,-1.317317247390747,-1.3689764738082886,-1.2589106559753418,-1.3322782516479492,-2.361635684967041,-1.02347,-2.606297,-0.9669028472900392,-1.111983060836792,-1.2380337715148926,-2.97365966796875,-4.0424957275390625,2.052178,-1.778819
2ZJ8_1,2ZJ8,A,Archaea,Pyrococcus furiosus,Pyrococcus furiosus,Helicase family,isomerase,2.0,700,720,700,114.6666117142863,5.885643577575683,-7.55209633724759,0.1542857142857143,0.1557142857142857,-0.1942857142857143,0.1014285714285714,32.63118571428572,0.0385714285714285,0.2285714285714285,0.8971428571428571,0.2457142857142856,0.0771627705627705,25.62821388244629,0.3,2.000808,-1.384573221206665,-1.3636479377746582,-1.4022654294967651,-1.3238000869750977,-1.3434209823608398,-1.2436604499816897,-1.097188,-1.272391,-1.3004185267857142,-1.3178287744522097,-0.9987585544586182,-1.4328018624441965,-2.226086948939732,2.000808,-1.588805
3ADR_1,3ADR,A,Archaea,Sulfurisphaera tokodaii,Sulfurisphaera tokodaii,Metallo-beta-lactamase superfamily,other,1.8,259,261,259,111.72697760617764,6.019328880310058,-4.235919336958339,0.138996138996139,0.1544401544401544,-0.0814671814671814,0.081081081081081,38.33397683397682,0.0424710424710424,0.22007722007722,0.9575289575289576,-0.1003861003861004,0.1376795089025305,16.383249282836914,0.3011583011583011,2.204643,-2.073402404785156,-1.1502559185028076,-1.1791012287139893,-1.087046504020691,-1.0756505727767944,-1.807042479515076,-1.248996,-1.985757,-0.8767478677756998,-0.8177222609519958,-0.9331714510917664,-2.3372614208795848,-2.994296629916747,2.204643,-3.072907
3BDI_1,3BDI,A,Archaea,Thermoplasma acidophilum,Thermoplasma acidophilum,AB hydrolase superfamily,hydrolase,1.45,207,207,207,111.65310772946866,7.104498863220214,0.1323070802937564,0.1207729468599033,0.1400966183574879,-0.153623188405797,0.1062801932367149,33.51304347826086,0.0338164251207729,0.2801932367149758,0.8695652173913044,-0.1159420289855072,0.1411188912410211,14.906991958618164,0.2995169082125604,1.914669,-1.9182075262069704,-1.300135850906372,-1.3097293376922607,-1.1465495824813845,-1.1251860857009888,-1.3229029178619385,-1.32054,-1.97295,-0.9140235790307972,-0.9740192294120787,-1.1293230056762695,-2.4701846210277023,-3.0115960899758454,1.914669,-4.052668
8VYD_1,8VYD,A,Archaea,Thermococcus kodakarensis),Thermococcus kodakarensis),Pfam:PF13649,transferase,1.95,267,290,267,112.87787340823972,8.803883171081544,3.1411573862258706,0.1385767790262172,0.1610486891385767,-0.2400749063670411,0.0898876404494382,38.06823970037454,0.0449438202247191,0.2322097378277153,0.9250936329588016,-0.1161048689138577,0.1010396197578139,19.793630599975582,0.299625468164794,1.979497,-1.879955172538757,-1.5148882865905762,-1.4869126081466677,-1.4037525653839111,-1.4071773290634155,-1.3297779560089111,-1.288617,-1.451106,-1.0774472125907069,,,-1.978919325696395,-2.9638050093632957,1.979497,-1.146992
3A4W_1,3A4W,A,Archaea,Pyrococcus furiosus,Pyrococcus furiosus,Pfam:PF00553,other,1.8,301,311,301,111.96983023255837,4.835600090026855,-13.68100027916434,0.1295681063122923,0.1029900332225913,-0.1116279069767441,0.1295681063122923,16.179734219269093,0.0664451827242525,0.26578073089701,0.9235880398671096,-0.026578073089701,0.1421918488856326,17.324010848999023,0.2990033222591362,2.131345,-1.663220763206482,-1.1999173164367676,-1.2021547555923462,-1.0047945976257324,-1.0250325202941897,-1.0049630403518677,-1.07514,-1.442946,-0.6374074739475187,-0.8765497207641602,-0.8707346320152283,-2.123633299159053,-2.993497829500623,2.131345,-0.862311
2DFV_1,2DFV,A,Archaea,Pyrococcus horikoshii,Pyrococcus horikoshii,Zinc-containing alcohol dehydrogenase family,oxidoreductase,2.05,346,347,346,108.57503265895944,5.518406867980955,-6.641610276902654,0.1184971098265895,0.1156069364161849,0.0430635838150289,0.0867052023121387,26.26473988439306,0.0606936416184971,0.2716763005780347,0.8872832369942196,-0.1242774566473989,0.1383003795678384,19.397979736328125,0.3005780346820809,2.129157,-1.1803851127624512,-1.231583833694458,-1.1971144676208496,-1.0996071100234983,-1.093823790550232,-0.838483452796936,-0.827076,-1.170153,-0.6991668877574061,-0.8963609933853149,-0.7928369045257568,-1.1881607143865156,-2.3606246330834537,2.129157,-2.336194
2E5V_1,2E5V,A,Archaea,Sulfurisphaera tokodaii,Sulfurisphaera tokodaii,FAD-dependent oxidoreductase 2 family,oxidoreductase,2.09,472,472,472,111.40060572033896,6.184844017028809,-4.455346011146915,0.1398305084745763,0.1525423728813559,-0.2218220338983051,0.086864406779661,31.33877118644068,0.0233050847457627,0.2775423728813559,0.9152542372881356,-0.0635593220338983,0.1762542755768838,20.45323371887207,0.3008474576271186,2.091646,-1.6995179653167725,-1.3527777194976809,-1.3621989488601685,-1.3131855726242063,-1.294583082199097,-1.29712975025177,-1.103285,-1.32802,-0.8770854755983515,-0.9901222586631776,-0.969646155834198,-1.669932866500596,-2.642074843584481,2.091646,-1.146872
1WY7_1,1WY7,A,Archaea,Pyrococcus horikoshii,Pyrococcus horikoshii,Methyltransferase superfamily,transferase,2.2,196,207,196,113.25841683673484,9.319759178161618,6.216040781518153,0.1275510204081632,0.1836734693877551,-0.0285714285714285,0.1020408163265306,15.04642857142857,0.0357142857142857,0.2244897959183673,0.9132653061224488,-0.0663265306122448,0.1495242268686615,14.718244552612305,0.3010204081632653,1.984661,-1.457179307937622,-1.4586970806121826,-1.4915335178375244,-1.3851374387741089,-1.3795907497406006,-1.142595887184143,-0.979729,-1.167597,-1.0268599841059471,,,-1.752718244280134,-2.9386920539700254,1.984661,-2.505569
2CXX_1,2CXX,A,Archaea,Pyrococcus horikoshii,Pyrococcus horikoshii,TRAFAC class TrmE-Era-EngA-EngB-Septin-like GTPase superfamily,GTPase,1.7,184,190,184,115.74325543478268,9.465522193908694,6.0099008687014575,0.1521739130434782,0.1956521739130434,-0.1989130434782607,0.0815217391304347,44.54461956521738,0.0434782608695652,0.1576086956521739,0.9021739130434784,0.1956521739130434,0.1792604033104091,14.86952018737793,0.2989130434782608,2.108425,-1.7168512344360352,-1.3192644119262695,-1.3585898876190186,-1.2459059953689575,-1.287062644958496,-1.2934002876281738,-1.16828,-1.49405,-0.8975767052691915,-0.997319519519806,-1.0164060592651367,-1.0071027175239895,-2.943640999172045,2.108425,-2.675084
3LFZ_1,3LFZ,A,Archaea,Methanocaldococcus jannaschii,Methanocaldococcus jannaschii,Pfam:PF00571,other,2.2,280,280,280,113.2804332142858,6.259530448913575,-1.265535876682641,0.1499999999999999,0.1535714285714285,-0.1467857142857142,0.05,20.044285714285703,0.025,0.2071428571428571,0.8785714285714286,0.1071428571428571,0.1581409149762624,18.692689895629883,0.3,2.085554,-1.606925129890442,-1.4308842420578003,-1.4520601034164429,-1.3306738138198853,-1.3300604820251465,-1.414429783821106,-1.312509,-1.510468,-1.026224626813616,-1.1803460121154783,-1.0917972326278689,-1.7067755562918527,-2.637450735909598,2.085554,-1.177581
2YX1_1,2YX1,A,Archaea,Methanocaldococcus jannaschii,Methanocaldococcus jannaschii,Class I-like SAM-binding methyltransferase superfamily,transferase,2.2,323,336,323,116.03879628482976,9.040804481506347,9.572089780594249,0.1609907120743034,0.2105263157894736,-0.3046439628482977,0.0773993808049535,33.623219814241494,0.0309597523219814,0.1455108359133127,0.8947368421052632,-0.0278637770897832,0.0927497675075633,20.369028091430664,0.3003095975232198,2.068501,-1.665471434593201,-1.3224544525146484,-1.3098636865615845,-1.254672288894653,-1.271498680114746,-1.3610490560531616,-1.015074,-1.381461,-0.8851826670738197,,,-2.082541828923181,-2.832361935831076,2.068501,-1.889745
4FFD_1,4FFD,A,Archaea,Pyrococcus horikoshii,Pyrococcus horikoshii,HAD-like hydrolase superfamily,hydrolase,2.31,230,234,230,114.08620260869571,5.225742912292478,-7.204619496366398,0.1739130434782608,0.1565217391304348,-0.3526086956521743,0.1043478260869565,21.26913043478259,0.0391304347826087,0.2217391304347826,0.9043478260869564,0.3304347826086956,0.1830351170568561,17.189512252807617,0.3,2.124628,-1.794256567955017,-1.2978386878967283,-1.3959916830062866,-1.3363831043243408,-1.3651173114776611,-1.262025237083435,-1.105793,-1.533402,-1.100068399180537,-1.1088255643844604,-1.1938199996948242,-1.944825545601223,-2.9020380434782607,2.124628,-1.594487
7VNX_1,7VNX,A,Archaea,Thermococcus kodakarensis),Thermococcus kodakarensis),Unclassified,transferase,1.801,216,223,216,111.60938750000004,7.042317008972168,0.0778755124904257,0.1435185185185185,0.1712962962962962,-0.1398148148148148,0.0787037037037037,34.09074074074072,0.037037037037037,0.2638888888888889,0.9398148148148148,0.2546296296296296,0.104518921095008,17.873939514160156,0.3009259259259259,2.008219,-2.058874130249023,-1.3613795042037964,-1.410167574882507,-1.2640141248703003,-1.2857869863510132,-1.2148653268814087,-1.33311,-1.697866,-0.9743916546856916,-1.1420352458953855,-1.0727707147598269,-2.001144267894603,-3.142445034450955,2.008219,-1.46837
2V6Y_1,2V6Y,A,Archaea,Saccharolobus solfataricus,Saccharolobus solfataricus,AAA ATPase family,other,2.4,75,83,75,115.90845733333327,7.878568458557129,0.5101866504625434,0.1466666666666666,0.16,-0.1239999999999999,0.0933333333333333,42.562666666666665,0.0133333333333333,0.2133333333333333,0.96,0.8,0.1818087855297157,11.970974922180176,0.3066666666666666,1.590705,-2.0185961723327637,-1.870322704315185,-1.8897141218185425,-1.9097208976745603,-1.852819800376892,-1.4906491041183472,-1.544476,-1.746352,-1.5808002726236978,-1.541114330291748,-1.5708067417144775,-2.043995361328125,-3.6106787109375,1.590705,-2.071965
2JJQ_1,2JJQ,A,Archaea,Pyrococcus abyssi,Pyrococcus abyssi,Class I-like SAM-binding methyltransferase superfamily,transferase,1.8,392,425,392,116.1474441326532,7.661634635925293,1.0790465214529306,0.1581632653061224,0.1760204081632652,-0.3397959183673469,0.1096938775510204,38.4002551020408,0.0408163265306122,0.1785714285714285,0.9260204081632653,-0.2627551020408163,0.1063328892387815,21.76502227783203,0.3010204081632653,2.08938,-1.7517231702804563,-1.3020392656326294,-1.3113579750061035,-1.2387900352478027,-1.2551677227020264,-1.2612090110778809,-1.087496,-1.430541,-0.7693490787428252,,,-2.126746041434152,-2.776238577706473,2.08938,-1.322024
2ZYH_1,2ZYH,A,Archaea,Archaeoglobus fulgidus,Archaeoglobus fulgidus,Pfam:PF12697,hydrolase,1.83,456,475,456,111.81263947368434,4.913526344299315,-17.58156242418145,0.1425438596491228,0.1162280701754386,-0.0372807017543858,0.1140350877192982,32.12017543859649,0.0526315789473684,0.2565789473684211,0.8991228070175439,-0.3377192982456141,0.1230782344553964,20.958885192871097,0.300438596491228,1.945495,-2.4673290252685547,-1.3918979167938232,-1.4225261211395264,-1.3342809677124023,-1.341017484664917,-1.563637614250183,-1.509705,-2.228004,-1.1794829786869518,-0.9491671919822692,-1.256158709526062,-2.6787494860197367,-3.0510652776350056,1.945495,-1.189575
2EJT_1,2EJT,A,Archaea,Pyrococcus horikoshii,Pyrococcus horikoshii,Class I-like SAM-binding methyltransferase superfamily,transferase,2.2,371,378,371,113.4189336927224,8.933722496032718,6.488849005514425,0.1401617250673854,0.1778975741239892,-0.215633423180593,0.0862533692722371,39.750458221024246,0.045822102425876,0.2318059299191374,0.9433962264150944,0.0431266846361185,0.0984967756648559,20.306554794311523,0.2991913746630728,2.089448,-1.5922445058822632,-1.3598257303237915,-1.3624833822250366,-1.2726805210113523,-1.2797868251800537,-1.343358278274536,-1.005621,-1.288338,-0.7845284598214286,,,-1.5312475322713106,-2.701089781892267,2.089448,-1.137229
1G7T_1,1G7T,A,Archaea,Methanothermobacter thermautotrophicus,Methanothermobacter thermautotrophicus,TRAFAC class translation factor GTPase superfamily,GTPase,2.0,569,594,569,111.52133216168744,5.6019601821899405,-11.426050911153569,0.156414762741652,0.1546572934973638,-0.1641476274165202,0.0544815465729349,34.929701230228446,0.0404217926186291,0.2407732864674868,0.9314586994727592,-0.1370826010544815,0.0796044975888671,31.767070770263672,0.3005272407732864,1.877453,-1.399151086807251,-1.5820690393447876,-1.598934292793274,-1.5720196962356567,-1.5872424840927124,-1.4094356298446655,-1.278669,-1.311859,-1.29284689422232,,,-1.3619340785986929,-2.280384566536687,1.877453,-1.511643
4L7M_1,4L7M,A,Archaea,Thermococcus onnurineus,Thermococcus onnurineus,Unclassified,other,2.002,261,269,261,112.04939923371668,4.8906770706176745,-10.016124099844266,0.1570881226053639,0.1264367816091954,0.2141762452107279,0.0498084291187739,33.563601532567034,0.0306513409961685,0.21455938697318,0.9310344827586208,0.7164750957854406,0.072596036563491,19.68814468383789,0.2988505747126437,1.854044,-2.301783323287964,-1.5735198259353638,-1.5598533153533936,-1.465507984161377,-1.4845141172409058,-1.6453816890716553,-1.599344,-2.186926,-1.2835047930136494,-1.4273513555526731,-1.5108435153961182,-2.6435329393408766,-3.1053808219588124,1.854044,-3.025531
7TOL_1,7TOL,A,Archaea,Methanocaldococcus jannaschii,Methanocaldococcus jannaschii,Radical SAM superfamily,transferase,2.03,494,526,494,113.44481315789484,6.6801958084106445,-1.4744312207509438,0.1376518218623481,0.1599190283400809,-0.1680161943319842,0.0769230769230769,37.92087044534411,0.0546558704453441,0.194331983805668,0.8927125506072875,0.0141700404858299,0.1671842716734357,21.254858016967773,0.2995951417004048,1.955723,-1.3907132148742676,-1.375406265258789,-1.4557149410247805,-1.2978249788284302,-1.3221408128738403,-1.1743512153625488,-1.046581,-1.28727,-1.009680867677758,,,-1.2992330080101848,-2.3571732864688766,1.955723,-1.140288
1MGT_1,1MGT,A,Archaea,Thermococcus kodakarensis),Thermococcus kodakarensis),MGMT family,transferase,1.8,169,174,169,111.7436757396449,9.160586738586428,3.864440764810301,0.1183431952662721,0.165680473372781,-0.0449704142011833,0.1005917159763313,28.42603550295857,0.0414201183431952,0.2485207100591716,0.9171597633136096,0.195266272189349,0.1508531718728498,14.528210639953612,0.301775147928994,2.061673,-1.7851723432540894,-1.3206839561462402,-1.3324178457260132,-1.2114570140838623,-1.2253446578979492,-1.8962209224700928,-1.199186,-1.581438,-1.1648153271195452,-1.136225700378418,-1.1135839223861694,-2.1886282475036984,-3.121211125300481,2.061673,-1.484363
2X7B_1,2X7B,A,Archaea,Saccharolobus solfataricus,Saccharolobus solfataricus,Acetyltransferase family,transferase,1.95,156,168,156,116.5117942307692,8.014403343200684,0.952076597820728,0.1282051282051282,0.1474358974358974,-0.157051282051282,0.1346153846153846,27.0076923076923,0.0384615384615384,0.1923076923076923,0.9230769230769232,-0.1282051282051282,0.1571913969454953,14.53841495513916,0.3012820512820512,1.868612,-1.6342248916625977,-1.4317338466644287,-1.5549741983413696,-1.4402337074279783,-1.4086707830429075,-1.4279744625091553,-1.108119,-1.335057,-0.8483917040702624,-1.1831170320510864,-1.1017497777938845,-1.279002654246795,-2.831483107346755,1.868612,-1.761031
3CFX_1,3CFX,A,Archaea,Methanosarcina acetivorans,Methanosarcina acetivorans,Bacterial solute-binding protein 1 family,other,1.6,293,296,293,110.6780252559727,4.145120048522949,-31.810211159661357,0.1604095563139931,0.0648464163822525,-0.2290102389078498,0.0955631399317406,38.35290102389078,0.0511945392491467,0.2866894197952219,0.924914675767918,0.0580204778156996,0.2285644633279933,17.774267196655273,0.3003412969283277,1.928775,-1.429858684539795,-1.4548743963241575,-1.5066946744918823,-1.3042277097702026,-1.3750699758529663,-1.088280200958252,-1.080052,-1.215325,-1.160100422621587,-1.128488540649414,-1.0310689210891724,-1.1767266699885346,-2.7395223676141214,1.928775,-1.364102
3GK5_1,3GK5,A,Archaea,Thermoplasma volcanium,Thermoplasma volcanium,Pfam:PF00581,other,2.4,100,108,100,112.84729399999996,4.857312583923339,-5.132029791912952,0.15,0.11,0.0139999999999999,0.1,48.47299999999999,0.03,0.23,0.88,-0.12,0.2983928571428571,11.772892951965332,0.3,1.912867,-1.8400171995162964,-1.510170578956604,-1.4792022705078125,-1.4915378093719482,-1.5348018407821655,-1.2818574905395508,-1.344909,-1.588706,-1.2112490844726562,-1.3914690017700195,-1.397762656211853,-2.2602522277832033,-3.26573486328125,1.912867,-1.648153
3DDJ_1,3DDJ,A,Archaea,Saccharolobus solfataricus,Saccharolobus solfataricus,Pfam:PF00571,other,1.8,279,296,279,113.03440501792116,7.030892372131347,0.0380957795542542,0.1290322580645161,0.1397849462365591,0.074910394265233,0.068100358422939,30.6122222222222,0.03584229390681,0.2007168458781361,0.8781362007168458,-0.032258064516129,0.1547770455158592,18.8134708404541,0.3010752688172043,1.825847,-1.9991276264190672,-1.451859712600708,-1.5235689878463743,-1.346336007118225,-1.344544768333435,-1.5285861492156982,-1.577177,-2.117361,-1.0605107789398522,,,-2.3456073063676075,-3.0108397562444,1.825847,-3.529962
7D4V_1,7D4V,A,Archaea,Sulfurisphaera tokodaii,Sulfurisphaera tokodaii,MGMT family,transferase,1.78,150,156,150,114.6719066666666,8.797952079772951,2.5887805666226456,0.14,0.1666666666666666,-0.1513333333333332,0.1266666666666666,18.24339999999999,0.04,0.2066666666666667,0.9133333333333332,0.0866666666666666,0.1584839044652128,14.439044952392578,0.3,2.058238,-1.754315972328186,-1.2920469045639038,-1.292344570159912,-1.293150782585144,-1.2667961120605469,-1.821624755859375,-1.050793,-1.466544,-0.9842844645182292,-1.2026324272155762,-0.9434145092964172,-2.2405086263020833,-3.806863199869792,2.058238,-1.259843
3AII_1,3AII,A,Archaea,Methanothermobacter thermautotrophicus,Methanothermobacter thermautotrophicus,Class-I aminoacyl-tRNA synthetase family,ligase,1.65,455,553,455,114.52673890109908,5.7058618545532225,-11.834992967324183,0.167032967032967,0.1714285714285714,-0.4578021978021977,0.0857142857142857,43.018483516483506,0.0571428571428571,0.2263736263736263,0.9120879120879122,-0.1956043956043956,0.0999025004570291,28.200748443603516,0.3010989010989011,1.958279,-1.5131256580352783,-1.3941633701324463,-1.4193884134292605,-1.21285080909729,-1.2877914905548096,-1.2600847482681274,-1.031125,-1.25167,-0.954648196042239,,,-1.4274953318166208,-2.4325997488839284,1.958279,-1.246956
3EMX_1,3EMX,A,Archaea,Aeropyrum pernix,Aeropyrum pernix,Pfam:PF00085,other,2.25,124,135,124,112.83122499999992,5.703474617004395,-2.3590348083805193,0.1370967741935483,0.1370967741935483,-0.0346774193548387,0.0887096774193548,23.51620967741935,0.0483870967741935,0.2419354838709677,0.9516129032258064,0.1129032258064515,0.2651347768448961,12.616189002990724,0.2983870967741935,2.066164,-2.3646883964538574,-1.463084101676941,-1.493620991706848,-1.3168061971664429,-1.3323193788528442,-1.7604780197143557,-1.528229,-2.181157,-1.2235755920410156,-1.3324588537216189,-1.3967972993850708,-2.7090247369581655,-3.4062411400579635,2.066164,-1.725949
3W4S_1,3W4S,A,Archaea,Thermococcus kodakarensis),Thermococcus kodakarensis),Unclassified,transferase,1.78,273,273,273,111.020078021978,5.2738855361938475,-7.129234737842925,0.1318681318681318,0.1208791208791208,-0.0076923076923077,0.1025641025641025,43.27622710622711,0.0549450549450549,0.2527472527472527,0.9377289377289376,-0.1611721611721612,0.1314714697067638,16.78937339782715,0.3003663003663003,2.177012,-1.8844441175460815,-1.3212937116622925,-1.3669052124023438,-1.1874709129333496,-1.2046998739242554,-1.453613519668579,-1.161905,-1.464356,-0.8841456598414607,-0.9415759444236756,-1.075451374053955,-2.255862057864011,-2.8815399281707874,2.177012,-1.303976
5MLZ_1,5MLZ,A,Archaea,Pyrococcus furiosus,Pyrococcus furiosus,Glycosyltransferase 2 family,transferase,2.0,355,374,355,113.89868845070426,9.534052085876464,11.239943259116046,0.1070422535211267,0.152112676056338,0.1946478873239437,0.1154929577464788,24.74171830985916,0.0366197183098591,0.2112676056338028,0.895774647887324,0.2253521126760563,0.109347655322336,23.87583351135254,0.3014084507042253,1.668093,-1.237876057624817,-1.5750051736831665,-1.8030015230178835,-1.4890377521514893,-1.5123480558395386,-0.9322834610939026,-0.904134,-1.076652,-1.125189638809419,-1.4494835138320925,-0.9325512647628784,-1.0205028265294895,-2.436671641175176,1.668093,-1.394811
1I39_1,1I39,A,Archaea,Archaeoglobus fulgidus,Archaeoglobus fulgidus,RNase HII family,hydrolase,1.95,200,225,200,112.94957300000004,8.532019996643069,2.5991265250257527,0.18,0.2,-0.4515000000000001,0.04,47.71600000000001,0.04,0.23,0.945,0.2649999999999999,0.241431718061674,16.582908630371094,0.3,2.063154,-1.2930454015731812,-1.3487719297409058,-1.3445234298706057,-1.2685179710388184,-1.2688896656036377,-1.1346514225006104,-0.849758,-0.981057,-1.003368911743164,-0.9583138823509216,-0.8686149716377258,-1.5209013366699218,-2.60085693359375,2.063154,-1.721552
3ZPJ_1,3ZPJ,A,Archaea,Thermococcus onnurineus,Thermococcus onnurineus,Unclassified,other,2.304,356,359,356,113.92574410112366,5.1684492111206035,-13.81608350171104,0.1657303370786517,0.146067415730337,-0.1019662921348314,0.0786516853932584,48.825870786516845,0.0308988764044943,0.2134831460674157,0.9157303370786516,0.8539325842696629,0.0447277441659464,24.363618850708008,0.300561797752809,1.752224,-2.239124059677124,-1.6244163513183594,-1.6669445037841797,-1.51137375831604,-1.5242995023727417,-1.6884171962738037,-1.525977,-2.066869,-1.3073882199405285,-1.3017905950546265,-1.4193377494812012,-2.608222189913975,-2.990648591116573,1.752224,-1.465378
1TQI_1,1TQI,A,Archaea,Archaeoglobus fulgidus,Archaeoglobus fulgidus,Protein kinase superfamily,transferase,2.0,269,282,269,116.36643903345735,6.421123695373535,-1.845696359680467,0.1486988847583643,0.1672862453531598,-0.2814126394052044,0.1078066914498141,39.650223048327135,0.0148698884758364,0.2007434944237918,0.9442379182156132,0.2304832713754647,0.0915622754678079,19.98297882080078,0.3011152416356877,1.941601,-1.9296797513961792,-1.4987071752548218,-1.46717631816864,-1.420156717300415,-1.444229245185852,-1.5164819955825806,-1.419439,-1.704483,-1.1628188803293449,,,-2.309947868262082,-3.131437961053671,1.941601,-1.421435
3RFN_1,3RFN,A,Archaea,Pyrococcus horikoshii,Pyrococcus horikoshii,Class-II aminoacyl-tRNA synthetase family,ligase,1.8,151,159,151,112.891701986755,8.581982994079592,2.135478293741901,0.1456953642384106,0.1854304635761589,-0.2046357615894038,0.0794701986754967,28.88940397350992,0.0331125827814569,0.2384105960264901,0.9072847682119204,-0.152317880794702,0.262221891509785,14.290666580200195,0.2980132450331126,1.823463,-2.221534967422486,-1.4875274896621704,-1.4882246255874634,-1.437029480934143,-1.3609877824783323,-1.1551917791366575,-1.458912,-1.87639,-1.1715360729899629,-1.2478036880493164,-1.4493238925933838,-2.761370728347475,-3.297748287781974,1.823463,-1.614693
2FZ4_1,2FZ4,A,Archaea,Archaeoglobus fulgidus,Archaeoglobus fulgidus,Helicase family,isomerase,2.4,206,237,206,112.82618834951457,5.208407020568846,-7.7641847867598734,0.1407766990291262,0.1262135922330097,-0.0893203883495144,0.116504854368932,31.483009708737857,0.0485436893203883,0.2718446601941747,0.8980582524271845,-0.1019417475728155,0.2082504776387101,16.49509620666504,0.3009708737864077,1.834211,-1.7666871547698977,-1.6759450435638428,-1.6344726085662842,-1.5675342082977295,-1.6015485525131226,-1.2760902643203735,-1.249599,-1.467105,-1.2463758153822817,-1.6420259475708008,-1.272290587425232,-1.8663663401187045,-2.760583970153216,1.834211,-2.413286
3DDD_1,3DDD,A,Archaea,Pyrococcus horikoshii,Pyrococcus horikoshii,Pfam:PF00583,transferase,2.25,281,288,281,115.23265409252674,9.15613842010498,8.200627599884655,0.1352313167259786,0.1814946619217081,-0.2391459074733099,0.1067615658362989,32.3320640569395,0.0391459074733096,0.1992882562277579,0.9110320284697508,-0.0355871886120996,0.1706874773976802,18.355600357055664,0.298932384341637,1.884982,-1.988082766532898,-1.5036529302597046,-1.493930101394653,-1.3376325368881226,-1.3473256826400757,-1.5929051637649536,-1.335239,-1.794634,-0.9243763553714412,-1.1405799388885498,-1.1613739728927612,-2.499232825011121,-2.937202643669373,1.884982,-3.13786
3CRV_1,3CRV,A,Archaea,Sulfolobus acidocaldarius,Sulfolobus acidocaldarius,Helicase family,isomerase,2.0,551,551,551,116.14463012704196,8.812586402893068,8.766422736540534,0.1415607985480944,0.1633393829401088,-0.2682395644283122,0.0980036297640653,43.36299455535398,0.0381125226860254,0.176043557168784,0.8892921960072595,0.0834845735027223,0.140323183649732,23.565214157104492,0.2994555353901996,1.941827,-2.008939504623413,-1.4630616903305054,-1.4904624223709106,-1.434811234474182,-1.4540724754333496,-1.4391162395477295,-1.380448,-1.836437,-1.1637892264419805,-1.3858458995819092,-1.2560535669326782,-2.1914837901259077,-2.6715785751758165,1.941827,-1.316481
2YWN_1,2YWN,A,Archaea,Sulfurisphaera tokodaii,Sulfurisphaera tokodaii,Pfam:PF00578,oxidoreductase,1.6,150,157,150,113.2964806666666,8.667597007751464,1.9514358972863624,0.1333333333333333,0.16,-0.1853333333333333,0.12,26.328733333333325,0.0666666666666666,0.2,0.9,-0.38,0.258974358974359,13.794703483581545,0.3,2.069642,-1.6046245098114014,-1.3279327154159546,-1.3703937530517578,-1.2787646055221558,-1.1868032217025757,-1.1484363079071045,-0.879346,-1.001491,-0.829627939860026,,,-1.836412760416667,-3.0580232747395835,2.069642,-1.409878
2YZQ_1,2YZQ,A,Archaea,Pyrococcus horikoshii,Pyrococcus horikoshii,Pfam:PF00571,other,1.63,224,282,224,112.03346964285728,9.432643318176268,6.700507397321402,0.1205357142857142,0.1607142857142857,0.1209821428571429,0.0535714285714285,36.51696428571427,0.0535714285714285,0.2053571428571428,0.8392857142857143,-0.3303571428571429,0.1624281032637774,18.460222244262695,0.2991071428571428,2.036817,-1.9603692293167112,-1.4168965816497805,-1.497821807861328,-1.3563109636306765,-1.3240197896957395,-1.8601576089859009,-1.466655,-1.777763,-1.0804968561444963,,,-2.1595728737967357,-2.8904410770961215,2.036817,-1.786321
7UOF_1,7UOF,A,Archaea,Methanocaldococcus jannaschii,Methanocaldococcus jannaschii,Metallo-dependent hydrolases superfamily,hydrolase,1.9,423,423,423,113.71977825059092,8.585013008117677,6.5090721169390875,0.1442080378250591,0.1867612293144208,-0.2997635933806152,0.0732860520094562,29.197659574468076,0.0354609929078014,0.1654846335697399,0.91725768321513,-0.0851063829787233,0.1649666190653338,20.051755905151367,0.3002364066193853,2.130513,-1.608155608177185,-1.1679162979125977,-1.2283905744552612,-1.0531426668167114,-1.0538251399993896,-1.123828649520874,-0.994347,-1.3531,,-1.005052924156189,-0.8919570446014404,-1.5972978307845744,-2.3545542326942965,2.130513,-0.985063
3WNC_1,3WNC,A,Archaea,Methanosarcina mazei,Methanosarcina mazei,Unclassified,translation_factor,1.9,361,370,361,109.0960983379502,6.871117973327637,-0.373126591481828,0.1301939058171745,0.1551246537396122,-0.1736842105263157,0.0498614958448753,31.893905817174517,0.0304709141274238,0.2853185595567866,0.9390581717451524,-0.4349030470914127,0.1146638795891893,19.91742897033691,0.299168975069252,1.911019,-2.1319994926452637,-1.531179666519165,-1.5846524238586426,-1.4940241575241089,-1.479657530784607,-1.336951732635498,-1.483589,-1.833717,-1.0653351759976628,-1.229241132736206,-1.2459653615951538,-2.383640955029432,-3.101327489287569,1.911019,-2.279646
1OXS_1,1OXS,C,Archaea,Saccharolobus solfataricus,Saccharolobus solfataricus,ABC transporter superfamily,translocase,1.65,352,353,352,110.79208579545455,7.826606941223146,1.0824623740763002,0.1335227272727272,0.1534090909090908,-0.0164772727272727,0.0625,29.809659090909076,0.0454545454545454,0.2244318181818181,0.9460227272727272,-0.1448863636363636,0.1280732044198895,23.05388069152832,0.3011363636363636,2.074214,-1.4453113079071045,-1.3372414112091064,-1.4116833209991455,-1.247565507888794,-1.2393969297409058,-1.3451569080352783,-0.987453,-1.262469,-0.7771331613714044,-0.9614017605781556,-0.8956405520439148,-1.5533918900923296,-2.381492267955433,2.074214,-1.257471
3PR9_1,3PR9,A,Archaea,Methanocaldococcus jannaschii,Methanocaldococcus jannaschii,FKBP-type PPIase family,isomerase,1.95,150,157,150,110.3071966666666,5.377730369567872,-3.3762640040448275,0.1666666666666666,0.1533333333333333,-0.1666666666666666,0.0666666666666666,15.97399999999999,0.06,0.2199999999999999,0.9333333333333332,-0.2666666666666666,0.2885090218423551,17.964305877685547,0.3,2.343558,-1.2149159908294678,-1.0470041036605835,-1.0716180801391602,-1.0568082332611084,-1.071442723274231,-0.7350454926490784,-0.914751,-1.008038,-0.9191259765625,-0.8049408197402954,-0.7648389339447021,-1.50981689453125,-2.3822367350260416,2.343558,-2.137362
6ZXV_1,6ZXV,A,Archaea,Archaeoglobus fulgidus,Archaeoglobus fulgidus,Methyltransferase superfamily,transferase,1.88,325,340,325,114.3615590769232,7.684654426574707,0.9456679741215908,0.1476923076923076,0.1569230769230769,-0.1852307692307693,0.1046153846153846,35.23818461538461,0.0307692307692307,0.2307692307692307,0.9292307692307692,-0.1723076923076923,0.1075188536953242,20.969079971313477,0.3015384615384615,2.108047,-1.834828495979309,-1.3486086130142212,-1.319969892501831,-1.2874293327331543,-1.3048664331436155,-1.4588383436203003,-1.163877,-1.48775,-0.9943336838942308,-1.2364040613174438,-1.1940457820892334,-2.3637007962740384,-2.9435993840144232,2.108047,-1.166969
6X94_1,6X94,A,Archaea,Methanosarcina mazei,Methanosarcina mazei,Class-II aminoacyl-tRNA synthetase family,ligase,1.45,413,426,413,113.98631937046004,5.335442161560058,-10.010086098528504,0.1525423728813559,0.1404358353510895,-0.3607748184019373,0.0871670702179176,37.66903147699757,0.0532687651331719,0.2179176755447942,0.946731234866828,0.1138014527845036,0.1494060646603019,24.882247924804688,0.3002421307506053,1.758702,-1.189256191253662,-1.6198358535766602,-1.6647130250930786,-1.4477746486663818,-1.4761102199554443,-1.2235571146011353,-0.871417,-1.011569,-1.0114868755202029,,,-1.3030753147226846,-2.2290922816094128,1.758702,-1.506512
