uniprot_id,model,sample_idx,domain,rank_class,sequence_length,mw_per_residue,isoelectric_point,charge_at_ph7,acidic_residue_fraction,basic_residue_fraction,gravy,aromaticity,instability_index,proline_fraction,small_residue_fraction,ordered_percent,helix_sheet_contrast,rco,avg_cb_distance,surface_exposure,surface_acidic_fraction,surface_basic_fraction,surface_net_charge,surface_ionizable_fraction
O67786,Caliby,0,Bacteria,Top,223,111.75610358744396,4.797745323181153,-11.351032124944696,0.1838565022421524,0.1390134529147982,-0.0569506726457399,0.085201793721973,36.25336322869954,0.0672645739910313,0.2286995515695067,0.8699551569506727,0.2062780269058295,0.1453422020358052,19.136079788208008,0.3004484304932735,0.2857142857142857,0.2184873949579832,-0.07563025210084033,0.5042016806722689
O67786,Caliby,1,Bacteria,Top,223,111.57134573991031,4.735108757019043,-14.18301879544401,0.179372197309417,0.1300448430493273,-0.0206278026905829,0.0807174887892376,44.81076233183856,0.0672645739910313,0.2286995515695067,0.8654708520179373,0.2017937219730941,0.1647593699189097,18.59468650817871,0.3004484304932735,0.2767857142857143,0.21428571428571427,-0.08035714285714286,0.4910714285714286
O67786,Caliby,2,Bacteria,Top,223,113.5597394618834,4.753069877624512,-15.166450901441678,0.2017937219730941,0.147982062780269,-0.1995515695067264,0.0941704035874439,42.82376681614349,0.0627802690582959,0.210762331838565,0.8430493273542601,0.2331838565022421,0.1558701172402614,18.466983795166016,0.3004484304932735,0.3277310924369748,0.21008403361344538,-0.12605042016806722,0.5378151260504201
O67786,Caliby,3,Bacteria,Top,223,112.95923632286996,4.966841316223144,-11.088652318922776,0.179372197309417,0.147982062780269,-0.0318385650224215,0.0896860986547085,36.343946188340794,0.0672645739910313,0.210762331838565,0.8654708520179372,0.1748878923766815,0.1087529524526751,18.53143882751465,0.3004484304932735,0.2727272727272727,0.2231404958677686,-0.05785123966942149,0.49586776859504134
O67786,Caliby,4,Bacteria,Top,223,112.3395932735426,4.982983589172362,-11.00492451149282,0.1659192825112107,0.1390134529147982,0.0394618834080717,0.0807174887892376,35.67578475336321,0.0672645739910313,0.2197309417040359,0.8161434977578474,0.3766816143497757,0.1463753866813745,19.013456344604492,0.3004484304932735,0.2605042016806723,0.226890756302521,-0.05042016806722689,0.4873949579831933
O67786,Caliby,5,Bacteria,Top,223,112.05064125560536,4.517756462097168,-19.159666632947417,0.1838565022421524,0.1121076233183856,0.0161434977578475,0.085201793721973,43.9659192825112,0.0672645739910313,0.2331838565022421,0.9013452914798208,0.2825112107623319,0.1720651404295492,17.627777099609375,0.3004484304932735,0.30303030303030304,0.1919191919191919,-0.1111111111111111,0.4949494949494949
O67786,Caliby,6,Bacteria,Top,223,111.8449856502242,4.650248146057129,-16.16633133917578,0.1838565022421524,0.1255605381165919,0.0147982062780268,0.0807174887892376,42.074439461883394,0.0672645739910313,0.2286995515695067,0.9147982062780268,0.179372197309417,0.1619892175139819,17.710186004638672,0.3004484304932735,0.3018867924528302,0.20754716981132076,-0.09433962264150944,0.5094339622641509
O67786,Caliby,7,Bacteria,Top,223,112.2935260089686,4.629501914978028,-17.07758154759293,0.1838565022421524,0.1255605381165919,0.0246636771300448,0.085201793721973,52.21614349775785,0.0672645739910313,0.2331838565022421,0.8654708520179373,0.2017937219730941,0.1651058504536448,18.530941009521484,0.3004484304932735,0.30357142857142855,0.21428571428571427,-0.09821428571428571,0.5178571428571428
Q980U8,Caliby,0,Archaea,Top,349,110.77626045845273,5.123148536682128,-10.957098261472566,0.1862464183381089,0.160458452722063,-0.3426934097421203,0.0429799426934097,30.285673352435538,0.0630372492836676,0.2406876790830945,0.7822349570200573,0.3696275071633237,0.0483213494080121,23.209396362304688,0.3008595988538682,0.2564102564102564,0.23076923076923078,-0.03418803418803419,0.48717948717948717
Q980U8,Caliby,1,Archaea,Top,349,111.276441260745,5.524147605895995,-5.885198341933382,0.1776504297994269,0.1690544412607449,-0.2696275071633238,0.0487106017191977,23.97478510028653,0.0659025787965616,0.2234957020057306,0.8080229226361031,0.2406876790830945,0.1153042046839994,23.17835807800293,0.3008595988538682,0.2549019607843137,0.2549019607843137,-0.00980392156862745,0.5098039215686274
Q980U8,Caliby,2,Archaea,Top,349,110.9429681948424,5.463670921325684,-6.813771925470164,0.1690544412607449,0.160458452722063,-0.2876790830945558,0.0515759312320916,37.142693409742115,0.0744985673352435,0.2320916905444126,0.825214899713467,0.4297994269340974,0.0433474398654041,22.86778259277344,0.3008595988538682,0.21940928270042195,0.21940928270042195,-0.012658227848101266,0.4388185654008439
Q980U8,Caliby,3,Archaea,Top,349,110.19407421203438,5.177713966369628,-9.89289712687485,0.1776504297994269,0.157593123209169,-0.2501432664756446,0.0458452722063037,32.853037249283666,0.0716332378223495,0.2406876790830945,0.851002865329513,0.4670487106017192,0.0548457778526883,26.661449432373047,0.3008595988538682,0.2297872340425532,0.20851063829787234,-0.029787234042553193,0.4382978723404255
Q980U8,Caliby,4,Archaea,Top,349,110.2121329512894,5.0247602462768555,-12.883440979264265,0.1805157593123209,0.1518624641833811,-0.1707736389684814,0.0458452722063037,33.76131805157595,0.0716332378223495,0.2349570200573066,0.8252148997134671,0.3954154727793696,0.0516173078315558,23.902008056640625,0.3008595988538682,0.25462962962962965,0.2222222222222222,-0.041666666666666664,0.47685185185185186
Q980U8,Caliby,5,Archaea,Top,349,111.177288252149,5.370682334899903,-12.279270744990257,0.1805157593123209,0.1719197707736389,-0.3200573065902579,0.0487106017191977,30.539255014326653,0.0659025787965616,0.2349570200573066,0.8767908309455588,0.3381088825214899,0.1174731742195045,25.82337951660156,0.3008595988538682,0.22466960352422907,0.23348017621145375,-0.030837004405286344,0.4581497797356828
Q980U8,Caliby,6,Archaea,Top,349,111.42193753581662,5.334589576721191,-12.358164327757052,0.1862464183381089,0.1747851002865329,-0.3232091690544413,0.0487106017191977,32.22865329512894,0.0716332378223495,0.2120343839541547,0.7822349570200573,0.4498567335243553,0.0433292400054577,23.54298210144043,0.3008595988538682,0.24686192468619247,0.23430962343096234,-0.04602510460251046,0.4811715481171548
Q980U8,Caliby,7,Archaea,Top,349,111.10032578796564,5.45309886932373,-10.359906225965368,0.1719197707736389,0.166189111747851,-0.2659025787965616,0.0487106017191977,36.12922636103152,0.0744985673352435,0.2349570200573066,0.833810888252149,0.4097421203438395,0.0350969854620839,26.766151428222656,0.3008595988538682,0.21245421245421245,0.20512820512820512,-0.040293040293040296,0.41758241758241754
O58832,Caliby,0,Archaea,Top,342,110.1257552631579,5.126899909973144,-12.073658816869596,0.1783625730994152,0.1549707602339181,-0.2245614035087719,0.0526315789473684,36.79152046783625,0.0847953216374269,0.219298245614035,0.8859649122807017,-0.0614035087719297,0.1374923627476652,21.058074951171875,0.3011695906432748,0.31333333333333335,0.26,-0.07333333333333333,0.5733333333333334
O58832,Caliby,1,Archaea,Top,342,111.27903245614031,5.375229454040528,-6.977611597739568,0.1871345029239766,0.1725146198830409,-0.339766081871345,0.0643274853801169,38.262280701754385,0.0730994152046783,0.2163742690058479,0.8742690058479532,-0.0730994152046783,0.0946874227823078,22.531431198120117,0.3011695906432748,0.28901734104046245,0.28901734104046245,-0.011560693641618497,0.5780346820809249
O58832,Caliby,2,Archaea,Top,342,111.11789590643274,5.008049583435058,-14.14603657249608,0.1900584795321637,0.1578947368421052,-0.2894736842105263,0.0614035087719298,29.55204678362573,0.0730994152046783,0.2076023391812865,0.8596491228070176,-0.0350877192982456,0.0970487329434697,21.8580322265625,0.3011695906432748,0.33136094674556216,0.26627218934911245,-0.07692307692307693,0.5976331360946746
O58832,Caliby,3,Archaea,Top,342,110.29824707602336,5.0260107040405275,-14.064595068228748,0.1812865497076023,0.1520467836257309,-0.2084795321637426,0.0584795321637426,34.554970760233914,0.0730994152046783,0.2134502923976608,0.8508771929824561,-0.0672514619883041,0.1063505237030377,21.795194625854492,0.3011695906432748,0.3170731707317073,0.25609756097560976,-0.07317073170731707,0.5731707317073171
O58832,Caliby,4,Archaea,Top,342,111.40183918128656,5.110984992980956,-13.063425969875766,0.1900584795321637,0.1637426900584795,-0.2801169590643275,0.0614035087719298,31.86842105263157,0.0701754385964912,0.2105263157894736,0.868421052631579,-0.0087719298245613,0.0923244608541068,21.89029884338379,0.3011695906432748,0.2947976878612717,0.2832369942196532,-0.028901734104046242,0.5780346820809249
O58832,Caliby,5,Archaea,Top,342,110.6736745614035,5.324585914611816,-7.9050073014892845,0.1725146198830409,0.1578947368421052,-0.2090643274853801,0.0584795321637426,37.02280701754385,0.0818713450292397,0.2163742690058479,0.8596491228070176,-0.023391812865497,0.093776971163541,22.384994506835938,0.3011695906432748,0.28901734104046245,0.24277456647398843,-0.057803468208092484,0.5317919075144508
O58832,Caliby,6,Archaea,Top,342,110.65223538011692,5.076767921447753,-13.060639063832744,0.1812865497076023,0.1549707602339181,-0.2649122807017544,0.0643274853801169,35.50994152046782,0.0847953216374269,0.2222222222222222,0.8801169590643274,-0.0438596491228069,0.1420830557406173,21.580909729003903,0.3011695906432748,0.32075471698113206,0.2893081761006289,-0.050314465408805034,0.610062893081761
O58832,Caliby,7,Archaea,Top,342,110.91016842105265,5.0550554275512685,-11.970777469734593,0.1929824561403508,0.1637426900584795,-0.2523391812865497,0.0555555555555555,29.311695906432742,0.0701754385964912,0.2134502923976608,0.8625730994152047,-0.0555555555555555,0.0963577685569386,22.558225631713867,0.3011695906432748,0.30386740331491713,0.281767955801105,-0.03314917127071823,0.5856353591160222
Q9Z9J6,Caliby,0,Bacteria,Top,62,113.89099032258063,5.114395332336425,-3.1301465438546394,0.2258064516129032,0.1935483870967742,-0.3677419354838709,0.0161290322580645,28.375806451612902,0.064516129032258,0.1451612903225806,0.8870967741935484,0.0161290322580645,0.4223366766061263,10.628544807434082,0.3064516129032258,0.30952380952380953,0.2619047619047619,-0.07142857142857142,0.5714285714285714
Q9Z9J6,Caliby,1,Bacteria,Top,62,113.14859516129032,5.537902641296386,-1.4722604398951749,0.2096774193548387,0.1935483870967742,-0.3451612903225806,0.0161290322580645,48.629032258064505,0.064516129032258,0.1612903225806451,0.9516129032258064,-0.0483870967741935,0.4257552483358934,10.50800609588623,0.3064516129032258,0.3023255813953488,0.27906976744186046,-0.023255813953488372,0.5813953488372092
Q9Z9J6,Caliby,2,Bacteria,Top,62,112.84214193548388,5.503060340881347,-1.4730828997703824,0.1935483870967742,0.1774193548387097,-0.2112903225806451,0.0161290322580645,50.666129032258056,0.0806451612903225,0.1612903225806451,0.935483870967742,-0.032258064516129,0.4206149193548387,10.494012832641602,0.3064516129032258,0.2619047619047619,0.2619047619047619,0.0,0.5238095238095238
Q9Z9J6,Caliby,3,Bacteria,Top,62,111.4372935483871,5.320777702331543,-2.134189526808538,0.1774193548387096,0.1612903225806451,-0.1306451612903225,0.0161290322580645,55.78225806451612,0.0806451612903225,0.1774193548387097,0.9516129032258064,-0.0806451612903225,0.4528027498677948,10.70787525177002,0.3064516129032258,0.2564102564102564,0.23076923076923078,-0.05128205128205128,0.48717948717948717
Q9Z9J6,Caliby,4,Bacteria,Top,62,110.48222258064516,4.610858726501465,-5.470524712469661,0.2096774193548387,0.1290322580645161,-0.0112903225806451,0.0,75.10161290322579,0.064516129032258,0.2096774193548387,0.9193548387096776,-0.0483870967741935,0.457441040932502,10.70408821105957,0.3064516129032258,0.2926829268292683,0.14634146341463414,-0.14634146341463414,0.4390243902439024
Q9Z9J6,Caliby,5,Bacteria,Top,62,112.30862096774192,4.749886894226075,-4.472195658812226,0.1774193548387097,0.1129032258064516,0.1532258064516129,0.0483870967741935,49.86612903225806,0.0806451612903225,0.1774193548387097,0.9516129032258064,-0.0483870967741935,0.4438044034818228,10.589366912841797,0.3064516129032258,0.2619047619047619,0.14285714285714285,-0.11904761904761904,0.40476190476190477
Q9Z9J6,Caliby,6,Bacteria,Top,62,114.06751612903228,4.732494163513183,-4.470666472210507,0.1935483870967742,0.1290322580645161,0.0419354838709677,0.032258064516129,84.29193548387094,0.064516129032258,0.1774193548387097,0.967741935483871,-0.096774193548387,0.452530815630737,10.69314956665039,0.3064516129032258,0.2926829268292683,0.14634146341463414,-0.14634146341463414,0.4390243902439024
Q9Z9J6,Caliby,7,Bacteria,Top,62,114.02176774193548,7.965213966369628,0.5168813563909147,0.1774193548387096,0.1935483870967742,-0.2758064516129032,0.0161290322580645,22.964516129032265,0.064516129032258,0.1451612903225806,0.967741935483871,-0.064516129032258,0.4477472673953612,10.64404010772705,0.3064516129032258,0.2619047619047619,0.2857142857142857,0.023809523809523808,0.5476190476190477
P02819,Caliby,0,Eukaryota,Bottom,49,119.27592857142857,7.245402717590333,0.3795917570241425,0.1428571428571428,0.2857142857142857,-1.2122448979591838,0.1224489795918367,41.779795918367334,0.163265306122449,0.1428571428571428,0.673469387755102,0.4285714285714285,0.157243225158916,14.52066707611084,0.3061224489795918,0.15,0.35,0.025,0.5
P02819,Caliby,1,Eukaryota,Bottom,49,114.21298571428572,7.970564842224121,0.7447819948728034,0.1224489795918367,0.1428571428571428,-0.6346938775510205,0.163265306122449,41.19387755102041,0.1836734693877551,0.163265306122449,0.7755102040816326,0.4081632653061224,0.1535630645700903,12.490368843078612,0.3061224489795918,0.15384615384615385,0.1794871794871795,0.02564102564102564,0.33333333333333337
P02819,Caliby,2,Eukaryota,Bottom,49,115.0718306122449,8.449049186706542,1.8007070181844735,0.1428571428571428,0.1836734693877551,-0.9979591836734694,0.1224489795918367,46.69591836734695,0.1836734693877551,0.1224489795918367,0.7755102040816326,0.3265306122448979,0.1439312567132116,14.15049934387207,0.3061224489795918,0.1794871794871795,0.23076923076923078,0.05128205128205128,0.41025641025641024
P02819,Caliby,3,Eukaryota,Bottom,49,115.78492040816326,6.768750953674316,-0.1614438917271901,0.163265306122449,0.1836734693877551,-1.0551020408163263,0.1224489795918367,49.64102040816327,0.1836734693877551,0.163265306122449,0.7755102040816326,0.4081632653061224,0.1609611586570112,14.383140563964844,0.3061224489795918,0.21052631578947367,0.23684210526315788,0.0,0.4473684210526315
P02819,Caliby,4,Eukaryota,Bottom,49,115.07017346938774,8.0001558303833,0.8384343483319654,0.1428571428571428,0.1836734693877551,-0.93265306122449,0.1224489795918367,44.13265306122449,0.1836734693877551,0.163265306122449,0.7346938775510203,0.3673469387755101,0.1700680272108843,12.89466953277588,0.3061224489795918,0.1794871794871795,0.23076923076923078,0.02564102564102564,0.41025641025641024
P02819,Caliby,5,Eukaryota,Bottom,49,108.73811020408162,7.980106163024903,0.7457809958718045,0.1224489795918367,0.1428571428571428,-0.4816326530612245,0.1020408163265306,34.330612244897964,0.1836734693877551,0.2040816326530612,0.8571428571428572,0.3673469387755102,0.162277814351547,12.923792839050291,0.3061224489795918,0.15384615384615385,0.1794871794871795,0.02564102564102564,0.33333333333333337
P02819,Caliby,6,Eukaryota,Bottom,49,114.2733448979592,6.3288171768188475,-0.255096245186353,0.1428571428571428,0.1428571428571428,-0.7102040816326531,0.163265306122449,39.306326530612246,0.1836734693877551,0.163265306122449,0.8367346938775511,0.3061224489795918,0.1514500537056928,12.81295108795166,0.3061224489795918,0.15789473684210525,0.18421052631578946,0.02631578947368421,0.3421052631578947
P02819,Caliby,7,Eukaryota,Bottom,49,112.78305918367346,6.76681842803955,-0.1615556517680314,0.1428571428571428,0.163265306122449,-0.6979591836734694,0.1020408163265306,43.34693877551021,0.1836734693877551,0.163265306122449,0.8163265306122449,0.4081632653061224,0.1708360763660303,14.72879695892334,0.3061224489795918,0.1794871794871795,0.20512820512820512,0.0,0.3846153846153846
Q4R312,Caliby,0,Eukaryota,Bottom,82,115.68253048780488,7.578933906555176,0.4635255848684032,0.1341463414634146,0.1463414634146341,-0.4804878048780487,0.1219512195121951,62.886707317073146,0.1219512195121951,0.1707317073170731,0.6951219512195123,-0.3780487804878049,0.2215287113501056,16.764266967773438,0.3048780487804878,0.13793103448275862,0.20689655172413793,0.06896551724137931,0.3448275862068966
Q4R312,Caliby,1,Eukaryota,Bottom,82,113.46143292682927,8.67829875946045,2.4632720650867164,0.1097560975609756,0.1463414634146341,-0.3707317073170732,0.1097560975609756,54.79280487804875,0.1463414634146341,0.2195121951219512,0.7804878048780488,-0.4634146341463414,0.2253325942350332,14.663677215576172,0.3048780487804878,0.11475409836065574,0.19672131147540983,0.08196721311475409,0.3114754098360656
Q4R312,Caliby,2,Eukaryota,Bottom,82,114.16971463414636,8.654509925842287,2.4624048239285603,0.1219512195121951,0.1585365853658536,-0.4512195121951219,0.1097560975609756,49.15865853658534,0.1341463414634146,0.1951219512195122,0.7195121951219512,-0.524390243902439,0.2286585365853658,16.67967987060547,0.3048780487804878,0.11864406779661017,0.22033898305084745,0.1016949152542373,0.3389830508474576
Q4R312,Caliby,3,Eukaryota,Bottom,82,113.35058292682928,8.89768466949463,3.457203960987618,0.1097560975609756,0.1585365853658536,-0.5109756097560976,0.1097560975609756,51.772073170731694,0.1219512195121951,0.2195121951219512,0.7073170731707318,-0.3902439024390244,0.2205520892418226,13.98940086364746,0.3048780487804878,0.11666666666666667,0.21666666666666667,0.1,0.33333333333333337
Q4R312,Caliby,4,Eukaryota,Bottom,82,116.4766548780488,9.001220893859863,4.458408819932556,0.1219512195121951,0.1829268292682926,-0.6536585365853659,0.1219512195121951,46.82439024390242,0.0975609756097561,0.1829268292682927,0.7073170731707317,-0.5121951219512195,0.2231219512195122,16.971839904785156,0.3048780487804878,0.11864406779661017,0.2542372881355932,0.13559322033898305,0.3728813559322034
Q4R312,Caliby,5,Eukaryota,Bottom,82,119.39212804878048,8.624467658996583,2.896399523144338,0.1341463414634146,0.2317073170731707,-0.9548780487804878,0.1341463414634146,49.30121951219511,0.0853658536585365,0.1585365853658537,0.573170731707317,-0.3780487804878049,0.2113821138211382,15.40329360961914,0.3048780487804878,0.13793103448275862,0.3275862068965517,0.10344827586206896,0.46551724137931033
Q4R312,Caliby,6,Eukaryota,Bottom,82,110.55652804878048,8.666307640075683,2.4549824389079316,0.0853658536585365,0.1219512195121951,0.0073170731707317,0.1219512195121951,50.28426829268291,0.1341463414634146,0.2439024390243902,0.7073170731707318,-0.3902439024390244,0.2190358231707317,16.533090591430664,0.3048780487804878,0.09836065573770492,0.16393442622950818,0.06557377049180328,0.2622950819672131
Q4R312,Caliby,7,Eukaryota,Bottom,82,115.93544756097562,6.629722785949707,-0.9252013151675378,0.1097560975609756,0.1829268292682926,-0.6743902439024391,0.1219512195121951,60.639146341463395,0.1341463414634146,0.2073170731707317,0.6463414634146342,-0.3292682926829268,0.2312488538419218,14.65712547302246,0.3048780487804878,0.11864406779661017,0.2542372881355932,0.01694915254237288,0.3728813559322034
Q54FJ9,Caliby,0,Eukaryota,Bottom,306,108.2276225490196,4.873341178894043,-13.344992392188814,0.1732026143790849,0.1339869281045751,-0.1800653594771241,0.0490196078431372,39.27189542483661,0.0784313725490196,0.2483660130718954,0.8823529411764706,0.2549019607843137,0.1500744601638123,17.192615509033203,0.3006535947712418,0.3,0.26666666666666666,-0.03333333333333333,0.5666666666666667
Q54FJ9,Caliby,1,Eukaryota,Bottom,306,108.48858104575164,4.93262424468994,-14.160135861320022,0.1862745098039215,0.1503267973856209,-0.2790849673202614,0.0522875816993464,44.13300653594771,0.0751633986928104,0.261437908496732,0.892156862745098,0.2320261437908496,0.1273981290629459,17.637283325195312,0.3006535947712418,0.3037037037037037,0.2814814814814815,-0.037037037037037035,0.5851851851851853
Q54FJ9,Caliby,2,Eukaryota,Bottom,306,108.6427816993464,4.942741584777831,-13.2413172886898,0.1797385620915032,0.1437908496732026,-0.2202614379084967,0.0490196078431372,48.51441176470588,0.0751633986928104,0.2516339869281045,0.8594771241830065,0.2254901960784313,0.1269211590176488,17.524333953857422,0.3006535947712418,0.2878787878787879,0.2803030303030303,-0.015151515151515152,0.5681818181818181
Q54FJ9,Caliby,3,Eukaryota,Bottom,306,108.52819281045753,4.950073814392089,-12.302546595064555,0.1699346405228758,0.1372549019607843,-0.2428104575163398,0.0555555555555555,45.241503267973854,0.0849673202614379,0.2549019607843137,0.8856209150326797,0.2254901960784314,0.1536657234200619,17.234146118164062,0.3006535947712418,0.3089430894308943,0.24390243902439024,-0.07317073170731707,0.5528455284552846
Q54FJ9,Caliby,4,Eukaryota,Bottom,306,107.11426960784314,4.73414249420166,-16.032899133312952,0.1764705882352941,0.1274509803921568,-0.1277777777777778,0.0490196078431372,47.30130718954248,0.0816993464052287,0.2810457516339869,0.8823529411764706,0.1633986928104575,0.0763684969425236,23.070850372314453,0.3006535947712418,0.2631578947368421,0.19298245614035087,-0.07017543859649122,0.45614035087719296
Q54FJ9,Caliby,5,Eukaryota,Bottom,306,108.6985026143791,4.999069023132324,-11.921420053760537,0.1830065359477124,0.1503267973856209,-0.2983660130718954,0.0490196078431372,45.24673202614378,0.0784313725490196,0.2483660130718954,0.8464052287581699,0.2320261437908496,0.1304202917370038,17.37203598022461,0.3006535947712418,0.3,0.3076923076923077,-0.007692307692307693,0.6076923076923078
Q54FJ9,Caliby,6,Eukaryota,Bottom,306,108.2994274509804,4.896417808532715,-12.011995841556804,0.1666666666666666,0.130718954248366,-0.119281045751634,0.0555555555555555,46.66209150326796,0.0816993464052287,0.2581699346405229,0.8954248366013071,0.3071895424836601,0.1201553523747876,17.73118019104004,0.3006535947712418,0.2589928057553957,0.2517985611510791,-0.014388489208633094,0.5107913669064748
Q54FJ9,Caliby,7,Eukaryota,Bottom,306,108.03076993464052,5.046586418151855,-11.215932982447086,0.1699346405228758,0.1437908496732026,-0.2261437908496732,0.0490196078431372,43.53238562091504,0.0816993464052287,0.2712418300653594,0.9150326797385622,0.1830065359477125,0.164696029165435,17.155685424804688,0.3006535947712418,0.29508196721311475,0.27049180327868855,-0.03278688524590164,0.5655737704918034
Q54JL0,Caliby,0,Eukaryota,Bottom,633,114.55160173775673,4.971558952331542,-26.72282246717208,0.1848341232227488,0.1532385466034755,-0.3829383886255924,0.0884676145339652,34.41044233807268,0.0774091627172195,0.1911532385466035,0.8499210110584519,0.0947867298578199,0.0380762766272082,32.904788970947266,0.3001579778830964,0.2551546391752577,0.22422680412371135,-0.04381443298969072,0.47938144329896903
Q54JL0,Caliby,1,Eukaryota,Bottom,633,114.56071453396524,5.189479637145994,-16.99868110762732,0.1832543443917851,0.1627172195892575,-0.353870458135861,0.0884676145339652,29.019905213270142,0.0789889415481832,0.1769352290679305,0.8530805687203792,-0.0094786729857819,0.0510380981119572,31.057514190673828,0.3001579778830964,0.24509803921568626,0.22794117647058823,-0.024509803921568627,0.4730392156862745
Q54JL0,Caliby,2,Eukaryota,Bottom,633,114.76107472353873,5.026465415954591,-24.801891232607403,0.1879936808846761,0.1579778830963665,-0.3587677725118484,0.0868878357030015,33.09353870458135,0.0758293838862559,0.1785150078988941,0.8515007898894155,0.0521327014218009,0.0423352641741267,34.389427185058594,0.3001579778830964,0.2643979057591623,0.24083769633507854,-0.031413612565445025,0.5052356020942408
Q54JL0,Caliby,3,Eukaryota,Bottom,633,114.08694518167458,5.061932945251464,-20.924780488522444,0.1753554502369668,0.1500789889415481,-0.3426540284360189,0.0853080568720379,35.434928909952646,0.0789889415481832,0.1958925750394944,0.8562401263823065,-0.0252764612954186,0.0402964890097728,32.05571365356445,0.3001579778830964,0.2426470588235294,0.20098039215686275,-0.04411764705882353,0.44362745098039214
Q54JL0,Caliby,4,Eukaryota,Bottom,633,115.1346410742496,5.52011203765869,-13.249098401973498,0.1785150078988941,0.1721958925750395,-0.3949447077409163,0.0868878357030015,36.32007898894157,0.0805687203791469,0.1721958925750395,0.8388625592417062,0.0173775671406003,0.0396463424753834,31.95230484008789,0.3001579778830964,0.25,0.255050505050505,-0.015151515151515152,0.505050505050505
Q54JL0,Caliby,5,Eukaryota,Bottom,633,114.66559636650872,4.982017326354979,-24.8114650340533,0.1800947867298578,0.1500789889415482,-0.3641390205371248,0.0868878357030015,37.72971563981045,0.0821484992101105,0.1879936808846761,0.90521327014218,-0.0173775671406003,0.040412450365057,29.752363204956055,0.3001579778830964,0.24484536082474226,0.2190721649484536,-0.028350515463917526,0.4639175257731959
Q54JL0,Caliby,6,Eukaryota,Bottom,633,114.87394360189576,5.20260944366455,-16.99890340924307,0.1879936808846761,0.1674565560821485,-0.3785150078988942,0.0837282780410742,35.43018957345973,0.0789889415481832,0.1706161137440758,0.8262243285939969,0.0489731437598736,0.0410150695447902,31.65987777709961,0.3001579778830964,0.24703087885985747,0.2327790973871734,-0.021377672209026127,0.47980997624703087
Q54JL0,Caliby,7,Eukaryota,Bottom,633,115.02278988941548,5.023964500427247,-24.720884464574084,0.1848341232227488,0.1563981042654028,-0.4170616113744075,0.0900473933649289,38.79387045813589,0.0805687203791469,0.1895734597156398,0.8420221169036335,0.0900473933649289,0.0404511936897402,31.81543731689453,0.3001579778830964,0.24407582938388625,0.22037914691943128,-0.037914691943127965,0.46445497630331756
Q69NP0,Caliby,0,Eukaryota,Bottom,93,114.85200537634408,5.603665351867675,-1.516265933616186,0.1827956989247312,0.1720430107526881,-0.5354838709677419,0.1182795698924731,14.372043010752694,0.086021505376344,0.1505376344086021,0.8064516129032258,-0.1827956989247312,0.3066604029648189,12.117348670959473,0.3010752688172043,0.2727272727272727,0.2545454545454545,-0.01818181818181818,0.5272727272727272
Q69NP0,Caliby,1,Eukaryota,Bottom,93,116.53046129032258,5.615089988708497,-1.516154173575341,0.1935483870967742,0.1827956989247311,-0.6827956989247311,0.1290322580645161,11.955913978494626,0.075268817204301,0.1612903225806451,0.8064516129032259,-0.3548387096774194,0.3095773943485871,13.244901657104492,0.3010752688172043,0.3050847457627119,0.2711864406779661,-0.03389830508474576,0.576271186440678
Q69NP0,Caliby,2,Eukaryota,Bottom,93,120.05733978494624,5.723425102233888,-5.514565988689249,0.2150537634408602,0.2365591397849462,-1.110752688172043,0.1182795698924731,20.8247311827957,0.043010752688172,0.1290322580645161,0.870967741935484,-0.2903225806451613,0.3190902437651298,12.617975234985352,0.3010752688172043,0.3333333333333333,0.3508771929824561,-0.12280701754385964,0.6842105263157894
Q69NP0,Caliby,3,Eukaryota,Bottom,93,116.2278505376344,4.807237434387207,-5.516293052763382,0.2150537634408602,0.1612903225806451,-0.6172043010752688,0.1290322580645161,13.456989247311828,0.075268817204301,0.1397849462365591,0.8172043010752689,-0.3225806451612903,0.3498710935043702,13.293282508850098,0.3010752688172043,0.31666666666666665,0.23333333333333334,-0.08333333333333333,0.55
Q69NP0,Caliby,4,Eukaryota,Bottom,93,117.62658494623656,6.408221244812012,-1.60498069982253,0.1935483870967742,0.2473118279569892,-0.9376344086021504,0.1182795698924731,16.68064516129032,0.064516129032258,0.1505376344086021,0.913978494623656,-0.2473118279569893,0.3089457931493182,12.721405029296877,0.3010752688172043,0.29310344827586204,0.3620689655172414,-0.05172413793103448,0.6551724137931034
Q69NP0,Caliby,5,Eukaryota,Bottom,93,117.87468064516128,6.404128837585449,-1.60890192283558,0.1720430107526881,0.2258064516129032,-0.7365591397849462,0.1290322580645161,24.578494623655917,0.053763440860215,0.1612903225806451,0.8494623655913978,-0.2688172043010752,0.3089060308555399,12.72476577758789,0.3010752688172043,0.2727272727272727,0.36363636363636365,-0.03636363636363636,0.6363636363636364
Q69NP0,Caliby,6,Eukaryota,Bottom,93,119.8659064516129,6.411006355285645,-1.60316923884832,0.2043010752688172,0.2580645161290322,-0.978494623655914,0.1290322580645161,9.227956989247318,0.043010752688172,0.1290322580645161,0.8172043010752689,-0.3225806451612903,0.3194444444444444,14.183963775634766,0.3010752688172043,0.28125,0.34375,-0.046875,0.625
Q69NP0,Caliby,7,Eukaryota,Bottom,93,115.0452559139785,5.300315666198729,-2.515155172576339,0.1935483870967742,0.1720430107526881,-0.5645161290322581,0.1182795698924731,16.64731182795699,0.086021505376344,0.1612903225806451,0.8279569892473118,-0.2043010752688172,0.3052109181141439,12.36876106262207,0.3010752688172043,0.2982456140350877,0.24561403508771928,-0.05263157894736842,0.5438596491228069
P0A7R6,Caliby,0,Bacteria,Neutral,103,112.27150097087376,4.479446983337403,-12.102751967722313,0.2427184466019417,0.1359223300970874,-0.2893203883495145,0.0194174757281553,28.14174757281553,0.0776699029126213,0.203883495145631,0.941747572815534,-0.3398058252427185,0.3924670596393897,12.59080982208252,0.3009708737864077,0.36666666666666664,0.21666666666666667,-0.15,0.5833333333333333
P0A7R6,Caliby,1,Bacteria,Neutral,103,112.43702330097088,4.7502847671508786,-6.196373778806574,0.1941747572815534,0.1359223300970873,-0.3922330097087378,0.0388349514563106,33.52233009708738,0.0776699029126213,0.2621359223300971,0.9223300970873786,-0.3203883495145631,0.4327387672160759,16.65104866027832,0.3009708737864077,0.27941176470588236,0.19117647058823528,-0.08823529411764706,0.47058823529411764
P0A7R6,Caliby,2,Bacteria,Neutral,103,113.03044951456307,4.750796318054199,-7.120826698510914,0.2038834951456311,0.145631067961165,-0.4213592233009708,0.029126213592233,38.43689320388348,0.087378640776699,0.2233009708737864,0.8737864077669902,-0.2718446601941747,0.4216681376875551,16.42934226989746,0.3009708737864077,0.26865671641791045,0.19402985074626866,-0.08955223880597014,0.4626865671641791
P0A7R6,Caliby,3,Bacteria,Neutral,103,111.77749417475728,5.695403480529785,-2.042618054886532,0.1650485436893203,0.1650485436893204,-0.2786407766990291,0.0194174757281553,50.34563106796116,0.0776699029126213,0.2621359223300971,0.970873786407767,-0.3689320388349515,0.425930227156594,16.752521514892578,0.3009708737864077,0.21739130434782608,0.21739130434782608,-0.014492753623188406,0.43478260869565216
P0A7R6,Caliby,4,Bacteria,Neutral,103,113.71114077669904,5.307988929748535,-4.026457228090841,0.2038834951456311,0.1844660194174757,-0.4757281553398058,0.029126213592233,49.26893203883494,0.087378640776699,0.2038834951456311,0.9223300970873786,-0.3203883495145631,0.4166056054222385,16.425228118896484,0.3009708737864077,0.24285714285714285,0.22857142857142856,-0.014285714285714285,0.4714285714285714
P0A7R6,Caliby,5,Bacteria,Neutral,103,111.92974174757282,4.320297813415528,-12.19838395882308,0.2233009708737864,0.1067961165048543,-0.4825242718446602,0.029126213592233,39.90679611650484,0.087378640776699,0.2427184466019417,0.9805825242718448,-0.3786407766990292,0.414388617958928,16.36703872680664,0.3009708737864077,0.30303030303030304,0.16666666666666666,-0.13636363636363635,0.4696969696969697
P0A7R6,Caliby,6,Bacteria,Neutral,103,112.9600834951456,4.475127220153809,-12.093271038628782,0.233009708737864,0.1262135922330097,-0.5097087378640777,0.0388349514563106,37.49417475728155,0.0776699029126213,0.2427184466019417,0.970873786407767,-0.3689320388349515,0.4248132074627533,16.6914119720459,0.3009708737864077,0.30434782608695654,0.17391304347826086,-0.13043478260869565,0.4782608695652174
P0A7R6,Caliby,7,Bacteria,Neutral,103,113.72143980582524,5.100981330871581,-5.943052503208461,0.1941747572815534,0.1650485436893204,-0.3310679611650485,0.0388349514563106,51.58058252427183,0.0776699029126213,0.2233009708737864,0.9223300970873788,-0.2233009708737863,0.4251008556102318,16.570466995239258,0.3009708737864077,0.25757575757575757,0.25757575757575757,-0.045454545454545456,0.5151515151515151
P60724,Caliby,0,Bacteria,Neutral,201,112.47007313432836,4.750398445129394,-13.362701020287716,0.2189054726368159,0.1592039800995024,-0.5975124378109453,0.044776119402985,40.26865671641789,0.0796019900497512,0.1791044776119403,0.8208955223880596,0.0348258706467661,0.1874205614264444,25.660926818847656,0.2985074626865671,0.2773722627737226,0.22627737226277372,-0.058394160583941604,0.5036496350364963
P60724,Caliby,1,Bacteria,Neutral,201,112.42041144278606,4.678326606750488,-16.18420009845875,0.2139303482587064,0.1492537313432835,-0.4776119402985074,0.0398009950248756,40.699004975124375,0.0945273631840795,0.1641791044776119,0.8308457711442787,0.0845771144278607,0.2078614022088141,24.306861877441406,0.2985074626865671,0.2900763358778626,0.20610687022900764,-0.09923664122137404,0.4961832061068702
P60724,Caliby,2,Bacteria,Neutral,201,112.59515621890546,4.893007469177246,-12.18901622466571,0.2039800995024875,0.1592039800995024,-0.4850746268656716,0.0398009950248756,45.67064676616915,0.0696517412935323,0.1741293532338308,0.8308457711442786,0.0149253731343284,0.2022511555696693,25.692781448364254,0.2985074626865671,0.25547445255474455,0.22627737226277372,-0.043795620437956206,0.48175182481751827
P60724,Caliby,3,Bacteria,Neutral,201,112.76970298507462,4.790754127502441,-13.277216533066492,0.2189054726368159,0.1641791044776119,-0.4880597014925373,0.044776119402985,35.640298507462674,0.0796019900497512,0.1641791044776119,0.7810945273631841,0.0646766169154229,0.2148763226122906,25.38071632385254,0.2985074626865671,0.28888888888888886,0.22962962962962963,-0.07407407407407407,0.5185185185185185
P60724,Caliby,4,Bacteria,Neutral,201,112.68476019900496,4.895906257629394,-11.282313298202348,0.2139303482587064,0.1691542288557214,-0.5920398009950248,0.0497512437810945,40.09751243781094,0.0746268656716418,0.1741293532338308,0.7611940298507462,0.154228855721393,0.1968272516421451,25.64876937866211,0.2985074626865671,0.2571428571428571,0.24285714285714285,-0.02857142857142857,0.5
P60724,Caliby,5,Bacteria,Neutral,201,112.6408895522388,5.351698112487793,-6.195666149311137,0.1940298507462686,0.1791044776119403,-0.5422885572139303,0.0348258706467661,44.67960199004973,0.0895522388059701,0.1641791044776119,0.7412935323383084,0.1243781094527363,0.1918227046585255,25.64023780822754,0.2985074626865671,0.25925925925925924,0.23703703703703705,-0.02962962962962963,0.4962962962962963
P60724,Caliby,6,Bacteria,Neutral,201,113.34741442786068,5.00463924407959,-9.2862445211154,0.2039800995024875,0.1691542288557214,-0.6427860696517412,0.0497512437810945,37.18159203980099,0.0895522388059701,0.1492537313432835,0.8159203980099502,0.0497512437810945,0.1854463944016183,26.24380111694336,0.2985074626865671,0.2463768115942029,0.2246376811594203,-0.036231884057971016,0.47101449275362317
P60724,Caliby,7,Bacteria,Neutral,201,111.41974776119402,4.914037895202636,-9.370555803878084,0.2039800995024875,0.1641791044776119,-0.4318407960199005,0.0398009950248756,40.262686567164174,0.0746268656716418,0.1940298507462686,0.7611940298507462,0.0845771144278607,0.1936152570480928,24.807785034179688,0.2985074626865671,0.26865671641791045,0.23880597014925373,-0.03731343283582089,0.5074626865671642
Q07938,Caliby,0,Eukaryota,Neutral,337,110.70457952522256,4.869987678527831,-15.79775214889419,0.1691394658753709,0.1335311572700296,-0.1922848664688427,0.0623145400593471,52.50267062314539,0.1127596439169139,0.2255192878338278,0.7863501483679525,-0.115727002967359,0.0682725620271257,26.20740509033203,0.2997032640949555,0.2076923076923077,0.16923076923076924,-0.05384615384615385,0.3769230769230769
Q07938,Caliby,1,Eukaryota,Neutral,337,110.02701038575668,4.662525367736817,-19.97595053065048,0.1780415430267062,0.1246290801186943,-0.2112759643916914,0.059347181008902,41.12284866468841,0.1186943620178041,0.2314540059347181,0.8605341246290801,-0.1424332344213649,0.0775559751820879,24.670318603515625,0.2997032640949555,0.20454545454545456,0.15151515151515152,-0.06060606060606061,0.3560606060606061
Q07938,Caliby,2,Eukaryota,Neutral,337,109.6298949554896,4.708337593078612,-16.094431087468607,0.1602373887240356,0.115727002967359,-0.1166172106824925,0.059347181008902,42.89258160237388,0.115727002967359,0.2225519287833827,0.8427299703264095,-0.172106824925816,0.096257081197734,28.089977264404297,0.2997032640949555,0.18214285714285713,0.1357142857142857,-0.05,0.31785714285714284
Q07938,Caliby,3,Eukaryota,Neutral,337,109.89096172106824,4.775634956359863,-15.983382915571106,0.1691394658753709,0.1275964391691394,-0.1091988130563798,0.0563798219584569,40.961750741839765,0.1038575667655786,0.2344213649851632,0.6735905044510386,-0.1572700296735905,0.0861837156547439,23.557361602783203,0.2997032640949555,0.22317596566523606,0.16738197424892703,-0.06437768240343347,0.3905579399141631
Q07938,Caliby,4,Eukaryota,Neutral,337,110.39288011869436,4.8122961044311525,-16.902504457602852,0.172106824925816,0.1305637982195845,-0.213353115727003,0.0623145400593471,44.94451038575667,0.1186943620178041,0.2225519287833827,0.7982195845697329,-0.1275964391691395,0.0927561529062663,22.51515769958496,0.2997032640949555,0.2109375,0.1640625,-0.0546875,0.375
Q07938,Caliby,5,Eukaryota,Neutral,337,109.71171008902076,4.650475502014161,-19.97554182800024,0.1839762611275964,0.1305637982195845,-0.2201780415430267,0.0563798219584569,34.97210682492582,0.0979228486646884,0.2344213649851632,0.8486646884272997,-0.0949554896142433,0.0708438334103753,25.83135986328125,0.2997032640949555,0.21978021978021978,0.1575091575091575,-0.06593406593406594,0.3772893772893773
Q07938,Caliby,6,Eukaryota,Neutral,337,110.83916824925817,4.8191736221313475,-14.986231039480074,0.1632047477744806,0.1246290801186943,-0.1059347181008902,0.0652818991097922,42.579821958456975,0.115727002967359,0.2106824925816023,0.7922848664688427,-0.086053412462908,0.0717604092538636,26.35305404663086,0.2997032640949555,0.20967741935483872,0.16532258064516128,-0.04838709677419355,0.375
Q07938,Caliby,7,Eukaryota,Neutral,337,110.45216676557864,4.748181724548339,-16.982570455595898,0.172106824925816,0.1275964391691394,-0.2237388724035608,0.059347181008902,40.63145400593471,0.1216617210682492,0.2166172106824925,0.8516320474777448,-0.1394658753709198,0.0661485343464877,24.298181533813477,0.2997032640949555,0.20948616600790515,0.16205533596837945,-0.05533596837944664,0.3715415019762846
B1X495,Caliby,0,Eukaryota,Top,103,119.6211844660194,8.666114234924319,1.5284306823812273,0.2233009708737864,0.2427184466019417,-1.1,0.0970873786407767,38.83398058252425,0.0194174757281553,0.1359223300970873,0.9223300970873788,0.8640776699029127,0.1304442154363508,17.62152099609375,0.3009708737864077,0.22535211267605634,0.323943661971831,0.09859154929577464,0.5492957746478874
B1X495,Caliby,1,Eukaryota,Top,103,115.70012621359224,9.396798896789551,4.5179643154057025,0.1650485436893204,0.2135922330097087,-0.1834951456310679,0.058252427184466,27.59611650485437,0.0194174757281553,0.1650485436893204,0.9029126213592232,0.8446601941747572,0.1253309796999117,17.041051864624023,0.3009708737864077,0.20270270270270271,0.2972972972972973,0.0945945945945946,0.5
B1X495,Caliby,2,Eukaryota,Top,103,116.75766893203884,9.155364799499512,3.515109072149542,0.174757281553398,0.2135922330097087,-0.3990291262135922,0.0970873786407767,14.244660194174743,0.0194174757281553,0.1553398058252427,0.8640776699029126,0.7087378640776699,0.112470054217627,15.02791690826416,0.3009708737864077,0.24324324324324326,0.2972972972972973,0.05405405405405406,0.5405405405405406
B1X495,Caliby,3,Eukaryota,Top,103,116.69617378640775,7.868446922302247,0.5265622425491223,0.1844660194174757,0.1941747572815534,-0.6233009708737864,0.087378640776699,29.76990291262136,0.0194174757281553,0.174757281553398,0.8737864077669902,0.6990291262135923,0.1234396671289875,16.19841957092285,0.3009708737864077,0.21794871794871795,0.2564102564102564,0.038461538461538464,0.47435897435897434
B1X495,Caliby,4,Eukaryota,Top,103,116.7275281553398,7.843304252624512,0.5257050012909694,0.1941747572815534,0.2038834951456311,-0.5320388349514563,0.058252427184466,31.185436893203875,0.0194174757281553,0.1553398058252427,0.9126213592233008,0.7766990291262136,0.1506273775052518,16.142065048217773,0.3009708737864077,0.2676056338028169,0.29577464788732394,0.028169014084507043,0.5633802816901408
B1X495,Caliby,5,Eukaryota,Top,103,118.58182427184464,8.066622734069824,0.8199075997400733,0.1941747572815534,0.2038834951456311,-0.6815533980582524,0.116504854368932,33.01067961165048,0.0194174757281553,0.1650485436893204,0.8640776699029126,0.8058252427184466,0.1110400558107086,16.37432289123535,0.3009708737864077,0.22077922077922077,0.24675324675324675,0.025974025974025976,0.4675324675324675
B1X495,Caliby,6,Eukaryota,Top,103,120.39812330097088,6.400377464294434,-0.4660353722302481,0.2135922330097087,0.2135922330097087,-0.8330097087378641,0.1262135922330097,30.71844660194175,0.0194174757281553,0.1553398058252427,0.8834951456310679,0.7475728155339806,0.1696847387367732,15.879981994628906,0.3009708737864077,0.24285714285714285,0.3,0.05714285714285714,0.5428571428571428
B1X495,Caliby,7,Eukaryota,Top,103,120.50657475728154,7.822352027893067,0.5337980865459571,0.2233009708737864,0.233009708737864,-0.9932038834951455,0.087378640776699,27.25048543689321,0.0194174757281553,0.1262135922330097,0.9611650485436892,0.8640776699029127,0.1692233009708738,16.089754104614258,0.3009708737864077,0.23880597014925373,0.31343283582089554,0.07462686567164178,0.5522388059701493
A9CIG1,Caliby,0,Bacteria,Bottom,101,116.49189504950496,8.288265037536622,1.489723962843346,0.2178217821782178,0.2376237623762376,-1.0178217821782178,0.0198019801980198,43.897029702970286,0.0693069306930693,0.1089108910891089,0.8316831683168316,0.396039603960396,0.1440565109142493,16.474254608154297,0.297029702970297,0.27941176470588236,0.3235294117647059,0.04411764705882353,0.6029411764705883
A9CIG1,Caliby,1,Bacteria,Bottom,101,112.1095594059406,7.585811424255373,0.4871000418939317,0.198019801980198,0.2079207920792079,-0.691089108910891,0.0198019801980198,54.84257425742573,0.0594059405940594,0.1881188118811881,0.8217821782178218,0.4653465346534653,0.101056105610561,16.53722381591797,0.297029702970297,0.24,0.25333333333333335,0.013333333333333334,0.49333333333333335
A9CIG1,Caliby,2,Bacteria,Bottom,101,116.33086039603958,6.523547554016113,-1.0671614496618247,0.2079207920792079,0.2475247524752475,-1.0485148514851486,0.0198019801980198,43.942574257425726,0.0693069306930693,0.1287128712871287,0.7821782178217821,0.3465346534653465,0.0905233380480905,16.803394317626953,0.297029702970297,0.2564102564102564,0.3076923076923077,-0.01282051282051282,0.5641025641025641
A9CIG1,Caliby,3,Bacteria,Bottom,101,114.45018217821782,9.029780387878418,4.4873506811228125,0.1881188118811881,0.2376237623762376,-0.8722772277227723,0.0198019801980198,36.77128712871286,0.0693069306930693,0.1485148514851485,0.8613861386138614,0.3465346534653465,0.0952882522294782,17.40221405029297,0.297029702970297,0.20512820512820512,0.2948717948717949,0.08974358974358974,0.5
A9CIG1,Caliby,4,Bacteria,Bottom,101,113.1904405940594,7.582855796813965,0.4906012039015053,0.2079207920792079,0.2178217821782178,-0.801980198019802,0.0198019801980198,41.583168316831674,0.0693069306930693,0.1584158415841584,0.8118811881188118,0.396039603960396,0.1076809544308468,16.20188331604004,0.297029702970297,0.24324324324324326,0.2702702702702703,0.02702702702702703,0.5135135135135136
A9CIG1,Caliby,5,Bacteria,Bottom,101,111.87343168316832,9.158008003234862,5.480181815883871,0.1782178217821782,0.2376237623762376,-0.8049504950495049,0.0099009900990099,62.4039603960396,0.0792079207920792,0.1881188118811881,0.7128712871287128,0.3564356435643565,0.1034289869664932,16.59361457824707,0.297029702970297,0.20833333333333334,0.3055555555555556,0.09722222222222222,0.513888888888889
A9CIG1,Caliby,6,Bacteria,Bottom,101,114.08190693069304,6.380995368957519,-0.5072890340596494,0.2178217821782178,0.2178217821782178,-0.8316831683168316,0.0198019801980198,52.547524752475255,0.0594059405940594,0.1485148514851485,0.7425742574257426,0.4059405940594058,0.0962425435090092,14.790566444396973,0.297029702970297,0.2876712328767123,0.2465753424657534,-0.0410958904109589,0.5342465753424657
A9CIG1,Caliby,7,Bacteria,Bottom,101,112.58608316831682,7.5863229751586925,0.4887897429272989,0.198019801980198,0.2079207920792079,-0.7029702970297029,0.0198019801980198,40.27821782178216,0.0792079207920792,0.1584158415841584,0.8217821782178217,0.3861386138613861,0.1105509323938528,15.517497062683104,0.297029702970297,0.25333333333333335,0.25333333333333335,0.0,0.5066666666666667
Q6L047,Caliby,0,Archaea,Bottom,359,110.78422729805013,5.1703817367553695,-11.822062227321524,0.1782729805013927,0.1559888579387186,-0.141225626740947,0.075208913649025,22.550194986072427,0.0584958217270195,0.2116991643454039,0.8245125348189415,-0.1782729805013927,0.078508601152145,24.50493431091309,0.3008356545961003,0.23107569721115537,0.2151394422310757,-0.03187250996015936,0.44621513944223107
Q6L047,Caliby,1,Archaea,Bottom,359,111.43030557103064,5.069776725769042,-12.908416293365164,0.1838440111420612,0.1559888579387186,-0.2228412256267409,0.0835654596100278,26.94545961002785,0.0584958217270195,0.2089136490250696,0.8217270194986073,-0.2479108635097493,0.0631307365633134,24.57041931152344,0.3008356545961003,0.21505376344086022,0.2007168458781362,-0.025089605734767026,0.41577060931899645
Q6L047,Caliby,2,Archaea,Bottom,359,111.72322395543178,5.1309923171997065,-11.908023894395434,0.1838440111420612,0.1587743732590529,-0.3047353760445682,0.0779944289693593,25.64991643454039,0.0612813370473537,0.2116991643454039,0.8440111420612812,-0.2479108635097492,0.0674708124252084,27.029176712036133,0.3008356545961003,0.23170731707317074,0.21951219512195122,-0.024390243902439025,0.45121951219512196
Q6L047,Caliby,3,Archaea,Bottom,359,111.2666548746518,5.304408073425292,-8.913252419372121,0.1782729805013927,0.1615598885793872,-0.1908077994428969,0.0807799442896936,29.132367688022285,0.0584958217270195,0.2144846796657381,0.8774373259052924,-0.1977715877437326,0.0597961141483373,26.184131622314453,0.3008356545961003,0.2097902097902098,0.19230769230769232,-0.027972027972027972,0.4020979020979021
Q6L047,Caliby,4,Archaea,Bottom,359,110.9790077994429,5.345332145690917,-8.84017108325849,0.1754874651810585,0.1615598885793872,-0.2181058495821727,0.0779944289693593,24.961058495821728,0.0612813370473537,0.2172701949860724,0.841225626740947,-0.2284122562674095,0.0715260511114019,21.433279037475582,0.3008356545961003,0.2445414847161572,0.23580786026200873,-0.021834061135371178,0.48034934497816595
Q6L047,Caliby,5,Archaea,Bottom,359,110.79820891364902,5.437183952331543,-6.921663805491761,0.1699164345403899,0.1587743732590529,-0.1654596100278551,0.0863509749303621,24.6967409470752,0.0612813370473537,0.2144846796657381,0.8022284122562674,-0.0167130919220055,0.0674662972941433,21.416425704956055,0.3008356545961003,0.2231404958677686,0.2231404958677686,-0.012396694214876033,0.4462809917355372
Q6L047,Caliby,6,Archaea,Bottom,359,110.55530445682452,5.265302848815917,-9.83008355213569,0.1727019498607242,0.1559888579387186,-0.1426183844011142,0.0807799442896936,29.062729805013937,0.064066852367688,0.2228412256267409,0.871866295264624,-0.1253481894150417,0.111432829985828,22.9101505279541,0.3008356545961003,0.22429906542056074,0.24299065420560748,0.004672897196261682,0.4672897196261682
Q6L047,Caliby,7,Archaea,Bottom,359,110.4160077994429,5.435819816589355,-6.918276741189281,0.1727019498607242,0.1615598885793872,-0.1740947075208913,0.0779944289693593,23.719832869080776,0.064066852367688,0.2200557103064066,0.8050139275766017,-0.1977715877437325,0.097006603552794,23.143808364868164,0.3008356545961003,0.2175732217573222,0.2301255230125523,0.0,0.4476987447698745
A9A498,Caliby,0,Archaea,Neutral,287,107.91453902439024,4.6853746414184565,-18.15493009604962,0.1742160278745644,0.1219512195121951,0.1648083623693379,0.0383275261324041,34.59895470383275,0.0766550522648083,0.2508710801393728,0.902439024390244,0.0940766550522648,0.1714017689627446,16.80572509765625,0.2996515679442508,0.32727272727272727,0.24545454545454545,-0.1,0.5727272727272728
A9A498,Caliby,1,Archaea,Neutral,287,108.43179198606272,5.190957450866698,-9.989892247862024,0.156794425087108,0.1393728222996515,0.1393728222996515,0.0418118466898954,26.49999999999999,0.0696864111498257,0.2404181184668989,0.8571428571428572,0.2439024390243903,0.0821952749960463,19.166486740112305,0.2996515679442508,0.2692307692307692,0.26153846153846155,-0.03076923076923077,0.5307692307692308
A9A498,Caliby,2,Archaea,Neutral,287,109.24003484320558,4.8188325881958,-17.062059906534515,0.181184668989547,0.1358885017421602,-0.0313588850174216,0.0452961672473867,33.82229965156794,0.0696864111498257,0.2264808362369338,0.8745644599303135,0.073170731707317,0.1696399535423925,16.8240966796875,0.2996515679442508,0.3565217391304348,0.2608695652173913,-0.11304347826086956,0.6173913043478261
A9A498,Caliby,3,Archaea,Neutral,287,109.17093205574912,4.935352516174315,-14.078160760573477,0.1777003484320557,0.1428571428571428,0.008362369337979,0.0452961672473867,32.27212543554006,0.073170731707317,0.2195121951219512,0.89198606271777,0.097560975609756,0.1656238028348869,16.790653228759766,0.2996515679442508,0.3274336283185841,0.2920353982300885,-0.05309734513274336,0.6194690265486726
A9A498,Caliby,4,Archaea,Neutral,287,108.36836968641114,4.909661293029784,-14.083192744626366,0.1672473867595818,0.1324041811846689,0.0818815331010452,0.0452961672473867,37.30317073170731,0.0662020905923344,0.2404181184668989,0.8989547038327526,0.1254355400696864,0.1619453787436305,17.28386688232422,0.2996515679442508,0.32786885245901637,0.2459016393442623,-0.09836065573770492,0.5737704918032787
A9A498,Caliby,5,Archaea,Neutral,287,109.1250693379791,5.070515632629394,-12.898533316912696,0.1707317073170731,0.1463414634146341,-0.0121951219512195,0.0452961672473867,29.171777003484312,0.0662020905923344,0.2369337979094076,0.9094076655052264,0.1567944250871079,0.1690683149232708,16.799726486206055,0.2996515679442508,0.3333333333333333,0.2894736842105263,-0.07894736842105263,0.6228070175438596
A9A498,Caliby,6,Archaea,Neutral,287,109.16796411149824,5.110075569152832,-11.066711829181926,0.1742160278745644,0.1498257839721254,0.0149825783972125,0.0348432055749129,34.15296167247386,0.0696864111498257,0.229965156794425,0.8850174216027875,0.0836236933797909,0.1193890649969872,17.367597579956055,0.2996515679442508,0.2932330827067669,0.2631578947368421,-0.045112781954887216,0.556390977443609
A9A498,Caliby,7,Archaea,Neutral,287,107.7299975609756,4.779386329650879,-16.06897266798377,0.1602787456445993,0.1184668989547038,0.18397212543554,0.0383275261324041,34.33205574912891,0.0801393728222996,0.2473867595818815,0.867595818815331,0.0522648083623693,0.08151377353527,19.429227828979492,0.2996515679442508,0.2702702702702703,0.21621621621621623,-0.08108108108108109,0.4864864864864865
A0A1D8PCG7,Caliby,0,Eukaryota,Bottom,87,111.39366436781609,8.314245796203615,1.470846209748192,0.1494252873563218,0.1724137931034483,-0.428735632183908,0.0689655172413793,15.861034482758615,0.057471264367816,0.1839080459770115,0.735632183908046,-0.2528735632183908,0.170316301703163,15.15896224975586,0.2988505747126437,0.171875,0.234375,0.0625,0.40625
A0A1D8PCG7,Caliby,1,Eukaryota,Bottom,87,110.57618275862067,8.32333583831787,1.4673450477406167,0.1379310344827586,0.160919540229885,-0.4160919540229885,0.0689655172413793,0.4058620689655186,0.0689655172413793,0.2068965517241379,0.8275862068965518,-0.2298850574712643,0.1683569979716024,14.797530174255373,0.2988505747126437,0.16393442622950818,0.22950819672131148,0.06557377049180328,0.39344262295081966
A0A1D8PCG7,Caliby,2,Eukaryota,Bottom,87,110.19658735632184,6.255608558654786,-0.52405702511596,0.160919540229885,0.160919540229885,-0.3735632183908046,0.0459770114942528,25.19310344827586,0.0804597701149425,0.1839080459770115,0.8160919540229885,-0.3103448275862068,0.189179846167142,13.927644729614258,0.2988505747126437,0.18461538461538463,0.2,0.015384615384615385,0.38461538461538464
A0A1D8PCG7,Caliby,3,Eukaryota,Bottom,87,109.87351149425288,4.805930137634278,-4.518406101469534,0.1839080459770115,0.1379310344827586,-0.3942528735632184,0.0344827586206896,29.95402298850574,0.0689655172413793,0.1839080459770115,0.7126436781609196,-0.2068965517241379,0.1842461122379986,15.055779457092283,0.2988505747126437,0.19117647058823528,0.17647058823529413,-0.014705882352941176,0.36764705882352944
A0A1D8PCG7,Caliby,4,Eukaryota,Bottom,87,108.34418275862068,6.217185401916503,-0.5275481872235357,0.1494252873563218,0.1494252873563218,-0.2574712643678161,0.0459770114942528,0.9770114942528728,0.0919540229885057,0.1954022988505747,0.8045977011494253,-0.2988505747126436,0.1794140523723101,14.657709121704102,0.2988505747126437,0.15942028985507245,0.18840579710144928,0.028985507246376812,0.34782608695652173
A0A1D8PCG7,Caliby,5,Eukaryota,Bottom,87,111.95779080459768,8.342418479919434,1.4749439738850365,0.160919540229885,0.1839080459770115,-0.3896551724137931,0.057471264367816,21.2816091954023,0.0459770114942528,0.1724137931034483,0.7701149425287357,-0.264367816091954,0.1816453977735541,15.123668670654297,0.2988505747126437,0.17647058823529413,0.23529411764705882,0.058823529411764705,0.4117647058823529
A0A1D8PCG7,Caliby,6,Eukaryota,Bottom,87,112.01592758620689,9.030618476867676,4.46603774577698,0.1379310344827586,0.1954022988505747,-0.560919540229885,0.0689655172413793,13.511609195402295,0.0689655172413793,0.1724137931034483,0.7241379310344828,-0.1954022988505747,0.1800466954022988,15.61181354522705,0.2988505747126437,0.15873015873015872,0.2698412698412698,0.1111111111111111,0.42857142857142855
A0A1D8PCG7,Caliby,7,Eukaryota,Bottom,87,110.26703218390804,8.32340030670166,1.4701555097138286,0.1494252873563218,0.1724137931034483,-0.3264367816091954,0.057471264367816,-2.9022988505747116,0.0804597701149425,0.1839080459770115,0.7816091954022989,-0.2758620689655172,0.1748383620689655,15.175126075744627,0.2988505747126437,0.171875,0.234375,0.0625,0.40625
O28542,Caliby,0,Archaea,Top,340,110.17331764705882,5.461908912658691,-7.0776496222050085,0.1617647058823529,0.1529411764705882,-0.0720588235294117,0.0705882352941176,29.951176470588223,0.0735294117647058,0.238235294117647,0.8676470588235294,-0.0088235294117647,0.1318970588235294,19.411542892456055,0.3,0.27044025157232704,0.2893081761006289,0.012578616352201259,0.559748427672956
O28542,Caliby,1,Archaea,Top,340,110.01977235294116,5.153614234924315,-9.905196742408677,0.1676470588235294,0.1470588235294117,-0.0441176470588235,0.0647058823529411,33.12382352941177,0.0735294117647058,0.238235294117647,0.888235294117647,0.0352941176470588,0.1353906627129163,19.31576156616211,0.3,0.28289473684210525,0.2631578947368421,-0.02631578947368421,0.5460526315789473
O28542,Caliby,2,Archaea,Top,340,110.08830176470588,5.4807226181030275,-5.260316379483761,0.1617647058823529,0.1529411764705882,-0.0738235294117647,0.0617647058823529,30.19117647058823,0.0735294117647058,0.2235294117647058,0.8264705882352941,0.0617647058823529,0.1134615384615384,20.38246154785156,0.3,0.24096385542168675,0.2891566265060241,0.03614457831325301,0.5301204819277108
O28542,Caliby,3,Archaea,Top,340,109.60474,5.65732135772705,-3.088606100565613,0.1588235294117647,0.1529411764705882,-0.1055882352941176,0.0617647058823529,32.49823529411765,0.0735294117647058,0.2529411764705882,0.8500000000000001,0.0499999999999999,0.1316923932693644,19.49741554260254,0.3,0.2602739726027397,0.3013698630136986,0.03424657534246575,0.5616438356164384
O28542,Caliby,4,Archaea,Top,340,109.35787911764706,5.1641862869262685,-9.245034991421178,0.1617647058823529,0.1411764705882353,-0.0258823529411764,0.0588235294117647,35.83970588235294,0.0794117647058823,0.2470588235294117,0.9264705882352942,0.0794117647058823,0.1021999684592335,21.23332977294922,0.3,0.23163841807909605,0.2598870056497175,0.022598870056497175,0.4915254237288136
O28542,Caliby,5,Archaea,Top,340,110.51451323529412,5.097741508483886,-11.230050799303328,0.1852941176470588,0.1588235294117647,-0.1447058823529411,0.0558823529411764,35.220000000000006,0.0705882352941176,0.2294117647058823,0.8676470588235294,-0.0088235294117647,0.1135390428211586,19.83464813232422,0.3,0.28994082840236685,0.3076923076923077,0.005917159763313609,0.5976331360946745
O28542,Caliby,6,Archaea,Top,340,110.26160970588236,6.108111381530762,-2.170282166290072,0.1529411764705882,0.1558823529411764,-0.0894117647058823,0.0647058823529411,38.515323529411766,0.0764705882352941,0.2411764705882353,0.8647058823529412,0.0588235294117647,0.1396501254530248,19.241939544677734,0.3,0.24,0.29333333333333333,0.04666666666666667,0.5333333333333333
O28542,Caliby,7,Archaea,Top,340,110.17375029411764,5.559046745300292,-6.085163205235126,0.1617647058823529,0.1558823529411764,-0.0655882352941176,0.0676470588235294,34.16470588235294,0.0676470588235294,0.2235294117647059,0.8970588235294118,-0.0617647058823529,0.1176434051881622,19.50998306274414,0.3,0.27564102564102566,0.27564102564102566,-0.00641025641025641,0.5512820512820513
Q8TY15,Caliby,0,Archaea,Top,361,107.02723157894737,4.646155738830567,-22.098377457649015,0.1662049861495844,0.1163434903047091,0.02797783933518,0.0470914127423822,32.153462603878125,0.0609418282548476,0.2770083102493075,0.8753462603878117,-0.2825484764542936,0.0939113945230437,23.580461502075195,0.299168975069252,0.25213675213675213,0.1623931623931624,-0.10256410256410256,0.4145299145299145
Q8TY15,Caliby,1,Archaea,Top,361,107.47172576177284,4.812580299377441,-19.006144166194325,0.1662049861495844,0.1274238227146814,0.0083102493074792,0.0443213296398892,27.429085872576177,0.0637119113573407,0.2631578947368421,0.853185595567867,-0.1274238227146814,0.1106990288021893,22.994606018066406,0.299168975069252,0.2545454545454545,0.18181818181818182,-0.09090909090909091,0.43636363636363634
Q8TY15,Caliby,2,Archaea,Top,361,107.5122030470914,4.617452049255371,-24.98396890427577,0.1745152354570637,0.1191135734072022,-0.053185595567867,0.0470914127423822,28.72825484764543,0.0692520775623268,0.2631578947368421,0.8891966759002771,-0.335180055401662,0.0767070029644749,24.523494720458984,0.299168975069252,0.23461538461538461,0.14615384615384616,-0.09615384615384616,0.38076923076923075
Q8TY15,Caliby,3,Archaea,Top,361,107.6652814404432,4.826392173767089,-18.083772784261747,0.1745152354570637,0.1357340720221606,-0.0797783933518005,0.0415512465373961,31.32271468144044,0.0637119113573407,0.2686980609418283,0.8614958448753463,-0.2520775623268698,0.1096669967644334,26.12359619140625,0.299168975069252,0.24015748031496062,0.18503937007874016,-0.06692913385826772,0.4251968503937008
Q8TY15,Caliby,4,Archaea,Top,361,107.16534958448754,4.780977821350096,-21.79788329521044,0.1717451523545706,0.1301939058171745,-0.0795013850415512,0.0360110803324099,32.13684210526316,0.0581717451523545,0.2853185595567867,0.850415512465374,-0.2409972299168975,0.0756102212051868,23.338668823242188,0.299168975069252,0.21323529411764705,0.15808823529411764,-0.07720588235294118,0.3713235294117647
Q8TY15,Caliby,5,Archaea,Top,361,107.01918531855954,4.945867729187011,-16.832314187603785,0.1578947368421052,0.1301939058171745,0.006371191135734,0.0498614958448753,30.7584487534626,0.0664819944598337,0.2797783933518006,0.8531855955678671,-0.3324099722991689,0.077448682434832,27.028907775878903,0.299168975069252,0.20647773279352227,0.18218623481781376,-0.044534412955465584,0.38866396761133604
Q8TY15,Caliby,6,Archaea,Top,361,107.34603407202216,4.811955070495605,-18.97564107348635,0.1717451523545706,0.1329639889196676,-0.0362880886426592,0.0443213296398892,30.1792243767313,0.0581717451523545,0.2880886426592798,0.8559556786703602,-0.1578947368421053,0.0864255873229735,24.784320831298828,0.299168975069252,0.22304832713754646,0.16728624535315986,-0.07063197026022305,0.39033457249070636
Q8TY15,Caliby,7,Archaea,Top,361,107.71422880886423,4.66138858795166,-24.894993254946975,0.1772853185595568,0.1246537396121883,-0.1168975069252077,0.0498614958448753,29.565096952908583,0.0637119113573407,0.2659279778393352,0.8310249307479225,-0.1440443213296399,0.0656905421448357,24.464088439941406,0.299168975069252,0.22180451127819548,0.16541353383458646,-0.07894736842105263,0.3872180451127819
B1YC30,Caliby,0,Archaea,Neutral,262,111.9815534351145,4.9332494735717765,-13.04006194253055,0.1946564885496183,0.1526717557251908,-0.4912213740458014,0.0343511450381679,38.88816793893129,0.0648854961832061,0.2213740458015267,0.8740458015267176,-0.0114503816793893,0.2094334936735334,24.017066955566406,0.3015267175572519,0.2893081761006289,0.22641509433962265,-0.07547169811320754,0.5157232704402516
B1YC30,Caliby,1,Archaea,Neutral,262,112.7349633587786,4.783649253845215,-16.124469204985658,0.2137404580152671,0.1564885496183206,-0.4740458015267175,0.0381679389312977,39.9675572519084,0.0648854961832061,0.2061068702290076,0.8587786259541985,-0.0419847328244274,0.2000018305965914,25.772865295410156,0.3015267175572519,0.2722772277227723,0.20297029702970298,-0.07425742574257425,0.4752475247524753
B1YC30,Caliby,2,Archaea,Neutral,262,112.87985610687022,4.960759544372558,-12.112649232879654,0.2137404580152671,0.1717557251908397,-0.6179389312977099,0.0419847328244274,39.38015267175571,0.0610687022900763,0.2061068702290076,0.9198473282442748,-0.0725190839694656,0.2159186283521841,23.48769187927246,0.3015267175572519,0.29375,0.2625,-0.0375,0.55625
B1YC30,Caliby,3,Archaea,Neutral,262,112.25032366412212,5.188513374328611,-8.965182139241541,0.1946564885496183,0.1717557251908397,-0.4423664122137404,0.0305343511450381,33.61870229007633,0.0610687022900763,0.2099236641221374,0.8435114503816794,-0.0190839694656488,0.2121028250799243,23.054128646850582,0.3015267175572519,0.28289473684210525,0.28289473684210525,-0.019736842105263157,0.5657894736842105
B1YC30,Caliby,4,Archaea,Neutral,262,112.75367251908396,4.956439781188963,-12.9954259980816,0.2061068702290076,0.1641221374045801,-0.4896946564885496,0.0458015267175572,39.38167938931297,0.0648854961832061,0.2175572519083969,0.9198473282442748,-0.1870229007633587,0.2029195125217624,24.73725700378418,0.3015267175572519,0.2716049382716049,0.25308641975308643,-0.030864197530864196,0.5246913580246914
B1YC30,Caliby,5,Archaea,Neutral,262,111.58051259541983,4.85549373626709,-14.959943614364846,0.2022900763358778,0.1564885496183206,-0.4416030534351145,0.0343511450381679,36.86908396946564,0.0648854961832061,0.2213740458015267,0.9274809160305344,-0.148854961832061,0.2012703762976391,22.780414581298828,0.3015267175572519,0.2804878048780488,0.23780487804878048,-0.06097560975609756,0.5182926829268293
B1YC30,Caliby,6,Archaea,Neutral,262,112.92913396946562,5.250183677673339,-11.589671082110025,0.2022900763358778,0.183206106870229,-0.6076335877862595,0.0419847328244274,36.21564885496183,0.0648854961832061,0.2099236641221374,0.8396946564885496,-0.1679389312977098,0.095411709174954,24.10857391357422,0.3015267175572519,0.2677595628415301,0.2568306010928962,-0.04918032786885246,0.5245901639344263
B1YC30,Caliby,7,Archaea,Neutral,262,112.78844809160306,4.932794761657713,-13.0449139426755,0.2061068702290076,0.1641221374045801,-0.4870229007633587,0.0458015267175572,35.76526717557252,0.0648854961832061,0.2022900763358778,0.9236641221374046,-0.0458015267175572,0.2305003980705287,21.72671127319336,0.3015267175572519,0.3106060606060606,0.30303030303030304,-0.022727272727272728,0.6136363636363636
P80505,Caliby,0,Bacteria,Bottom,337,110.481553115727,5.27615909576416,-8.81509522748268,0.1661721068249257,0.1513353115727002,-0.2035608308605341,0.0712166172106825,19.51127596439168,0.059347181008902,0.2433234421364984,0.8635014836795252,-0.0801186943620178,0.1462772298291109,19.837087631225582,0.2997032640949555,0.2550335570469799,0.28187919463087246,0.026845637583892617,0.5369127516778524
P80505,Caliby,1,Bacteria,Bottom,337,110.23584866468843,5.3096940994262685,-6.994726910151485,0.1661721068249258,0.1513353115727003,-0.1525222551928783,0.0771513353115727,17.395252225519272,0.0682492581602373,0.2314540059347181,0.8694362017804154,0.0267062314540059,0.1434175467187787,19.69671058654785,0.2997032640949555,0.28205128205128205,0.28205128205128205,0.0,0.5641025641025641
P80505,Caliby,2,Bacteria,Bottom,337,109.7096700296736,5.143269538879394,-10.161986342685225,0.1661721068249257,0.14540059347181,-0.1474777448071216,0.0652818991097922,20.091988130563784,0.059347181008902,0.2433234421364985,0.8189910979228487,-0.1068249258160237,0.0884546306418866,22.979063034057617,0.2997032640949555,0.22857142857142856,0.21428571428571427,-0.01904761904761905,0.44285714285714284
P80505,Caliby,3,Bacteria,Bottom,337,110.10085667655788,5.215966606140136,-9.810763943364144,0.1750741839762611,0.1572700296735905,-0.2118694362017804,0.0741839762611276,20.020801186943604,0.0563798219584569,0.2551928783382789,0.7566765578635015,-0.14540059347181,0.0879061786575022,22.458471298217773,0.2997032640949555,0.2300469483568075,0.2347417840375587,-0.014084507042253521,0.4647887323943662
P80505,Caliby,4,Bacteria,Bottom,337,110.3126362017804,5.315036964416504,-7.896946792855481,0.172106824925816,0.1572700296735905,-0.2454005934718101,0.0623145400593471,17.779821958456964,0.059347181008902,0.2373887240356083,0.8724035608308605,-0.0118694362017804,0.1459304790165324,20.117616653442383,0.2997032640949555,0.27450980392156865,0.30718954248366015,0.0196078431372549,0.5816993464052288
P80505,Caliby,5,Bacteria,Bottom,337,109.2465118694362,5.10802936553955,-9.98377556109824,0.1632047477744806,0.1394658753709198,-0.1112759643916913,0.0623145400593471,21.422551928783367,0.0623145400593471,0.2551928783382789,0.8486646884272997,0.1008902077151335,0.132457948161007,20.17445945739746,0.2997032640949555,0.2556818181818182,0.24431818181818182,-0.022727272727272728,0.5
P80505,Caliby,6,Bacteria,Bottom,337,109.21068486646884,4.904204750061035,-15.149690712610436,0.172106824925816,0.1364985163204747,-0.0750741839762611,0.059347181008902,21.880118694362004,0.0652818991097922,0.2492581602373887,0.8694362017804154,0.1216617210682493,0.1413004370887821,19.57356834411621,0.2997032640949555,0.2857142857142857,0.2662337662337662,-0.032467532467532464,0.551948051948052
P80505,Caliby,7,Bacteria,Bottom,337,110.71067210682492,5.596617317199706,-4.906705480538747,0.1632047477744806,0.1572700296735905,-0.2186943620178041,0.0771513353115727,19.097032640949543,0.0563798219584569,0.2433234421364985,0.7922848664688427,-0.0919881305637982,0.0945194695088718,22.190444946289062,0.2997032640949555,0.24858757062146894,0.2824858757062147,0.01694915254237288,0.5310734463276836
Q9N2D5,Caliby,0,Eukaryota,Neutral,333,108.81742702702704,5.2011316299438475,-9.8186511706732,0.1711711711711711,0.1531531531531531,-0.148048048048048,0.069069069069069,16.852852852852834,0.06006006006006,0.2582582582582582,0.8648648648648649,-0.078078078078078,0.1120475314023701,20.8630313873291,0.3003003003003003,0.2823529411764706,0.25882352941176473,-0.03529411764705882,0.5411764705882354
Q9N2D5,Caliby,1,Eukaryota,Neutral,333,108.30925645645644,5.258595848083496,-8.813231322989786,0.1681681681681681,0.1531531531531531,-0.1234234234234234,0.057057057057057,22.569369369369355,0.063063063063063,0.2642642642642642,0.8648648648648649,-0.048048048048048,0.0882100230542156,21.17221450805664,0.3003003003003003,0.2430939226519337,0.2541436464088398,-0.0055248618784530384,0.4972375690607735
Q9N2D5,Caliby,2,Eukaryota,Neutral,333,108.85344984984988,5.15946865081787,-9.898358192624208,0.1741741741741742,0.1531531531531531,-0.1303303303303303,0.069069069069069,22.81504504504504,0.054054054054054,0.2582582582582582,0.8498498498498499,-0.0990990990990991,0.112672162247233,21.96985244750977,0.3003003003003003,0.2698412698412698,0.24338624338624337,-0.037037037037037035,0.5132275132275133
Q9N2D5,Caliby,3,Eukaryota,Neutral,333,109.91962672672676,5.1703817367553695,-10.80418401801873,0.1831831831831831,0.1621621621621621,-0.2639639639639639,0.075075075075075,25.527927927927912,0.051051051051051,0.2582582582582582,0.8858858858858859,0.009009009009009,0.0958434162317657,21.76761054992676,0.3003003003003003,0.24880382775119617,0.23444976076555024,-0.019138755980861243,0.4832535885167464
Q9N2D5,Caliby,4,Eukaryota,Neutral,333,108.5641993993994,4.962294197082519,-14.810357305486376,0.1831831831831831,0.1501501501501501,-0.166066066066066,0.063063063063063,19.524024024024012,0.06006006006006,0.2642642642642643,0.8528528528528527,-0.1561561561561561,0.0866431649040344,21.906654357910156,0.3003003003003003,0.2727272727272727,0.23529411764705882,-0.053475935828877004,0.5080213903743316
Q9N2D5,Caliby,5,Eukaryota,Neutral,333,108.82665495495496,5.041584587097168,-11.894792249533689,0.1711711711711711,0.1441441441441441,-0.0654654654654654,0.075075075075075,26.240840840840832,0.066066066066066,0.2522522522522523,0.852852852852853,-0.066066066066066,0.0806426864821025,23.272178649902344,0.3003003003003003,0.24607329842931938,0.2198952879581152,-0.03664921465968586,0.46596858638743455
Q9N2D5,Caliby,6,Eukaryota,Neutral,333,108.01352882882884,4.896929359436036,-16.71223834485081,0.1771771771771771,0.1411411411411411,-0.1093093093093093,0.06006006006006,24.231831831831816,0.054054054054054,0.2852852852852853,0.897897897897898,-0.027027027027027,0.1438175675675675,20.428625106811523,0.3003003003003003,0.2982456140350877,0.24561403508771928,-0.07602339181286549,0.5438596491228069
Q9N2D5,Caliby,7,Eukaryota,Neutral,333,108.94304594594594,5.0445970535278315,-11.89780637177789,0.1801801801801801,0.1531531531531531,-0.1882882882882882,0.072072072072072,19.755285285285268,0.054054054054054,0.2552552552552553,0.8648648648648649,-0.006006006006006,0.1138022638022638,20.83031463623047,0.3003003003003003,0.28994082840236685,0.27218934911242604,-0.029585798816568046,0.5621301775147929
Q6DIY2,Caliby,0,Eukaryota,Bottom,179,114.85984245810056,4.737382316589356,-15.007657994808133,0.217877094972067,0.1620111731843575,-0.6525139664804469,0.0837988826815642,46.12798882681564,0.0837988826815642,0.1843575418994413,0.8938547486033519,-0.3687150837988826,0.2292503501238899,16.236072540283203,0.3016759776536313,0.3113207547169811,0.20754716981132076,-0.12264150943396226,0.5188679245283019
Q6DIY2,Caliby,1,Eukaryota,Bottom,179,115.74436089385476,5.137471961975096,-9.018673984955036,0.2011173184357541,0.1787709497206703,-0.735195530726257,0.0893854748603352,42.54642458100558,0.0782122905027933,0.1620111731843575,0.9553072625698324,-0.3519553072625698,0.2265252659154751,15.840423583984377,0.3016759776536313,0.30303030303030304,0.23232323232323232,-0.08080808080808081,0.5353535353535354
Q6DIY2,Caliby,2,Eukaryota,Bottom,179,116.89611061452514,5.090409278869628,-10.00883641748374,0.2067039106145251,0.1787709497206703,-0.7798882681564245,0.1005586592178771,39.88162011173185,0.0837988826815642,0.1620111731843575,0.8770949720670391,-0.2849162011173184,0.2343136802253105,15.64046859741211,0.3016759776536313,0.3333333333333333,0.21505376344086022,-0.11827956989247312,0.5483870967741935
Q6DIY2,Caliby,3,Eukaryota,Bottom,179,115.1464815642458,5.584851646423339,-5.936308260671662,0.1955307262569832,0.1955307262569832,-0.7458100558659218,0.0837988826815642,32.443631284916194,0.0782122905027933,0.1731843575418994,0.8882681564245811,-0.2737430167597766,0.230621002347988,15.756366729736328,0.3016759776536313,0.2755102040816326,0.25510204081632654,-0.030612244897959183,0.5306122448979591
Q6DIY2,Caliby,4,Eukaryota,Bottom,179,116.1251620111732,5.513916587829589,-5.111665638079838,0.1955307262569832,0.1899441340782122,-0.770391061452514,0.0949720670391061,43.12519553072626,0.0782122905027933,0.1620111731843575,0.88268156424581,-0.2346368715083798,0.2350123145311467,15.699142456054688,0.3016759776536313,0.27835051546391754,0.30927835051546393,0.0,0.5876288659793815
Q6DIY2,Caliby,5,Eukaryota,Bottom,179,114.45669106145252,4.916425132751464,-11.01208859504882,0.1899441340782123,0.1564245810055866,-0.5782122905027933,0.0837988826815642,37.51793296089385,0.0837988826815642,0.2011173184357541,0.8882681564245809,-0.2067039106145251,0.2282675425133525,17.8275089263916,0.3016759776536313,0.2621359223300971,0.22330097087378642,-0.08737864077669903,0.4854368932038835
Q6DIY2,Caliby,6,Eukaryota,Bottom,179,116.04679162011172,5.1498628616332995,-8.106857174108626,0.2011173184357541,0.1787709497206703,-0.7726256983240224,0.0893854748603351,42.12072625698324,0.0837988826815642,0.1564245810055866,0.8938547486033519,-0.335195530726257,0.2390023506426107,15.448122024536133,0.3016759776536313,0.3,0.26666666666666666,-0.044444444444444446,0.5666666666666667
Q6DIY2,Caliby,7,Eukaryota,Bottom,179,117.0083932960894,5.216932868957519,-8.019638204571098,0.1899441340782122,0.1731843575418994,-0.6798882681564246,0.106145251396648,39.84083798882682,0.0782122905027933,0.1620111731843575,0.770949720670391,-0.3240223463687151,0.2604401370412667,16.15869903564453,0.3016759776536313,0.28,0.23,-0.08,0.51
G0HQ35,Caliby,0,Archaea,Bottom,358,108.78493268156426,4.977470207214354,-12.183697198635803,0.1564245810055866,0.1312849162011173,-0.0851955307262569,0.0726256983240223,28.159776536312833,0.0810055865921787,0.2793296089385474,0.8435754189944134,-0.2569832402234637,0.1340205525088411,20.673479080200195,0.3016759776536313,0.20441988950276244,0.23204419889502761,0.022099447513812154,0.43646408839779005
G0HQ35,Caliby,1,Archaea,Bottom,358,110.73293798882683,5.077165794372558,-12.065978263286835,0.164804469273743,0.1424581005586592,-0.3636871508379888,0.0837988826815642,21.132122905027924,0.0754189944134078,0.2569832402234637,0.8156424581005587,-0.2346368715083798,0.1390458912677569,20.1827392578125,0.3016759776536313,0.23076923076923078,0.24725274725274726,0.005494505494505495,0.47802197802197804
G0HQ35,Caliby,2,Archaea,Bottom,358,110.28079916201118,5.015211296081542,-13.98627700222778,0.1675977653631284,0.1424581005586592,-0.2363128491620112,0.0782122905027933,32.927932960893834,0.0865921787709497,0.2430167597765363,0.8268156424581006,-0.3240223463687151,0.1055392345726578,23.40933609008789,0.3016759776536313,0.2096069868995633,0.2096069868995633,-0.017467248908296942,0.4192139737991266
G0HQ35,Caliby,3,Archaea,Bottom,358,108.47620474860337,4.679292869567871,-19.661201777409907,0.1564245810055866,0.1145251396648044,-0.1075418994413408,0.0782122905027933,28.676815642458095,0.0837988826815642,0.2932960893854748,0.8659217877094971,-0.2513966480446927,0.0961030702107449,24.10110092163086,0.3016759776536313,0.1853448275862069,0.16379310344827586,-0.034482758620689655,0.34913793103448276
G0HQ35,Caliby,4,Archaea,Bottom,358,110.41483603351956,4.9358640670776355,-14.161790920959753,0.1703910614525139,0.1396648044692737,-0.2502793296089385,0.0810055865921787,26.363407821229035,0.0782122905027933,0.2513966480446927,0.8603351955307263,-0.3966480446927374,0.084904468371224,25.132068634033203,0.3016759776536313,0.2073170731707317,0.18699186991869918,-0.028455284552845527,0.3943089430894309
G0HQ35,Caliby,5,Archaea,Bottom,358,109.76057290502794,5.060796165466308,-12.066892483402896,0.159217877094972,0.1368715083798882,-0.2189944134078212,0.0810055865921787,30.590782122905008,0.0865921787709497,0.2737430167597765,0.8435754189944134,-0.335195530726257,0.1238815460780306,20.18973159790039,0.3016759776536313,0.22727272727272727,0.24431818181818182,0.005681818181818182,0.47159090909090906
G0HQ35,Caliby,6,Archaea,Bottom,358,110.45343687150836,4.868111991882324,-16.07513089161573,0.1675977653631284,0.1340782122905028,-0.2631284916201117,0.0865921787709497,27.073212290502784,0.0837988826815642,0.2513966480446927,0.8547486033519553,-0.2067039106145252,0.1379777963781234,19.751466751098633,0.3016759776536313,0.23837209302325582,0.25,0.0,0.4883720930232558
G0HQ35,Caliby,7,Archaea,Bottom,358,109.70113770949722,4.865952110290528,-15.152945910717628,0.1620111731843575,0.1284916201117318,-0.2346368715083799,0.0810055865921787,25.701396648044685,0.0754189944134078,0.2737430167597765,0.8519553072625698,-0.2374301675977653,0.1412979053432034,19.70020866394043,0.3016759776536313,0.25443786982248523,0.23076923076923078,-0.029585798816568046,0.485207100591716
Q8DLT5,Caliby,0,Bacteria,Neutral,449,105.91996993318486,4.896304130554199,-15.25689630202598,0.1425389755011135,0.1135857461024498,0.0178173719376392,0.0267260579064587,27.24387527839643,0.066815144766147,0.2761692650334075,0.8953229398663698,-0.3919821826280623,0.0441281215368559,33.12296676635742,0.3006681514476614,0.1875,0.1736111111111111,-0.020833333333333332,0.3611111111111111
Q8DLT5,Caliby,1,Bacteria,Neutral,449,106.305729844098,4.926258277893066,-13.351557656384138,0.1403118040089087,0.1135857461024498,-0.0191536748329621,0.0289532293986636,27.990200445434297,0.066815144766147,0.2717149220489978,0.89086859688196,-0.4543429844097996,0.0429853263310328,30.706565856933594,0.3006681514476614,0.1774193548387097,0.16129032258064516,-0.01935483870967742,0.33870967741935487
Q8DLT5,Caliby,2,Bacteria,Neutral,449,106.54607951002228,4.604265403747559,-23.335452563337128,0.1469933184855233,0.0979955456570155,0.0534521158129175,0.0334075723830735,35.768819599109115,0.066815144766147,0.2650334075723831,0.9086859688195992,-0.4454342984409799,0.0431255685561027,29.25052261352539,0.3006681514476614,0.1956521739130435,0.14855072463768115,-0.050724637681159424,0.3442028985507246
Q8DLT5,Caliby,3,Bacteria,Neutral,449,106.1026623608018,4.88823299407959,-14.341954967349764,0.1403118040089087,0.111358574610245,0.0028953229398663,0.0334075723830735,31.525389755011116,0.0645879732739421,0.2739420935412027,0.8752783964365256,-0.4253897550111358,0.0445809168890162,32.15174865722656,0.3006681514476614,0.16304347826086957,0.16304347826086957,-0.0036231884057971015,0.32608695652173914
Q8DLT5,Caliby,4,Bacteria,Neutral,449,105.85079955456573,4.778533744812012,-18.254898300027975,0.1425389755011135,0.1069042316258351,0.0590200445434298,0.0267260579064587,37.6481069042316,0.0645879732739421,0.2717149220489978,0.8730512249443206,-0.3830734966592427,0.0432813659985152,28.370758056640625,0.3006681514476614,0.19858156028368795,0.16312056737588654,-0.0425531914893617,0.3617021276595745
Q8DLT5,Caliby,5,Bacteria,Neutral,449,106.48342383073496,4.731300544738769,-20.242373388979544,0.1469933184855233,0.1069042316258351,-0.0138084632516703,0.0311804008908685,28.22249443207126,0.0645879732739421,0.267260579064588,0.9064587973273942,-0.4565701559020044,0.0440029532457149,29.56888198852539,0.3006681514476614,0.1970260223048327,0.15613382899628253,-0.048327137546468404,0.35315985130111527
Q8DLT5,Caliby,6,Bacteria,Neutral,449,106.71561447661468,4.773418235778809,-18.330424818292293,0.1492204899777283,0.1113585746102449,-0.020044543429844,0.0334075723830735,30.22048997772828,0.0623608017817371,0.2672605790645879,0.8841870824053453,-0.3986636971046771,0.043207564937269,29.40351295471191,0.3006681514476614,0.1952054794520548,0.1643835616438356,-0.03424657534246575,0.3595890410958904
Q8DLT5,Caliby,7,Bacteria,Neutral,449,106.9944307349666,4.923586845397948,-15.257547685338174,0.1469933184855233,0.1180400890868596,-0.1033407572383073,0.0334075723830735,28.83830734966591,0.0690423162583518,0.2605790645879732,0.9020044543429844,-0.4342984409799554,0.0467490411088856,32.357826232910156,0.3006681514476614,0.1958041958041958,0.17482517482517482,-0.027972027972027972,0.3706293706293706
O67786,MIF,0,Bacteria,Top,223,113.95093408071747,5.459692192077637,-6.081943514289321,0.179372197309417,0.1704035874439461,-0.2206278026905829,0.085201793721973,40.43905829596413,0.0358744394618834,0.242152466367713,0.811659192825112,0.3094170403587443,0.0957988503651852,18.067882537841797,0.3004484304932735,0.25806451612903225,0.25806451612903225,-0.03225806451612903,0.5161290322580645
O67786,MIF,1,Bacteria,Top,223,113.29656547085202,6.557366752624512,-1.0306640617154983,0.1614349775784753,0.179372197309417,-0.2103139013452915,0.0852017937219731,34.481165919282496,0.0358744394618834,0.2376681614349775,0.9147982062780268,0.2242152466367712,0.165062983076819,17.586977005004883,0.3004484304932735,0.26785714285714285,0.2857142857142857,-0.008928571428571428,0.5535714285714286
O67786,MIF,2,Bacteria,Top,223,110.36752780269056,5.160946464538573,-8.093689521192736,0.1569506726457399,0.1390134529147982,-0.0094170403587444,0.0807174887892376,39.3,0.0448430493273542,0.2914798206278027,0.8385650224215246,0.4887892376681614,0.0941989660392448,19.61509895324707,0.3004484304932735,0.22627737226277372,0.19708029197080293,-0.043795620437956206,0.4233576642335767
O67786,MIF,3,Bacteria,Top,223,112.77446547085202,5.546599006652832,-6.008478799896949,0.1748878923766816,0.1704035874439461,-0.2228699551569506,0.0941704035874439,34.302242152466356,0.0313901345291479,0.2511210762331838,0.852017937219731,0.4125560538116593,0.0990394565765383,20.065475463867188,0.3004484304932735,0.2302158273381295,0.2446043165467626,-0.007194244604316547,0.47482014388489213
O67786,MIF,4,Bacteria,Top,223,112.1991596412556,4.917164039611816,-12.108071900051076,0.179372197309417,0.1434977578475336,-0.110762331838565,0.0896860986547085,33.65829596412555,0.0313901345291479,0.2645739910313901,0.8834080717488789,0.4080717488789237,0.1093138870184386,18.558366775512695,0.3004484304932735,0.25547445255474455,0.21897810218978103,-0.06569343065693431,0.4744525547445256
O67786,MIF,5,Bacteria,Top,223,113.7313076233184,5.066877937316893,-8.260782053905075,0.1748878923766816,0.147982062780269,-0.0865470852017937,0.0941704035874439,38.88878923766816,0.0403587443946188,0.242152466367713,0.8834080717488788,0.3183856502242152,0.0998101735948719,18.825374603271484,0.3004484304932735,0.23134328358208955,0.20149253731343283,-0.03731343283582089,0.4328358208955224
O67786,MIF,6,Bacteria,Top,223,113.67170493273542,4.9623510360717775,-11.181022455532872,0.1883408071748878,0.1524663677130045,-0.1506726457399103,0.0852017937219731,38.471793721973086,0.0403587443946188,0.242152466367713,0.8430493273542601,0.1973094170403587,0.0754032527943243,17.593141555786133,0.3004484304932735,0.2992125984251969,0.23622047244094488,-0.07874015748031496,0.5354330708661418
O67786,MIF,7,Bacteria,Top,223,113.66846143497756,5.365396308898925,-7.081230476790701,0.1748878923766816,0.1614349775784753,-0.2237668161434977,0.0896860986547085,39.334125560538105,0.0358744394618834,0.242152466367713,0.9013452914798206,0.3183856502242152,0.0713019894287519,19.994279861450195,0.3004484304932735,0.22077922077922077,0.22727272727272727,-0.01948051948051948,0.44805194805194803
Q980U8,MIF,0,Archaea,Top,349,111.91065243553008,6.365307807922362,-2.6648721431613325,0.1747851002865329,0.1919770773638968,-0.2487106017191977,0.0487106017191977,32.7785100286533,0.0343839541547277,0.2263610315186246,0.853868194842407,0.4584527220630373,0.0666387725161406,21.47563362121582,0.3008595988538682,0.2245762711864407,0.25,-0.00423728813559322,0.4745762711864407
Q980U8,MIF,1,Archaea,Top,349,111.78401833810888,7.664931297302247,1.153751559051038,0.166189111747851,0.1891117478510028,-0.3335243553008596,0.0544412607449856,26.299169054441258,0.0372492836676217,0.2234957020057306,0.8424068767908309,0.4011461318051575,0.0402086611951621,24.824520111083984,0.3008595988538682,0.20689655172413793,0.23371647509578544,0.0,0.44061302681992337
Q980U8,MIF,2,Archaea,Top,349,112.76997621776503,5.444970893859862,-8.972535740976667,0.1919770773638968,0.1805157593123209,-0.369054441260745,0.0487106017191977,38.615759312320904,0.0315186246418338,0.2177650429799427,0.8452722063037249,0.4097421203438395,0.0496138034134795,26.32148551940918,0.3008595988538682,0.24521072796934865,0.22988505747126436,-0.03065134099616858,0.47509578544061304
Q980U8,MIF,3,Archaea,Top,349,111.09735616045845,5.814140129089356,-5.802511119252763,0.1719197707736389,0.1747851002865329,-0.3034383954154728,0.0487106017191977,26.726676217765046,0.0343839541547277,0.2464183381088825,0.9054441260744984,0.3495702005730658,0.027471346704871,27.49724578857422,0.3008595988538682,0.18670886075949367,0.189873417721519,-0.0189873417721519,0.37658227848101267
Q980U8,MIF,4,Archaea,Top,349,112.0926693409742,5.454804039001464,-8.879818719545057,0.1747851002865329,0.166189111747851,-0.2538681948424069,0.0458452722063037,48.831833810888234,0.0372492836676217,0.2464183381088825,0.8767908309455588,0.4584527220630372,0.0627349993350501,22.8033504486084,0.3008595988538682,0.22767857142857142,0.24107142857142858,-0.008928571428571428,0.46875
Q980U8,MIF,5,Archaea,Top,349,111.6752318051576,7.085173606872559,0.1831685658477013,0.163323782234957,0.1833810888252149,-0.3530085959885387,0.0544412607449856,22.556160458452723,0.0372492836676217,0.2349570200573066,0.8137535816618912,0.2636103151862464,0.0246118975323953,28.47213363647461,0.3008595988538682,0.17721518987341772,0.1962025316455696,0.0,0.37341772151898733
Q980U8,MIF,6,Archaea,Top,349,112.65266676217766,5.586102104187011,-9.637633539034638,0.1891117478510028,0.1862464183381089,-0.3467048710601719,0.0429799426934097,31.498567335243553,0.0315186246418338,0.2234957020057306,0.8796561604584527,0.4040114613180516,0.0312214793590151,25.337934494018555,0.3008595988538682,0.22382671480144403,0.21660649819494585,-0.02888086642599278,0.4404332129963899
Q980U8,MIF,7,Archaea,Top,349,110.73599598853868,5.469866371154786,-10.632124508031552,0.1776504297994269,0.1719197707736389,-0.2564469914040114,0.0343839541547277,35.11518624641835,0.0343839541547277,0.2406876790830945,0.8538681948424068,0.4871060171919771,0.0286252036631271,24.14617347717285,0.3008595988538682,0.20640569395017794,0.20284697508896798,-0.028469750889679714,0.4092526690391459
O58832,MIF,0,Archaea,Top,342,111.73657953216374,5.715751838684082,-5.0970025015637574,0.1637426900584795,0.1608187134502924,-0.2052631578947368,0.067251461988304,41.195350877192965,0.0526315789473684,0.2280701754385965,0.8801169590643274,-0.0263157894736842,0.0844617717132337,22.465051651000977,0.3011695906432748,0.2670157068062827,0.25654450261780104,-0.02617801047120419,0.5235602094240838
O58832,MIF,1,Archaea,Top,342,111.8006423976608,5.227959632873534,-11.895855278101736,0.1725146198830409,0.1549707602339181,-0.1543859649122807,0.0760233918128654,27.266403508771923,0.0497076023391812,0.2280701754385964,0.8421052631578947,-0.1812865497076023,0.0832277827184448,22.57188606262207,0.3011695906432748,0.2835820895522388,0.23383084577114427,-0.06965174129353234,0.5174129353233831
O58832,MIF,2,Archaea,Top,342,111.8302692982456,5.0739259719848615,-14.046998992584676,0.1725146198830409,0.1461988304093567,-0.1374269005847953,0.0701754385964912,33.974269005847944,0.0555555555555555,0.2222222222222222,0.8625730994152047,-0.0614035087719297,0.0925030997080904,24.22350692749023,0.3011695906432748,0.24257425742574257,0.2376237623762376,-0.0297029702970297,0.4801980198019802
O58832,MIF,3,Archaea,Top,342,111.04440994152048,5.163902091979979,-11.998308839729084,0.1725146198830409,0.1520467836257309,-0.2134502923976608,0.0643274853801169,34.71315789473684,0.0467836257309941,0.2514619883040935,0.8128654970760234,-0.0350877192982456,0.0967492260061919,21.660776138305664,0.3011695906432748,0.28272251308900526,0.225130890052356,-0.06806282722513089,0.5078534031413613
O58832,MIF,4,Archaea,Top,342,110.9194730994152,4.997704887390136,-15.096384104645118,0.1725146198830409,0.1403508771929824,-0.1011695906432748,0.067251461988304,34.90380116959063,0.0555555555555555,0.2368421052631579,0.8801169590643274,-0.0204678362573099,0.0930879110344166,21.28272819519043,0.3011695906432748,0.27717391304347827,0.21195652173913043,-0.08152173913043478,0.4891304347826087
O58832,MIF,5,Archaea,Top,342,110.52960935672512,5.217103385925292,-10.997536239364564,0.1578947368421052,0.1403508771929824,-0.1125730994152046,0.067251461988304,38.30730994152046,0.0584795321637426,0.2456140350877192,0.8538011695906432,0.0,0.0920306949754602,21.239389419555664,0.3011695906432748,0.21951219512195122,0.22439024390243903,-0.01951219512195122,0.44390243902439025
O58832,MIF,6,Archaea,Top,342,111.9084505847953,5.176747703552246,-12.087641677411014,0.1842105263157894,0.1608187134502924,-0.2932748538011696,0.067251461988304,37.64710526315788,0.0497076023391812,0.2280701754385964,0.8567251461988303,-0.0497076023391813,0.0920958914379967,20.821365356445312,0.3011695906432748,0.29411764705882354,0.2620320855614973,-0.0481283422459893,0.5561497326203209
O58832,MIF,7,Archaea,Top,342,111.41490555555556,5.803454399108887,-5.028356793717471,0.1695906432748538,0.1695906432748538,-0.2345029239766081,0.067251461988304,28.74152046783626,0.0497076023391812,0.219298245614035,0.8947368421052632,-0.0467836257309941,0.1092083323360698,20.25945472717285,0.3011695906432748,0.2918918918918919,0.2702702702702703,-0.032432432432432434,0.5621621621621622
Q9Z9J6,MIF,0,Bacteria,Top,62,113.63421451612903,5.391996955871583,-1.4830986438090823,0.1774193548387096,0.1612903225806451,-0.0580645161290322,0.0161290322580645,34.85806451612903,0.032258064516129,0.1290322580645161,0.8709677419354839,0.7741935483870969,0.1842788283277716,10.489809036254885,0.3064516129032258,0.25,0.20454545454545456,-0.045454545454545456,0.4545454545454546
Q9Z9J6,MIF,1,Bacteria,Top,62,110.30440483870969,4.683669471740722,-5.3854038696273685,0.1774193548387097,0.1129032258064516,0.2016129032258064,0.0161290322580645,36.24354838709677,0.032258064516129,0.2096774193548387,0.9193548387096774,0.8225806451612904,0.1003320683111954,16.976137161254883,0.3064516129032258,0.2037037037037037,0.12962962962962962,-0.09259259259259259,0.3333333333333333
Q9Z9J6,MIF,2,Bacteria,Top,62,112.98802258064516,6.211728858947754,-0.4875988068156598,0.1612903225806451,0.1612903225806451,-0.0435483870967741,0.0161290322580645,14.025806451612905,0.032258064516129,0.1451612903225806,0.8225806451612903,0.532258064516129,0.1681329423264907,13.524538040161133,0.3064516129032258,0.2,0.2,0.0,0.4
Q9Z9J6,MIF,3,Bacteria,Top,62,114.1968741935484,6.556229972839356,-0.3939040097378044,0.1612903225806451,0.1774193548387096,0.0435483870967741,0.0161290322580645,29.05,0.0161290322580645,0.1935483870967742,0.903225806451613,0.2258064516129033,0.4197343453510436,11.421652793884276,0.3064516129032258,0.2222222222222222,0.24444444444444444,0.0,0.4666666666666667
Q9Z9J6,MIF,4,Bacteria,Top,62,113.47167258064516,5.334589576721191,-1.4854890447768143,0.1774193548387097,0.1612903225806451,-0.0951612903225806,0.0161290322580645,25.648387096774194,0.0161290322580645,0.1612903225806451,0.9032258064516128,0.9032258064516128,0.1972993248312078,10.258363723754885,0.3064516129032258,0.23255813953488372,0.23255813953488372,0.0,0.46511627906976744
Q9Z9J6,MIF,5,Bacteria,Top,62,110.91875,4.957974433898924,-2.4851807438121796,0.1774193548387097,0.1451612903225806,-0.0016129032258064,0.0161290322580645,8.046774193548385,0.0161290322580645,0.1774193548387097,0.8387096774193549,0.6129032258064516,0.080141129032258,12.08814811706543,0.3064516129032258,0.20754716981132076,0.16981132075471697,-0.03773584905660377,0.37735849056603776
Q9Z9J6,MIF,6,Bacteria,Top,62,112.45458870967742,5.297132682800293,-2.395047214496339,0.1612903225806451,0.1451612903225806,0.0709677419354838,0.0161290322580645,12.78387096774194,0.032258064516129,0.1774193548387097,0.8387096774193548,0.7096774193548387,0.1460101867572156,10.63498592376709,0.3064516129032258,0.23255813953488372,0.18604651162790697,-0.06976744186046512,0.41860465116279066
Q9Z9J6,MIF,7,Bacteria,Top,62,113.34230967741937,5.315832710266113,-2.3939364534564955,0.1774193548387096,0.1612903225806451,-0.0290322580645161,0.0161290322580645,35.637096774193544,0.032258064516129,0.1451612903225806,1.0,0.8387096774193548,0.0916538658474142,14.027338981628418,0.3064516129032258,0.22,0.2,-0.04,0.42000000000000004
P02819,MIF,0,Eukaryota,Bottom,49,109.1032,4.484846687316894,-4.240822612913565,0.1836734693877551,0.1020408163265306,-0.1224489795918367,0.1020408163265306,55.95530612244897,0.1428571428571428,0.2448979591836735,0.7346938775510204,0.4897959183673469,0.1600259151279559,14.248126983642578,0.3061224489795918,0.23076923076923078,0.1282051282051282,-0.10256410256410256,0.358974358974359
P02819,MIF,1,Eukaryota,Bottom,49,108.10152040816324,4.223046302795409,-6.2191891719413315,0.2040816326530612,0.0816326530612245,-0.0285714285714286,0.1020408163265306,47.0369387755102,0.1428571428571428,0.2448979591836735,0.8571428571428572,0.3673469387755102,0.1592455163883735,13.762968063354492,0.3061224489795918,0.23076923076923078,0.10256410256410256,-0.1282051282051282,0.33333333333333337
P02819,MIF,2,Eukaryota,Bottom,49,103.7488,5.691197395324706,-1.1397556695720104,0.1428571428571428,0.1428571428571428,-0.3306122448979591,0.1020408163265306,40.238775510204086,0.1224489795918367,0.3673469387755102,0.7755102040816326,0.4081632653061224,0.124271137026239,13.698515892028809,0.3061224489795918,0.175,0.15,-0.05,0.32499999999999996
P02819,MIF,3,Eukaryota,Bottom,49,107.71319387755102,6.372299003601075,-0.2266615564619662,0.1428571428571428,0.1428571428571428,-0.3,0.0816326530612245,34.230816326530615,0.1428571428571428,0.3061224489795918,0.7142857142857142,0.4285714285714285,0.170995670995671,13.705658912658691,0.3061224489795918,0.15384615384615385,0.1794871794871795,0.02564102564102564,0.33333333333333337
P02819,MIF,4,Eukaryota,Bottom,49,109.3646306122449,4.409250831604004,-5.476548035285813,0.2244897959183673,0.1224489795918367,-0.5326530612244899,0.1020408163265306,48.65326530612244,0.1428571428571428,0.2857142857142857,0.6530612244897959,0.5306122448979592,0.1185243328100471,15.182425498962402,0.3061224489795918,0.25,0.15,-0.1,0.4
P02819,MIF,5,Eukaryota,Bottom,49,103.64821632653062,6.911985206604004,-0.0778826255210205,0.1224489795918367,0.163265306122449,-0.3163265306122449,0.0816326530612245,60.530612244897945,0.1428571428571428,0.3469387755102041,0.7142857142857142,0.4285714285714285,0.1343228200371057,14.820178985595703,0.3061224489795918,0.1282051282051282,0.20512820512820512,0.02564102564102564,0.3333333333333333
P02819,MIF,6,Eukaryota,Bottom,49,106.50915714285712,6.056615257263183,-0.5097116253155196,0.1224489795918367,0.1224489795918367,-0.0142857142857143,0.1020408163265306,64.89408163265306,0.1428571428571428,0.326530612244898,0.7346938775510204,0.4897959183673469,0.1397174254317111,15.051730155944824,0.3061224489795918,0.10256410256410256,0.15384615384615385,0.05128205128205128,0.2564102564102564
P02819,MIF,7,Eukaryota,Bottom,49,108.38504285714284,4.416242027282716,-4.483736900324756,0.2040816326530612,0.1224489795918367,-0.4551020408163265,0.0816326530612245,48.40020408163265,0.1428571428571428,0.2857142857142857,0.7346938775510203,0.4489795918367347,0.1301501732768579,14.83642578125,0.3061224489795918,0.25,0.15,-0.1,0.4
Q4R312,MIF,0,Eukaryota,Bottom,82,113.60249024390244,4.554701805114747,-6.430918830567375,0.1707317073170731,0.1097560975609756,-0.3975609756097561,0.1097560975609756,46.856097560975606,0.1097560975609756,0.2195121951219512,0.7439024390243902,-0.4268292682926828,0.2140921409214092,15.90956211090088,0.3048780487804878,0.21666666666666667,0.15,-0.08333333333333333,0.3666666666666667
Q4R312,MIF,1,Eukaryota,Bottom,82,113.9438987804878,4.484050941467285,-7.516614640295332,0.2073170731707317,0.1219512195121951,-0.801219512195122,0.1097560975609756,46.14634146341462,0.1097560975609756,0.1951219512195122,0.7926829268292683,-0.4756097560975609,0.2257472950669356,14.829689979553224,0.3048780487804878,0.23333333333333334,0.16666666666666666,-0.06666666666666667,0.4
Q4R312,MIF,2,Eukaryota,Bottom,82,109.68336341463416,8.383613777160647,1.4592467442685688,0.0853658536585365,0.1097560975609756,-0.35,0.1219512195121951,56.53292682926827,0.0975609756097561,0.3170731707317073,0.6585365853658537,-0.3170731707317072,0.224995273208546,15.734172821044922,0.3048780487804878,0.06557377049180328,0.14754098360655737,0.08196721311475409,0.21311475409836067
Q4R312,MIF,3,Eukaryota,Bottom,82,108.64382804878048,4.162285423278808,-5.532684269081528,0.1219512195121951,0.0609756097560975,-0.3268292682926829,0.0975609756097561,55.9670731707317,0.1097560975609756,0.2804878048780488,0.7195121951219513,-0.4024390243902439,0.2196089818041037,15.208573341369627,0.3048780487804878,0.14516129032258066,0.08064516129032258,-0.06451612903225806,0.22580645161290325
Q4R312,MIF,4,Eukaryota,Bottom,82,105.69040853658538,5.449859046936035,-1.451804585560529,0.0609756097560975,0.0609756097560975,-0.0682926829268292,0.1097560975609756,53.85121951219511,0.0975609756097561,0.4024390243902439,0.6341463414634146,-0.4878048780487805,0.2012682926829268,17.34246826171875,0.3048780487804878,0.07936507936507936,0.06349206349206349,-0.015873015873015872,0.14285714285714285
Q4R312,MIF,5,Eukaryota,Bottom,82,110.24404634146342,4.35531063079834,-6.52189248189417,0.1585365853658537,0.0853658536585365,-0.3829268292682927,0.1097560975609756,37.62926829268291,0.1097560975609756,0.2926829268292683,0.7195121951219513,-0.4024390243902439,0.224108818011257,15.505779266357422,0.3048780487804878,0.1724137931034483,0.1206896551724138,-0.05172413793103448,0.2931034482758621
Q4R312,MIF,6,Eukaryota,Bottom,82,110.76873536585366,4.467624473571777,-4.530192107972955,0.1341463414634146,0.0853658536585365,-0.3743902439024391,0.1219512195121951,37.578048780487805,0.073170731707317,0.3048780487804878,0.7317073170731707,-0.4146341463414633,0.2247967479674796,13.326166152954102,0.3048780487804878,0.16129032258064516,0.11290322580645161,-0.04838709677419355,0.27419354838709675
Q4R312,MIF,7,Eukaryota,Bottom,82,108.42479634146342,4.510878944396972,-4.441964137536419,0.1097560975609756,0.073170731707317,-0.2280487804878048,0.0975609756097561,55.90365853658534,0.1097560975609756,0.3048780487804878,0.6829268292682927,-0.3658536585365853,0.2155172413793103,17.621732711791992,0.3048780487804878,0.12698412698412698,0.09523809523809523,-0.047619047619047616,0.2222222222222222
Q54FJ9,MIF,0,Eukaryota,Bottom,306,108.17530784313726,5.594627952575683,-5.146989539410107,0.1437908496732026,0.1405228758169934,-0.1352941176470588,0.0620915032679738,29.441503267973847,0.0555555555555555,0.2745098039215686,0.8823529411764706,0.1830065359477124,0.0826645264847512,19.897851943969727,0.3006535947712418,0.21264367816091953,0.22413793103448276,0.0,0.4367816091954023
Q54FJ9,MIF,1,Eukaryota,Bottom,306,107.36683790849672,5.179873847961424,-8.13057915885376,0.1274509803921568,0.1143790849673202,0.049673202614379,0.0686274509803921,31.44607843137255,0.0555555555555555,0.2875816993464052,0.8594771241830066,0.2450980392156863,0.0965427697453841,19.773609161376953,0.3006535947712418,0.2046783625730994,0.19298245614035087,-0.029239766081871343,0.39766081871345027
Q54FJ9,MIF,2,Eukaryota,Bottom,306,106.87108202614378,8.886402702331544,3.7861024190306978,0.1111111111111111,0.1339869281045751,0.0415032679738562,0.065359477124183,27.24643790849673,0.0522875816993464,0.3137254901960784,0.8333333333333334,0.2124183006535948,0.0720336640014155,21.030168533325195,0.3006535947712418,0.16393442622950818,0.21311475409836064,0.03278688524590164,0.3770491803278688
Q54FJ9,MIF,3,Eukaryota,Bottom,306,108.13402908496732,8.633299827575684,2.9679601591184124,0.130718954248366,0.1568627450980392,-0.080718954248366,0.0620915032679738,17.22483660130718,0.0522875816993464,0.2745098039215686,0.9150326797385622,0.261437908496732,0.0879342965256278,18.588672637939453,0.3006535947712418,0.21084337349397592,0.26506024096385544,0.03614457831325301,0.47590361445783136
Q54FJ9,MIF,4,Eukaryota,Bottom,306,107.57606862745098,5.2966211318969725,-7.117457645676069,0.1339869281045751,0.1241830065359477,-0.018954248366013,0.065359477124183,38.964411764705886,0.0588235294117647,0.2941176470588235,0.8823529411764706,0.2352941176470588,0.0841717461016866,21.23814392089844,0.3006535947712418,0.20994475138121546,0.19889502762430938,-0.03314917127071823,0.4088397790055248
Q54FJ9,MIF,5,Eukaryota,Bottom,306,106.20046764705882,9.235370063781737,7.6832197757069025,0.1078431372549019,0.1405228758169934,0.0065359477124182,0.0555555555555555,24.00196078431372,0.0555555555555555,0.3071895424836601,0.8921568627450981,0.3300653594771242,0.0758751733016439,21.67484664916992,0.3006535947712418,0.15025906735751296,0.21761658031088082,0.06217616580310881,0.36787564766839376
Q54FJ9,MIF,6,Eukaryota,Bottom,306,106.21268071895425,7.645833396911621,0.932372448862118,0.1111111111111111,0.130718954248366,0.0820261437908496,0.0457516339869281,33.33660130718954,0.0555555555555555,0.3169934640522875,0.9248366013071896,0.2712418300653594,0.0833858543417366,20.43380355834961,0.3006535947712418,0.1595744680851064,0.19680851063829788,0.015957446808510637,0.3563829787234043
Q54FJ9,MIF,7,Eukaryota,Bottom,306,107.26300163398692,8.434285926818852,2.836547749956111,0.1274509803921568,0.1503267973856209,-0.0859477124183006,0.0555555555555555,27.471895424836596,0.0555555555555555,0.2941176470588235,0.888888888888889,0.2156862745098039,0.0780456444873031,19.59939193725586,0.3006535947712418,0.1827956989247312,0.21505376344086022,0.021505376344086023,0.3978494623655914
Q54JL0,MIF,0,Eukaryota,Bottom,633,115.3229281200632,5.158218193054198,-24.249167944090782,0.1753554502369668,0.1563981042654028,-0.3439178515007899,0.1011058451816745,45.180900473933775,0.0521327014218009,0.2195892575039494,0.8372827804107426,0.2432859399684044,0.0284106131574328,34.34260940551758,0.3001579778830964,0.20736434108527133,0.18604651162790697,-0.044573643410852716,0.3934108527131783
Q54JL0,MIF,1,Eukaryota,Bottom,633,115.07518815165876,5.128207206726074,-23.38544383766414,0.1674565560821485,0.1484992101105845,-0.233175355450237,0.1184834123222748,34.409368088467616,0.0521327014218009,0.2164296998420221,0.8025276461295419,0.0979462875197472,0.0374798582582456,32.261688232421875,0.3001579778830964,0.21839080459770116,0.18850574712643678,-0.04597701149425287,0.40689655172413797
Q54JL0,MIF,2,Eukaryota,Bottom,633,115.36905007898896,5.795155906677246,-12.840486423224874,0.1627172195892575,0.1690363349131121,-0.3725118483412322,0.1058451816745655,41.31644549763041,0.0537124802527646,0.2243285939968404,0.8657187993680885,0.0063191153238546,0.0331262714129112,31.901121139526367,0.3001579778830964,0.21017699115044247,0.22123893805309736,-0.015486725663716814,0.4314159292035398
Q54JL0,MIF,3,Eukaryota,Bottom,633,115.34052827804108,5.921906852722167,-9.209137705314376,0.1642969984202211,0.1706161137440758,-0.3078988941548183,0.1042654028436019,40.63824644549771,0.0552922590837282,0.2037914691943128,0.8325434439178515,0.0458135860979462,0.0327075767834061,32.4462890625,0.3001579778830964,0.19956616052060738,0.21908893709327548,-0.006507592190889371,0.41865509761388287
Q54JL0,MIF,4,Eukaryota,Bottom,633,114.79095639810429,5.368295097351075,-20.101768618442847,0.1658767772511848,0.1563981042654028,-0.2399684044233807,0.1026856240126382,39.35625592417067,0.0568720379146919,0.2211690363349131,0.8262243285939967,0.1627172195892575,0.0316240696242405,41.06285858154297,0.3001579778830964,0.23929471032745592,0.22418136020151133,-0.04030226700251889,0.4634760705289672
Q54JL0,MIF,5,Eukaryota,Bottom,633,113.95050837282784,4.99969425201416,-27.49726835694794,0.1769352290679305,0.1484992101105845,-0.2390205371248025,0.0947867298578199,50.60936808846777,0.0537124802527646,0.2338072669826224,0.8135860979462874,0.0900473933649289,0.0329968609589462,33.12276077270508,0.3001579778830964,0.22440087145969498,0.18518518518518517,-0.058823529411764705,0.4095860566448801
Q54JL0,MIF,6,Eukaryota,Bottom,633,115.63082969984204,5.942255210876465,-8.33949769074998,0.1611374407582938,0.1674565560821485,-0.3467614533965245,0.1153238546603475,36.815529225908406,0.0552922590837282,0.1990521327014218,0.8246445497630331,0.0758293838862559,0.0330317391928766,32.23309326171875,0.3001579778830964,0.19703389830508475,0.2097457627118644,-0.01059322033898305,0.4067796610169492
Q54JL0,MIF,7,Eukaryota,Bottom,633,114.98202890995262,5.306170082092284,-22.027207818239148,0.1690363349131121,0.1579778830963665,-0.2412322274881516,0.1042654028436019,39.728151658767814,0.0568720379146919,0.2116903633491311,0.8420221169036335,0.0078988941548183,0.0319604711862078,34.00477600097656,0.3001579778830964,0.2063157894736842,0.20210526315789473,-0.037894736842105266,0.4084210526315789
Q69NP0,MIF,0,Eukaryota,Bottom,93,117.82223225806452,6.587889289855957,-0.4016179628089205,0.1720430107526881,0.1827956989247311,-0.6225806451612903,0.1397849462365591,19.84301075268817,0.043010752688172,0.1290322580645161,0.6989247311827957,-0.1397849462365591,0.2947796534625884,12.86044216156006,0.3010752688172043,0.26785714285714285,0.2857142857142857,0.017857142857142856,0.5535714285714286
Q69NP0,MIF,1,Eukaryota,Bottom,93,116.06689892473118,8.725296211242675,1.9437799922840464,0.1612903225806451,0.2043010752688172,-0.7494623655913979,0.1182795698924731,21.731182795698924,0.053763440860215,0.1505376344086021,0.7204301075268817,-0.032258064516129,0.3030360531309298,13.310924530029297,0.3010752688172043,0.19672131147540983,0.3114754098360656,0.08196721311475409,0.5081967213114754
Q69NP0,MIF,2,Eukaryota,Bottom,93,114.78467311827956,6.930230522155762,-0.0613660894739442,0.1290322580645161,0.1505376344086021,-0.4053763440860215,0.1397849462365591,16.91505376344086,0.053763440860215,0.2150537634408602,0.7096774193548387,-0.2365591397849462,0.2139701592064683,14.063946723937988,0.3010752688172043,0.1267605633802817,0.19718309859154928,0.04225352112676056,0.323943661971831
Q69NP0,MIF,3,Eukaryota,Bottom,93,118.4048817204301,8.057661628723146,0.957465777218367,0.1612903225806451,0.1935483870967742,-0.5290322580645161,0.1397849462365591,40.17419354838708,0.043010752688172,0.1397849462365591,0.7741935483870968,-0.1935483870967742,0.2369320653862887,13.108426094055176,0.3010752688172043,0.22950819672131148,0.29508196721311475,0.03278688524590164,0.5245901639344263
Q69NP0,MIF,4,Eukaryota,Bottom,93,119.09416774193548,9.135508537292484,3.507947326257801,0.1505376344086021,0.1935483870967742,-0.6698924731182795,0.1397849462365591,14.470967741935487,0.053763440860215,0.1182795698924731,0.6881720430107527,-0.043010752688172,0.2812792941825199,12.812952995300291,0.3010752688172043,0.22807017543859648,0.3157894736842105,0.08771929824561403,0.5438596491228069
Q69NP0,MIF,5,Eukaryota,Bottom,93,119.68532150537634,8.966730308532718,2.942482690220409,0.1612903225806451,0.2150537634408602,-0.7838709677419355,0.1505376344086021,2.165591397849462,0.032258064516129,0.1182795698924731,0.7204301075268817,-0.2043010752688172,0.2905816815649695,13.281362533569336,0.3010752688172043,0.2222222222222222,0.31746031746031744,0.06349206349206349,0.5396825396825397
Q69NP0,MIF,6,Eukaryota,Bottom,93,118.2340935483871,9.64087619781494,7.935040305399781,0.1290322580645161,0.2365591397849462,-0.6698924731182796,0.1290322580645161,20.645161290322584,0.043010752688172,0.1397849462365591,0.7419354838709677,0.010752688172043,0.4088644112247574,13.768662452697754,0.3010752688172043,0.19047619047619047,0.3333333333333333,0.12698412698412698,0.5238095238095237
Q69NP0,MIF,7,Eukaryota,Bottom,93,119.43480752688173,6.6573465347290055,-0.6918782222560829,0.1827956989247311,0.2365591397849462,-0.8967741935483872,0.1182795698924731,37.50752688172041,0.053763440860215,0.1505376344086021,0.7419354838709677,-0.2473118279569892,0.3819174688960198,13.324909210205078,0.3010752688172043,0.2631578947368421,0.3684210526315789,0.017543859649122806,0.631578947368421
P0A7R6,MIF,0,Bacteria,Neutral,103,111.02841747572816,5.576098442077636,-2.376654303489609,0.1941747572815534,0.1844660194174757,-0.6679611650485436,0.029126213592233,32.30582524271844,0.058252427184466,0.2718446601941747,0.970873786407767,-0.3689320388349515,0.4171763397630554,16.744001388549805,0.3009708737864077,0.29850746268656714,0.2537313432835821,-0.04477611940298507,0.5522388059701493
P0A7R6,MIF,1,Bacteria,Neutral,103,106.74062330097088,5.020611000061035,-5.213949490865154,0.1359223300970873,0.116504854368932,-0.2252427184466019,0.0,31.49708737864077,0.058252427184466,0.3592233009708738,0.970873786407767,-0.3689320388349515,0.4148811516571811,16.62679672241211,0.3009708737864077,0.18181818181818182,0.13636363636363635,-0.06060606060606061,0.3181818181818182
P0A7R6,MIF,2,Bacteria,Neutral,103,107.91955242718446,4.84895725250244,-6.3272485087513015,0.174757281553398,0.1359223300970873,-0.129126213592233,0.0097087378640776,22.59611650485437,0.0485436893203883,0.3009708737864077,0.9320388349514565,-0.3495145631067962,0.4109739489522471,16.53338623046875,0.3009708737864077,0.2608695652173913,0.14492753623188406,-0.11594202898550725,0.4057971014492754
P0A7R6,MIF,3,Bacteria,Neutral,103,111.03020388349512,6.388611793518066,-0.4805159480124175,0.1844660194174757,0.1844660194174757,-0.596116504854369,0.029126213592233,31.41456310679611,0.0485436893203883,0.2815533980582524,0.8834951456310679,-0.2815533980582524,0.4102458169799629,16.525400161743164,0.3009708737864077,0.27941176470588236,0.2647058823529412,-0.014705882352941176,0.5441176470588236
P0A7R6,MIF,4,Bacteria,Neutral,103,109.24322912621358,7.65498447418213,0.5791632359946277,0.1650485436893204,0.1844660194174757,-0.3194174757281553,0.0097087378640776,33.95145631067961,0.0485436893203883,0.2815533980582524,0.7864077669902912,-0.1844660194174757,0.4237203154200282,16.535953521728516,0.3009708737864077,0.2191780821917808,0.2191780821917808,0.0,0.4383561643835616
P0A7R6,MIF,5,Bacteria,Neutral,103,106.95663689320388,5.5791109085083,-2.3758971869287,0.1844660194174757,0.174757281553398,-0.4087378640776698,0.0097087378640776,36.634951456310674,0.0388349514563106,0.3398058252427184,0.8349514563106796,-0.2135922330097087,0.4392770457697642,16.160579681396484,0.3009708737864077,0.2571428571428571,0.22857142857142856,-0.02857142857142857,0.48571428571428565
P0A7R6,MIF,6,Bacteria,Neutral,103,113.27707184466018,6.394523048400879,-0.4774171848745787,0.1941747572815534,0.1941747572815534,-0.470873786407767,0.0388349514563106,32.54757281553396,0.0485436893203883,0.2233009708737864,0.8058252427184466,-0.2038834951456311,0.4261579915315854,16.15911865234375,0.3009708737864077,0.27941176470588236,0.29411764705882354,0.014705882352941176,0.5735294117647058
P0A7R6,MIF,7,Bacteria,Neutral,103,113.86862038834953,6.641715812683106,-0.3768856257963477,0.2233009708737864,0.233009708737864,-0.9300970873786408,0.0194174757281553,45.92912621359221,0.058252427184466,0.1941747572815534,0.9514563106796116,-0.3495145631067962,0.4180590857952415,16.417911529541016,0.3009708737864077,0.3235294117647059,0.3088235294117647,-0.014705882352941176,0.6323529411764706
P60724,MIF,0,Bacteria,Neutral,201,110.80884577114426,6.66865749359131,-0.3686880398370178,0.1791044776119403,0.1840796019900497,-0.3587064676616915,0.0348258706467661,38.110447761194024,0.0298507462686567,0.2437810945273631,0.7860696517412935,0.2189054726368159,0.0388302390486591,26.31820297241211,0.2985074626865671,0.20114942528735633,0.20689655172413793,0.0,0.40804597701149425
P60724,MIF,1,Bacteria,Neutral,201,112.23757313432836,5.541540336608886,-3.3620957769273474,0.1840796019900497,0.1741293532338308,-0.4343283582089552,0.0547263681592039,50.886069651741295,0.0348258706467661,0.208955223880597,0.8955223880597015,0.0199004975124378,0.1950059827445053,21.05030059814453,0.2985074626865671,0.256,0.248,-0.016,0.504
P60724,MIF,2,Bacteria,Neutral,201,113.8375776119403,5.965900230407715,-1.4418253826863603,0.2238805970149253,0.2189054726368159,-0.7009950248756219,0.0348258706467661,22.655721393034828,0.0248756218905472,0.1592039800995024,0.7810945273631842,0.3233830845771144,0.0234653504132878,25.364391326904297,0.2985074626865671,0.234375,0.22916666666666666,-0.005208333333333333,0.46354166666666663
P60724,MIF,3,Bacteria,Neutral,201,111.9187935323383,5.137358283996581,-7.347044466062293,0.208955223880597,0.1791044776119403,-0.3736318407960198,0.0398009950248756,45.032835820895514,0.0199004975124378,0.2189054726368159,0.7960199004975125,0.0,0.0666841232434319,26.82594871520996,0.2985074626865671,0.23529411764705882,0.20588235294117646,-0.03529411764705882,0.4411764705882353
P60724,MIF,4,Bacteria,Neutral,201,112.1426119402985,5.042550849914551,-8.348025804925555,0.2139303482587065,0.1791044776119403,-0.4323383084577115,0.0348258706467661,30.749253731343277,0.0298507462686567,0.2039800995024875,0.8756218905472637,0.0497512437810945,0.2169716203037966,20.489896774291992,0.2985074626865671,0.27692307692307694,0.23076923076923078,-0.046153846153846156,0.5076923076923077
P60724,MIF,5,Bacteria,Neutral,201,113.30286815920395,5.303726005554199,-4.449202986424041,0.1990049751243781,0.1791044776119403,-0.6258706467661691,0.0547263681592039,26.13134328358208,0.0348258706467661,0.1940298507462686,0.8855721393034826,-0.1393034825870646,0.1245732123695249,21.07847785949707,0.2985074626865671,0.25170068027210885,0.24489795918367346,-0.006802721088435374,0.4965986394557823
P60724,MIF,6,Bacteria,Neutral,201,111.22508507462686,4.655306816101075,-14.42513822274929,0.2189054726368159,0.1492537313432835,-0.308955223880597,0.044776119402985,33.62189054726368,0.0348258706467661,0.2388059701492537,0.8855721393034826,-0.0895522388059701,0.088406009169837,23.879518508911133,0.2985074626865671,0.26875,0.1875,-0.08125,0.45625
P60724,MIF,7,Bacteria,Neutral,201,110.33964129353234,4.789276313781738,-11.43826875661798,0.208955223880597,0.154228855721393,-0.309452736318408,0.0398009950248756,28.80646766169154,0.0298507462686567,0.2338308457711442,0.7014925373134329,0.0248756218905472,0.1265919207788807,25.476898193359375,0.2985074626865671,0.2611464968152866,0.1910828025477707,-0.07006369426751592,0.45222929936305734
Q07938,MIF,0,Eukaryota,Neutral,337,111.38960237388724,6.512293434143066,-2.316673781174792,0.1394658753709198,0.1691394658753709,-0.4881305637982195,0.0741839762611276,36.372136498516326,0.0771513353115727,0.2700296735905044,0.7566765578635015,-0.115727002967359,0.0416061620051771,28.77085876464844,0.2997032640949555,0.1488673139158576,0.1779935275080906,-0.012944983818770227,0.3268608414239482
Q07938,MIF,1,Eukaryota,Neutral,337,110.75439198813056,6.150342750549315,-2.9481702807975836,0.1454005934718101,0.1543026706231454,-0.4830860534124629,0.0830860534124629,39.297359050445095,0.0949554896142433,0.2611275964391691,0.7270029673590505,-0.2522255192878337,0.0683515808861148,26.952632904052734,0.2997032640949555,0.14733542319749215,0.16300940438871472,-0.003134796238244514,0.31034482758620685
Q07938,MIF,2,Eukaryota,Neutral,337,111.25679317507418,5.806125831604004,-4.103823339129853,0.1661721068249258,0.1661721068249258,-0.4738872403560831,0.0741839762611275,39.90151335311572,0.0890207715133531,0.2522255192878338,0.8160237388724035,-0.2166172106824925,0.0728229475766567,26.536155700683594,0.2997032640949555,0.19148936170212766,0.19148936170212766,-0.014184397163120567,0.3829787234042553
Q07938,MIF,3,Eukaryota,Neutral,337,109.34655252225518,7.647254371643067,1.2008176349858388,0.1364985163204747,0.1632047477744807,-0.3154302670623146,0.0712166172106825,38.193501483679526,0.0830860534124629,0.2937685459940652,0.8071216617210683,-0.029673590504451,0.0421901143496306,24.68561363220215,0.2997032640949555,0.1541095890410959,0.18493150684931506,0.003424657534246575,0.339041095890411
Q07938,MIF,4,Eukaryota,Neutral,337,111.07271335311572,6.52570743560791,-1.69152125741914,0.142433234421365,0.1632047477744807,-0.4465875370919881,0.059347181008902,44.77510385756676,0.086053412462908,0.258160237388724,0.7388724035608308,-0.1928783382789317,0.057126212885256,25.681930541992188,0.2997032640949555,0.16271186440677965,0.1864406779661017,-0.006779661016949152,0.34915254237288135
Q07938,MIF,5,Eukaryota,Neutral,337,110.33811513353116,5.405410957336425,-8.015710551961845,0.1602373887240356,0.1513353115727002,-0.4599406528189911,0.0712166172106825,44.95311572700298,0.0949554896142433,0.2551928783382789,0.7566765578635015,0.0089020771513353,0.0684588729275977,26.360363006591797,0.2997032640949555,0.21161825726141079,0.2033195020746888,-0.029045643153526972,0.41493775933609955
Q07938,MIF,6,Eukaryota,Neutral,337,110.7983183976261,5.1781118392944325,-9.860448991113174,0.1661721068249258,0.1483679525222551,-0.4985163204747774,0.0801186943620178,37.84543026706232,0.0919881305637982,0.258160237388724,0.7744807121661722,-0.3412462908011869,0.0531899109792284,28.12157440185547,0.2997032640949555,0.18556701030927836,0.16494845360824742,-0.03436426116838488,0.35051546391752575
Q07938,MIF,7,Eukaryota,Neutral,337,110.2739816023739,5.353232765197753,-8.085834884678498,0.1632047477744806,0.1513353115727003,-0.3495548961424333,0.059347181008902,40.66175074183975,0.0890207715133531,0.258160237388724,0.8605341246290801,-0.2136498516320474,0.057098534821994,27.56378746032715,0.2997032640949555,0.1936619718309859,0.1795774647887324,-0.028169014084507043,0.3732394366197183
B1X495,MIF,0,Eukaryota,Top,103,105.45729029126213,4.299494743347168,-12.939730193345664,0.1941747572815534,0.0970873786407767,0.2825242718446601,0.0485436893203883,22.82233009708738,0.0194174757281553,0.3689320388349514,0.8252427184466019,0.7087378640776699,0.128688368551304,15.979676246643066,0.3009708737864077,0.24691358024691357,0.12345679012345678,-0.16049382716049382,0.37037037037037035
B1X495,MIF,1,Eukaryota,Top,103,107.36536019417474,4.633878517150879,-7.374529076989967,0.1650485436893204,0.1067961165048543,0.3485436893203883,0.0194174757281553,24.779611650485432,0.0194174757281553,0.3203883495145631,0.970873786407767,0.854368932038835,0.1162574979902294,17.07590103149414,0.3009708737864077,0.21794871794871795,0.14102564102564102,-0.08974358974358974,0.358974358974359
B1X495,MIF,2,Eukaryota,Top,103,106.46235339805824,4.769553184509278,-5.3016678377303155,0.1262135922330097,0.0970873786407767,0.6543689320388348,0.0679611650485437,19.042718446601945,0.029126213592233,0.3592233009708738,0.8349514563106796,0.7184466019417476,0.1446126688845135,16.890789031982422,0.3009708737864077,0.14473684210526316,0.13157894736842105,-0.039473684210526314,0.2763157894736842
B1X495,MIF,3,Eukaryota,Top,103,109.02987864077669,5.403592109680175,-3.0372496715127912,0.1650485436893204,0.1553398058252427,0.2417475728155339,0.029126213592233,26.25145631067961,0.0097087378640776,0.2912621359223301,0.9320388349514565,0.912621359223301,0.0917438097388424,17.509157180786133,0.3009708737864077,0.15853658536585366,0.18292682926829268,0.0,0.3414634146341463
B1X495,MIF,4,Eukaryota,Top,103,109.5338126213592,4.590226173400879,-9.285411667920323,0.1844660194174757,0.116504854368932,0.5097087378640777,0.0485436893203883,26.887378640776703,0.0097087378640776,0.2718446601941747,0.8737864077669902,0.8349514563106796,0.1111412858985674,17.084983825683594,0.3009708737864077,0.23170731707317074,0.14634146341463414,-0.10975609756097561,0.3780487804878049
B1X495,MIF,5,Eukaryota,Top,103,105.04944563106795,4.823209190368652,-6.90745126234126,0.1553398058252427,0.116504854368932,0.1466019417475728,0.029126213592233,30.380582524271844,0.0194174757281553,0.4174757281553398,0.9320388349514565,0.9320388349514565,0.0933888118354137,16.85774040222168,0.3009708737864077,0.18518518518518517,0.14814814814814814,-0.07407407407407407,0.3333333333333333
B1X495,MIF,6,Eukaryota,Top,103,105.94590291262136,4.572037696838379,-7.083668218671846,0.174757281553398,0.116504854368932,0.4349514563106796,0.029126213592233,30.230097087378635,0.0194174757281553,0.3592233009708738,0.9902912621359224,0.970873786407767,0.0861863396354965,16.791427612304688,0.3009708737864077,0.21686746987951808,0.14457831325301204,-0.08433734939759036,0.3614457831325301
B1X495,MIF,7,Eukaryota,Top,103,106.70364174757282,4.773816108703613,-5.391329651754276,0.1553398058252427,0.116504854368932,0.1679611650485437,0.0679611650485436,19.113592233009708,0.0194174757281553,0.3495145631067961,0.8349514563106796,0.6796116504854369,0.1198297645963558,14.919310569763184,0.3009708737864077,0.22857142857142856,0.15714285714285714,-0.08571428571428572,0.3857142857142857
A9CIG1,MIF,0,Bacteria,Bottom,101,113.95081386138614,5.267121696472167,-4.39555483046469,0.2376237623762376,0.2079207920792079,-0.7910891089108911,0.0297029702970297,87.82376237623764,0.0297029702970297,0.2376237623762376,0.9306930693069309,0.6534653465346535,0.0740655460894926,18.122968673706055,0.297029702970297,0.2875,0.2375,-0.05,0.5249999999999999
A9CIG1,MIF,1,Bacteria,Bottom,101,110.24375346534651,5.31929988861084,-2.206180407175438,0.1881188118811881,0.1683168316831683,-0.4801980198019802,0.0297029702970297,74.28811881188119,0.0396039603960396,0.2673267326732673,0.9306930693069309,0.594059405940594,0.0726897689768976,16.352081298828125,0.297029702970297,0.2261904761904762,0.16666666666666666,-0.05952380952380952,0.39285714285714285
A9CIG1,MIF,2,Bacteria,Bottom,101,104.52328514851484,5.060114097595213,-4.409216396147409,0.1782178217821782,0.1485148514851485,-0.0217821782178217,0.0198019801980198,47.89306930693069,0.0495049504950495,0.3762376237623763,0.8118811881188118,0.3366336633663366,0.087361677344205,18.125686645507812,0.297029702970297,0.20481927710843373,0.1686746987951807,-0.04819277108433735,0.37349397590361444
A9CIG1,MIF,3,Bacteria,Bottom,101,109.96699801980198,6.328703498840333,-0.5124079966704471,0.1584158415841584,0.1584158415841584,-0.4861386138613861,0.0495049504950495,60.89207920792081,0.0495049504950495,0.2871287128712871,0.7722772277227723,0.3762376237623762,0.0773069306930693,21.289804458618164,0.297029702970297,0.1797752808988764,0.1797752808988764,0.0,0.3595505617977528
A9CIG1,MIF,4,Bacteria,Bottom,101,114.58663366336634,5.442754173278809,-2.4960300669196123,0.2277227722772277,0.2079207920792079,-0.8623762376237624,0.0396039603960396,63.5950495049505,0.0495049504950495,0.198019801980198,0.7623762376237624,0.5445544554455446,0.0973486610406007,17.501150131225586,0.297029702970297,0.2839506172839506,0.25925925925925924,-0.024691358024691357,0.5432098765432098
A9CIG1,MIF,5,Bacteria,Bottom,101,111.56166930693068,5.386142539978027,-2.4995965722414795,0.198019801980198,0.1782178217821782,-0.7861386138613862,0.0297029702970297,68.34851485148513,0.0495049504950495,0.2277227722772277,0.8910891089108911,0.6336633663366337,0.0908433909084339,14.9202880859375,0.297029702970297,0.24358974358974358,0.20512820512820512,-0.038461538461538464,0.4487179487179487
A9CIG1,MIF,6,Bacteria,Bottom,101,115.48876633663365,5.7261533737182635,-1.4988405288928242,0.2178217821782178,0.2079207920792079,-0.9752475247524752,0.0396039603960396,74.65544554455445,0.0495049504950495,0.1782178217821782,0.8217821782178217,0.6039603960396039,0.0805580558055805,17.86492347717285,0.297029702970297,0.26506024096385544,0.24096385542168675,-0.024096385542168676,0.5060240963855422
A9CIG1,MIF,7,Bacteria,Bottom,101,113.38773564356435,8.860873222351074,2.59446763010725,0.198019801980198,0.2376237623762376,-0.6485148514851485,0.0297029702970297,56.49504950495049,0.0396039603960396,0.2475247524752475,0.8415841584158417,0.5247524752475248,0.0817630150111785,18.64960289001465,0.297029702970297,0.23809523809523808,0.27380952380952384,0.023809523809523808,0.5119047619047619
Q6L047,MIF,0,Archaea,Bottom,359,111.85357158774372,5.1391202926635735,-13.033597542698727,0.1727019498607242,0.1504178272980501,-0.3222841225626741,0.0779944289693593,32.05849582172703,0.0501392757660167,0.233983286908078,0.7715877437325905,-0.2757660167130918,0.0623884008285122,27.063810348510746,0.3008356545961003,0.20848056537102475,0.19081272084805653,-0.0353356890459364,0.3992932862190813
Q6L047,MIF,1,Archaea,Bottom,359,112.3446242339833,5.24290828704834,-13.7735188214224,0.1754874651810584,0.1587743732590529,-0.3077994428969359,0.0835654596100278,32.28718662952647,0.0473537604456824,0.2228412256267409,0.8050139275766017,-0.3537604456824512,0.0508401863455368,24.46213150024414,0.3008356545961003,0.21454545454545454,0.20363636363636364,-0.04,0.4181818181818182
Q6L047,MIF,2,Archaea,Bottom,359,113.5439835654596,5.2153413772583,-12.944396035624004,0.1782729805013927,0.1587743732590529,-0.377158774373259,0.0835654596100278,32.26350974930362,0.0473537604456824,0.2005571030640668,0.8133704735376044,-0.1114206128133705,0.0511602379491053,23.76521110534668,0.3008356545961003,0.22433460076045628,0.20152091254752852,-0.03802281368821293,0.42585551330798477
Q6L047,MIF,3,Archaea,Bottom,359,111.65592757660168,5.082906532287596,-11.280538010796406,0.1699164345403899,0.1448467966573816,-0.2665738161559888,0.0807799442896936,25.66211699164345,0.0362116991643454,0.2284122562674094,0.8105849582172702,-0.2590529247910864,0.0834979691507246,25.95764541625977,0.3008356545961003,0.20973782771535582,0.1797752808988764,-0.03745318352059925,0.3895131086142322
Q6L047,MIF,4,Archaea,Bottom,359,111.97308635097494,4.8481046676635735,-23.810792380856697,0.2033426183844011,0.1559888579387186,-0.2743732590529248,0.075208913649025,43.377715877437325,0.0417827298050139,0.2284122562674094,0.8746518105849581,-0.3342618384401114,0.0801760051273202,28.6083927154541,0.3008356545961003,0.23208191126279865,0.18771331058020477,-0.06484641638225255,0.41979522184300344
Q6L047,MIF,5,Archaea,Bottom,359,112.40394233983288,5.324415397644043,-9.133795722998222,0.1643454038997214,0.1504178272980501,-0.211142061281337,0.0863509749303621,30.45849582172703,0.0445682451253481,0.2200557103064067,0.8690807799442897,-0.350974930362117,0.051966394467081,24.56253242492676,0.3008356545961003,0.2084942084942085,0.20463320463320464,-0.015444015444015444,0.41312741312741313
Q6L047,MIF,6,Archaea,Bottom,359,112.28085181058498,5.268656349182128,-11.019357169924987,0.1727019498607242,0.1559888579387186,-0.3114206128133704,0.0835654596100278,30.699164345403897,0.0445682451253481,0.2284122562674094,0.8495821727019499,-0.2033426183844011,0.0561981250795356,24.503633499145508,0.3008356545961003,0.20848056537102475,0.19081272084805653,-0.0353356890459364,0.3992932862190813
Q6L047,MIF,7,Archaea,Bottom,359,111.60142674094708,5.357154655456543,-10.857357163340446,0.1643454038997214,0.1532033426183844,-0.0986072423398328,0.0779944289693593,30.90169916434541,0.0501392757660167,0.2200557103064067,0.8857938718662952,-0.3119777158774373,0.0528351581676273,26.052026748657227,0.3008356545961003,0.19281045751633988,0.17647058823529413,-0.0392156862745098,0.369281045751634
A9A498,MIF,0,Archaea,Neutral,287,107.34956794425088,4.953825187683105,-9.354532068486336,0.156794425087108,0.1289198606271777,0.140766550522648,0.0383275261324041,24.95993031358884,0.0418118466898954,0.3031358885017421,0.9477351916376306,0.2090592334494773,0.0741435920754178,18.480287551879883,0.2996515679442508,0.2645161290322581,0.22580645161290322,-0.03870967741935484,0.4903225806451613
A9A498,MIF,1,Archaea,Neutral,287,107.30085435540067,5.082167625427245,-6.45808829259731,0.1428571428571428,0.1219512195121951,0.1707317073170731,0.048780487804878,35.41184668989547,0.048780487804878,0.2961672473867596,0.89198606271777,0.1602787456445993,0.0808296627440667,19.127429962158203,0.2996515679442508,0.23648648648648649,0.22972972972972974,-0.006756756756756757,0.46621621621621623
A9A498,MIF,2,Archaea,Neutral,287,107.92181184668988,8.661665916442871,1.8182850494433964,0.1358885017421603,0.1533101045296167,0.0860627177700348,0.0418118466898954,32.197560975609754,0.0522648083623693,0.3031358885017421,0.8641114982578397,0.1951219512195121,0.1248625629113434,17.65601921081543,0.2996515679442508,0.22377622377622378,0.2727272727272727,0.04895104895104895,0.49650349650349646
A9A498,MIF,3,Archaea,Neutral,287,106.33880696864112,8.289489936828616,1.5816625236695003,0.1219512195121951,0.1358885017421603,0.2337979094076654,0.0522648083623693,19.597909407665497,0.048780487804878,0.3066202090592334,0.8606271777003485,0.2682926829268293,0.0857793410664667,18.936201095581055,0.2996515679442508,0.19463087248322147,0.2550335570469799,0.053691275167785234,0.44966442953020136
A9A498,MIF,4,Archaea,Neutral,287,107.7717818815331,5.718252754211425,-2.479134540724594,0.1358885017421602,0.132404181184669,0.1491289198606271,0.0662020905923344,25.960975609756087,0.048780487804878,0.2926829268292683,0.8745644599303136,0.3101045296167247,0.0701068227710221,21.90134048461914,0.2996515679442508,0.2046783625730994,0.21637426900584794,0.005847953216374269,0.42105263157894735
A9A498,MIF,5,Archaea,Neutral,287,106.54288466898954,4.95678081512451,-11.107775936650686,0.1428571428571428,0.1184668989547038,0.2369337979094076,0.048780487804878,28.16655052264808,0.0452961672473867,0.3031358885017421,0.7979094076655053,0.1289198606271777,0.0957254853160776,19.09319496154785,0.2996515679442508,0.24,0.2,-0.06,0.44
A9A498,MIF,6,Archaea,Neutral,287,107.35682682926829,5.526080131530762,-4.264813818493032,0.1428571428571428,0.1358885017421603,0.1146341463414634,0.0348432055749128,44.46132404181185,0.048780487804878,0.289198606271777,0.8989547038327526,0.1254355400696864,0.1587476075968003,17.294218063354492,0.2996515679442508,0.26495726495726496,0.28205128205128205,0.008547008547008548,0.5470085470085471
A9A498,MIF,7,Archaea,Neutral,287,108.30569163763064,5.48998737335205,-6.091935046163229,0.1533101045296167,0.1463414634146341,0.1066202090592334,0.0418118466898954,42.65331010452961,0.0452961672473867,0.2857142857142857,0.8885017421602788,0.1707317073170731,0.0849434281075887,18.975547790527344,0.2996515679442508,0.2484076433121019,0.2356687898089172,-0.025477707006369428,0.4840764331210191
A0A1D8PCG7,MIF,0,Eukaryota,Bottom,87,111.0564528735632,4.96826229095459,-3.517447100070539,0.1839080459770115,0.1494252873563218,-0.425287356321839,0.0689655172413793,37.55977011494251,0.0229885057471264,0.2528735632183908,0.8160919540229885,-0.2873563218390804,0.1893068617206548,13.734633445739746,0.2988505747126437,0.22950819672131148,0.21311475409836064,-0.01639344262295082,0.4426229508196721
A0A1D8PCG7,MIF,1,Eukaryota,Bottom,87,113.38159425287355,5.515792274475095,-1.5232793465236971,0.1954022988505747,0.1839080459770115,-0.7931034482758621,0.0689655172413793,26.52183908045976,0.0229885057471264,0.1839080459770115,0.67816091954023,-0.3333333333333333,0.1749216300940439,14.740826606750488,0.2988505747126437,0.20588235294117646,0.23529411764705882,0.029411764705882353,0.4411764705882353
A0A1D8PCG7,MIF,2,Eukaryota,Bottom,87,111.4818793103448,5.474015617370605,-1.5048687662944076,0.1954022988505747,0.1839080459770115,-0.7367816091954023,0.057471264367816,33.809195402298826,0.0114942528735632,0.2298850574712643,0.8045977011494252,-0.3678160919540229,0.1750292518411453,13.577271461486816,0.2988505747126437,0.26229508196721313,0.22950819672131148,-0.03278688524590164,0.4918032786885246
A0A1D8PCG7,MIF,3,Eukaryota,Bottom,87,113.01405862068964,6.305740547180176,-0.5114003542266872,0.1954022988505747,0.1954022988505747,-0.603448275862069,0.0689655172413793,20.48505747126437,0.0114942528735632,0.2068965517241379,0.8275862068965517,-0.528735632183908,0.2283212135428884,14.625083923339844,0.2988505747126437,0.21875,0.25,0.03125,0.46875
A0A1D8PCG7,MIF,4,Eukaryota,Bottom,87,112.5547551724138,8.485602760314944,1.494701172800113,0.1839080459770115,0.2068965517241379,-0.6643678160919539,0.0689655172413793,31.50459770114942,0.0459770114942528,0.2068965517241379,0.5977011494252873,-0.3218390804597701,0.138244514106583,14.775992393493652,0.2988505747126437,0.20833333333333334,0.25,0.041666666666666664,0.45833333333333337
A0A1D8PCG7,MIF,5,Eukaryota,Bottom,87,108.67321609195402,4.938762855529784,-5.334156734861352,0.1839080459770115,0.1494252873563218,-0.5494252873563218,0.0459770114942528,41.14482758620688,0.0344827586206896,0.264367816091954,0.8045977011494253,-0.4597701149425287,0.166235632183908,13.340063095092772,0.2988505747126437,0.22413793103448276,0.20689655172413793,-0.05172413793103448,0.43103448275862066
A0A1D8PCG7,MIF,6,Eukaryota,Bottom,87,108.5348356321839,4.461031150817871,-7.4954953582336685,0.1954022988505747,0.1149425287356321,-0.3137931034482759,0.0689655172413793,27.106896551724137,0.0344827586206896,0.2758620689655172,0.8045977011494253,-0.3908045977011495,0.2733842659508569,12.990495681762695,0.2988505747126437,0.25806451612903225,0.16129032258064516,-0.0967741935483871,0.4193548387096774
A0A1D8PCG7,MIF,7,Eukaryota,Bottom,87,102.65570574712643,4.159557151794433,-7.505419904262874,0.1494252873563218,0.0689655172413793,0.3528735632183908,0.0459770114942528,-1.5160919540229894,0.0114942528735632,0.3563218390804598,0.8735632183908046,-0.2068965517241379,0.2280618311533888,12.403554916381836,0.2988505747126437,0.21818181818181817,0.10909090909090909,-0.10909090909090909,0.32727272727272727
O28542,MIF,0,Archaea,Top,340,109.76672323529412,5.446050834655761,-5.290081546855745,0.1470588235294117,0.138235294117647,0.0214705882352941,0.0647058823529411,36.679411764705875,0.0441176470588235,0.2676470588235294,0.8705882352941177,-0.0823529411764705,0.0716706247716477,23.006017684936523,0.3,0.21287128712871287,0.21782178217821782,-0.0049504950495049506,0.4306930693069307
O28542,MIF,1,Archaea,Top,340,109.92933970588236,5.6831262588500975,-6.847942026301105,0.15,0.15,0.0273529411764705,0.0470588235294117,42.82676470588236,0.038235294117647,0.2647058823529412,0.9088235294117648,0.25,0.0668643263757115,22.20847511291504,0.3,0.22797927461139897,0.23316062176165803,-0.015544041450777202,0.46113989637305697
O28542,MIF,2,Archaea,Top,340,109.20438823529412,6.809902381896973,-0.2781738388169756,0.1470588235294117,0.1529411764705882,-0.0623529411764705,0.0558823529411764,35.86147058823529,0.05,0.2882352941176471,0.8147058823529412,-0.05,0.0996194824961948,20.76511573791504,0.3,0.21428571428571427,0.23979591836734693,0.015306122448979591,0.45408163265306123
O28542,MIF,3,Archaea,Top,340,109.49607147058823,6.538268852233887,-1.6441217554578884,0.1411764705882353,0.1617647058823529,0.0073529411764705,0.0411764705882352,36.15529411764706,0.0441176470588235,0.2882352941176471,0.8970588235294117,0.2499999999999999,0.0632442067736185,22.380054473876953,0.3,0.20603015075376885,0.25125628140703515,0.005025125628140704,0.457286432160804
O28542,MIF,4,Archaea,Top,340,110.08931029411764,5.687218666076659,-6.820552478313907,0.1588235294117647,0.1588235294117647,-0.2626470588235294,0.0499999999999999,42.62735294117647,0.0411764705882352,0.2705882352941176,0.8588235294117648,0.0117647058823529,0.1366017774016081,21.25115394592285,0.3,0.22110552763819097,0.24120603015075376,0.005025125628140704,0.4623115577889447
O28542,MIF,5,Archaea,Top,340,110.68713352941178,5.418427085876464,-7.996565774373508,0.1529411764705882,0.1441176470588235,-0.1629411764705882,0.0617647058823529,39.946764705882366,0.0441176470588235,0.2735294117647059,0.8911764705882352,0.0323529411764706,0.0628216911764705,23.120380401611328,0.3,0.23809523809523808,0.21904761904761905,-0.03333333333333333,0.45714285714285713
O28542,MIF,6,Archaea,Top,340,109.98756970588236,5.640383338928221,-4.25253643528184,0.1588235294117647,0.1529411764705882,-0.1538235294117647,0.0558823529411764,34.40764705882353,0.0441176470588235,0.2852941176470588,0.8794117647058823,-0.0323529411764705,0.070287322849932,22.55725479125977,0.3,0.2347417840375587,0.2347417840375587,-0.009389671361502348,0.4694835680751174
O28542,MIF,7,Archaea,Top,340,109.18074352941176,5.536026954650878,-6.097353675380731,0.1470588235294117,0.1411764705882353,0.0014705882352941,0.0529411764705882,41.73411764705882,0.0411764705882352,0.2764705882352941,0.8823529411764706,-0.0117647058823529,0.0860584365325077,25.165536880493164,0.3,0.22274881516587677,0.20853080568720378,-0.023696682464454975,0.4312796208530806
Q8TY15,MIF,0,Archaea,Top,361,108.2757404432133,5.060682487487792,-14.767531119113684,0.1468144044321329,0.1274238227146814,-0.018005540166205,0.0554016620498614,30.4678947368421,0.0664819944598337,0.2714681440443213,0.8559556786703602,-0.2686980609418282,0.0446638667977243,26.379274368286133,0.299168975069252,0.15060240963855423,0.13855421686746988,-0.03614457831325301,0.28915662650602414
Q8TY15,MIF,1,Archaea,Top,361,107.09229916897507,5.58667049407959,-7.774490563189673,0.1274238227146814,0.1274238227146814,0.0620498614958448,0.0581717451523545,22.30692520775623,0.0664819944598337,0.2853185595567867,0.7700831024930748,-0.0332409972299169,0.050511617389338,27.2997989654541,0.299168975069252,0.14965986394557823,0.15306122448979592,-0.023809523809523808,0.30272108843537415
Q8TY15,MIF,2,Archaea,Top,361,108.3372351800554,5.684945106506347,-5.9537827267279155,0.1412742382271468,0.1412742382271468,-0.0955678670360111,0.0554016620498614,24.321883656509694,0.0637119113573407,0.2686980609418283,0.8864265927977839,-0.0941828254847645,0.0447632238490964,27.992490768432617,0.299168975069252,0.17465753424657535,0.1643835616438356,-0.0273972602739726,0.339041095890411
Q8TY15,MIF,3,Archaea,Top,361,106.68994709141272,5.2999177932739245,-9.854423442886628,0.1274238227146814,0.1191135734072022,0.1119113573407202,0.0526315789473684,33.292520775623274,0.0692520775623268,0.2991689750692521,0.8476454293628809,-0.3102493074792244,0.0554066803163515,24.09600257873535,0.299168975069252,0.16226415094339622,0.15471698113207547,-0.03018867924528302,0.3169811320754717
Q8TY15,MIF,4,Archaea,Top,361,107.3126404432133,4.959622764587402,-16.672483259580233,0.1412742382271468,0.1191135734072022,0.042382271468144,0.0526315789473684,25.341274238227147,0.0664819944598337,0.2797783933518005,0.8975069252077562,-0.3157894736842105,0.0487265830912932,26.29810333251953,0.299168975069252,0.1597444089456869,0.13738019169329074,-0.051118210862619806,0.2971246006389776
Q8TY15,MIF,5,Archaea,Top,361,107.66224349030468,5.06591167449951,-14.77731034927185,0.149584487534626,0.1301939058171745,-0.0246537396121883,0.0526315789473684,22.764819944598337,0.0609418282548476,0.2797783933518005,0.8642659279778393,-0.3379501385041552,0.0407258493149828,28.144006729125977,0.299168975069252,0.17687074829931973,0.1564625850340136,-0.04421768707482993,0.33333333333333337
Q8TY15,MIF,6,Archaea,Top,361,108.73577506925209,5.023396110534668,-17.574393186533186,0.149584487534626,0.1274238227146814,-0.0595567867036011,0.0554016620498614,24.47479224376732,0.0692520775623268,0.2520775623268698,0.9002770083102494,-0.3019390581717452,0.0520009430070136,26.470918655395508,0.299168975069252,0.16891891891891891,0.14864864864864866,-0.05067567567567568,0.31756756756756754
Q8TY15,MIF,7,Archaea,Top,361,107.13072326869803,4.951096916198729,-13.056112866327544,0.1385041551246537,0.1163434903047091,0.0534626038781163,0.0554016620498614,28.381717451523546,0.0692520775623268,0.2770083102493075,0.8504155124653741,-0.257617728531856,0.0622810412253544,25.517181396484375,0.299168975069252,0.17293233082706766,0.15037593984962405,-0.041353383458646614,0.3233082706766917
B1YC30,MIF,0,Archaea,Neutral,262,110.67492061068702,4.805304908752441,-15.381792307738188,0.2099236641221374,0.1564885496183206,-0.3622137404580153,0.0419847328244274,41.64694656488549,0.0419847328244274,0.2480916030534351,0.8244274809160306,-0.0610687022900763,0.1039652247667514,24.25029754638672,0.3015267175572519,0.2583732057416268,0.19138755980861244,-0.07177033492822966,0.44976076555023925
B1YC30,MIF,1,Archaea,Neutral,262,110.1163858778626,5.553931236267089,-5.253954220167664,0.1870229007633587,0.1793893129770992,-0.4202290076335878,0.0381679389312977,37.06068702290076,0.0458015267175572,0.2977099236641221,0.8931297709923665,0.0076335877862594,0.1320015862000595,21.89415740966797,0.3015267175572519,0.22988505747126436,0.2471264367816092,0.005747126436781609,0.4770114942528736
B1YC30,MIF,2,Archaea,Neutral,262,110.93706297709925,4.8237207412719725,-14.290977289055697,0.1984732824427481,0.1526717557251908,-0.3969465648854962,0.0343511450381679,40.17709923664122,0.049618320610687,0.2786259541984733,0.8206106870229007,0.0954198473282442,0.0691477514325632,23.790843963623047,0.3015267175572519,0.22966507177033493,0.18660287081339713,-0.05263157894736842,0.41626794258373206
B1YC30,MIF,3,Archaea,Neutral,262,111.1142709923664,4.852822303771972,-13.301672640673708,0.1832061068702289,0.1412213740458015,-0.1774809160305343,0.0572519083969465,40.35687022900763,0.0419847328244274,0.2709923664122137,0.7977099236641221,0.2786259541984732,0.0633972502885374,22.054956436157227,0.3015267175572519,0.22448979591836735,0.17857142857142858,-0.05612244897959184,0.4030612244897959
B1YC30,MIF,4,Archaea,Neutral,262,109.20784045801528,4.752956199645996,-13.487571708715244,0.183206106870229,0.1335877862595419,-0.1477099236641221,0.0381679389312977,46.74007633587785,0.0458015267175572,0.2595419847328244,0.8473282442748091,-0.0839694656488549,0.057293171033629,23.559629440307617,0.3015267175572519,0.22330097087378642,0.1650485436893204,-0.05825242718446602,0.38834951456310685
B1YC30,MIF,5,Archaea,Neutral,262,109.13418396946564,4.778192710876465,-11.425456256894073,0.1679389312977099,0.1297709923664122,-0.1381679389312977,0.0419847328244274,44.90114503816795,0.0458015267175572,0.2977099236641221,0.8854961832061068,-0.0305343511450381,0.118570468526528,22.3995361328125,0.3015267175572519,0.20652173913043478,0.17391304347826086,-0.03804347826086957,0.3804347826086957
B1YC30,MIF,6,Archaea,Neutral,262,109.90569007633586,4.707541847229003,-15.337956894771397,0.1793893129770992,0.1297709923664122,-0.3480916030534351,0.049618320610687,43.65458015267176,0.0419847328244274,0.2671755725190839,0.8091603053435115,0.0,0.0933959566183426,27.13961410522461,0.3015267175572519,0.2073732718894009,0.15668202764976957,-0.059907834101382486,0.3640552995391705
B1YC30,MIF,7,Archaea,Neutral,262,111.4390099236641,4.794732856750489,-14.394574055441574,0.1984732824427481,0.148854961832061,-0.2099236641221374,0.0381679389312977,51.10343511450381,0.0458015267175572,0.2480916030534351,0.8702290076335877,-0.099236641221374,0.0853401374889291,21.610008239746097,0.3015267175572519,0.22325581395348837,0.1813953488372093,-0.046511627906976744,0.4046511627906977
P80505,MIF,0,Bacteria,Bottom,337,106.2861118694362,5.486065483093261,-6.947045273762889,0.1216617210682492,0.1186943620178041,-0.0409495548961424,0.0474777448071216,28.856676557863494,0.0445103857566765,0.3264094955489614,0.8278931750741839,-0.2759643916913946,0.0799875058566297,23.95781517028809,0.2997032640949555,0.1556420233463035,0.1517509727626459,-0.027237354085603113,0.30739299610894943
P80505,MIF,1,Bacteria,Bottom,337,108.2057415430267,5.965616035461426,-4.772422702094644,0.1305637982195845,0.1394658753709198,-0.0789317507418397,0.059347181008902,39.7020771513353,0.0385756676557863,0.2967359050445103,0.7566765578635015,-0.0563798219584569,0.0832373941290612,22.63579750061035,0.2997032640949555,0.1652542372881356,0.18220338983050846,-0.012711864406779662,0.34745762711864403
P80505,MIF,2,Bacteria,Bottom,337,109.04880089020772,6.131813240051269,-2.956638645775115,0.1275964391691394,0.1364985163204748,-0.1703264094955489,0.0712166172106824,28.770326409495553,0.0356083086053412,0.2937685459940652,0.827893175074184,-0.1038575667655786,0.077109978391009,22.85777473449707,0.2997032640949555,0.16444444444444445,0.17777777777777778,0.0,0.3422222222222222
P80505,MIF,3,Bacteria,Bottom,337,107.26666735905044,5.50817584991455,-6.9419044102219445,0.1246290801186943,0.1216617210682492,0.0789317507418397,0.0652818991097922,34.09347181008901,0.0415430267062314,0.3175074183976261,0.8516320474777448,-0.1335311572700296,0.0931655786350148,21.835433959960938,0.2997032640949555,0.16666666666666666,0.15714285714285714,-0.014285714285714285,0.32380952380952377
P80505,MIF,4,Bacteria,Bottom,337,107.88843293768544,7.681016731262208,1.288119484062527,0.115727002967359,0.1454005934718101,-0.0614243323442136,0.0623145400593471,23.86587537091988,0.0415430267062314,0.3056379821958457,0.8605341246290802,-0.1780415430267062,0.0966129334081856,22.486711502075195,0.2997032640949555,0.12295081967213115,0.18032786885245902,0.028688524590163935,0.30327868852459017
P80505,MIF,5,Bacteria,Bottom,337,107.41252314540058,7.715802192687988,1.2068109651887935,0.1097922848664688,0.1364985163204747,0.0130563798219584,0.0652818991097922,24.50059347181008,0.0415430267062314,0.314540059347181,0.7477744807121662,-0.0415430267062315,0.1084542000610111,25.295501708984375,0.2997032640949555,0.13565891472868216,0.15503875968992248,0.0,0.2906976744186046
P80505,MIF,6,Bacteria,Bottom,337,108.69883976261129,6.678149604797364,-0.8698945184260154,0.1246290801186943,0.1424332344213649,-0.1353115727002967,0.0652818991097922,28.242462908011863,0.0385756676557863,0.3026706231454006,0.8249258160237389,-0.1839762611275964,0.0631388064622486,25.31351661682129,0.2997032640949555,0.13592233009708737,0.15210355987055016,-0.006472491909385114,0.28802588996763756
P80505,MIF,7,Bacteria,Bottom,337,107.60199970326408,5.860691261291502,-4.874758059911322,0.1216617210682492,0.1275964391691394,-0.0335311572700296,0.0652818991097922,34.72522255192878,0.0415430267062314,0.3204747774480712,0.8783382789317506,-0.231454005934718,0.0935645400593471,24.4384708404541,0.2997032640949555,0.1417624521072797,0.14942528735632185,-0.01532567049808429,0.29118773946360155
Q9N2D5,MIF,0,Eukaryota,Neutral,333,109.2618933933934,5.77401180267334,-5.847991121089095,0.1561561561561561,0.1591591591591591,-0.2324324324324324,0.075075075075075,22.776876876876862,0.033033033033033,0.2672672672672673,0.8648648648648649,0.0900900900900901,0.0528239082455949,25.27604103088379,0.3003003003003003,0.17669172932330826,0.18796992481203006,-0.015037593984962405,0.36466165413533835
Q9N2D5,MIF,1,Eukaryota,Neutral,333,109.06544714714715,5.647147178649903,-6.891265665269302,0.1471471471471471,0.1471471471471471,-0.2405405405405405,0.0870870870870871,28.9,0.027027027027027,0.2822822822822823,0.8468468468468469,-0.018018018018018,0.0667481886318451,23.44776153564453,0.3003003003003003,0.18352059925093633,0.1797752808988764,-0.0299625468164794,0.36329588014981273
Q9N2D5,MIF,2,Eukaryota,Neutral,333,108.98203993993994,5.687559700012207,-7.6658515165197585,0.1531531531531531,0.1561561561561561,-0.2324324324324324,0.075075075075075,29.00030030030029,0.039039039039039,0.2762762762762762,0.7537537537537538,0.075075075075075,0.0976665288042533,21.398468017578125,0.3003003003003003,0.18723404255319148,0.20851063829787234,-0.01276595744680851,0.39574468085106385
Q9N2D5,MIF,3,Eukaryota,Neutral,333,107.90535045045046,5.251434135437011,-9.941380794086278,0.1411411411411411,0.1291291291291291,-0.1204204204204204,0.072072072072072,28.02672672672672,0.039039039039039,0.2912912912912913,0.867867867867868,-0.1531531531531532,0.0941490941490941,23.21989631652832,0.3003003003003003,0.1981981981981982,0.1891891891891892,-0.036036036036036036,0.3873873873873874
Q9N2D5,MIF,4,Eukaryota,Neutral,333,109.89902792792792,6.151024818420409,-2.9224142942055664,0.1471471471471471,0.1561561561561561,-0.2417417417417417,0.078078078078078,26.537567567567564,0.042042042042042,0.2672672672672673,0.7897897897897898,-0.2072072072072072,0.0706723672825367,25.625911712646484,0.3003003003003003,0.18181818181818182,0.20553359683794467,0.0,0.38735177865612647
Q9N2D5,MIF,5,Eukaryota,Neutral,333,107.78859729729731,5.760881996154786,-5.839277870687823,0.1441441441441441,0.1471471471471471,-0.1501501501501501,0.069069069069069,15.081981981981968,0.03003003003003,0.2912912912912913,0.7117117117117118,0.1351351351351351,0.097397113022113,20.57304954528809,0.3003003003003003,0.20105820105820105,0.2328042328042328,0.010582010582010581,0.43386243386243384
Q9N2D5,MIF,6,Eukaryota,Neutral,333,108.2517918918919,5.611395454406738,-7.787756420116224,0.1501501501501501,0.1501501501501501,-0.1996996996996997,0.057057057057057,19.63483483483483,0.03003003003003,0.2942942942942943,0.7987987987987988,-0.012012012012012,0.0481570279957376,24.559326171875,0.3003003003003003,0.17391304347826086,0.19367588932806323,-0.011857707509881422,0.3675889328063241
Q9N2D5,MIF,7,Eukaryota,Neutral,333,107.98936126126128,6.028820991516112,-5.4838916299581655,0.1381381381381381,0.1531531531531531,-0.1675675675675675,0.063063063063063,26.869669669669666,0.036036036036036,0.3063063063063063,0.7987987987987988,0.012012012012012,0.0660233404135843,22.85523223876953,0.3003003003003003,0.17142857142857143,0.19183673469387755,-0.02040816326530612,0.363265306122449
Q6DIY2,MIF,0,Eukaryota,Bottom,179,116.24775642458104,5.873593711853027,-3.1373020624059578,0.1731843575418994,0.1787709497206704,-0.777094972067039,0.0893854748603351,23.36703910614524,0.0391061452513966,0.1955307262569832,0.8156424581005587,-0.1899441340782123,0.176457904537881,17.402883529663086,0.3016759776536313,0.23333333333333334,0.26666666666666666,0.0,0.5
Q6DIY2,MIF,1,Eukaryota,Bottom,179,114.99000782122906,4.942968940734862,-10.1112783171242,0.1955307262569832,0.1620111731843575,-0.4284916201117318,0.0782122905027932,24.441340782122893,0.0391061452513966,0.1955307262569832,0.8156424581005587,-0.3575418994413407,0.10118177911474,18.50584602355957,0.3016759776536313,0.23943661971830985,0.19718309859154928,-0.07042253521126761,0.43661971830985913
Q6DIY2,MIF,2,Eukaryota,Bottom,179,115.35904469273744,5.316798973083496,-6.133867879156281,0.1620111731843575,0.1508379888268156,-0.5106145251396649,0.106145251396648,29.89446927374302,0.0391061452513966,0.217877094972067,0.8324022346368716,-0.3184357541899441,0.0867467015333412,18.214126586914062,0.3016759776536313,0.19424460431654678,0.18705035971223022,-0.02877697841726619,0.381294964028777
Q6DIY2,MIF,3,Eukaryota,Bottom,179,115.87833463687151,5.039765739440917,-9.115003682091324,0.1899441340782122,0.1620111731843575,-0.5564245810055867,0.106145251396648,31.753072625698323,0.0446927374301675,0.2011173184357542,0.8882681564245811,-0.1955307262569832,0.1934293475475373,16.043304443359375,0.3016759776536313,0.2803738317757009,0.21495327102803738,-0.08411214953271028,0.49532710280373826
Q6DIY2,MIF,4,Eukaryota,Bottom,179,114.79205474860336,5.068412590026854,-7.213988658332266,0.1731843575418994,0.1508379888268156,-0.6558659217877095,0.106145251396648,25.626312849162,0.0502793296089385,0.217877094972067,0.8268156424581006,-0.1117318435754189,0.1296390346669676,16.91808319091797,0.3016759776536313,0.23728813559322035,0.19491525423728814,-0.059322033898305086,0.4322033898305085
Q6DIY2,MIF,5,Eukaryota,Bottom,179,116.3880558659218,5.132868003845213,-9.937263023062602,0.2067039106145251,0.1843575418994413,-0.6189944134078212,0.0949720670391061,25.59776536312847,0.0446927374301675,0.1731843575418994,0.8938547486033519,-0.111731843575419,0.2149582574854058,15.929394721984863,0.3016759776536313,0.27884615384615385,0.2692307692307692,-0.04807692307692308,0.5480769230769231
Q6DIY2,MIF,6,Eukaryota,Bottom,179,116.19175083798883,5.863590049743652,-3.124895488070674,0.1731843575418994,0.1787709497206703,-0.6687150837988827,0.106145251396648,25.312290502793285,0.0391061452513966,0.2067039106145251,0.7988826815642458,-0.3296089385474861,0.1720872926125335,16.460468292236328,0.3016759776536313,0.2072072072072072,0.2702702702702703,0.02702702702702703,0.4774774774774775
Q6DIY2,MIF,7,Eukaryota,Bottom,179,116.17512681564249,5.403876304626464,-7.849897512101283,0.1899441340782122,0.1843575418994413,-0.5284916201117319,0.0893854748603351,25.9608938547486,0.0446927374301675,0.1955307262569832,0.8994413407821229,-0.3407821229050279,0.1957704150303298,17.36112403869629,0.3016759776536313,0.23140495867768596,0.23140495867768596,-0.03305785123966942,0.4628099173553719
G0HQ35,MIF,0,Archaea,Bottom,358,107.52769972067038,5.410640144348144,-7.949359378950582,0.1284916201117318,0.1229050279329609,-0.1614525139664804,0.1033519553072625,25.868715083798868,0.0446927374301675,0.3463687150837988,0.776536312849162,0.0055865921787709,0.0575407031689256,23.54754638671875,0.3016759776536313,0.1524822695035461,0.1524822695035461,-0.01773049645390071,0.3049645390070922
G0HQ35,MIF,1,Archaea,Bottom,358,108.0842932960894,4.90380687713623,-16.862098375566745,0.1452513966480447,0.1173184357541899,-0.1756983240223464,0.0865921787709497,30.93854748603351,0.0586592178770949,0.3212290502793296,0.7877094972067039,-0.3854748603351955,0.0438645364333147,27.313737869262695,0.3016759776536313,0.16233766233766234,0.12987012987012986,-0.05519480519480519,0.2922077922077922
G0HQ35,MIF,2,Archaea,Bottom,358,109.05237374301676,5.091830253601074,-12.952334347901283,0.1508379888268156,0.1312849162011173,-0.2008379888268156,0.0921787709497206,30.017597765363124,0.047486033519553,0.2988826815642458,0.8575418994413408,-0.3156424581005586,0.0697917724733367,24.629196166992188,0.3016759776536313,0.18518518518518517,0.16666666666666666,-0.037037037037037035,0.35185185185185186
G0HQ35,MIF,3,Archaea,Bottom,358,107.4807405027933,5.396203041076659,-8.869415577218838,0.1368715083798882,0.1312849162011173,-0.1016759776536312,0.0810055865921787,29.852513966480444,0.0502793296089385,0.3268156424581006,0.7960893854748603,-0.3994413407821229,0.0870596283206019,25.807851791381836,0.3016759776536313,0.1618705035971223,0.1618705035971223,-0.02158273381294964,0.3237410071942446
G0HQ35,MIF,4,Archaea,Bottom,358,108.15087402234636,4.737837028503418,-18.95442342726227,0.1424581005586592,0.106145251396648,-0.1681564245810056,0.0865921787709497,28.225139664804463,0.0502793296089385,0.3184357541899441,0.7346368715083799,-0.38268156424581,0.0789731311519021,25.28289222717285,0.3016759776536313,0.1702127659574468,0.1276595744680851,-0.06028368794326241,0.2978723404255319
G0HQ35,MIF,5,Archaea,Bottom,358,107.647393575419,4.927508735656737,-16.816044348322343,0.1564245810055866,0.1284916201117318,-0.1438547486033519,0.0782122905027932,31.37262569832402,0.047486033519553,0.3519553072625698,0.8072625698324023,-0.0474860335195531,0.0347584687919424,25.801549911499023,0.3016759776536313,0.18466898954703834,0.15331010452961671,-0.04878048780487805,0.33797909407665505
G0HQ35,MIF,6,Archaea,Bottom,358,107.68927681564249,4.935466194152831,-16.745792494772907,0.1508379888268156,0.1256983240223463,-0.1494413407821229,0.0893854748603351,35.79553072625696,0.0502793296089385,0.3435754189944134,0.8212290502793296,-0.0335195530726257,0.0681586414826638,24.506187438964844,0.3016759776536313,0.1814814814814815,0.16666666666666666,-0.044444444444444446,0.34814814814814815
G0HQ35,MIF,7,Archaea,Bottom,358,108.48209944134078,5.955726051330567,-3.96863051731129,0.1340782122905028,0.1396648044692737,-0.2578212290502793,0.0810055865921787,25.620111731843572,0.0614525139664804,0.3156424581005587,0.7541899441340782,-0.1787709497206703,0.0803400169798861,25.42930030822754,0.3016759776536313,0.15602836879432624,0.17375886524822695,-0.0035460992907801418,0.32978723404255317
Q8DLT5,MIF,0,Bacteria,Neutral,449,107.41168730512248,5.290255165100096,-18.930107416960567,0.1380846325167037,0.131403118040089,-0.1837416481069042,0.0334075723830735,27.83897550111358,0.0512249443207126,0.3006681514476614,0.933184855233853,-0.3942093541202672,0.045729028164222,30.989721298217773,0.3006681514476614,0.19434628975265017,0.20141342756183744,-0.04946996466431095,0.3957597173144876
Q8DLT5,MIF,1,Bacteria,Neutral,449,105.6854670378619,4.847422599792479,-22.47810060844411,0.131403118040089,0.1046770601336302,-0.044097995545657,0.0378619153674833,26.147661469933173,0.0512249443207126,0.3385300668151448,0.8685968819599109,-0.3296213808463252,0.0393747110980375,32.610958099365234,0.3006681514476614,0.17770034843205576,0.156794425087108,-0.05574912891986063,0.3344947735191638
Q8DLT5,MIF,2,Bacteria,Neutral,449,106.34568708240532,5.157479286193847,-17.289302874318707,0.1269487750556793,0.1158129175946547,-0.0683741648106904,0.042316258351893,24.914253897550115,0.0556792873051224,0.3140311804008909,0.9175946547884186,-0.3964365256124721,0.0471634972303123,30.075111389160156,0.3006681514476614,0.1644295302013423,0.1610738255033557,-0.040268456375838924,0.325503355704698
Q8DLT5,MIF,3,Bacteria,Neutral,449,104.62400222717147,4.889938163757324,-16.835705787245452,0.1158129175946547,0.0935412026726058,-0.0374164810690423,0.0334075723830735,32.029621380846315,0.0489977728285077,0.3474387527839643,0.8997772828507795,-0.4097995545657016,0.0439272671257934,29.102296829223633,0.3006681514476614,0.16319444444444445,0.13541666666666666,-0.04513888888888889,0.2986111111111111
Q8DLT5,MIF,4,Bacteria,Neutral,449,104.76672093541202,4.768757438659668,-20.72141133157732,0.1224944320712694,0.0935412026726058,-0.0013363028953229,0.0356347438752784,25.650556792873047,0.0534521158129175,0.3585746102449889,0.9131403118040088,-0.3385300668151447,0.0371913945884471,29.300413131713867,0.3006681514476614,0.1608832807570978,0.12933753943217666,-0.05362776025236593,0.2902208201892744
Q8DLT5,MIF,5,Bacteria,Neutral,449,106.72477305122494,4.968717002868652,-16.825783282549352,0.131403118040089,0.1091314031180401,-0.1641425389755011,0.0512249443207127,28.49599109131402,0.0512249443207126,0.3207126948775056,0.8552338530066815,-0.4097995545657015,0.0560616631336034,29.649646759033203,0.3006681514476614,0.18050541516245489,0.1552346570397112,-0.04332129963898917,0.33574007220216606
Q8DLT5,MIF,6,Bacteria,Neutral,449,105.97581336302892,4.8964746475219725,-15.101202158530278,0.1269487750556793,0.1024498886414254,-0.132293986636971,0.0334075723830735,28.622048997772826,0.0512249443207126,0.3207126948775055,0.9420935412026726,-0.5456570155902004,0.0409335905481822,30.18940162658691,0.3006681514476614,0.1773049645390071,0.14184397163120568,-0.04609929078014184,0.3191489361702128
Q8DLT5,MIF,7,Bacteria,Neutral,449,105.11461737193764,5.639417076110839,-12.036252913540508,0.1091314031180401,0.1158129175946548,-0.0855233853006681,0.0334075723830735,22.18708240534521,0.0512249443207126,0.3585746102449889,0.8663697104677061,-0.3942093541202672,0.0396706619968385,29.06292152404785,0.3006681514476614,0.14878892733564014,0.15570934256055363,-0.04152249134948097,0.3044982698961938
O67786,SolubleMPNN,0,Bacteria,Top,223,114.52580179372195,4.659115028381348,-16.421704285843347,0.2152466367713004,0.1434977578475336,-0.2748878923766816,0.0986547085201793,35.81753363228698,0.0538116591928251,0.1928251121076233,0.8251121076233183,0.4035874439461883,0.1506776144988385,18.66135597229004,0.3004484304932735,0.3442622950819672,0.22950819672131148,-0.11475409836065574,0.5737704918032787
O67786,SolubleMPNN,1,Bacteria,Top,223,116.01907264573993,4.586758995056152,-18.423571507209527,0.2197309417040359,0.1390134529147982,-0.3802690582959642,0.1031390134529148,39.048026905829595,0.0358744394618834,0.1928251121076233,0.9103139013452916,0.4260089686098655,0.1350225666478006,19.398042678833008,0.3004484304932735,0.3120567375886525,0.2127659574468085,-0.09929078014184398,0.524822695035461
O67786,SolubleMPNN,2,Bacteria,Top,223,113.4667529147982,4.678383445739747,-15.337250996996076,0.1928251121076233,0.1300448430493273,-0.0811659192825112,0.0896860986547085,35.61883408071748,0.0538116591928251,0.2152466367713004,0.8834080717488789,0.3452914798206278,0.1582521859507554,18.51614570617676,0.3004484304932735,0.319672131147541,0.19672131147540983,-0.12295081967213115,0.5163934426229508
O67786,SolubleMPNN,3,Bacteria,Top,223,115.73669820627802,4.5794267654418945,-20.3178984017125,0.2286995515695067,0.1434977578475336,-0.2901345291479821,0.0941704035874439,47.16461883408071,0.0448430493273542,0.1883408071748879,0.8609865470852017,0.3408071748878923,0.2049021606196494,18.76710319519043,0.3004484304932735,0.34959349593495936,0.21138211382113822,-0.13821138211382114,0.5609756097560976
O67786,SolubleMPNN,4,Bacteria,Top,223,115.26612869955156,4.689410209655762,-14.419368419714829,0.1973094170403587,0.1345291479820627,-0.237219730941704,0.0941704035874439,40.89735426008969,0.0582959641255605,0.2017937219730941,0.8071748878923767,0.4304932735426009,0.0665119633729499,19.611770629882812,0.3004484304932735,0.25874125874125875,0.1958041958041958,-0.06293706293706294,0.4545454545454546
O67786,SolubleMPNN,5,Bacteria,Top,223,112.98494529147982,4.567149543762207,-16.345944001253613,0.1838565022421524,0.116591928251121,-0.0331838565022421,0.0896860986547085,36.08340807174888,0.0538116591928251,0.2466367713004484,0.8071748878923766,0.547085201793722,0.1531473653102393,18.250761032104492,0.3004484304932735,0.265625,0.1875,-0.0859375,0.453125
O67786,SolubleMPNN,6,Bacteria,Top,223,115.0235134529148,4.766029167175293,-14.345974247297365,0.210762331838565,0.1524663677130044,-0.3466367713004484,0.0896860986547085,36.336367713004485,0.0493273542600896,0.1928251121076233,0.8834080717488789,0.327354260089686,0.1545157060852128,19.090730667114254,0.3004484304932735,0.32231404958677684,0.2396694214876033,-0.08264462809917356,0.5619834710743802
O67786,SolubleMPNN,7,Bacteria,Top,223,113.72569147982064,4.474331474304199,-21.334604195693856,0.2152466367713004,0.1255605381165919,-0.2533632286995516,0.0852017937219731,40.9480269058296,0.0538116591928251,0.2017937219730941,0.8609865470852018,0.3677130044843049,0.1850854371216776,19.762157440185547,0.3004484304932735,0.33070866141732286,0.2047244094488189,-0.12598425196850394,0.5354330708661418
Q980U8,SolubleMPNN,0,Archaea,Top,349,110.30614068767908,4.947686576843262,-17.20456844573424,0.2063037249283667,0.163323782234957,-0.2739255014326648,0.0458452722063037,33.663610315186254,0.0401146131805157,0.2492836676217765,0.8452722063037249,0.3982808022922636,0.0553233559875914,23.347064971923828,0.3008595988538682,0.2593984962406015,0.21052631578947367,-0.05639097744360902,0.4699248120300752
Q980U8,SolubleMPNN,1,Archaea,Top,349,112.8336636103152,5.013165092468261,-16.216415240656303,0.2206303724928366,0.1805157593123209,-0.4974212034383954,0.0487106017191977,30.13868194842407,0.0458452722063037,0.1977077363896848,0.833810888252149,0.1919770773638968,0.1133342115952529,26.499792098999023,0.3008595988538682,0.2834008097165992,0.242914979757085,-0.048582995951417005,0.5263157894736842
Q980U8,SolubleMPNN,2,Archaea,Top,349,112.07218194842407,4.667015647888183,-31.035718397893845,0.2349570200573066,0.157593123209169,-0.4045845272206304,0.0458452722063037,46.71661891117476,0.0372492836676217,0.2206303724928366,0.8882521489971347,0.4641833810888252,0.0292122271191231,23.77550888061523,0.3008595988538682,0.29343629343629346,0.2084942084942085,-0.10038610038610038,0.5019305019305019
Q980U8,SolubleMPNN,3,Archaea,Top,349,111.69993782234958,4.830825614929199,-23.113941299982727,0.2177650429799427,0.160458452722063,-0.3727793696275071,0.0458452722063037,39.700573065902546,0.0401146131805157,0.2292263610315186,0.836676217765043,0.3896848137535816,0.044660452407723,25.63089942932129,0.3008595988538682,0.2669172932330827,0.20300751879699247,-0.07518796992481203,0.4699248120300752
Q980U8,SolubleMPNN,4,Archaea,Top,349,112.91015243553008,4.894826316833496,-21.188093537525504,0.2349570200573066,0.1805157593123209,-0.5785100286532951,0.0458452722063037,37.19541547277935,0.0401146131805157,0.2063037249283667,0.8825214899713467,0.4240687679083095,0.031344968307719,26.620668411254883,0.3008595988538682,0.2890625,0.23046875,-0.06640625,0.51953125
Q980U8,SolubleMPNN,5,Archaea,Top,349,113.4691306590258,4.8367937088012685,-24.027103511048978,0.2263610315186246,0.1690544412607449,-0.4358166189111748,0.0544412607449856,42.487679083094555,0.0343839541547277,0.2148997134670487,0.9369627507163324,0.4326647564469913,0.0881276627711063,24.99752616882324,0.3008595988538682,0.29435483870967744,0.22983870967741934,-0.08064516129032258,0.5241935483870968
Q980U8,SolubleMPNN,6,Archaea,Top,349,112.34560372492837,4.857369422912597,-22.1809830095997,0.2320916905444126,0.1747851002865329,-0.4825214899713467,0.0401146131805157,31.159598853868196,0.0401146131805157,0.2034383954154728,0.8825214899713467,0.3610315186246418,0.0664214038935465,25.40228843688965,0.3008595988538682,0.2813688212927757,0.21673003802281368,-0.07224334600760456,0.4980988593155894
Q980U8,SolubleMPNN,7,Archaea,Top,349,111.43025902578796,4.809226799011231,-22.290294797837102,0.2263610315186246,0.166189111747851,-0.3742120343839541,0.0487106017191977,28.558452722063045,0.0372492836676217,0.2263610315186246,0.7593123209169055,0.335243553008596,0.0619768986531164,22.984960556030273,0.3008595988538682,0.2908366533864542,0.21115537848605578,-0.08366533864541832,0.50199203187251
O58832,SolubleMPNN,0,Archaea,Top,342,110.61470467836256,4.882208061218263,-17.077948742932897,0.1666666666666666,0.1286549707602339,-0.1055555555555555,0.0614035087719298,42.87690058479532,0.0730994152046783,0.2251461988304093,0.8011695906432748,-0.0175438596491228,0.0759953216374269,23.510881423950195,0.3011695906432748,0.25961538461538464,0.1875,-0.09134615384615384,0.44711538461538464
O58832,SolubleMPNN,1,Archaea,Top,342,110.87176228070174,4.973946189880371,-16.984695232213262,0.1812865497076023,0.1461988304093567,-0.2201754385964912,0.0584795321637426,51.47397660818712,0.0760233918128654,0.2309941520467836,0.8567251461988303,-0.0204678362573099,0.0893069588967643,22.480539321899418,0.3011695906432748,0.2988505747126437,0.22988505747126436,-0.09195402298850575,0.5287356321839081
O58832,SolubleMPNN,2,Archaea,Top,342,111.0853412280702,4.903693199157714,-21.46425776404265,0.1900584795321637,0.1491228070175438,-0.2254385964912281,0.0643274853801169,46.09473684210525,0.0701754385964912,0.219298245614035,0.8859649122807017,-0.0321637426900585,0.1015745671669317,21.095876693725582,0.3011695906432748,0.32748538011695905,0.22807017543859648,-0.1286549707602339,0.5555555555555556
O58832,SolubleMPNN,3,Archaea,Top,342,111.22599093567251,4.873284339904784,-19.057467288153248,0.1842105263157894,0.1403508771929824,-0.2198830409356725,0.0730994152046783,38.19590643274854,0.0701754385964912,0.2280701754385964,0.8450292397660819,-0.0438596491228069,0.088762971977149,21.404157638549805,0.3011695906432748,0.2994350282485876,0.21468926553672316,-0.1016949152542373,0.5141242937853108
O58832,SolubleMPNN,4,Archaea,Top,342,110.40579766081872,4.940524864196777,-17.049957678230996,0.1842105263157894,0.1461988304093567,-0.212280701754386,0.0555555555555555,43.31695906432747,0.067251461988304,0.2456140350877192,0.8625730994152047,-0.043859649122807,0.0911841713309189,21.791797637939453,0.3011695906432748,0.3176470588235294,0.2411764705882353,-0.09411764705882353,0.5588235294117647
O58832,SolubleMPNN,5,Archaea,Top,342,111.60582192982456,4.904716300964354,-19.696039020996224,0.195906432748538,0.1520467836257309,-0.3616959064327485,0.0643274853801169,50.12163742690058,0.0701754385964912,0.219298245614035,0.8625730994152047,-0.0555555555555555,0.1321585079493277,20.925548553466797,0.3011695906432748,0.34782608695652173,0.2608695652173913,-0.09937888198757763,0.6086956521739131
O58832,SolubleMPNN,6,Archaea,Top,342,111.96944941520466,4.879366111755371,-18.893454682065055,0.195906432748538,0.1491228070175438,-0.3187134502923976,0.0701754385964912,46.93713450292396,0.0643274853801169,0.2105263157894736,0.8713450292397661,-0.023391812865497,0.0984527290448343,21.355010986328125,0.3011695906432748,0.3231707317073171,0.27439024390243905,-0.06097560975609756,0.5975609756097562
O58832,SolubleMPNN,7,Archaea,Top,342,110.45004795321638,4.815649604797363,-20.77506302656655,0.1871345029239766,0.1374269005847953,-0.2271929824561403,0.067251461988304,47.100877192982445,0.0701754385964912,0.2339181286549707,0.8157894736842105,-0.0087719298245614,0.0957052128529208,20.68971824645996,0.3011695906432748,0.3353658536585366,0.21951219512195122,-0.12804878048780488,0.5548780487804879
Q9Z9J6,SolubleMPNN,0,Bacteria,Top,62,116.11968225806451,4.892552757263183,-4.470055334842035,0.2580645161290322,0.1935483870967742,-0.3645161290322581,0.0161290322580645,40.616129032258065,0.0161290322580645,0.1290322580645161,0.935483870967742,-0.064516129032258,0.4571699647600976,10.77976894378662,0.3064516129032258,0.358974358974359,0.28205128205128205,-0.07692307692307693,0.641025641025641
Q9Z9J6,SolubleMPNN,1,Bacteria,Top,62,118.02224677419356,4.718113899230956,-7.457253910313071,0.3225806451612903,0.2096774193548387,-0.8999999999999999,0.0161290322580645,71.4,0.0161290322580645,0.0806451612903225,0.9516129032258064,-0.0483870967741935,0.4543444328824141,10.721806526184082,0.3064516129032258,0.42857142857142855,0.2857142857142857,-0.14285714285714285,0.7142857142857142
Q9Z9J6,SolubleMPNN,2,Bacteria,Top,62,114.87540161290322,5.0507925033569325,-3.469318218081119,0.2419354838709677,0.1935483870967742,-0.4258064516129032,0.0161290322580645,26.23709677419355,0.032258064516129,0.1290322580645161,0.8870967741935484,0.0161290322580645,0.4518751639129294,10.63627815246582,0.3064516129032258,0.3170731707317073,0.2926829268292683,-0.024390243902439025,0.6097560975609756
Q9Z9J6,SolubleMPNN,3,Bacteria,Top,62,111.29223870967742,4.931316947937011,-3.1809688184509195,0.2096774193548387,0.1612903225806451,-0.0129032258064516,0.0161290322580645,26.148387096774197,0.064516129032258,0.1774193548387097,0.9193548387096774,-0.0161290322580645,0.4506949908208759,10.55854320526123,0.3064516129032258,0.2926829268292683,0.21951219512195122,-0.07317073170731707,0.5121951219512195
Q9Z9J6,SolubleMPNN,4,Bacteria,Top,62,116.28051774193548,5.103652763366698,-3.4668060571725476,0.2580645161290322,0.2096774193548387,-0.6274193548387097,0.0161290322580645,57.279032258064504,0.032258064516129,0.1129032258064516,0.935483870967742,-0.032258064516129,0.4441884280593958,10.666518211364746,0.3064516129032258,0.3902439024390244,0.2682926829268293,-0.12195121951219512,0.6585365853658537
Q9Z9J6,SolubleMPNN,5,Bacteria,Top,62,115.21613225806452,4.9293844223022445,-4.467244872868825,0.2741935483870967,0.2096774193548387,-0.4790322580645161,0.0,38.57096774193547,0.0483870967741935,0.0967741935483871,0.9193548387096774,-0.0161290322580645,0.4396099024756189,10.50711727142334,0.3064516129032258,0.34146341463414637,0.2682926829268293,-0.07317073170731707,0.6097560975609757
Q9Z9J6,SolubleMPNN,6,Bacteria,Top,62,115.86055967741936,5.103652763366698,-3.4668060571725476,0.2580645161290322,0.2096774193548387,-0.5435483870967741,0.0161290322580645,41.2016129032258,0.0161290322580645,0.1129032258064516,0.9193548387096776,-0.0483870967741935,0.4486310653293575,10.712361335754396,0.3064516129032258,0.375,0.275,-0.1,0.65
Q9Z9J6,SolubleMPNN,7,Bacteria,Top,62,116.81357903225808,4.9293844223022445,-4.469232874966828,0.2741935483870967,0.2096774193548387,-0.6580645161290322,0.0161290322580645,36.88064516129031,0.032258064516129,0.1129032258064516,0.8870967741935484,0.0161290322580645,0.4467096774193548,10.631338119506836,0.3064516129032258,0.36585365853658536,0.3170731707317073,-0.04878048780487805,0.6829268292682926
P02819,SolubleMPNN,0,Eukaryota,Bottom,49,111.82308979591836,7.980106163024903,0.7457809958718045,0.1224489795918367,0.1428571428571428,-0.4469387755102041,0.1428571428571428,32.33693877551021,0.1836734693877551,0.163265306122449,0.693877551020408,0.4081632653061224,0.1591198979591837,13.504759788513184,0.3061224489795918,0.15,0.175,0.025,0.32499999999999996
P02819,SolubleMPNN,1,Eukaryota,Bottom,49,112.67919795918364,5.2106237411499015,-1.550121176246,0.1836734693877551,0.163265306122449,-0.7612244897959185,0.1224489795918367,54.673673469387744,0.163265306122449,0.1836734693877551,0.8163265306122448,0.6938775510204082,0.1800720288115246,12.46219539642334,0.3061224489795918,0.225,0.2,-0.025,0.42500000000000004
P02819,SolubleMPNN,2,Eukaryota,Bottom,49,102.87030612244897,4.656841468811035,-2.248254997834194,0.1224489795918367,0.0816326530612245,-0.126530612244898,0.0816326530612245,66.36551020408162,0.1836734693877551,0.3469387755102041,0.6530612244897959,0.4897959183673469,0.1450834879406308,14.829598426818848,0.3061224489795918,0.13157894736842105,0.10526315789473684,-0.02631578947368421,0.23684210526315788
P02819,SolubleMPNN,3,Eukaryota,Bottom,49,108.03947142857142,4.250954246520997,-5.243491315145927,0.183673469387755,0.0816326530612245,-0.2142857142857143,0.1224489795918367,58.261428571428574,0.163265306122449,0.2448979591836735,0.7346938775510203,0.4081632653061224,0.1702710935120317,13.02239227294922,0.3061224489795918,0.23076923076923078,0.10256410256410256,-0.1282051282051282,0.33333333333333337
P02819,SolubleMPNN,4,Eukaryota,Bottom,49,107.4694612244898,4.601650810241699,-3.247589079282772,0.163265306122449,0.1020408163265306,-0.2653061224489796,0.1224489795918367,59.75530612244898,0.1836734693877551,0.2448979591836734,0.693877551020408,0.4081632653061224,0.1839974084872044,13.084186553955078,0.3061224489795918,0.1794871794871795,0.1282051282051282,-0.05128205128205128,0.3076923076923077
P02819,SolubleMPNN,5,Eukaryota,Bottom,49,110.34827346938776,5.149294471740721,-1.245464535660984,0.1428571428571428,0.1224489795918367,-0.6224489795918368,0.1020408163265306,84.19816326530612,0.2040816326530612,0.2448979591836735,0.7346938775510204,0.4897959183673469,0.1549354435651811,14.403158187866213,0.3061224489795918,0.15384615384615385,0.15384615384615385,0.0,0.3076923076923077
P02819,SolubleMPNN,6,Eukaryota,Bottom,49,105.62792653061224,4.494907188415527,-3.2454445358609822,0.1428571428571428,0.0816326530612245,-0.3673469387755102,0.0816326530612245,48.50224489795919,0.1836734693877551,0.2857142857142857,0.8163265306122449,0.4081632653061224,0.1565862708719851,15.163235664367676,0.3061224489795918,0.1794871794871795,0.10256410256410256,-0.07692307692307693,0.28205128205128205
P02819,SolubleMPNN,7,Eukaryota,Bottom,49,103.64510816326528,4.441137504577637,-3.2471342368943494,0.1428571428571428,0.0816326530612245,-0.3571428571428571,0.0816326530612245,49.85122448979592,0.1836734693877551,0.3469387755102041,0.7346938775510203,0.4489795918367347,0.1653764954257565,14.94296169281006,0.3061224489795918,0.15789473684210525,0.10526315789473684,-0.05263157894736842,0.2631578947368421
Q4R312,SolubleMPNN,0,Eukaryota,Bottom,82,111.60536707317074,7.883468055725098,0.7945841329024272,0.1097560975609756,0.1219512195121951,-0.298780487804878,0.1097560975609756,38.03902439024388,0.1829268292682926,0.1463414634146341,0.6585365853658537,-0.3414634146341463,0.220568465527175,17.169694900512695,0.3048780487804878,0.13333333333333333,0.16666666666666666,0.03333333333333333,0.3
Q4R312,SolubleMPNN,1,Eukaryota,Bottom,82,114.79249634146342,7.593257331848146,0.4699019899321381,0.1341463414634146,0.1463414634146341,-0.4256097560975609,0.1097560975609756,39.67085365853658,0.1707317073170731,0.1219512195121951,0.7439024390243902,-0.4268292682926828,0.2211069418386491,17.09187889099121,0.3048780487804878,0.13793103448275862,0.20689655172413793,0.06896551724137931,0.3448275862068966
Q4R312,SolubleMPNN,2,Eukaryota,Bottom,82,114.80103292682928,4.733517265319825,-4.2651673397261565,0.1829268292682926,0.1341463414634146,-0.6414634146341464,0.1219512195121951,50.08780487804876,0.1463414634146341,0.1341463414634146,0.7439024390243902,-0.4268292682926828,0.2038871951219512,16.468242645263672,0.3048780487804878,0.21666666666666667,0.18333333333333332,-0.03333333333333333,0.4
Q4R312,SolubleMPNN,3,Eukaryota,Bottom,82,115.64642195121952,8.341000175476076,1.7239832113507294,0.1341463414634146,0.1585365853658536,-0.6195121951219513,0.1341463414634146,30.070731707317066,0.1585365853658536,0.1219512195121951,0.7317073170731707,-0.4146341463414633,0.2081678956324446,15.76394271850586,0.3048780487804878,0.16666666666666666,0.21666666666666667,0.05,0.3833333333333333
Q4R312,SolubleMPNN,4,Eukaryota,Bottom,82,112.92236707317076,5.232790946960448,-1.5331791110699573,0.1341463414634146,0.1219512195121951,-0.4256097560975609,0.1097560975609756,43.10121951219511,0.1829268292682926,0.1707317073170731,0.7804878048780488,-0.4634146341463414,0.2157672364125216,15.57678508758545,0.3048780487804878,0.15,0.16666666666666666,0.016666666666666666,0.31666666666666665
Q4R312,SolubleMPNN,5,Eukaryota,Bottom,82,116.95106829268292,8.33945293426514,1.798264033708742,0.1707317073170731,0.1951219512195122,-0.8048780487804879,0.1341463414634146,36.909756097560965,0.0853658536585365,0.1341463414634146,0.6707317073170732,-0.3536585365853658,0.1963021243115657,15.10810089111328,0.3048780487804878,0.19672131147540983,0.26229508196721313,0.06557377049180328,0.45901639344262296
Q4R312,SolubleMPNN,6,Eukaryota,Bottom,82,115.86448536585368,4.903124809265137,-3.191671858196159,0.1707317073170731,0.1341463414634146,-0.5597560975609756,0.1219512195121951,46.12317073170729,0.1341463414634146,0.1219512195121951,0.7195121951219512,-0.524390243902439,0.2149140343862454,16.843666076660156,0.3048780487804878,0.21311475409836064,0.18032786885245902,-0.03278688524590164,0.39344262295081966
Q4R312,SolubleMPNN,7,Eukaryota,Bottom,82,111.77699024390245,8.407918357849123,1.7989425361681572,0.1097560975609756,0.1341463414634146,-0.1878048780487805,0.1097560975609756,43.61219512195119,0.1829268292682926,0.1707317073170731,0.6829268292682927,-0.3658536585365853,0.2291548496880318,17.319149017333984,0.3048780487804878,0.1206896551724138,0.1896551724137931,0.06896551724137931,0.3103448275862069
Q54FJ9,SolubleMPNN,0,Eukaryota,Bottom,306,108.00925816993464,4.933874702453611,-12.930497746622976,0.1633986928104575,0.130718954248366,-0.0055555555555555,0.0522875816993464,46.96372549019608,0.0816993464052287,0.2679738562091503,0.8758169934640523,0.196078431372549,0.0694307239435214,19.958879470825195,0.3006535947712418,0.23837209302325582,0.20348837209302326,-0.046511627906976744,0.4418604651162791
Q54FJ9,SolubleMPNN,1,Eukaryota,Bottom,306,106.9286434640523,4.9744577407836905,-11.298789329267294,0.1568627450980392,0.1274509803921568,-0.0473856209150326,0.0522875816993464,48.63888888888887,0.0849673202614379,0.2941176470588235,0.8562091503267975,0.1503267973856208,0.0996666228012457,18.574771881103516,0.3006535947712418,0.24615384615384617,0.25384615384615383,0.007692307692307693,0.5
Q54FJ9,SolubleMPNN,2,Eukaryota,Bottom,306,107.33768039215686,4.832871818542479,-18.621467417581812,0.1732026143790849,0.130718954248366,-0.0313725490196078,0.0424836601307189,40.90130718954248,0.0816993464052287,0.2810457516339869,0.8594771241830066,0.2058823529411764,0.0856786144188776,22.95676040649414,0.3006535947712418,0.2392638036809816,0.20245398773006135,-0.05521472392638037,0.44171779141104295
Q54FJ9,SolubleMPNN,3,Eukaryota,Bottom,306,108.22152124183006,4.825198554992675,-17.086686111495695,0.1732026143790849,0.130718954248366,-0.0588235294117647,0.0490196078431372,37.363071895424845,0.0751633986928104,0.2549019607843137,0.8431372549019608,0.1372549019607842,0.0789871854253512,20.32270240783691,0.3006535947712418,0.2392638036809816,0.2147239263803681,-0.03680981595092025,0.45398773006134974
Q54FJ9,SolubleMPNN,4,Eukaryota,Bottom,306,108.64703137254902,5.201245307922362,-8.326717521316858,0.1568627450980392,0.1372549019607843,-0.0986928104575163,0.0620915032679738,33.98627450980391,0.0620915032679738,0.261437908496732,0.8235294117647058,0.2287581699346405,0.0843247102762673,20.569416046142575,0.3006535947712418,0.22282608695652173,0.21195652173913043,-0.016304347826086956,0.43478260869565216
Q54FJ9,SolubleMPNN,5,Eukaryota,Bottom,306,107.5438637254902,5.165720939636229,-11.910495731637418,0.1633986928104575,0.1437908496732026,-0.1071895424836601,0.0490196078431372,39.84869281045751,0.0686274509803921,0.2810457516339869,0.8300653594771241,0.1176470588235293,0.0801473320654906,22.087160110473633,0.3006535947712418,0.2303370786516854,0.20786516853932585,-0.0449438202247191,0.43820224719101125
Q54FJ9,SolubleMPNN,6,Eukaryota,Bottom,306,107.35812418300657,4.787457466125488,-16.182701746775393,0.1601307189542483,0.1176470588235294,0.0284313725490195,0.0522875816993464,38.39313725490196,0.0784313725490196,0.2712418300653595,0.8431372549019607,0.2352941176470588,0.124907557314465,18.36893844604492,0.3006535947712418,0.25316455696202533,0.18354430379746836,-0.0759493670886076,0.43670886075949367
Q54FJ9,SolubleMPNN,7,Eukaryota,Bottom,306,107.47550849673202,4.857880973815917,-13.293929776669948,0.1568627450980392,0.1209150326797385,0.0039215686274509,0.0555555555555555,35.643464052287584,0.0816993464052287,0.2777777777777778,0.8431372549019607,0.2418300653594771,0.0766682559548642,24.037370681762695,0.3006535947712418,0.21686746987951808,0.1927710843373494,-0.024096385542168676,0.40963855421686746
Q54JL0,SolubleMPNN,0,Eukaryota,Bottom,633,114.31325576619274,4.9241552352905265,-27.072722151457157,0.1832543443917851,0.1453396524486571,-0.3145339652448657,0.0995260663507109,43.07443917851504,0.0789889415481832,0.1974723538704581,0.8404423380726698,-0.0221169036334913,0.041794787270261,33.11085510253906,0.3001579778830964,0.23462414578587698,0.19362186788154898,-0.04783599088838269,0.428246013667426
Q54JL0,SolubleMPNN,1,Eukaryota,Bottom,633,115.19647345971563,4.769268989562988,-37.097400670597224,0.1958925750394944,0.1421800947867298,-0.3892575039494471,0.1042654028436019,48.38327014218027,0.0742496050552922,0.1974723538704581,0.8657187993680885,0.0189573459715639,0.0410342973480024,32.3404541015625,0.3001579778830964,0.27638190954773867,0.21105527638190955,-0.0728643216080402,0.48743718592964824
Q54JL0,SolubleMPNN,2,Eukaryota,Bottom,633,115.12064881516588,4.89079074859619,-34.780225188465934,0.2037914691943128,0.1579778830963665,-0.4879936808846762,0.1011058451816745,41.84020537124808,0.0774091627172195,0.1927330173775671,0.8151658767772512,0.0631911532385466,0.0384154329386415,31.383922576904297,0.3001579778830964,0.2665094339622642,0.21226415094339623,-0.06367924528301887,0.4787735849056604
Q54JL0,SolubleMPNN,3,Eukaryota,Bottom,633,115.30382369668249,4.791208839416504,-39.85029897879399,0.2116903633491311,0.1563981042654028,-0.493996840442338,0.0963665086887835,43.94537124802534,0.0726698262243285,0.1879936808846761,0.8546603475513428,0.1026856240126382,0.0448098787422557,32.46405792236328,0.3001579778830964,0.26681614349775784,0.21076233183856502,-0.06726457399103139,0.47757847533632286
Q54JL0,SolubleMPNN,4,Eukaryota,Bottom,633,115.45644375987362,5.013733482360839,-25.728529463436843,0.2022116903633491,0.1658767772511848,-0.5186413902053713,0.1042654028436018,45.040331753554575,0.0726698262243285,0.1800947867298578,0.8751974723538705,-0.0252764612954186,0.0444949803801661,31.886552810668945,0.3001579778830964,0.2679425837320574,0.23684210526315788,-0.03827751196172249,0.5047846889952153
Q54JL0,SolubleMPNN,5,Eukaryota,Bottom,633,115.0776467614534,5.189706993103026,-19.910276413177087,0.1990521327014218,0.1753554502369668,-0.5183254344391786,0.1011058451816745,35.93715639810425,0.0710900473933649,0.1816745655608214,0.8641390205371249,-0.1026856240126382,0.0428112203594979,36.447731018066406,0.3001579778830964,0.2557077625570776,0.23972602739726026,-0.02511415525114155,0.49543378995433784
Q54JL0,SolubleMPNN,6,Eukaryota,Bottom,633,115.62533175355452,4.834974861145019,-34.057274342603634,0.2037914691943128,0.1548183254344391,-0.4173775671406003,0.1042654028436018,42.41883096366513,0.0726698262243285,0.1895734597156398,0.8672985781990521,0.0015797788309636,0.0464427422021382,32.20451354980469,0.3001579778830964,0.2814070351758794,0.21105527638190955,-0.0728643216080402,0.49246231155778897
Q54JL0,SolubleMPNN,7,Eukaryota,Bottom,633,115.14539905213272,4.809454154968263,-36.06884747795469,0.2053712480252764,0.1532385466034755,-0.4078988941548183,0.0947867298578199,48.08976303317544,0.0758293838862559,0.1800947867298578,0.8230647709320695,0.1216429699842022,0.0427862416858206,33.05036163330078,0.3001579778830964,0.2755344418052256,0.21140142517814728,-0.0688836104513064,0.4869358669833729
Q69NP0,SolubleMPNN,0,Eukaryota,Bottom,93,115.42525591397848,9.675946998596192,9.75402722266224,0.1290322580645161,0.2365591397849462,-0.5849462365591398,0.1182795698924731,8.598924731182795,0.032258064516129,0.1397849462365591,0.7741935483870968,-0.1505376344086021,0.2983354011579818,12.677058219909668,0.3010752688172043,0.18867924528301888,0.37735849056603776,0.18867924528301888,0.5660377358490567
Q69NP0,SolubleMPNN,1,Eukaryota,Bottom,93,116.22690645161288,4.739258003234863,-6.143904953234429,0.2473118279569892,0.1827956989247312,-0.6860215053763441,0.1290322580645161,11.490322580645168,0.021505376344086,0.1397849462365591,0.8602150537634408,-0.2580645161290322,0.3158746675916291,12.216751098632812,0.3010752688172043,0.38596491228070173,0.2807017543859649,-0.10526315789473684,0.6666666666666666
Q69NP0,SolubleMPNN,2,Eukaryota,Bottom,93,116.72680537634407,9.320339393615722,5.76407156909665,0.1720430107526881,0.2365591397849462,-0.7311827956989247,0.1290322580645161,7.2075268817204305,0.043010752688172,0.1290322580645161,0.9032258064516128,-0.2150537634408601,0.3030913978494624,12.259032249450684,0.3010752688172043,0.23214285714285715,0.39285714285714285,0.16071428571428573,0.625
Q69NP0,SolubleMPNN,3,Eukaryota,Bottom,93,116.36669354838708,4.757389640808105,-5.1480796960291695,0.2043010752688172,0.1505376344086021,-0.6473118279569893,0.1397849462365591,22.49892473118279,0.043010752688172,0.1505376344086021,0.8279569892473118,-0.1827956989247312,0.3549595263984535,13.573200225830078,0.3010752688172043,0.3157894736842105,0.21052631578947367,-0.10526315789473684,0.5263157894736842
Q69NP0,SolubleMPNN,4,Eukaryota,Bottom,93,116.55505268817204,9.653834342956545,9.790490896361389,0.1290322580645161,0.2365591397849462,-0.6344086021505376,0.1290322580645161,11.231182795698926,0.021505376344086,0.1505376344086021,0.8172043010752688,-0.10752688172043,0.3048249241797628,12.61496925354004,0.3010752688172043,0.15789473684210525,0.3508771929824561,0.19298245614035087,0.5087719298245614
Q69NP0,SolubleMPNN,5,Eukaryota,Bottom,93,117.0822311827957,9.612316703796388,9.757220083705176,0.1397849462365591,0.2473118279569892,-0.7419354838709677,0.1397849462365591,6.361290322580644,0.032258064516129,0.1397849462365591,0.8602150537634409,-0.1720430107526881,0.3034825870646766,12.497875213623049,0.3010752688172043,0.16071428571428573,0.4107142857142857,0.25,0.5714285714285714
Q69NP0,SolubleMPNN,6,Eukaryota,Bottom,93,114.11557096774192,4.269654273986817,-11.13746376708774,0.2258064516129032,0.1075268817204301,-0.5548387096774193,0.1290322580645161,34.47526881720428,0.075268817204301,0.1505376344086021,0.8279569892473118,-0.2473118279569892,0.3153578798740089,12.457422256469728,0.3010752688172043,0.3584905660377358,0.16981132075471697,-0.18867924528301888,0.5283018867924528
Q69NP0,SolubleMPNN,7,Eukaryota,Bottom,93,115.75516451612904,6.898741722106934,-0.0655922118049474,0.2043010752688172,0.2150537634408602,-0.7193548387096775,0.1290322580645161,7.439784946236562,0.043010752688172,0.1505376344086021,0.8172043010752688,-0.3010752688172042,0.4158460667798528,13.282976150512695,0.3010752688172043,0.3050847457627119,0.3220338983050847,0.01694915254237288,0.6271186440677966
P0A7R6,SolubleMPNN,0,Bacteria,Neutral,103,111.62623300970871,8.870543479919434,2.6041012980506437,0.1941747572815534,0.233009708737864,-0.5825242718446602,0.0,41.62524271844658,0.0485436893203883,0.1941747572815534,0.970873786407767,-0.2718446601941747,0.4253960143076137,16.44877052307129,0.3009708737864077,0.2608695652173913,0.3188405797101449,0.057971014492753624,0.5797101449275361
P0A7R6,SolubleMPNN,1,Bacteria,Neutral,103,114.61697281553396,4.813091850280761,-8.442297380230972,0.2621359223300971,0.1844660194174757,-0.5271844660194175,0.0194174757281553,46.14951456310679,0.0485436893203883,0.145631067961165,0.8737864077669902,-0.2718446601941747,0.4455335160496121,16.442045211791992,0.3009708737864077,0.3424657534246575,0.2602739726027397,-0.0821917808219178,0.6027397260273972
P0A7R6,SolubleMPNN,2,Bacteria,Neutral,103,115.28744951456312,4.697879219055174,-10.460026015216696,0.2815533980582524,0.1844660194174757,-0.6533980582524271,0.0097087378640776,56.137864077669896,0.0388349514563106,0.145631067961165,0.7572815533980582,-0.1553398058252427,0.4569324214453106,16.19637107849121,0.3009708737864077,0.391304347826087,0.2753623188405797,-0.11594202898550725,0.6666666666666667
P0A7R6,SolubleMPNN,3,Bacteria,Neutral,103,113.56371650485436,4.667697715759277,-10.136867469128228,0.2621359223300971,0.1650485436893204,-0.6825242718446601,0.0097087378640776,64.28155339805824,0.0776699029126213,0.1941747572815534,0.8932038834951456,-0.2912621359223301,0.4591546533294106,16.664329528808594,0.3009708737864077,0.36619718309859156,0.23943661971830985,-0.1267605633802817,0.6056338028169014
P0A7R6,SolubleMPNN,4,Bacteria,Neutral,103,114.59885145631068,5.480438423156738,-2.4890091015596987,0.2524271844660194,0.233009708737864,-0.7980582524271845,0.0194174757281553,39.22815533980582,0.029126213592233,0.145631067961165,0.8640776699029126,-0.2621359223300971,0.4514100785945446,16.57062339782715,0.3009708737864077,0.34782608695652173,0.3333333333333333,-0.014492753623188406,0.681159420289855
P0A7R6,SolubleMPNN,5,Bacteria,Neutral,103,113.41958155339805,4.61642894744873,-11.078801284485005,0.2524271844660194,0.1553398058252427,-0.3407766990291262,0.0,68.49417475728154,0.0776699029126213,0.1844660194174757,0.970873786407767,-0.3689320388349515,0.4236540158870255,16.802921295166016,0.3009708737864077,0.34285714285714286,0.21428571428571427,-0.12857142857142856,0.5571428571428572
P0A7R6,SolubleMPNN,6,Bacteria,Neutral,103,112.70100485436892,4.9744577407836905,-6.114468792944294,0.2621359223300971,0.203883495145631,-0.8592233009708737,0.0097087378640776,36.18252427184466,0.058252427184466,0.1844660194174757,0.8932038834951456,-0.3300970873786407,0.4207928802588997,16.06732940673828,0.3009708737864077,0.3939393939393939,0.30303030303030304,-0.09090909090909091,0.696969696969697
P0A7R6,SolubleMPNN,7,Bacteria,Neutral,103,114.50991553398056,5.762985038757324,-1.4611175922368815,0.2427184466019417,0.233009708737864,-1.0097087378640777,0.0194174757281553,43.59223300970873,0.0388349514563106,0.2038834951456311,0.9126213592233008,-0.3300970873786407,0.422544892172867,16.507972717285156,0.3009708737864077,0.3382352941176471,0.3382352941176471,0.0,0.6764705882352942
P60724,SolubleMPNN,0,Bacteria,Neutral,201,113.32261940298508,4.882378578186036,-15.1391328676468,0.2437810945273631,0.1840796019900497,-0.5835820895522388,0.0298507462686567,50.71144278606964,0.0646766169154228,0.1890547263681591,0.8159203980099503,0.0796019900497512,0.2089199393105395,25.400171279907227,0.2985074626865671,0.34074074074074073,0.24444444444444444,-0.1111111111111111,0.5851851851851851
P60724,SolubleMPNN,1,Bacteria,Neutral,201,109.3481671641791,4.973150444030761,-9.259566512182282,0.1890547263681592,0.154228855721393,-0.2606965174129353,0.0248756218905472,45.57810945273631,0.0796019900497512,0.2388059701492537,0.791044776119403,0.0646766169154228,0.2042033422630437,26.133045196533203,0.2985074626865671,0.24806201550387597,0.2248062015503876,-0.03875968992248062,0.4728682170542636
P60724,SolubleMPNN,2,Bacteria,Neutral,201,112.3660134328358,4.837532615661621,-13.324901268616202,0.2238805970149253,0.1641791044776119,-0.573134328358209,0.0348258706467661,48.70845771144278,0.0746268656716418,0.2039800995024875,0.7462686567164178,0.1492537313432836,0.1870498254993688,24.64838600158691,0.2985074626865671,0.3014705882352941,0.21323529411764705,-0.09558823529411764,0.5147058823529411
P60724,SolubleMPNN,3,Bacteria,Neutral,201,113.57150199004974,4.967239189147949,-11.331767297451307,0.2388059701492537,0.1890547263681591,-0.7114427860696517,0.0497512437810945,27.48507462686567,0.0398009950248756,0.2039800995024875,0.7562189054726368,0.0497512437810945,0.1527804017885257,25.177461624145508,0.2985074626865671,0.30612244897959184,0.25170068027210885,-0.061224489795918366,0.5578231292517006
P60724,SolubleMPNN,4,Bacteria,Neutral,201,113.15746368159203,4.598524665832519,-19.333808039399152,0.2338308457711442,0.1442786069651741,-0.5512437810945273,0.0497512437810945,41.151243781094514,0.0597014925373134,0.1890547263681592,0.7562189054726368,0.2288557213930347,0.225198926503131,22.659931182861328,0.2985074626865671,0.328125,0.1953125,-0.140625,0.5234375
P60724,SolubleMPNN,5,Bacteria,Neutral,201,112.80904776119402,4.890222358703612,-13.241131263911292,0.2338308457711442,0.1791044776119403,-0.646268656716418,0.044776119402985,40.63482587064675,0.0646766169154228,0.1890547263681592,0.746268656716418,0.099502487562189,0.1988848859152513,26.145994186401367,0.2985074626865671,0.30935251798561153,0.23741007194244604,-0.08633093525179857,0.5467625899280576
P60724,SolubleMPNN,6,Bacteria,Neutral,201,112.79024129353232,4.949391746520996,-10.34153530215672,0.2139303482587064,0.1691542288557214,-0.5666666666666667,0.044776119402985,46.07462686567165,0.0746268656716418,0.1890547263681592,0.8059701492537313,-0.099502487562189,0.1505983595535834,26.069416046142575,0.2985074626865671,0.267515923566879,0.19745222929936307,-0.07643312101910828,0.46496815286624205
P60724,SolubleMPNN,7,Bacteria,Neutral,201,110.65216815920397,4.734369850158691,-14.338108238254236,0.2189054726368159,0.154228855721393,-0.4592039800995025,0.0398009950248756,27.74029850746268,0.0597014925373134,0.2288557213930348,0.7263681592039801,0.0199004975124378,0.0783777447839337,27.96573257446289,0.2985074626865671,0.2606060606060606,0.18787878787878787,-0.07878787878787878,0.4484848484848485
Q07938,SolubleMPNN,0,Eukaryota,Neutral,337,111.14591127596438,4.64973659515381,-22.52782258594746,0.1691394658753709,0.115727002967359,-0.301780415430267,0.0712166172106825,56.221958456973304,0.1127596439169139,0.2136498516320474,0.7744807121661721,-0.0504451038575667,0.0517079746806021,24.93325424194336,0.2997032640949555,0.19636363636363635,0.13090909090909092,-0.08,0.32727272727272727
Q07938,SolubleMPNN,1,Eukaryota,Neutral,337,110.32597388724037,4.665708351135254,-22.02730809311231,0.1691394658753709,0.1186943620178041,-0.3044510385756677,0.0682492581602374,61.01246290801189,0.1127596439169139,0.2462908011869436,0.7507418397626113,-0.1038575667655786,0.1005138597380039,23.368118286132812,0.2997032640949555,0.2131782945736434,0.14728682170542637,-0.08139534883720931,0.36046511627906974
Q07938,SolubleMPNN,2,Eukaryota,Neutral,337,111.20766023738872,4.597046852111816,-24.557440915350853,0.1810089020771513,0.1216617210682492,-0.3780415430267062,0.0712166172106825,57.59970326409496,0.1068249258160237,0.2225519287833827,0.7418397626112759,0.0,0.1131118140020217,22.30797958374023,0.2997032640949555,0.236,0.156,-0.096,0.392
Q07938,SolubleMPNN,3,Eukaryota,Neutral,337,110.28375637982197,4.616599464416503,-23.11099014005033,0.172106824925816,0.115727002967359,-0.3910979228486647,0.0771513353115727,58.24094955489615,0.1097922848664688,0.2314540059347181,0.7596439169139466,-0.0652818991097922,0.0812091094347717,24.728282928466797,0.2997032640949555,0.24553571428571427,0.16517857142857142,-0.09375,0.4107142857142857
Q07938,SolubleMPNN,4,Eukaryota,Neutral,337,111.29146350148368,4.826449012756346,-16.836796189887707,0.1661721068249257,0.1275964391691394,-0.4635014836795252,0.0771513353115727,58.453115727002974,0.1216617210682492,0.2136498516320474,0.8456973293768546,-0.1454005934718101,0.076966260942522,25.872838973999023,0.2997032640949555,0.20161290322580644,0.16532258064516128,-0.04838709677419355,0.36693548387096775
Q07938,SolubleMPNN,5,Eukaryota,Neutral,337,110.1687694362018,4.769325828552247,-21.546711958241644,0.1750741839762611,0.1305637982195845,-0.3391691394658754,0.0623145400593471,54.2027002967359,0.1068249258160237,0.2344213649851632,0.8130563798219584,-0.201780415430267,0.0780582729442013,25.610794067382812,0.2997032640949555,0.20209059233449478,0.14982578397212543,-0.07317073170731707,0.3519163763066202
Q07938,SolubleMPNN,6,Eukaryota,Neutral,337,110.09122047477746,4.787286949157715,-18.658557265642848,0.1691394658753709,0.1305637982195845,-0.3008902077151335,0.0712166172106824,46.28130563798219,0.0979228486646884,0.2314540059347181,0.8486646884272997,-0.2433234421364984,0.11540230714421,25.381681442260746,0.2997032640949555,0.20141342756183744,0.14487632508833923,-0.07420494699646643,0.3462897526501767
Q07938,SolubleMPNN,7,Eukaryota,Neutral,337,110.72985519287832,4.658148765563964,-21.535421512091887,0.1632047477744806,0.1127596439169139,-0.3234421364985164,0.0712166172106825,55.973887240356085,0.115727002967359,0.2284866468842729,0.7299703264094956,-0.0534124629080118,0.0799884869210052,22.956117630004883,0.2997032640949555,0.212,0.14,-0.084,0.352
B1X495,SolubleMPNN,0,Eukaryota,Top,103,117.86804466019416,4.595910072326659,-14.427199090408028,0.3398058252427184,0.2038834951456311,-1.312621359223301,0.0485436893203883,34.925242718446604,0.0097087378640776,0.174757281553398,0.9514563106796116,0.9320388349514565,0.1441681074610985,20.36908531188965,0.3009708737864077,0.38271604938271603,0.24691358024691357,-0.13580246913580246,0.6296296296296295
B1X495,SolubleMPNN,1,Eukaryota,Top,103,117.12380485436891,4.992759895324705,-7.437216079555924,0.3106796116504854,0.2427184466019417,-1.1893203883495145,0.029126213592233,38.26407766990291,0.0194174757281553,0.145631067961165,0.9611650485436892,0.883495145631068,0.0564545127651923,21.654823303222656,0.3009708737864077,0.32978723404255317,0.26595744680851063,-0.06382978723404255,0.5957446808510638
B1X495,SolubleMPNN,2,Eukaryota,Top,103,117.32464077669904,4.764778709411621,-10.435808652895048,0.3106796116504854,0.2135922330097087,-1.3048543689320389,0.0388349514563106,42.84466019417475,0.029126213592233,0.1650485436893204,0.8834951456310679,0.8640776699029126,0.1269226573579142,17.660667419433594,0.3009708737864077,0.3875,0.2625,-0.125,0.65
B1X495,SolubleMPNN,3,Eukaryota,Top,103,116.88568058252427,4.721467399597167,-10.425165498451992,0.3009708737864077,0.203883495145631,-0.9893203883495146,0.029126213592233,63.95922330097087,0.0194174757281553,0.2427184466019417,0.941747572815534,0.9029126213592232,0.1206237128567225,19.89820098876953,0.3009708737864077,0.35365853658536583,0.24390243902439024,-0.10975609756097561,0.5975609756097561
B1X495,SolubleMPNN,4,Eukaryota,Top,103,122.36996407766988,5.077336311340331,-6.436035193518844,0.3203883495145631,0.2621359223300971,-1.5893203883495144,0.0679611650485436,58.765048543689325,0.0194174757281553,0.1262135922330097,0.9611650485436892,0.8446601941747574,0.1497333515657049,20.707523345947266,0.3009708737864077,0.38095238095238093,0.30952380952380953,-0.07142857142857142,0.6904761904761905
B1X495,SolubleMPNN,5,Eukaryota,Top,103,118.20431165048542,8.595972633361818,1.5424553302115278,0.2621359223300971,0.2815533980582524,-1.216504854368932,0.0388349514563106,48.61165048543688,0.0194174757281553,0.145631067961165,0.9320388349514565,0.9320388349514565,0.1444687542732121,20.840734481811523,0.3009708737864077,0.29411764705882354,0.32941176470588235,0.03529411764705882,0.6235294117647059
B1X495,SolubleMPNN,6,Eukaryota,Top,103,119.85634563106797,8.8129732131958,2.5437919489973133,0.2815533980582524,0.3106796116504854,-1.540776699029126,0.0485436893203883,32.51067961165047,0.0194174757281553,0.1262135922330097,0.9223300970873786,0.8058252427184466,0.1007859454461396,18.935312271118164,0.3009708737864077,0.32558139534883723,0.3488372093023256,0.023255813953488372,0.6744186046511629
B1X495,SolubleMPNN,7,Eukaryota,Top,103,120.72703980582524,5.216080284118651,-4.435349028823683,0.2815533980582524,0.2427184466019417,-1.3019417475728154,0.0485436893203883,53.47087378640778,0.0194174757281553,0.145631067961165,0.8640776699029126,0.7087378640776699,0.1265754085509256,18.169431686401367,0.3009708737864077,0.32432432432432434,0.33783783783783783,0.013513513513513514,0.6621621621621622
A9CIG1,SolubleMPNN,0,Bacteria,Bottom,101,116.5917603960396,5.808285713195801,-1.4934309274531363,0.2673267326732673,0.2574257425742574,-1.0594059405940597,0.0099009900990099,60.512871287128725,0.0594059405940594,0.0891089108910891,0.8019801980198019,0.6039603960396039,0.1501350135013501,14.180225372314451,0.297029702970297,0.36231884057971014,0.3333333333333333,-0.028985507246376812,0.6956521739130435
A9CIG1,SolubleMPNN,1,Bacteria,Bottom,101,118.7955821782178,4.478367042541504,-17.453351878406487,0.3564356435643564,0.1881188118811881,-1.196039603960396,0.0198019801980198,64.71881188118812,0.0594059405940594,0.0891089108910891,0.7128712871287128,0.4554455445544554,0.0861782178217821,20.20188331604004,0.297029702970297,0.41975308641975306,0.20987654320987653,-0.20987654320987653,0.6296296296296295
A9CIG1,SolubleMPNN,2,Bacteria,Bottom,101,112.54362673267326,4.750227928161621,-8.480290955915795,0.2475247524752475,0.1683168316831683,-0.6207920792079208,0.0099009900990099,56.95643564356435,0.0891089108910891,0.1881188118811881,0.8217821782178218,0.4455445544554455,0.0759075907590759,19.036733627319336,0.297029702970297,0.2839506172839506,0.18518518518518517,-0.09876543209876543,0.4691358024691358
A9CIG1,SolubleMPNN,3,Bacteria,Bottom,101,112.4869821782178,5.1453157424926745,-4.492946085364711,0.2574257425742574,0.2178217821782178,-0.706930693069307,0.0099009900990099,57.06237623762374,0.0594059405940594,0.1683168316831683,0.8613861386138614,0.4257425742574258,0.0875856816450875,18.836715698242188,0.297029702970297,0.30952380952380953,0.2619047619047619,-0.047619047619047616,0.5714285714285714
A9CIG1,SolubleMPNN,4,Bacteria,Bottom,101,113.8141712871287,5.163902091979979,-4.492692565583024,0.2772277227722772,0.2376237623762376,-1.008910891089109,0.0,47.883168316831686,0.0396039603960396,0.1386138613861386,0.8514851485148515,0.6534653465346535,0.1988624394354329,14.024867057800291,0.297029702970297,0.3582089552238806,0.31343283582089554,-0.04477611940298507,0.6716417910447761
A9CIG1,SolubleMPNN,5,Bacteria,Bottom,101,111.13625643564356,4.808260536193848,-7.478556473599483,0.2277227722772277,0.1584158415841584,-0.5138613861386139,0.0099009900990099,66.36039603960397,0.099009900990099,0.2079207920792079,0.8514851485148515,0.396039603960396,0.0769801980198019,23.74531936645508,0.297029702970297,0.2619047619047619,0.17857142857142858,-0.08333333333333333,0.44047619047619047
A9CIG1,SolubleMPNN,6,Bacteria,Bottom,101,115.41149405940592,5.216534996032714,-4.504876864945821,0.2772277227722772,0.2376237623762376,-0.9277227722772278,0.0099009900990099,53.954455445544525,0.0594059405940594,0.099009900990099,0.8712871287128713,0.5544554455445544,0.1960499714892955,13.718088150024414,0.297029702970297,0.37142857142857144,0.32857142857142857,-0.04285714285714286,0.7
A9CIG1,SolubleMPNN,7,Bacteria,Bottom,101,111.047899009901,5.052042961120605,-4.491690980576028,0.2079207920792079,0.1683168316831683,-0.4970297029702971,0.0099009900990099,67.41188118811881,0.0693069306930693,0.2079207920792079,0.7821782178217822,0.4257425742574257,0.0767950744654297,23.57622718811035,0.297029702970297,0.26582278481012656,0.21518987341772153,-0.05063291139240506,0.4810126582278481
Q6L047,SolubleMPNN,0,Archaea,Bottom,359,112.8751704735376,4.9740598678588865,-15.213012122412408,0.181058495821727,0.1476323119777158,-0.2746518105849582,0.0863509749303621,34.08136490250698,0.0529247910863509,0.1894150417827298,0.8245125348189415,-0.1782729805013927,0.0399400042854081,25.52174186706543,0.3008356545961003,0.19873817034700317,0.167192429022082,-0.04100946372239748,0.3659305993690852
Q6L047,SolubleMPNN,1,Archaea,Bottom,359,113.36584150417828,5.184477806091308,-13.031923306126174,0.1838440111420612,0.1615598885793872,-0.3387186629526462,0.0863509749303621,30.975236768802233,0.0473537604456824,0.1894150417827298,0.8885793871866295,-0.298050139275766,0.0538671544783048,25.585853576660156,0.3008356545961003,0.2159468438538206,0.17275747508305647,-0.053156146179401995,0.38870431893687707
Q6L047,SolubleMPNN,2,Archaea,Bottom,359,113.02340139275766,5.221707344055174,-12.68635647214515,0.1754874651810584,0.1559888579387186,-0.2392757660167131,0.0891364902506963,36.84710306406685,0.0557103064066852,0.1866295264623955,0.8467966573816157,-0.2228412256267409,0.0990261928295444,23.00484275817871,0.3008356545961003,0.234375,0.1953125,-0.05859375,0.4296875
Q6L047,SolubleMPNN,3,Archaea,Bottom,359,112.66671253481891,5.364373207092284,-10.609033824369718,0.1727019498607242,0.1615598885793872,-0.1779944289693593,0.0807799442896936,33.94072423398328,0.0529247910863509,0.1894150417827298,0.8746518105849583,-0.2952646239554318,0.0578742119923764,24.05048179626465,0.3008356545961003,0.18729096989966554,0.1939799331103679,-0.016722408026755852,0.3812709030100334
Q6L047,SolubleMPNN,4,Archaea,Bottom,359,112.76028495821726,4.985768699645996,-17.0231418318578,0.1866295264623955,0.1532033426183844,-0.3259052924791086,0.0863509749303621,35.13041782729805,0.0501392757660167,0.1949860724233983,0.9164345403899722,-0.4651810584958217,0.0518899992178898,25.64289093017578,0.3008356545961003,0.21262458471760798,0.17940199335548174,-0.04983388704318937,0.3920265780730897
Q6L047,SolubleMPNN,5,Archaea,Bottom,359,114.0604713091922,5.571608161926269,-7.940161729963357,0.1782729805013927,0.1727019498607242,-0.3863509749303621,0.0779944289693593,35.36270194986072,0.0501392757660167,0.1894150417827298,0.8356545961002786,-0.0389972144846796,0.0679460298853769,22.49509048461914,0.3008356545961003,0.21153846153846154,0.22692307692307692,-0.0038461538461538464,0.43846153846153846
Q6L047,SolubleMPNN,6,Archaea,Bottom,359,112.32312033426184,5.248307991027831,-11.93631950029804,0.1754874651810584,0.1587743732590529,-0.2629526462395543,0.0807799442896936,31.96133704735376,0.0529247910863509,0.1949860724233983,0.8495821727019498,-0.3036211699164345,0.0555041782729804,23.40660858154297,0.3008356545961003,0.22007722007722008,0.2084942084942085,-0.03088803088803089,0.4285714285714286
Q6L047,SolubleMPNN,7,Archaea,Bottom,359,112.51744818941506,4.864246940612793,-23.72922036185774,0.192200557103064,0.1476323119777158,-0.177158774373259,0.0807799442896936,35.84325905292478,0.0473537604456824,0.1977715877437326,0.8746518105849581,-0.3509749303621169,0.0535078059208395,25.091894149780273,0.3008356545961003,0.22758620689655173,0.1724137931034483,-0.07931034482758621,0.4
A9A498,SolubleMPNN,0,Archaea,Neutral,287,107.72395540069684,4.773872947692872,-14.09778382966318,0.1637630662020905,0.1184668989547038,0.2801393728222996,0.0418118466898954,45.26376306620208,0.0766550522648083,0.2613240418118467,0.8780487804878049,0.0905923344947735,0.081656552137896,18.96267890930176,0.2996515679442508,0.2808219178082192,0.2191780821917808,-0.0684931506849315,0.5
A9A498,SolubleMPNN,1,Archaea,Neutral,287,106.38437735191636,5.202495765686035,-6.105622852461586,0.1463414634146341,0.1289198606271777,0.2554006968641115,0.0348432055749128,31.261672473867595,0.0766550522648083,0.2717770034843205,0.8954703832752613,0.1777003484320558,0.1044821464174159,17.40290641784668,0.2996515679442508,0.2230769230769231,0.2692307692307692,0.038461538461538464,0.49230769230769234
A9A498,SolubleMPNN,2,Archaea,Neutral,287,106.82744146341462,5.066593742370604,-7.424908562529424,0.1498257839721254,0.1254355400696864,0.2797909407665505,0.0313588850174216,35.09999999999999,0.0766550522648083,0.2717770034843205,0.8954703832752613,0.2195121951219512,0.1756587543554007,16.57512092590332,0.2996515679442508,0.2831858407079646,0.26548672566371684,-0.017699115044247787,0.5486725663716814
A9A498,SolubleMPNN,3,Archaea,Neutral,287,106.4956975609756,4.744657707214355,-12.420314977195131,0.1498257839721254,0.1080139372822299,0.3139372822299651,0.0383275261324041,37.76968641114983,0.073170731707317,0.2822299651567944,0.8780487804878048,0.2160278745644598,0.0963024043051818,18.783315658569336,0.2996515679442508,0.23076923076923078,0.16568047337278108,-0.0650887573964497,0.39644970414201186
A9A498,SolubleMPNN,4,Archaea,Neutral,287,105.629881184669,4.636663627624511,-15.424174982342244,0.1602787456445993,0.1080139372822299,0.2668989547038327,0.0313588850174216,38.095818815331015,0.073170731707317,0.2961672473867596,0.8885017421602788,0.2055749128919859,0.1888465494352138,16.716400146484375,0.2996515679442508,0.31896551724137934,0.21551724137931033,-0.10344827586206896,0.5344827586206897
A9A498,SolubleMPNN,5,Archaea,Neutral,287,107.18911986062716,4.85339069366455,-13.23872075678912,0.1637630662020906,0.1254355400696864,0.1599303135888501,0.0313588850174216,37.13623693379791,0.0696864111498257,0.2682926829268293,0.9303135888501742,0.1707317073170732,0.1775368079626037,16.781150817871094,0.2996515679442508,0.3063063063063063,0.27927927927927926,-0.04504504504504504,0.5855855855855856
A9A498,SolubleMPNN,6,Archaea,Neutral,287,107.05764355400694,4.832644462585448,-12.188243322079394,0.1637630662020905,0.1219512195121951,0.235191637630662,0.0383275261324041,40.64285714285713,0.0766550522648083,0.2543554006968641,0.89198606271777,0.2090592334494773,0.0860732763171787,18.53771591186523,0.2996515679442508,0.2727272727272727,0.23076923076923078,-0.04195804195804196,0.5034965034965035
A9A498,SolubleMPNN,7,Archaea,Neutral,287,105.08956655052263,4.775634956359863,-13.095305224584802,0.1533101045296167,0.1114982578397212,0.3240418118466899,0.0313588850174216,37.32891986062718,0.073170731707317,0.2961672473867596,0.8745644599303136,0.3101045296167247,0.1785146915508564,16.709016799926758,0.2996515679442508,0.2982456140350877,0.24561403508771928,-0.05263157894736842,0.5438596491228069
A0A1D8PCG7,SolubleMPNN,0,Eukaryota,Bottom,87,113.33645862068964,5.350902366638183,-2.5013340484566413,0.2528735632183908,0.2298850574712643,-1.0034482758620689,0.0459770114942528,29.747126436781603,0.0344827586206896,0.1724137931034483,0.735632183908046,-0.2298850574712643,0.1989144316730524,14.050655364990234,0.2988505747126437,0.30303030303030304,0.30303030303030304,0.0,0.6060606060606061
A0A1D8PCG7,SolubleMPNN,1,Eukaryota,Bottom,87,111.96603103448275,5.076540565490721,-4.156037853504515,0.2298850574712643,0.1954022988505747,-0.728735632183908,0.057471264367816,15.02068965517242,0.0344827586206896,0.1839080459770115,0.7701149425287357,-0.1264367816091954,0.2123662306777645,14.859288215637209,0.2988505747126437,0.25806451612903225,0.24193548387096775,-0.016129032258064516,0.5
A0A1D8PCG7,SolubleMPNN,2,Eukaryota,Bottom,87,111.47196896551723,4.869646644592284,-6.417749788551623,0.2298850574712643,0.1724137931034483,-0.6126436781609196,0.0459770114942528,34.94137931034482,0.0344827586206896,0.1724137931034483,0.7931034482758621,-0.1954022988505747,0.197055581798142,14.910664558410645,0.2988505747126437,0.27692307692307694,0.2153846153846154,-0.06153846153846154,0.49230769230769234
A0A1D8PCG7,SolubleMPNN,3,Eukaryota,Bottom,87,111.57522758620688,4.833042335510252,-5.5006903273801715,0.2183908045977011,0.160919540229885,-0.6160919540229886,0.057471264367816,35.75758620689655,0.0344827586206896,0.1839080459770115,0.7471264367816093,-0.1494252873563218,0.1939244663382594,14.81899070739746,0.2988505747126437,0.24242424242424243,0.19696969696969696,-0.045454545454545456,0.4393939393939394
A0A1D8PCG7,SolubleMPNN,4,Eukaryota,Bottom,87,110.07946091954022,5.443834114074707,-2.470647681363491,0.1954022988505747,0.1839080459770115,-0.5724137931034483,0.0459770114942528,21.949425287356313,0.0459770114942528,0.2068965517241379,0.7586206896551725,-0.2528735632183908,0.1807577692635164,14.103461265563965,0.2988505747126437,0.24285714285714285,0.21428571428571427,-0.02857142857142857,0.45714285714285713
A0A1D8PCG7,SolubleMPNN,5,Eukaryota,Bottom,87,109.79344022988506,5.43905963897705,-2.136020313866844,0.1839080459770115,0.1724137931034483,-0.3597701149425287,0.0344827586206896,36.24252873563216,0.0459770114942528,0.1724137931034483,0.8735632183908046,-0.1149425287356322,0.2068281335522715,13.507262229919434,0.2988505747126437,0.22413793103448276,0.22413793103448276,0.0,0.4482758620689655
A0A1D8PCG7,SolubleMPNN,6,Eukaryota,Bottom,87,111.81709655172416,4.975821876525878,-4.510469557538336,0.2298850574712643,0.1839080459770115,-0.7080459770114943,0.057471264367816,27.14252873563218,0.0229885057471264,0.1954022988505747,0.7931034482758621,-0.0344827586206896,0.1928903098119814,14.809289932250977,0.2988505747126437,0.28125,0.25,-0.03125,0.53125
A0A1D8PCG7,SolubleMPNN,7,Eukaryota,Bottom,87,111.75945747126435,5.075233268737792,-4.42568577025148,0.2298850574712643,0.1954022988505747,-0.8160919540229885,0.0344827586206896,31.859770114942528,0.0459770114942528,0.1839080459770115,0.6896551724137931,-0.2068965517241379,0.2105993982874335,14.323781967163086,0.2988505747126437,0.2903225806451613,0.25806451612903225,-0.03225806451612903,0.5483870967741935
O28542,SolubleMPNN,0,Archaea,Top,340,110.27622441176472,5.2830934524536115,-10.912106533326297,0.1647058823529412,0.15,-0.0558823529411764,0.0558823529411764,39.72326470588236,0.0558823529411764,0.2529411764705882,0.8852941176470588,0.0205882352941176,0.0849287828338882,21.401470184326172,0.3,0.22660098522167488,0.21182266009852216,-0.024630541871921183,0.43842364532019706
O28542,SolubleMPNN,1,Archaea,Top,340,109.05373970588236,5.114452171325683,-12.998839302320157,0.1647058823529411,0.1411764705882353,-0.0547058823529411,0.0470588235294117,43.79179411764705,0.0558823529411764,0.2735294117647059,0.8735294117647059,-0.0029411764705882,0.073322223223133,22.746416091918945,0.3,0.2300469483568075,0.20187793427230047,-0.04225352112676056,0.431924882629108
O28542,SolubleMPNN,2,Archaea,Top,340,109.44192558823528,4.97343463897705,-16.88693290995549,0.1705882352941176,0.138235294117647,-0.0058823529411764,0.0617647058823529,51.880029411764696,0.0558823529411764,0.2705882352941177,0.8735294117647059,0.0441176470588234,0.092370056751644,22.51205825805664,0.3,0.23809523809523808,0.21428571428571427,-0.047619047619047616,0.45238095238095233
O28542,SolubleMPNN,3,Archaea,Top,340,110.61701911764706,4.969399070739747,-15.095951599720957,0.1735294117647058,0.1411764705882353,-0.138235294117647,0.0588235294117647,49.30147058823529,0.0617647058823529,0.2529411764705882,0.9058823529411764,0.0823529411764706,0.1049770660658244,22.64188575744629,0.3,0.2677595628415301,0.24043715846994534,-0.03825136612021858,0.5081967213114754
O28542,SolubleMPNN,4,Archaea,Top,340,111.0699805882353,4.792459297180176,-20.145653416051495,0.1823529411764705,0.1323529411764706,-0.0949999999999999,0.0676470588235294,45.10297058823529,0.0617647058823529,0.238235294117647,0.8352941176470589,0.0,0.0921948834935636,21.1455078125,0.3,0.2742857142857143,0.22857142857142856,-0.05142857142857143,0.5028571428571429
O28542,SolubleMPNN,5,Archaea,Top,340,109.77922205882354,5.394156837463378,-8.094666198901109,0.1647058823529411,0.1529411764705882,-0.055,0.0529411764705882,41.83676470588234,0.0617647058823529,0.2470588235294117,0.9058823529411764,-0.0352941176470588,0.1128889393595276,20.217668533325195,0.3,0.2787878787878788,0.26666666666666666,-0.012121212121212121,0.5454545454545454
O28542,SolubleMPNN,6,Archaea,Top,340,111.05924029411764,5.0732439041137685,-14.058898687721992,0.1852941176470588,0.1558823529411764,-0.1699999999999999,0.0558823529411764,40.30676470588234,0.0558823529411764,0.2352941176470588,0.888235294117647,0.0411764705882353,0.1156656780359202,21.62105369567871,0.3,0.29743589743589743,0.2358974358974359,-0.06153846153846154,0.5333333333333333
O28542,SolubleMPNN,7,Archaea,Top,340,109.69525088235297,4.860381889343262,-18.992666557527407,0.1764705882352941,0.1352941176470588,-0.038235294117647,0.0558823529411764,42.77941176470588,0.0558823529411764,0.2558823529411764,0.8852941176470588,0.1264705882352941,0.0748021226839359,24.37863540649414,0.3,0.26570048309178745,0.19806763285024154,-0.0821256038647343,0.463768115942029
Q8TY15,SolubleMPNN,0,Archaea,Top,361,108.81960914127424,5.044938087463378,-16.740458759879623,0.1689750692520775,0.1440443213296398,-0.1188365650969529,0.0554016620498615,26.570914127423816,0.0581717451523545,0.2659279778393352,0.8116343490304709,-0.3185595567867036,0.0551777523302604,24.566633224487305,0.299168975069252,0.20567375886524822,0.17375886524822695,-0.05319148936170213,0.37943262411347517
Q8TY15,SolubleMPNN,1,Archaea,Top,361,108.1528734072022,4.610062980651855,-26.008891072637347,0.1745152354570637,0.1163434903047091,-0.0227146814404432,0.0609418282548476,26.49196675900277,0.0581717451523545,0.2742382271468144,0.8448753462603877,-0.1800554016620498,0.0498954152298038,27.897706985473633,0.299168975069252,0.2222222222222222,0.14695340501792115,-0.08960573476702509,0.36917562724014336
Q8TY15,SolubleMPNN,2,Archaea,Top,361,108.19769085872576,4.578403663635254,-25.079587901577696,0.1689750692520775,0.110803324099723,0.0304709141274238,0.0637119113573407,29.260387811634352,0.0609418282548476,0.2659279778393352,0.850415512465374,-0.1745152354570637,0.0609369769709553,25.326377868652344,0.299168975069252,0.21722846441947566,0.13857677902621723,-0.0898876404494382,0.35580524344569286
Q8TY15,SolubleMPNN,3,Archaea,Top,361,107.0323324099723,4.74789752960205,-21.755125087453298,0.1578947368421052,0.1191135734072022,-0.0077562326869806,0.0526315789473684,21.553185595567875,0.0581717451523545,0.2908587257617728,0.8808864265927978,-0.3767313019390582,0.0729078334935082,23.932287216186523,0.299168975069252,0.20384615384615384,0.15384615384615385,-0.07307692307692308,0.3576923076923077
Q8TY15,SolubleMPNN,4,Archaea,Top,361,107.88841551246536,4.4047037124633786,-33.9829981079874,0.1828254847645429,0.1024930747922437,-0.0828254847645429,0.0609418282548476,27.91052631578949,0.0526315789473684,0.2686980609418282,0.8476454293628808,-0.1218836565096952,0.0594182825484764,25.69332695007324,0.299168975069252,0.23809523809523808,0.1388888888888889,-0.11904761904761904,0.376984126984127
Q8TY15,SolubleMPNN,5,Archaea,Top,361,108.46818171745151,4.668266105651855,-27.713900855887296,0.1828254847645429,0.1274238227146814,-0.2005540166204986,0.0581717451523545,22.990581717451526,0.0554016620498615,0.2770083102493075,0.8476454293628809,-0.4044321329639889,0.1123086823917848,25.08743667602539,0.299168975069252,0.22419928825622776,0.15658362989323843,-0.09252669039145907,0.3807829181494662
Q8TY15,SolubleMPNN,6,Archaea,Top,361,108.03879806094184,4.597785758972168,-25.994446496704057,0.1745152354570637,0.1163434903047091,-0.113573407202216,0.0581717451523545,25.737396121883652,0.0581717451523545,0.2742382271468144,0.8975069252077563,-0.3767313019390582,0.0573951325682627,26.593812942504883,0.299168975069252,0.20422535211267606,0.13732394366197184,-0.08098591549295775,0.3415492957746479
Q8TY15,SolubleMPNN,7,Archaea,Top,361,107.36532105263156,4.750341606140137,-21.840074057508694,0.1578947368421052,0.1163434903047091,-0.0221606648199446,0.0498614958448753,25.208310249307473,0.0692520775623268,0.2880886426592798,0.8559556786703602,-0.2188365650969528,0.0418066845284047,28.14630126953125,0.299168975069252,0.1986062717770035,0.14285714285714285,-0.07665505226480836,0.3414634146341463
B1YC30,SolubleMPNN,0,Archaea,Neutral,262,110.278506870229,4.929043388366698,-11.503029770899332,0.1984732824427481,0.1564885496183206,-0.432824427480916,0.0343511450381679,36.35267175572518,0.0610687022900763,0.2366412213740458,0.83206106870229,-0.0763358778625953,0.150212677072652,22.70838737487793,0.3015267175572519,0.255,0.195,-0.06,0.45
B1YC30,SolubleMPNN,1,Archaea,Neutral,262,111.3827427480916,5.129912376403809,-8.489814159816525,0.2061068702290076,0.1755725190839694,-0.5354961832061069,0.0419847328244274,43.46717557251907,0.0458015267175572,0.2290076335877862,0.8511450381679388,-0.1183206106870228,0.2230189402408253,23.060108184814453,0.3015267175572519,0.27717391304347827,0.2391304347826087,-0.03804347826086957,0.5163043478260869
B1YC30,SolubleMPNN,2,Archaea,Neutral,262,111.47564389312976,4.676223564147949,-18.448172797785276,0.2022900763358778,0.1335877862595419,-0.4309160305343512,0.0381679389312977,55.081679389312946,0.0534351145038167,0.2633587786259542,0.8625954198473282,0.0076335877862595,0.1408528560147407,23.39742660522461,0.3015267175572519,0.2727272727272727,0.18716577540106952,-0.0855614973262032,0.4598930481283422
B1YC30,SolubleMPNN,3,Archaea,Neutral,262,110.21327748091603,5.412970542907714,-4.534173707907328,0.1870229007633587,0.1717557251908397,-0.4984732824427481,0.0381679389312977,34.31984732824427,0.0458015267175572,0.2557251908396947,0.8893129770992366,-0.1335877862595419,0.1085185565046666,26.313692092895508,0.3015267175572519,0.24456521739130435,0.2391304347826087,-0.005434782608695652,0.4836956521739131
B1YC30,SolubleMPNN,4,Archaea,Neutral,262,107.12102251908398,4.7531835556030275,-13.494795898025686,0.1717557251908397,0.1221374045801526,-0.1225190839694656,0.0419847328244274,37.00343511450382,0.0458015267175572,0.316793893129771,0.866412213740458,0.1106870229007633,0.1115084633255891,23.83819580078125,0.3015267175572519,0.21666666666666667,0.17222222222222222,-0.044444444444444446,0.3888888888888889
B1YC30,SolubleMPNN,5,Archaea,Neutral,262,112.86505114503817,5.234950828552246,-7.494609067757558,0.2175572519083969,0.1908396946564885,-0.7442748091603053,0.0458015267175572,34.10114503816795,0.049618320610687,0.2022900763358778,0.8778625954198473,0.1374045801526717,0.10835137290646,23.399145126342773,0.3015267175572519,0.2731707317073171,0.24390243902439024,-0.02926829268292683,0.5170731707317073
B1YC30,SolubleMPNN,6,Archaea,Neutral,262,112.21200610687022,5.10723361968994,-9.493580067058552,0.2175572519083969,0.183206106870229,-0.6286259541984732,0.0381679389312977,41.8973282442748,0.0381679389312977,0.2022900763358778,0.866412213740458,-0.0725190839694656,0.0848476660136458,23.28877639770508,0.3015267175572519,0.2804232804232804,0.24867724867724866,-0.031746031746031744,0.5291005291005291
B1YC30,SolubleMPNN,7,Archaea,Neutral,262,110.73969656488548,4.690433311462402,-18.488100219975124,0.2137404580152672,0.1450381679389313,-0.4629770992366412,0.0419847328244274,43.270229007633574,0.049618320610687,0.2366412213740458,0.8587786259541985,-0.0267175572519083,0.2127314205492673,22.941125869750977,0.3015267175572519,0.2808988764044944,0.20786516853932585,-0.07303370786516854,0.48876404494382025
P80505,SolubleMPNN,0,Bacteria,Bottom,337,108.63423709198813,4.817582130432128,-19.875420555936252,0.1661721068249258,0.1246290801186943,-0.1792284866468842,0.0682492581602373,35.26587537091988,0.0474777448071216,0.2967359050445103,0.8071216617210684,-0.2433234421364985,0.0885112250097413,23.78828811645508,0.2997032640949555,0.21120689655172414,0.16379310344827586,-0.06465517241379311,0.375
P80505,SolubleMPNN,1,Bacteria,Bottom,337,107.997353115727,4.748352241516113,-21.00559190902755,0.172106824925816,0.1246290801186943,-0.0694362017804154,0.0623145400593471,20.149881305637972,0.0445103857566765,0.2789317507418397,0.8071216617210683,-0.1721068249258159,0.0982645790735688,23.273290634155273,0.2997032640949555,0.22131147540983606,0.1598360655737705,-0.0778688524590164,0.3811475409836066
P80505,SolubleMPNN,2,Bacteria,Bottom,337,109.09942106824926,5.015836524963378,-14.919386179397064,0.1602373887240356,0.1335311572700296,-0.1264094955489614,0.0741839762611276,25.908902077151325,0.0385756676557863,0.2818991097922848,0.8100890207715133,-0.2047477744807121,0.0755368154954403,24.04984474182129,0.2997032640949555,0.21818181818181817,0.18181818181818182,-0.05909090909090909,0.4
P80505,SolubleMPNN,3,Bacteria,Bottom,337,109.86566201780415,5.267803764343261,-11.816141136803523,0.1632047477744806,0.1483679525222551,-0.2827893175074183,0.0712166172106825,24.503264094955483,0.0474777448071216,0.2670623145400593,0.7804154302670623,-0.0089020771513353,0.1243822378614007,21.66025733947754,0.2997032640949555,0.20276497695852536,0.19815668202764977,-0.027649769585253458,0.40092165898617516
P80505,SolubleMPNN,4,Bacteria,Bottom,337,109.5565112759644,4.846513175964354,-19.900368864236007,0.1750741839762611,0.1335311572700296,-0.1869436201780415,0.0682492581602373,28.20089020771513,0.0474777448071216,0.2700296735905044,0.8694362017804154,-0.1038575667655786,0.09559944774151,22.377168655395508,0.2997032640949555,0.24056603773584906,0.1792452830188679,-0.08018867924528301,0.41981132075471694
P80505,SolubleMPNN,5,Bacteria,Bottom,337,109.66394391691396,5.100242424011229,-13.90263174437095,0.172106824925816,0.1483679525222551,-0.2421364985163204,0.059347181008902,21.22818991097921,0.0385756676557863,0.2670623145400593,0.857566765578635,-0.0979228486646884,0.0790469759575773,23.82120132446289,0.2997032640949555,0.2157676348547718,0.1908713692946058,-0.04564315352697095,0.4066390041493776
P80505,SolubleMPNN,6,Bacteria,Bottom,337,110.00864035608308,5.202495765686035,-12.808199128311529,0.1632047477744806,0.1454005934718101,-0.1919881305637982,0.0652818991097922,31.71486646884272,0.0474777448071216,0.2670623145400593,0.8071216617210683,-0.0356083086053412,0.0956733253167392,23.3072566986084,0.2997032640949555,0.22727272727272727,0.21212121212121213,-0.04040404040404041,0.4393939393939394
P80505,SolubleMPNN,7,Bacteria,Bottom,337,110.06779554896144,5.562513923645019,-8.747633386224173,0.1602373887240356,0.1572700296735905,-0.3014836795252226,0.0652818991097922,35.90178041543027,0.0445103857566765,0.2700296735905044,0.8427299703264095,-0.0712166172106825,0.097840574384177,23.914794921875,0.2997032640949555,0.2149122807017544,0.2149122807017544,-0.02631578947368421,0.4298245614035088
Q9N2D5,SolubleMPNN,0,Eukaryota,Neutral,333,107.53580750750751,4.967409706115721,-13.994125991291313,0.1471471471471471,0.1201201201201201,-0.0291291291291291,0.081081081081081,32.32792792792792,0.057057057057057,0.3033033033033033,0.852852852852853,-0.1801801801801801,0.1525862836315254,21.022388458251953,0.3003003003003003,0.20207253886010362,0.18652849740932642,-0.031088082901554404,0.38860103626943004
Q9N2D5,SolubleMPNN,1,Eukaryota,Neutral,333,108.46377507507508,4.949562263488769,-17.724528439728765,0.1651651651651651,0.1351351351351351,-0.1444444444444444,0.075075075075075,30.16969969969969,0.063063063063063,0.2852852852852853,0.8438438438438438,-0.051051051051051,0.0738001314924391,22.10845184326172,0.3003003003003003,0.22,0.205,-0.05,0.425
Q9N2D5,SolubleMPNN,2,Eukaryota,Neutral,333,108.7251801801802,4.705495643615721,-21.991036552262425,0.1771771771771771,0.1261261261261261,-0.1657657657657657,0.069069069069069,26.263093093093087,0.051051051051051,0.2762762762762762,0.8288288288288288,-0.102102102102102,0.0996075189113163,23.50482940673828,0.3003003003003003,0.24299065420560748,0.17757009345794392,-0.08411214953271028,0.4205607476635514
Q9N2D5,SolubleMPNN,3,Eukaryota,Neutral,333,109.90092222222223,4.905227851867674,-19.71668365603841,0.1741741741741741,0.1381381381381381,-0.2066066066066066,0.084084084084084,33.28108108108108,0.057057057057057,0.2672672672672673,0.8618618618618619,0.015015015015015,0.0887868141282405,22.067182540893555,0.3003003003003003,0.26063829787234044,0.2127659574468085,-0.0851063829787234,0.473404255319149
Q9N2D5,SolubleMPNN,4,Eukaryota,Neutral,333,108.15983183183184,4.748295402526855,-23.72826146671798,0.1831831831831831,0.1351351351351351,-0.1618618618618618,0.072072072072072,23.348348348348345,0.054054054054054,0.2702702702702703,0.8498498498498499,-0.081081081081081,0.0781964446198022,22.56537628173828,0.3003003003003003,0.27835051546391754,0.20103092783505155,-0.10824742268041238,0.4793814432989691
Q9N2D5,SolubleMPNN,5,Eukaryota,Neutral,333,108.49675735735735,4.88357219696045,-20.64414250542749,0.1681681681681681,0.1321321321321321,-0.178978978978979,0.075075075075075,27.86096096096097,0.06006006006006,0.2882882882882883,0.7867867867867868,0.03003003003003,0.0722997190739126,22.14838218688965,0.3003003003003003,0.25,0.20192307692307693,-0.09134615384615384,0.4519230769230769
Q9N2D5,SolubleMPNN,6,Eukaryota,Neutral,333,109.137666966967,5.07500591278076,-18.46465104105917,0.1771771771771771,0.1531531531531531,-0.2933933933933934,0.069069069069069,20.522822822822807,0.057057057057057,0.2702702702702703,0.7867867867867868,-0.036036036036036,0.0785689535689535,21.9554500579834,0.3003003003003003,0.24489795918367346,0.23979591836734693,-0.05102040816326531,0.4846938775510204
Q9N2D5,SolubleMPNN,7,Eukaryota,Neutral,333,107.9980741741742,5.012141990661621,-17.550526701697372,0.1591591591591591,0.1351351351351351,-0.145045045045045,0.066066066066066,36.086186186186175,0.063063063063063,0.2852852852852853,0.8078078078078078,-0.099099099099099,0.0913976559782152,21.88699722290039,0.3003003003003003,0.2619047619047619,0.2261904761904762,-0.06547619047619048,0.48809523809523814
Q6DIY2,SolubleMPNN,0,Eukaryota,Bottom,179,114.3864061452514,5.3356126785278315,-6.135070540426266,0.1843575418994413,0.1731843575418994,-0.5636871508379888,0.0893854748603352,34.26206703910612,0.0726256983240223,0.2067039106145251,0.8491620111731844,-0.2681564245810055,0.2407711688027166,15.936847686767578,0.3016759776536313,0.22857142857142856,0.24761904761904763,-0.009523809523809525,0.47619047619047616
Q6DIY2,SolubleMPNN,1,Eukaryota,Bottom,179,114.93390335195532,5.1830568313598615,-8.043033107017525,0.1787709497206704,0.1620111731843575,-0.5374301675977654,0.0949720670391061,30.281620111731833,0.0726256983240223,0.2122905027932961,0.7932960893854748,-0.2569832402234637,0.2435634370272739,15.858848571777344,0.3016759776536313,0.25510204081632654,0.25510204081632654,-0.030612244897959183,0.5102040816326531
Q6DIY2,SolubleMPNN,2,Eukaryota,Bottom,179,115.19629832402237,5.0966615676879865,-8.11129255603225,0.1843575418994413,0.1620111731843575,-0.5932960893854748,0.1005586592178771,28.463184357541884,0.0670391061452514,0.2234636871508379,0.7653631284916201,-0.0279329608938547,0.1914160505804034,16.514421463012695,0.3016759776536313,0.23853211009174313,0.22018348623853212,-0.03669724770642202,0.45871559633027525
Q6DIY2,SolubleMPNN,3,Eukaryota,Bottom,179,114.093987150838,5.082394981384277,-9.932836415486232,0.1899441340782123,0.1675977653631284,-0.5513966480446928,0.0949720670391061,30.17435754189942,0.0670391061452514,0.2402234636871508,0.7988826815642458,-0.2513966480446927,0.2318362439331955,15.826605796813965,0.3016759776536313,0.2708333333333333,0.21875,-0.07291666666666667,0.4895833333333333
Q6DIY2,SolubleMPNN,4,Eukaryota,Bottom,179,116.46634469273744,5.148271369934081,-9.016405343928152,0.1955307262569832,0.1731843575418994,-0.6603351955307263,0.0949720670391061,37.641899441340776,0.0558659217877094,0.2011173184357541,0.8826815642458101,-0.1787709497206704,0.2345440195608103,15.955503463745115,0.3016759776536313,0.2903225806451613,0.2903225806451613,-0.03225806451612903,0.5806451612903226
Q6DIY2,SolubleMPNN,5,Eukaryota,Bottom,179,115.87271061452516,4.966841316223144,-11.097583328513782,0.2234636871508379,0.1843575418994413,-0.7843575418994414,0.0893854748603351,26.043631284916184,0.0614525139664804,0.2011173184357541,0.782122905027933,-0.0558659217877094,0.2059104525949316,15.669973373413086,0.3016759776536313,0.27450980392156865,0.2549019607843137,-0.0196078431372549,0.5294117647058824
Q6DIY2,SolubleMPNN,6,Eukaryota,Bottom,179,115.49791731843575,4.994351387023924,-11.919325926566504,0.2067039106145251,0.1731843575418994,-0.7368715083798884,0.0837988826815642,40.3391061452514,0.0726256983240223,0.2067039106145251,0.8044692737430168,-0.2793296089385475,0.1968261679216257,19.215967178344727,0.3016759776536313,0.2396694214876033,0.23140495867768596,-0.049586776859504134,0.47107438016528924
Q6DIY2,SolubleMPNN,7,Eukaryota,Bottom,179,115.08432737430168,4.836850547790527,-12.09165151959473,0.1955307262569832,0.1508379888268156,-0.4966480446927375,0.0949720670391061,38.58882681564245,0.0782122905027933,0.2122905027932961,0.7597765363128492,-0.3016759776536313,0.0861284269105498,17.738821029663086,0.3016759776536313,0.26229508196721313,0.18032786885245902,-0.10655737704918032,0.4426229508196722
G0HQ35,SolubleMPNN,0,Archaea,Bottom,358,108.0629941340782,4.759379005432128,-19.908802884151044,0.1536312849162011,0.1145251396648044,0.0251396648044692,0.0865921787709497,32.700837988826805,0.0782122905027933,0.2905027932960894,0.7653631284916201,-0.1899441340782123,0.068680735854203,23.12407875061035,0.3016759776536313,0.1857707509881423,0.14624505928853754,-0.05138339920948617,0.3320158102766798
G0HQ35,SolubleMPNN,1,Archaea,Bottom,358,105.688743575419,5.357779884338378,-9.45006635018118,0.1201117318435754,0.1145251396648044,0.1145251396648044,0.0726256983240223,38.89891061452512,0.0810055865921787,0.3491620111731843,0.8547486033519553,-0.1396648044692737,0.0777040166890601,24.090351104736328,0.3016759776536313,0.14655172413793102,0.15948275862068967,-0.01293103448275862,0.30603448275862066
G0HQ35,SolubleMPNN,2,Archaea,Bottom,358,107.60905418994416,4.634390068054199,-24.825067660829077,0.164804469273743,0.1145251396648044,-0.1055865921787709,0.0810055865921787,34.926256983240215,0.0726256983240223,0.3072625698324022,0.8240223463687151,-0.4441340782122904,0.0456381607219596,28.56021499633789,0.3016759776536313,0.17445482866043613,0.12149532710280374,-0.06853582554517133,0.29595015576323985
G0HQ35,SolubleMPNN,3,Archaea,Bottom,358,107.76299608938548,4.664912605285645,-22.815675068748696,0.1564245810055866,0.1117318435754189,-0.1184357541899441,0.0837988826815642,29.2631284916201,0.0837988826815642,0.2960893854748603,0.8044692737430167,-0.3351955307262569,0.1078979913855601,22.423437118530273,0.3016759776536313,0.20588235294117646,0.15966386554621848,-0.07142857142857142,0.36554621848739494
G0HQ35,SolubleMPNN,4,Archaea,Bottom,358,108.24556983240224,5.215966606140136,-10.930748865095964,0.1452513966480447,0.1312849162011173,-0.0762569832402234,0.0726256983240223,26.65921787709496,0.0670391061452514,0.2960893854748603,0.7430167597765364,-0.3128491620111732,0.0472391512894306,28.41014289855957,0.3016759776536313,0.16610169491525423,0.15254237288135594,-0.030508474576271188,0.31864406779661014
G0HQ35,SolubleMPNN,5,Archaea,Bottom,358,109.64331061452516,5.86751194000244,-5.7492250232362,0.159217877094972,0.164804469273743,-0.3256983240223464,0.0782122905027933,23.026536312849156,0.053072625698324,0.2905027932960893,0.7513966480446927,-0.2430167597765363,0.0500858880515018,25.767719268798828,0.3016759776536313,0.17307692307692307,0.1891025641025641,-0.009615384615384616,0.36217948717948717
G0HQ35,SolubleMPNN,6,Archaea,Bottom,358,106.58518268156423,4.810988807678222,-22.16603720927894,0.1508379888268156,0.1173184357541899,-0.0270949720670391,0.0670391061452514,32.0203910614525,0.0754189944134078,0.3379888268156424,0.8547486033519553,-0.3184357541899441,0.0649174804895731,26.014915466308594,0.3016759776536313,0.18478260869565216,0.14130434782608695,-0.07246376811594203,0.32608695652173914
G0HQ35,SolubleMPNN,7,Archaea,Bottom,358,105.93464329608938,4.871351814270019,-14.695259322607257,0.1340782122905028,0.106145251396648,0.0927374301675977,0.0782122905027933,30.699441340782112,0.0782122905027933,0.3324022346368715,0.7206703910614525,-0.1843575418994413,0.0781867108682751,24.39974594116211,0.3016759776536313,0.17786561264822134,0.13438735177865613,-0.05533596837944664,0.31225296442687744
Q8DLT5,SolubleMPNN,0,Bacteria,Neutral,449,106.33882204899776,4.36673526763916,-33.24076023006998,0.1492204899777282,0.0801781737193764,-0.1496659242761692,0.042316258351893,28.632516703786184,0.0623608017817371,0.2984409799554566,0.9042316258351892,-0.3608017817371937,0.0470854700675288,27.979612350463867,0.3006681514476614,0.20363636363636364,0.11636363636363636,-0.08727272727272728,0.32
Q8DLT5,SolubleMPNN,1,Bacteria,Neutral,449,106.0447095768374,4.427950859069825,-29.254818300827964,0.1425389755011135,0.0824053452115812,-0.088641425389755,0.0356347438752783,29.30913140311802,0.0512249443207126,0.309576837416481,0.935412026726058,-0.4276169265033407,0.0435046614460783,29.090240478515625,0.3006681514476614,0.19133574007220217,0.11552346570397112,-0.07581227436823104,0.3068592057761733
Q8DLT5,SolubleMPNN,2,Bacteria,Neutral,449,108.30810111358576,4.784899711608887,-21.22176783659482,0.1603563474387528,0.1180400890868596,-0.3913140311804008,0.0378619153674833,27.643875278396436,0.0556792873051224,0.2694877505567928,0.9064587973273942,-0.3452115812917594,0.0595747283525679,27.95738410949707,0.3006681514476614,0.2413793103448276,0.18773946360153257,-0.05363984674329502,0.42911877394636017
Q8DLT5,SolubleMPNN,3,Bacteria,Neutral,449,105.71531447661472,4.727037620544433,-19.175967977460218,0.133630289532294,0.0979955456570156,-0.1008908685968819,0.0334075723830735,24.59443207126948,0.0534521158129175,0.3140311804008908,0.9042316258351892,-0.4543429844097996,0.0459820735763508,28.811012268066406,0.3006681514476614,0.18545454545454546,0.15636363636363637,-0.04,0.3418181818181818
Q8DLT5,SolubleMPNN,4,Bacteria,Neutral,449,106.63675790645878,4.498317527770996,-30.045883033490213,0.1425389755011135,0.0846325167037861,-0.198218262806236,0.0400890868596881,28.87594654788418,0.0579064587973273,0.3184855233853007,0.8775055679287305,-0.3474387527839643,0.0391116179468436,25.386966705322266,0.3006681514476614,0.20279720279720279,0.12237762237762238,-0.09090909090909091,0.32517482517482516
Q8DLT5,SolubleMPNN,5,Bacteria,Neutral,449,105.68220222717147,4.708962821960449,-18.27895238092488,0.1291759465478842,0.0935412026726058,-0.0966592427616926,0.0356347438752784,28.278619153674818,0.0623608017817371,0.3073496659242761,0.930957683741648,-0.4097995545657015,0.0582505620705306,30.729177474975582,0.3006681514476614,0.1918819188191882,0.13653136531365315,-0.055350553505535055,0.3284132841328413
Q8DLT5,SolubleMPNN,6,Bacteria,Neutral,449,107.20867349665924,4.688671302795409,-22.23164760134108,0.1469933184855233,0.1024498886414254,-0.2320712694877505,0.0400890868596881,28.716703786191523,0.0489977728285077,0.3028953229398664,0.9265033407572384,-0.4231625835189309,0.040287477533437,35.011985778808594,0.3006681514476614,0.19093851132686085,0.13592233009708737,-0.05825242718446602,0.3268608414239482
Q8DLT5,SolubleMPNN,7,Bacteria,Neutral,449,106.1837665924276,4.529976844787597,-25.248597894413138,0.1358574610244989,0.0846325167037861,-0.0387527839643652,0.0378619153674833,30.074610244988868,0.0623608017817371,0.2962138084632516,0.9287305122494433,-0.4699331848552338,0.0421863941249423,32.34123229980469,0.3006681514476614,0.19434628975265017,0.1166077738515901,-0.0812720848056537,0.31095406360424027
O67786,SolubleCaliby,0,Bacteria,Top,223,114.20646502242153,4.7555139541625975,-15.25115771007065,0.2152466367713004,0.1569506726457399,-0.2430493273542601,0.0941704035874439,35.7242600896861,0.0493273542600896,0.1928251121076233,0.8923766816143498,0.2914798206278027,0.1686020326238079,17.865554809570312,0.3004484304932735,0.37755102040816324,0.2857142857142857,-0.09183673469387756,0.6632653061224489
O67786,SolubleCaliby,1,Bacteria,Top,223,114.04501973094172,4.731925773620605,-15.249114926789694,0.2062780269058295,0.147982062780269,-0.1596412556053811,0.0896860986547085,31.636322869955155,0.0493273542600896,0.2062780269058295,0.8968609865470851,0.2600896860986547,0.1721391238049377,18.182992935180664,0.3004484304932735,0.34579439252336447,0.2523364485981308,-0.102803738317757,0.5981308411214953
O67786,SolubleCaliby,2,Bacteria,Top,223,113.99111614349776,4.7103269577026365,-16.251716650264164,0.2197309417040359,0.1569506726457399,-0.2596412556053812,0.0896860986547085,34.334977578475325,0.0538116591928251,0.1928251121076233,0.8878923766816144,0.2690582959641255,0.1554278993079257,18.685779571533203,0.3004484304932735,0.3523809523809524,0.2761904761904762,-0.0761904761904762,0.6285714285714286
O67786,SolubleCaliby,3,Bacteria,Top,223,112.39254215246636,4.589544105529785,-18.251783629022057,0.2062780269058295,0.1345291479820627,-0.1017937219730941,0.0807174887892376,29.034080717488777,0.0538116591928251,0.2152466367713004,0.8923766816143498,0.3542600896860987,0.1713926070782337,18.542573928833008,0.3004484304932735,0.3333333333333333,0.2072072072072072,-0.13513513513513514,0.5405405405405406
O67786,SolubleCaliby,4,Bacteria,Top,223,114.62371659192826,4.745226097106933,-16.16467422185042,0.2152466367713004,0.1569506726457399,-0.3255605381165919,0.0941704035874439,34.634080717488786,0.0582959641255605,0.1928251121076233,0.8789237668161435,0.2600896860986547,0.0938508569176528,19.952486038208008,0.3004484304932735,0.3333333333333333,0.21951219512195122,-0.12195121951219512,0.5528455284552846
O67786,SolubleCaliby,5,Bacteria,Top,223,114.29136098654708,4.5827234268188475,-20.16353346111057,0.2197309417040359,0.1434977578475336,-0.2026905829596412,0.0986547085201793,42.85121076233184,0.0493273542600896,0.1883408071748879,0.9237668161434978,0.3946188340807175,0.1241834680978778,18.540842056274418,0.3004484304932735,0.29545454545454547,0.2196969696969697,-0.09090909090909091,0.5151515151515151
O67786,SolubleCaliby,6,Bacteria,Top,223,115.18057040358744,4.770803642272949,-15.247788307903916,0.2152466367713004,0.1569506726457399,-0.3031390134529148,0.1031390134529148,33.89645739910314,0.0582959641255605,0.179372197309417,0.8699551569506727,0.2062780269058295,0.1421615255695973,18.816381454467773,0.3004484304932735,0.3504273504273504,0.23931623931623933,-0.11965811965811966,0.5897435897435898
O67786,SolubleCaliby,7,Bacteria,Top,223,114.50800493273545,4.795301246643067,-14.253846412103009,0.2152466367713004,0.1614349775784753,-0.2820627802690583,0.0896860986547085,35.65295964125559,0.0538116591928251,0.1928251121076233,0.8789237668161436,0.2959641255605381,0.169118086696562,18.441984176635746,0.3004484304932735,0.33962264150943394,0.2830188679245283,-0.05660377358490566,0.6226415094339622
Q980U8,SolubleCaliby,0,Archaea,Top,349,111.23256332378224,5.214943504333495,-9.886865049267904,0.1776504297994269,0.157593123209169,-0.2240687679083094,0.0659025787965616,32.23724928366762,0.0659025787965616,0.2320916905444126,0.8051575931232091,0.329512893982808,0.0763742441592356,23.104509353637695,0.3008595988538682,0.2324561403508772,0.22807017543859648,-0.017543859649122806,0.4605263157894737
Q980U8,SolubleCaliby,1,Archaea,Top,349,112.45227277936964,5.256549644470215,-8.972617275622405,0.1891117478510028,0.1690544412607449,-0.3699140401146131,0.0601719197707736,36.948137535816606,0.0687679083094555,0.2034383954154728,0.8481375358166189,0.3724928366762178,0.1471123845908946,20.673587799072266,0.3008595988538682,0.28125,0.2760416666666667,-0.010416666666666666,0.5572916666666667
Q980U8,SolubleCaliby,2,Archaea,Top,349,111.47427908309454,5.2901414871215815,-8.918836936881753,0.1833810888252149,0.166189111747851,-0.2816618911174785,0.0544412607449856,22.597421203438387,0.0573065902578796,0.2234957020057306,0.8796561604584527,0.4269340974212035,0.0854876366337684,23.052249908447266,0.3008595988538682,0.2544642857142857,0.24107142857142858,-0.017857142857142856,0.4955357142857143
Q980U8,SolubleCaliby,3,Archaea,Top,349,112.3259664756447,5.3356126785278315,-10.627679986076252,0.1862464183381089,0.1719197707736389,-0.3492836676217765,0.0630372492836676,29.39598853868195,0.0659025787965616,0.2063037249283667,0.8051575931232091,0.2893982808022923,0.1163742078514211,22.43183708190918,0.3008595988538682,0.2756756756756757,0.2756756756756757,-0.032432432432432434,0.5513513513513514
Q980U8,SolubleCaliby,4,Archaea,Top,349,112.2375005730659,5.390178108215332,-6.973570516129435,0.1833810888252149,0.169054441260745,-0.373352435530086,0.0601719197707736,30.86017191977076,0.0630372492836676,0.2091690544412607,0.7851002865329513,0.2521489971346704,0.1229182726571931,21.43293571472168,0.3008595988538682,0.2634146341463415,0.2634146341463415,-0.00975609756097561,0.526829268292683
Q980U8,SolubleCaliby,5,Archaea,Top,349,112.30564613180516,5.367897224426269,-7.882720962407752,0.1862464183381089,0.1719197707736389,-0.4031518624641834,0.0601719197707736,30.475071633237828,0.0659025787965616,0.2091690544412607,0.8366762177650429,0.320916905444126,0.0376140689444173,23.180599212646484,0.3008595988538682,0.23828125,0.21875,-0.03125,0.45703125
Q980U8,SolubleCaliby,6,Archaea,Top,349,110.39498997134672,5.166118812561034,-9.999001701116782,0.1805157593123209,0.157593123209169,-0.2934097421203439,0.0487106017191977,29.081375358166184,0.0630372492836676,0.2349570200573066,0.8796561604584527,0.3982808022922637,0.0443673654049163,24.076824188232425,0.3008595988538682,0.2222222222222222,0.21031746031746032,-0.01984126984126984,0.43253968253968256
Q980U8,SolubleCaliby,7,Archaea,Top,349,110.09733123209168,5.247853279113768,-7.993221848798122,0.1719197707736389,0.154727793696275,-0.1679083094555874,0.0544412607449856,23.759025787965612,0.0601719197707736,0.2435530085959885,0.825214899713467,0.320916905444126,0.0483570870390354,26.458559036254883,0.3008595988538682,0.21455938697318008,0.19540229885057472,-0.02681992337164751,0.4099616858237548
O58832,SolubleCaliby,0,Archaea,Top,342,109.95550672514618,5.097798347473144,-12.795691274243858,0.1842105263157895,0.1578947368421052,-0.2526315789473684,0.0584795321637426,31.94619883040935,0.0789473684210526,0.2251461988304093,0.8771929824561403,-0.023391812865497,0.0958324183197911,22.00244140625,0.3011695906432748,0.3111111111111111,0.23333333333333334,-0.08888888888888889,0.5444444444444445
O58832,SolubleCaliby,1,Archaea,Top,342,110.0521923976608,5.013790321350096,-13.844850966953976,0.1900584795321637,0.1578947368421052,-0.2745614035087719,0.0584795321637426,31.465204678362575,0.0818713450292397,0.2222222222222222,0.8888888888888888,-0.0409356725146198,0.0860985797827903,22.660327911376953,0.3011695906432748,0.2887700534759358,0.25133689839572193,-0.0481283422459893,0.5401069518716577
O58832,SolubleCaliby,2,Archaea,Top,342,109.16828245614032,5.016859626770019,-14.683971721309264,0.1783625730994152,0.1491228070175438,-0.1637426900584795,0.0526315789473684,34.9438596491228,0.0906432748538011,0.2309941520467836,0.8479532163742689,-0.0760233918128654,0.0893291280636047,22.441972732543945,0.3011695906432748,0.29508196721311475,0.2185792349726776,-0.09289617486338798,0.5136612021857924
O58832,SolubleCaliby,3,Archaea,Top,342,110.38847251461988,5.019019508361816,-14.790649290290972,0.1929824561403508,0.1608187134502924,-0.302046783625731,0.0584795321637426,35.58947368421051,0.0760233918128654,0.2192982456140351,0.868421052631579,-0.0614035087719298,0.0945570319781588,22.066234588623047,0.3011695906432748,0.3146067415730337,0.24719101123595505,-0.08426966292134831,0.5617977528089888
O58832,SolubleCaliby,4,Archaea,Top,342,108.87200935672512,4.86430377960205,-16.880839798464685,0.1871345029239766,0.1461988304093567,-0.1982456140350877,0.0497076023391812,30.800292397660815,0.0847953216374269,0.239766081871345,0.8976608187134503,-0.0204678362573099,0.09515278807347,21.947797775268555,0.3011695906432748,0.2786885245901639,0.21311475409836064,-0.07103825136612021,0.4918032786885246
O58832,SolubleCaliby,5,Archaea,Top,342,109.22951900584796,4.944048881530762,-14.856918697949707,0.1783625730994152,0.1432748538011695,-0.1476608187134503,0.0584795321637426,32.13421052631579,0.0789473684210526,0.2368421052631578,0.932748538011696,-0.0321637426900585,0.0845662351510304,23.795347213745117,0.3011695906432748,0.2978723404255319,0.21808510638297873,-0.09042553191489362,0.5159574468085106
O58832,SolubleCaliby,6,Archaea,Top,342,109.78535643274854,4.87913875579834,-15.96307664346002,0.1842105263157895,0.1432748538011695,-0.2251461988304093,0.0526315789473684,30.26929824561404,0.0818713450292397,0.2339181286549707,0.9181286549707602,-0.1286549707602339,0.0768913157052092,23.857526779174805,0.3011695906432748,0.28061224489795916,0.20408163265306123,-0.08163265306122448,0.4846938775510204
O58832,SolubleCaliby,7,Archaea,Top,342,109.38745087719298,4.86430377960205,-16.846065825798902,0.1871345029239766,0.1461988304093567,-0.2002923976608187,0.0526315789473684,31.15,0.0818713450292397,0.2280701754385964,0.8304093567251462,-0.0116959064327485,0.1004430739520794,21.64409637451172,0.3011695906432748,0.31976744186046513,0.23255813953488372,-0.09883720930232558,0.5523255813953488
Q9Z9J6,SolubleCaliby,0,Bacteria,Top,62,112.30729032258066,4.947629737854004,-3.4736418399639035,0.2096774193548387,0.1612903225806451,-0.2016129032258064,0.0161290322580645,58.42258064516128,0.032258064516129,0.1774193548387097,0.935483870967742,-0.032258064516129,0.4225550435227855,10.478020668029783,0.3064516129032258,0.3170731707317073,0.24390243902439024,-0.07317073170731707,0.5609756097560976
Q9Z9J6,SolubleCaliby,1,Bacteria,Top,62,114.6814112903226,4.927224540710449,-3.477067658757184,0.2258064516129032,0.1774193548387096,-0.396774193548387,0.0161290322580645,38.40645161290322,0.032258064516129,0.1451612903225806,0.935483870967742,-0.032258064516129,0.4488136496934151,10.66970443725586,0.3064516129032258,0.30952380952380953,0.2619047619047619,-0.047619047619047616,0.5714285714285714
Q9Z9J6,SolubleCaliby,2,Bacteria,Top,62,112.74385322580646,4.758867454528808,-4.4750696567591834,0.2258064516129032,0.1612903225806451,-0.3790322580645161,0.0,61.10645161290323,0.064516129032258,0.1612903225806451,0.935483870967742,-0.032258064516129,0.4415933528836754,10.485283851623535,0.3064516129032258,0.30952380952380953,0.21428571428571427,-0.09523809523809523,0.5238095238095238
Q9Z9J6,SolubleCaliby,3,Bacteria,Top,62,111.9846629032258,4.878172492980957,-3.4749131154353936,0.2096774193548387,0.1612903225806451,-0.1129032258064516,0.0,46.44516129032259,0.0483870967741935,0.1935483870967742,0.9193548387096776,-0.0483870967741935,0.4506874669487044,10.710585594177246,0.3064516129032258,0.2926829268292683,0.21951219512195122,-0.07317073170731707,0.5121951219512195
Q9Z9J6,SolubleCaliby,4,Bacteria,Top,62,111.8384870967742,4.6139848709106435,-5.475059656859182,0.2258064516129032,0.1451612903225806,-0.3403225806451613,0.0,51.767741935483855,0.0483870967741935,0.1935483870967742,0.9032258064516128,-0.032258064516129,0.4521331945889698,10.615842819213867,0.3064516129032258,0.2857142857142857,0.19047619047619047,-0.09523809523809523,0.47619047619047616
Q9Z9J6,SolubleCaliby,5,Bacteria,Top,62,113.1635129032258,4.891529655456543,-4.128280301697481,0.2096774193548387,0.1612903225806451,-0.1161290322580645,0.0161290322580645,58.90161290322581,0.0483870967741935,0.1774193548387097,0.9193548387096776,-0.0483870967741935,0.4598807264841421,10.796732902526855,0.3064516129032258,0.3,0.25,-0.075,0.55
Q9Z9J6,SolubleCaliby,6,Bacteria,Top,62,113.1949870967742,4.6139848709106435,-5.473081654661183,0.2258064516129032,0.1451612903225806,-0.382258064516129,0.0,76.36774193548388,0.064516129032258,0.1612903225806451,0.935483870967742,-0.032258064516129,0.4502048131080389,10.52160930633545,0.3064516129032258,0.30952380952380953,0.19047619047619047,-0.11904761904761904,0.5
Q9Z9J6,SolubleCaliby,7,Bacteria,Top,62,113.53611451612905,5.411435890197754,-1.480009880571238,0.1935483870967742,0.1774193548387097,-0.3048387096774193,0.0161290322580645,36.85322580645161,0.0483870967741935,0.1774193548387097,0.935483870967742,-0.064516129032258,0.4499354838709677,10.635544776916504,0.3064516129032258,0.2682926829268293,0.2682926829268293,0.0,0.5365853658536586
P02819,SolubleCaliby,0,Eukaryota,Bottom,49,109.75593061224488,5.6386213302612305,-1.1431550714387448,0.1428571428571428,0.1428571428571428,-0.6857142857142857,0.1020408163265306,38.43469387755103,0.1836734693877551,0.2448979591836734,0.7959183673469388,0.3061224489795918,0.1499556344276841,11.060813903808594,0.3061224489795918,0.16666666666666666,0.16666666666666666,-0.027777777777777776,0.3333333333333333
P02819,SolubleCaliby,1,Eukaryota,Bottom,49,115.3121775510204,8.470710563659669,1.2897736480201347,0.1020408163265306,0.2448979591836734,-1.0081632653061223,0.1020408163265306,45.63673469387755,0.1836734693877551,0.2040816326530612,0.8367346938775511,0.3469387755102041,0.1421534130893736,14.906108856201172,0.3061224489795918,0.07894736842105263,0.3157894736842105,0.07894736842105263,0.39473684210526316
P02819,SolubleCaliby,2,Eukaryota,Bottom,49,111.67602653061223,5.094956398010253,-1.5322724167630373,0.1428571428571428,0.1224489795918367,-0.7285714285714286,0.1224489795918367,30.477551020408153,0.1836734693877551,0.2040816326530612,0.836734693877551,0.2653061224489795,0.1459492888064316,11.16651725769043,0.3061224489795918,0.13513513513513514,0.16216216216216217,0.02702702702702703,0.2972972972972973
P02819,SolubleCaliby,3,Eukaryota,Bottom,49,114.04568979591836,4.6009119033813475,-3.5277622538564586,0.163265306122449,0.1020408163265306,-0.7571428571428571,0.1428571428571428,31.830612244897967,0.1836734693877551,0.1836734693877551,0.8163265306122449,0.4081632653061224,0.1652089407191448,13.983344078063965,0.3061224489795918,0.18421052631578946,0.13157894736842105,-0.05263157894736842,0.3157894736842105
P02819,SolubleCaliby,4,Eukaryota,Bottom,49,116.5394163265306,7.182993507385254,0.2717931286963253,0.1224489795918367,0.2448979591836734,-0.8755102040816327,0.1224489795918367,59.020612244897954,0.1836734693877551,0.163265306122449,0.8367346938775511,0.3469387755102041,0.1571786609380594,14.939383506774902,0.3061224489795918,0.1282051282051282,0.3076923076923077,0.02564102564102564,0.4358974358974359
P02819,SolubleCaliby,5,Eukaryota,Bottom,49,111.84166530612244,8.180280494689942,0.5528467906356545,0.0816326530612245,0.1224489795918367,-0.4489795918367347,0.1224489795918367,36.46122448979592,0.1836734693877551,0.2244897959183673,0.8163265306122449,0.4081632653061224,0.1635998661759785,12.845980644226074,0.3061224489795918,0.10810810810810811,0.13513513513513514,0.02702702702702703,0.24324324324324326
P02819,SolubleCaliby,6,Eukaryota,Bottom,49,112.81943061224489,5.094956398010253,-1.530294414565037,0.1428571428571428,0.1224489795918367,-0.7530612244897958,0.1224489795918367,45.63265306122448,0.1836734693877551,0.2040816326530612,0.673469387755102,0.4693877551020408,0.1611008039579468,11.516769409179688,0.3061224489795918,0.16216216216216217,0.13513513513513514,-0.02702702702702703,0.2972972972972973
P02819,SolubleCaliby,7,Eukaryota,Bottom,49,111.2257857142857,5.126786231994628,-2.139355608366534,0.163265306122449,0.1428571428571428,-0.8122448979591838,0.1020408163265306,53.07142857142856,0.1836734693877551,0.2244897959183673,0.8979591836734695,0.3673469387755102,0.157927786499215,11.377229690551758,0.3061224489795918,0.16666666666666666,0.16666666666666666,-0.027777777777777776,0.3333333333333333
Q4R312,SolubleCaliby,0,Eukaryota,Bottom,82,117.6681243902439,5.830055046081543,-4.8314419833504765,0.1585365853658537,0.1951219512195122,-0.5792682926829268,0.1341463414634146,39.9501219512195,0.0609756097560975,0.1829268292682927,0.6219512195121951,-0.3048780487804878,0.1538617886178861,14.036114692687988,0.3048780487804878,0.16393442622950818,0.26229508196721313,-0.03278688524590164,0.42622950819672134
Q4R312,SolubleCaliby,1,Eukaryota,Bottom,82,113.80216951219514,5.065286445617674,-2.5267357272483277,0.1707317073170731,0.1463414634146341,-0.3,0.1097560975609756,38.13182926829267,0.1097560975609756,0.1707317073170731,0.7439024390243902,-0.4268292682926828,0.2190431519699812,16.972604751586914,0.3048780487804878,0.20967741935483872,0.1935483870967742,-0.016129032258064516,0.4032258064516129
Q4R312,SolubleCaliby,2,Eukaryota,Bottom,82,117.14331585365856,7.288088798522949,0.5000807240941132,0.1463414634146341,0.2439024390243902,-0.8914634146341462,0.1219512195121951,47.93304878048779,0.0853658536585365,0.1951219512195122,0.6707317073170731,-0.4756097560975609,0.2234804490902052,17.759675979614258,0.3048780487804878,0.16393442622950818,0.32786885245901637,0.03278688524590164,0.4918032786885246
Q4R312,SolubleCaliby,3,Eukaryota,Bottom,82,118.39949756097565,6.01847629547119,-3.829640522276268,0.1707317073170731,0.2195121951219512,-0.8926829268292683,0.1341463414634146,55.97695121951217,0.0609756097560975,0.1829268292682927,0.6463414634146342,-0.451219512195122,0.2046616837136113,16.637344360351562,0.3048780487804878,0.20967741935483872,0.2903225806451613,-0.04838709677419355,0.5
Q4R312,SolubleCaliby,4,Eukaryota,Bottom,82,117.97368414634144,6.207124900817871,-2.833318225407634,0.1707317073170731,0.2317073170731707,-0.7975609756097561,0.1341463414634146,31.348902439024386,0.0609756097560975,0.1585365853658536,0.6585365853658537,-0.3414634146341463,0.2237013591509961,15.679034233093262,0.3048780487804878,0.22580645161290322,0.2903225806451613,-0.06451612903225806,0.5161290322580645
Q4R312,SolubleCaliby,5,Eukaryota,Bottom,82,115.85275609756098,4.848332023620604,-3.527734728247328,0.1707317073170731,0.1341463414634146,-0.2926829268292683,0.1341463414634146,44.35378048780488,0.1097560975609756,0.1463414634146341,0.5975609756097561,-0.4024390243902439,0.2251776454772421,17.11030387878418,0.3048780487804878,0.2,0.16666666666666666,-0.03333333333333333,0.3666666666666667
Q4R312,SolubleCaliby,6,Eukaryota,Bottom,82,117.35010975609757,5.638791847229004,-5.831133682385838,0.1585365853658537,0.1829268292682926,-0.6329268292682927,0.1219512195121951,40.7670731707317,0.073170731707317,0.1463414634146341,0.6219512195121951,-0.426829268292683,0.2265078464738135,16.37589454650879,0.3048780487804878,0.21052631578947367,0.24561403508771928,-0.10526315789473684,0.45614035087719296
Q4R312,SolubleCaliby,7,Eukaryota,Bottom,82,116.10846463414636,4.669687080383301,-5.522971045559057,0.2073170731707317,0.1463414634146341,-0.4097560975609756,0.1219512195121951,38.1159756097561,0.073170731707317,0.1463414634146341,0.5975609756097561,-0.4024390243902439,0.2297065548780487,16.851980209350586,0.3048780487804878,0.26666666666666666,0.18333333333333332,-0.08333333333333333,0.44999999999999996
Q54FJ9,SolubleCaliby,0,Eukaryota,Bottom,306,108.12994771241831,4.9371145248413075,-13.247383055124644,0.1764705882352941,0.1405228758169934,-0.1330065359477124,0.0457516339869281,30.702941176470585,0.0686274509803921,0.2450980392156863,0.8627450980392157,0.2156862745098038,0.1579919926085617,17.272159576416016,0.3006535947712418,0.3178294573643411,0.2713178294573643,-0.05426356589147287,0.5891472868217054
Q54FJ9,SolubleCaliby,1,Eukaryota,Bottom,306,108.11002189542484,4.92483730316162,-13.254140500802857,0.1732026143790849,0.1372549019607843,-0.1506535947712418,0.0457516339869281,36.56339869281046,0.0751633986928104,0.2483660130718954,0.911764705882353,0.2516339869281046,0.1473078938101741,17.284934997558594,0.3006535947712418,0.3025210084033613,0.2689075630252101,-0.04201680672268908,0.5714285714285714
Q54FJ9,SolubleCaliby,2,Eukaryota,Bottom,306,108.15264738562092,4.873284339904784,-15.154088319252269,0.1732026143790849,0.1339869281045752,-0.0823529411764706,0.0392156862745098,32.177777777777784,0.0718954248366013,0.2483660130718954,0.8202614379084967,0.2450980392156863,0.1135360424362982,17.78657341003418,0.3006535947712418,0.2887323943661972,0.23943661971830985,-0.056338028169014086,0.528169014084507
Q54FJ9,SolubleCaliby,3,Eukaryota,Bottom,306,108.22464281045752,5.0813718795776355,-12.068790373054838,0.1764705882352941,0.1503267973856209,-0.1039215686274509,0.0457516339869281,30.833986928104583,0.065359477124183,0.2581699346405229,0.9281045751633988,0.2222222222222221,0.1527360944377751,17.25765037536621,0.3006535947712418,0.328,0.288,-0.056,0.616
Q54FJ9,SolubleCaliby,4,Eukaryota,Bottom,306,108.32591960784312,4.895167350769043,-16.069626256057745,0.1764705882352941,0.1372549019607843,-0.0905228758169934,0.0424836601307189,29.209803921568636,0.0751633986928104,0.2450980392156862,0.8856209150326797,0.2385620915032679,0.1513364488292164,17.177709579467773,0.3006535947712418,0.3247863247863248,0.24786324786324787,-0.08547008547008547,0.5726495726495726
Q54FJ9,SolubleCaliby,5,Eukaryota,Bottom,306,108.07175098039215,5.137983512878416,-9.26205772781192,0.1666666666666666,0.1437908496732026,-0.0885620915032679,0.0424836601307189,28.011111111111116,0.0718954248366013,0.2516339869281045,0.9084967320261438,0.2352941176470587,0.1616396666751439,17.246326446533203,0.3006535947712418,0.2764227642276423,0.2682926829268293,-0.016260162601626018,0.5447154471544715
Q54FJ9,SolubleCaliby,6,Eukaryota,Bottom,306,109.0169751633987,5.146168327331542,-12.005980771423545,0.1764705882352941,0.15359477124183,-0.1683006535947712,0.0490196078431372,32.36111111111112,0.0686274509803921,0.238562091503268,0.8790849673202614,0.238562091503268,0.1139436483431416,17.482961654663086,0.3006535947712418,0.2978723404255319,0.24822695035460993,-0.05673758865248227,0.5460992907801419
Q54FJ9,SolubleCaliby,7,Eukaryota,Bottom,306,108.74479967320262,4.9553030014038075,-13.241913890819076,0.1797385620915032,0.1437908496732026,-0.1624183006535947,0.0555555555555555,31.85588235294118,0.0686274509803921,0.2516339869281045,0.8986928104575163,0.1732026143790849,0.1520851995620583,17.196664810180664,0.3006535947712418,0.3360655737704918,0.27049180327868855,-0.07377049180327869,0.6065573770491803
Q54JL0,SolubleCaliby,0,Eukaryota,Bottom,633,115.1847515007899,5.281501960754394,-16.84473585587145,0.1943127962085308,0.1769352290679305,-0.5080568720379147,0.0868878357030015,33.67015797788309,0.0726698262243285,0.1785150078988941,0.8609794628751974,-0.0363349131121643,0.0432244211708281,30.634994506835938,0.3001579778830964,0.2632850241545894,0.24396135265700483,-0.03140096618357488,0.5072463768115942
Q54JL0,SolubleCaliby,1,Eukaryota,Bottom,633,114.64826334913114,5.2733171463012685,-18.64970592044186,0.1911532385466035,0.1737756714060031,-0.5048973143759874,0.0837282780410742,35.04884676145341,0.0726698262243285,0.1848341232227488,0.8025276461295419,0.0853080568720379,0.0443062877564182,31.169248580932617,0.3001579778830964,0.2639593908629442,0.2436548223350254,-0.027918781725888325,0.5076142131979695
Q54JL0,SolubleCaliby,2,Eukaryota,Bottom,633,115.30978483412322,5.424906730651855,-14.674291583128138,0.1864139020537125,0.1753554502369668,-0.498736176935229,0.0884676145339652,36.65390205371249,0.0695102685624012,0.1864139020537124,0.8309636650868879,0.0568720379146919,0.0417350155453122,33.876590728759766,0.3001579778830964,0.26287262872628725,0.25474254742547425,-0.016260162601626018,0.5176151761517616
Q54JL0,SolubleCaliby,3,Eukaryota,Bottom,633,115.1117840442338,5.3317476272583,-16.649469816452168,0.1832543443917851,0.1690363349131121,-0.4360189573459715,0.0916271721958925,40.64663507109011,0.0742496050552922,0.1864139020537125,0.8246445497630331,-0.0821484992101105,0.0614912031973643,29.164691925048828,0.3001579778830964,0.25833333333333336,0.25555555555555554,-0.013888888888888888,0.5138888888888888
Q54JL0,SolubleCaliby,4,Eukaryota,Bottom,633,114.78398309636653,5.211248970031736,-22.46240833287071,0.1990521327014218,0.1785150078988941,-0.5477093206951027,0.0805687203791469,38.29150078988944,0.0710900473933649,0.1800947867298578,0.90521327014218,0.0047393364928909,0.0418180089109177,32.709129333496094,0.3001579778830964,0.28428927680798005,0.24688279301745636,-0.04738154613466334,0.5311720698254364
Q54JL0,SolubleCaliby,5,Eukaryota,Bottom,633,114.65161832543446,5.267917442321777,-18.671898301607584,0.1911532385466035,0.1737756714060031,-0.4734597156398104,0.0853080568720379,38.70633491311221,0.0726698262243285,0.1895734597156398,0.8894154818325435,-0.0236966824644549,0.0372452696805095,31.34109115600586,0.3001579778830964,0.2634146341463415,0.23902439024390243,-0.036585365853658534,0.5024390243902439
Q54JL0,SolubleCaliby,6,Eukaryota,Bottom,633,113.85128104265402,5.249728965759277,-17.768549855738698,0.1816745655608215,0.1642969984202211,-0.4304897314375987,0.0805687203791469,32.650884676145346,0.0710900473933649,0.2037914691943128,0.8546603475513428,-0.0015797788309636,0.0430274819509211,29.756254196166992,0.3001579778830964,0.26246719160104987,0.24146981627296588,-0.03412073490813648,0.5039370078740157
Q54JL0,SolubleCaliby,7,Eukaryota,Bottom,633,114.63577045813588,5.154807853698729,-18.09149608672584,0.1879936808846761,0.1642969984202211,-0.4660347551342812,0.0916271721958925,31.112195892575016,0.0710900473933649,0.1927330173775671,0.8641390205371249,-0.0616113744075829,0.04500656985212,31.832284927368164,0.3001579778830964,0.2604166666666667,0.2421875,-0.026041666666666668,0.5026041666666667
Q69NP0,SolubleCaliby,0,Eukaryota,Bottom,93,115.72375483870968,5.619239234924316,-1.1805478048796978,0.1827956989247312,0.1720430107526881,-0.4881720430107527,0.1290322580645161,36.795698924731155,0.075268817204301,0.1612903225806451,0.7741935483870968,-0.1290322580645161,0.2980579328505596,12.406375885009766,0.3010752688172043,0.3018867924528302,0.2830188679245283,-0.018867924528301886,0.5849056603773585
Q69NP0,SolubleCaliby,1,Eukaryota,Bottom,93,117.295288172043,8.68377857208252,1.4127174589931428,0.1720430107526881,0.1935483870967742,-0.6731182795698925,0.1397849462365591,24.664516129032258,0.075268817204301,0.1397849462365591,0.8817204301075269,-0.3440860215053763,0.3192764336917562,12.752901077270508,0.3010752688172043,0.2545454545454545,0.3090909090909091,0.05454545454545454,0.5636363636363636
Q69NP0,SolubleCaliby,2,Eukaryota,Bottom,93,118.34137096774192,9.135701942443852,3.5109359647984064,0.1612903225806451,0.2043010752688172,-0.6419354838709678,0.1397849462365591,21.23978494623656,0.053763440860215,0.1397849462365591,0.8387096774193548,-0.1935483870967742,0.305989131691525,12.714469909667969,0.3010752688172043,0.2641509433962264,0.33962264150943394,0.07547169811320754,0.6037735849056604
Q69NP0,SolubleCaliby,3,Eukaryota,Bottom,93,118.69204731182796,6.249981498718263,-2.5166757507280977,0.2043010752688172,0.2580645161290322,-0.946236559139785,0.1182795698924731,7.724731182795701,0.043010752688172,0.1397849462365591,0.8709677419354838,-0.2258064516129032,0.3070489844683393,12.687745094299316,0.3010752688172043,0.3050847457627119,0.3898305084745763,-0.05084745762711865,0.6949152542372882
Q69NP0,SolubleCaliby,4,Eukaryota,Bottom,93,118.72295806451612,6.056899452209472,-3.5173664507624594,0.2043010752688172,0.2473118279569892,-1.032258064516129,0.1182795698924731,10.007526881720436,0.043010752688172,0.1397849462365591,0.8817204301075269,-0.1935483870967741,0.3146305193319606,12.831986427307127,0.3010752688172043,0.32727272727272727,0.38181818181818183,-0.09090909090909091,0.7090909090909091
Q69NP0,SolubleCaliby,5,Eukaryota,Bottom,93,118.42314193548388,6.241626167297363,-2.522987374708878,0.1827956989247312,0.2365591397849462,-0.7440860215053764,0.1290322580645161,7.749462365591402,0.043010752688172,0.1397849462365591,0.903225806451613,-0.2580645161290323,0.3122954651706405,12.71316623687744,0.3010752688172043,0.2909090909090909,0.38181818181818183,-0.05454545454545454,0.6727272727272727
Q69NP0,SolubleCaliby,6,Eukaryota,Bottom,93,117.85687096774194,9.356570625305174,5.509479783746727,0.1827956989247312,0.2473118279569892,-0.732258064516129,0.1290322580645161,11.063440860215051,0.032258064516129,0.1505376344086021,0.8602150537634409,-0.1720430107526881,0.3008524151763329,12.896825790405272,0.3010752688172043,0.2909090909090909,0.38181818181818183,0.09090909090909091,0.6727272727272727
Q69NP0,SolubleCaliby,7,Eukaryota,Bottom,93,115.9693430107527,5.047723197937012,-4.131563408184174,0.1935483870967742,0.1612903225806451,-0.678494623655914,0.1290322580645161,30.749462365591384,0.064516129032258,0.1827956989247311,0.8602150537634408,-0.2365591397849462,0.3087879299667849,12.697433471679688,0.3010752688172043,0.3137254901960784,0.27450980392156865,-0.058823529411764705,0.5882352941176471
P0A7R6,SolubleCaliby,0,Bacteria,Neutral,103,114.2456427184466,4.63956241607666,-10.116358322988436,0.233009708737864,0.145631067961165,-0.420388349514563,0.0388349514563106,48.79902912621358,0.087378640776699,0.1844660194174757,0.8640776699029126,-0.2621359223300971,0.4148649751162601,16.415966033935547,0.3009708737864077,0.30434782608695654,0.21739130434782608,-0.10144927536231885,0.5217391304347826
P0A7R6,SolubleCaliby,1,Bacteria,Neutral,103,114.34306893203882,4.5573732376098635,-11.457658513944562,0.2524271844660194,0.145631067961165,-0.4757281553398058,0.0194174757281553,62.94466019417475,0.0776699029126213,0.174757281553398,0.8155339805825242,-0.2135922330097087,0.4325734570805354,16.22214126586914,0.3009708737864077,0.36231884057971014,0.21739130434782608,-0.14492753623188406,0.5797101449275363
P0A7R6,SolubleCaliby,2,Bacteria,Neutral,103,115.14909611650484,4.613530158996581,-10.472236208173936,0.2524271844660194,0.1553398058252427,-0.5864077669902913,0.029126213592233,45.360194174757275,0.0485436893203883,0.1941747572815534,0.9320388349514565,-0.3300970873786408,0.4130744336569579,16.539562225341797,0.3009708737864077,0.34285714285714286,0.22857142857142856,-0.11428571428571428,0.5714285714285714
P0A7R6,SolubleCaliby,3,Bacteria,Neutral,103,112.2627640776699,4.434373664855957,-12.383002230737247,0.233009708737864,0.1262135922330097,-0.3378640776699029,0.0194174757281553,43.41844660194173,0.087378640776699,0.2135922330097087,0.9223300970873786,-0.3203883495145631,0.4226904650867003,16.376575469970703,0.3009708737864077,0.34328358208955223,0.1791044776119403,-0.1791044776119403,0.5223880597014925
P0A7R6,SolubleCaliby,4,Bacteria,Neutral,103,110.77651067961165,4.691967964172362,-7.159926522133974,0.2038834951456311,0.1359223300970873,-0.283495145631068,0.0194174757281553,64.37184466019416,0.087378640776699,0.2524271844660194,0.8349514563106796,-0.233009708737864,0.4167973883919108,16.306320190429688,0.3009708737864077,0.265625,0.21875,-0.046875,0.484375
P0A7R6,SolubleCaliby,5,Bacteria,Neutral,103,113.87584563106796,4.708223915100096,-8.44517715862633,0.233009708737864,0.1553398058252427,-0.5679611650485437,0.0194174757281553,58.318446601941744,0.0776699029126213,0.2038834951456311,0.9611650485436892,-0.3592233009708738,0.4161321081830791,16.72426986694336,0.3009708737864077,0.30434782608695654,0.2318840579710145,-0.07246376811594203,0.5362318840579711
P0A7R6,SolubleCaliby,6,Bacteria,Neutral,103,111.60149708737862,4.477230262756348,-11.463960138025342,0.233009708737864,0.1262135922330097,-0.3281553398058252,0.0194174757281553,52.9145631067961,0.0776699029126213,0.2233009708737864,0.9320388349514565,-0.3300970873786408,0.4338456180068789,16.447866439819336,0.3009708737864077,0.3142857142857143,0.18571428571428572,-0.12857142857142856,0.5
P0A7R6,SolubleCaliby,7,Bacteria,Neutral,103,110.84378737864076,4.534694480895996,-9.238505937193086,0.2135922330097087,0.1262135922330097,-0.1990291262135922,0.0194174757281553,55.4378640776699,0.0776699029126213,0.233009708737864,0.8640776699029126,-0.2621359223300971,0.420017500729197,16.359357833862305,0.3009708737864077,0.31343283582089554,0.1791044776119403,-0.13432835820895522,0.4925373134328358
P60724,SolubleCaliby,0,Bacteria,Neutral,201,113.54131194029848,5.174417304992674,-10.007799621646484,0.2139303482587065,0.1890547263681591,-0.6029850746268657,0.044776119402985,57.027860696517415,0.0696517412935323,0.1791044776119403,0.8656716417910448,0.0597014925373134,0.1958901146441704,22.679244995117188,0.2985074626865671,0.28346456692913385,0.2755905511811024,-0.031496062992125984,0.5590551181102362
P60724,SolubleCaliby,1,Bacteria,Neutral,201,113.54682985074626,5.490953636169433,-5.193864688236928,0.1990049751243781,0.1890547263681592,-0.6532338308457712,0.044776119402985,56.48955223880596,0.0696517412935323,0.1840796019900497,0.7810945273631841,0.0746268656716417,0.1802872430301323,25.297914505004883,0.2985074626865671,0.24817518248175183,0.27007299270072993,0.0,0.5182481751824818
P60724,SolubleCaliby,2,Bacteria,Neutral,201,112.12150746268657,4.779556846618653,-14.186618161462228,0.208955223880597,0.154228855721393,-0.5303482587064677,0.044776119402985,33.18606965174129,0.0895522388059701,0.1990049751243781,0.8258706467661692,0.0696517412935323,0.2078770235509757,22.554777145385746,0.2985074626865671,0.26356589147286824,0.2248062015503876,-0.05426356589147287,0.48837209302325585
P60724,SolubleCaliby,3,Bacteria,Neutral,201,112.14123084577116,4.877149391174316,-12.271036668926564,0.2238805970149254,0.1741293532338308,-0.6477611940298507,0.0298507462686567,48.71542288557213,0.0646766169154228,0.1990049751243781,0.7611940298507462,0.1343283582089552,0.1831458094144661,22.99393653869629,0.2985074626865671,0.3053435114503817,0.24427480916030533,-0.06870229007633588,0.549618320610687
P60724,SolubleCaliby,4,Bacteria,Neutral,201,113.57562537313432,5.119112968444824,-10.097707293216388,0.2238805970149254,0.1940298507462686,-0.7696517412935323,0.0348258706467661,52.6278606965174,0.0696517412935323,0.1741293532338308,0.8009950248756219,0.1144278606965174,0.1830780092934666,25.10340881347656,0.2985074626865671,0.2706766917293233,0.2556390977443609,-0.022556390977443608,0.5263157894736842
P60724,SolubleCaliby,5,Bacteria,Neutral,201,112.61088557213928,5.1963003158569325,-7.277097653678467,0.208955223880597,0.1840796019900497,-0.5800995024875621,0.0348258706467661,42.60298507462686,0.0696517412935323,0.1791044776119403,0.7661691542288558,0.1094527363184079,0.2026354712921877,24.682262420654297,0.2985074626865671,0.2631578947368421,0.2631578947368421,-0.007518796992481203,0.5263157894736842
P60724,SolubleCaliby,6,Bacteria,Neutral,201,112.57468756218904,4.700778007507323,-14.358745015891715,0.2189054726368159,0.154228855721393,-0.5492537313432836,0.044776119402985,41.50547263681592,0.0845771144278606,0.1890547263681592,0.7711442786069651,0.1144278606965173,0.2146017318253025,25.06687355041504,0.2985074626865671,0.2878787878787879,0.21212121212121213,-0.08333333333333333,0.5
P60724,SolubleCaliby,7,Bacteria,Neutral,201,112.9833552238806,5.1205339431762695,-10.07830537422386,0.2189054726368159,0.1890547263681592,-0.6726368159203979,0.0348258706467661,45.21691542288558,0.0646766169154228,0.1840796019900497,0.7860696517412935,0.0895522388059701,0.1852710557246132,25.079139709472656,0.2985074626865671,0.2900763358778626,0.2748091603053435,-0.03816793893129771,0.5648854961832062
Q07938,SolubleCaliby,0,Eukaryota,Neutral,337,110.91168545994064,4.483766746520996,-27.192592860969945,0.1899109792284866,0.1186943620178041,-0.2323442136498516,0.059347181008902,46.075964391691386,0.1008902077151335,0.2106824925816023,0.798219584569733,-0.0860534124629079,0.0539048049926148,23.095626831054688,0.2997032640949555,0.2440944881889764,0.15354330708661418,-0.10236220472440945,0.39763779527559057
Q07938,SolubleCaliby,1,Eukaryota,Neutral,337,111.23322284866468,4.773020362854004,-16.91762766889805,0.172106824925816,0.1305637982195845,-0.2391691394658754,0.0712166172106825,42.385459940652794,0.1038575667655786,0.2166172106824925,0.8872403560830862,-0.2522255192878338,0.080014347670134,23.4255428314209,0.2997032640949555,0.21235521235521235,0.16602316602316602,-0.05405405405405406,0.3783783783783784
Q07938,SolubleCaliby,2,Eukaryota,Neutral,337,110.92726439169138,4.94512882232666,-13.812351201378815,0.172106824925816,0.1424332344213649,-0.2810089020771513,0.0682492581602373,38.880118694362,0.1068249258160237,0.2195845697329376,0.8160237388724035,0.0089020771513352,0.0466506569544303,24.090253829956055,0.2997032640949555,0.20384615384615384,0.17692307692307693,-0.038461538461538464,0.38076923076923075
Q07938,SolubleCaliby,3,Eukaryota,Neutral,337,111.19501424332344,4.726923942565917,-19.20968325899645,0.1750741839762611,0.1275964391691394,-0.2053412462908012,0.0712166172106825,49.18456973293766,0.1097922848664688,0.2106824925816023,0.7121661721068249,0.0415430267062315,0.0590070203372656,24.25484085083008,0.2997032640949555,0.21132075471698114,0.16226415094339622,-0.06037735849056604,0.3735849056603774
Q07938,SolubleCaliby,4,Eukaryota,Neutral,337,111.85291958456972,4.568627357482911,-26.1065728565829,0.1899109792284866,0.1246290801186943,-0.2902077151335311,0.0741839762611275,49.64569732937685,0.1008902077151335,0.2195845697329376,0.7596439169139466,-0.0237388724035608,0.0445103857566765,23.98406219482422,0.2997032640949555,0.22826086956521738,0.14492753623188406,-0.09782608695652174,0.37318840579710144
Q07938,SolubleCaliby,5,Eukaryota,Neutral,337,111.29635489614245,5.224549293518065,-7.929050296922739,0.1572700296735905,0.1424332344213649,-0.2267062314540059,0.0830860534124629,43.00744807121661,0.1008902077151335,0.2255192878338278,0.8397626112759644,-0.115727002967359,0.066984482171523,23.524810791015625,0.2997032640949555,0.21161825726141079,0.1991701244813278,-0.024896265560165973,0.4107883817427386
Q07938,SolubleCaliby,6,Eukaryota,Neutral,337,111.49827299703264,5.35306224822998,-6.923875194673748,0.1661721068249258,0.1543026706231454,-0.2928783382789318,0.0712166172106825,39.187270029673584,0.0949554896142433,0.2195845697329377,0.8071216617210683,-0.0771513353115727,0.0842595090369571,22.259233474731445,0.2997032640949555,0.20717131474103587,0.20318725099601595,-0.01593625498007968,0.4103585657370518
Q07938,SolubleCaliby,7,Eukaryota,Neutral,337,111.66491632047476,4.915970420837401,-15.12842829575292,0.1691394658753709,0.1364985163204747,-0.1804154302670623,0.0712166172106825,37.82759643916913,0.0919881305637982,0.2106824925816023,0.7833827893175074,-0.0771513353115727,0.1485446917760434,20.55654525756836,0.2997032640949555,0.25510204081632654,0.22448979591836735,-0.04591836734693878,0.47959183673469385
B1X495,SolubleCaliby,0,Eukaryota,Top,103,117.66904563106796,5.084213829040526,-4.462230690940984,0.2427184466019417,0.2038834951456311,-0.6660194174757281,0.0679611650485436,38.08640776699029,0.0194174757281553,0.145631067961165,0.9126213592233008,0.8155339805825242,0.1195461457480407,16.170207977294922,0.3009708737864077,0.3026315789473684,0.27631578947368424,-0.02631578947368421,0.5789473684210527
B1X495,SolubleCaliby,1,Eukaryota,Top,103,118.65950582524272,5.9956270217895495,-1.1182617977524956,0.2233009708737864,0.2233009708737864,-0.8718446601941747,0.0776699029126213,36.894174757281554,0.0194174757281553,0.1650485436893204,0.9223300970873788,0.6504854368932038,0.1457984599933043,15.802495956420898,0.3009708737864077,0.27941176470588236,0.3088235294117647,0.014705882352941176,0.5882352941176471
B1X495,SolubleCaliby,2,Eukaryota,Top,103,118.99005048543688,5.094444847106933,-5.11348811516423,0.2524271844660194,0.2135922330097087,-0.8271844660194175,0.087378640776699,34.580679611650474,0.0194174757281553,0.145631067961165,0.8932038834951456,0.7378640776699029,0.1324957167332952,14.555269241333008,0.3009708737864077,0.3968253968253968,0.30158730158730157,-0.1111111111111111,0.6984126984126984
B1X495,SolubleCaliby,3,Eukaryota,Top,103,117.09520679611649,6.406629753112793,-0.4692706768918846,0.2135922330097087,0.2135922330097087,-0.7747572815533981,0.087378640776699,26.189320388349508,0.0194174757281553,0.174757281553398,0.8543689320388349,0.6796116504854369,0.1446601941747572,14.165756225585938,0.3009708737864077,0.3492063492063492,0.31746031746031744,-0.031746031746031744,0.6666666666666666
B1X495,SolubleCaliby,4,Eukaryota,Top,103,119.1650708737864,8.905356407165527,2.5295337811853216,0.2233009708737864,0.2524271844660194,-1.225242718446602,0.0776699029126213,33.966990291262135,0.0194174757281553,0.1553398058252427,0.9223300970873786,0.7281553398058253,0.1449597190663086,15.926006317138672,0.3009708737864077,0.27941176470588236,0.38235294117647056,0.10294117647058823,0.6617647058823529
B1X495,SolubleCaliby,5,Eukaryota,Top,103,119.20173689320389,4.925689888000488,-6.450954061665197,0.2621359223300971,0.203883495145631,-1.0679611650485437,0.0679611650485436,44.422427184466024,0.0194174757281553,0.145631067961165,0.941747572815534,0.7087378640776698,0.1506152328539536,15.923819541931152,0.3009708737864077,0.35714285714285715,0.3,-0.05714285714285714,0.6571428571428571
B1X495,SolubleCaliby,6,Eukaryota,Top,103,118.86312621359224,5.71944637298584,-1.4643604527798288,0.233009708737864,0.2233009708737864,-1.0398058252427185,0.0776699029126213,51.81844660194174,0.0194174757281553,0.1553398058252427,0.9223300970873786,0.7087378640776699,0.1542667347981604,15.905313491821287,0.3009708737864077,0.30303030303030304,0.3333333333333333,0.030303030303030304,0.6363636363636364
B1X495,SolubleCaliby,7,Eukaryota,Top,103,120.07746699029124,5.000944709777832,-5.459308468926931,0.2621359223300971,0.2135922330097087,-0.9980582524271844,0.0970873786407767,45.63310679611649,0.0194174757281553,0.1359223300970873,0.883495145631068,0.6310679611650485,0.164512149332189,15.82245922088623,0.3009708737864077,0.3142857142857143,0.2857142857142857,-0.02857142857142857,0.6
A9CIG1,SolubleCaliby,0,Bacteria,Bottom,101,115.539500990099,5.691822624206543,-1.5003536888023952,0.2079207920792079,0.198019801980198,-0.7999999999999999,0.0198019801980198,71.63069306930693,0.0891089108910891,0.1287128712871287,0.7920792079207921,0.3168316831683169,0.1275556127041275,16.449499130249023,0.297029702970297,0.2777777777777778,0.2638888888888889,-0.013888888888888888,0.5416666666666667
A9CIG1,SolubleCaliby,1,Bacteria,Bottom,101,114.51746336633664,5.365737342834472,-2.5016233288302807,0.2178217821782178,0.198019801980198,-0.7841584158415842,0.0198019801980198,54.4138613861386,0.0891089108910891,0.1287128712871287,0.8019801980198019,0.3663366336633663,0.0749980509862009,20.83852195739746,0.297029702970297,0.24096385542168675,0.24096385542168675,0.0,0.4819277108433735
A9CIG1,SolubleCaliby,2,Bacteria,Bottom,101,115.07331485148514,6.383098411560058,-0.5086980961641316,0.2079207920792079,0.2079207920792079,-0.8544554455445544,0.0396039603960396,41.74455445544552,0.0891089108910891,0.1188118811881188,0.7524752475247525,0.4356435643564356,0.1185643564356435,16.16199493408203,0.297029702970297,0.26666666666666666,0.28,0.013333333333333334,0.5466666666666666
A9CIG1,SolubleCaliby,3,Bacteria,Bottom,101,115.36040990099008,5.3904623031616214,-2.5037778721520745,0.2277227722772277,0.2079207920792079,-0.8188118811881189,0.0297029702970297,67.55544554455446,0.0693069306930693,0.1188118811881188,0.7821782178217821,0.3663366336633663,0.0988105521961592,15.633962631225586,0.297029702970297,0.3055555555555556,0.2638888888888889,-0.041666666666666664,0.5694444444444444
A9CIG1,SolubleCaliby,4,Bacteria,Bottom,101,116.03408514851483,5.697051811218262,-1.5008208687550777,0.2277227722772277,0.2178217821782178,-0.9227722772277228,0.0297029702970297,67.48910891089108,0.0891089108910891,0.1485148514851485,0.7326732673267327,0.3762376237623763,0.1112649726511112,16.83725929260254,0.297029702970297,0.24358974358974358,0.28205128205128205,0.038461538461538464,0.5256410256410257
A9CIG1,SolubleCaliby,5,Bacteria,Bottom,101,115.8760514851485,5.697051811218262,-1.5017998699540769,0.2277227722772277,0.2178217821782178,-0.8485148514851485,0.0198019801980198,45.96039603960395,0.0693069306930693,0.1287128712871287,0.792079207920792,0.3564356435643564,0.1272047734574782,17.175800323486328,0.297029702970297,0.27631578947368424,0.2894736842105263,0.013157894736842105,0.5657894736842106
A9CIG1,SolubleCaliby,6,Bacteria,Bottom,101,113.6533108910891,5.52585277557373,-5.0646886054754,0.198019801980198,0.198019801980198,-0.7485148514851486,0.0198019801980198,64.7188118811881,0.099009900990099,0.1683168316831683,0.801980198019802,0.4851485148514851,0.100780276703167,16.783784866333008,0.297029702970297,0.23684210526315788,0.25,-0.05263157894736842,0.48684210526315785
A9CIG1,SolubleCaliby,7,Bacteria,Bottom,101,115.58847722772278,6.3828142166137685,-0.5096970971631336,0.2079207920792079,0.2079207920792079,-0.8732673267326733,0.0495049504950495,56.85445544554454,0.0792079207920792,0.1188118811881188,0.8316831683168318,0.4554455445544554,0.1184158415841584,16.30720329284668,0.297029702970297,0.28169014084507044,0.28169014084507044,0.0,0.5633802816901409
Q6L047,SolubleCaliby,0,Archaea,Bottom,359,111.29226044568244,5.401830101013183,-7.022316991608342,0.1727019498607242,0.1587743732590529,-0.1562674094707521,0.0779944289693593,32.172144846796655,0.064066852367688,0.2089136490250696,0.8913649025069637,-0.1894150417827297,0.066716366035854,22.181882858276367,0.3008356545961003,0.20220588235294118,0.20955882352941177,0.0,0.4117647058823529
Q6L047,SolubleCaliby,1,Archaea,Bottom,359,110.78652311977716,4.999523735046386,-15.827590575246766,0.1838440111420612,0.1504178272980501,-0.1075208913649025,0.0779944289693593,36.497493036211694,0.0557103064066852,0.2172701949860724,0.8105849582172702,-0.286908077994429,0.0610165979879831,25.352476119995117,0.3008356545961003,0.22021660649819494,0.18050541516245489,-0.05054151624548736,0.40072202166064985
Q6L047,SolubleCaliby,2,Archaea,Bottom,359,110.54164066852366,5.470434761047363,-6.035608742129327,0.1754874651810585,0.1643454038997214,-0.215041782729805,0.075208913649025,24.63345403899721,0.0557103064066852,0.2116991643454039,0.8913649025069638,-0.0278551532033426,0.0840147362745978,24.88290023803711,0.3008356545961003,0.228,0.22,-0.016,0.448
Q6L047,SolubleCaliby,3,Archaea,Bottom,359,111.13868635097496,5.263711357116699,-8.105674054654969,0.1782729805013927,0.1587743732590529,-0.1403899721448468,0.0724233983286908,30.55208913649025,0.0612813370473537,0.2061281337047353,0.7910863509749304,-0.1002785515320334,0.0716268939479167,22.700271606445312,0.3008356545961003,0.24358974358974358,0.23504273504273504,-0.01282051282051282,0.4786324786324786
Q6L047,SolubleCaliby,4,Archaea,Bottom,359,110.77850752089138,5.199028587341308,-10.024200353012688,0.1838440111420612,0.1615598885793872,-0.1891364902506964,0.075208913649025,32.01172701949859,0.0557103064066852,0.2144846796657381,0.883008356545961,0.0027855153203342,0.0686396607945848,22.208181381225582,0.3008356545961003,0.252212389380531,0.23008849557522124,-0.030973451327433628,0.4823008849557522
Q6L047,SolubleCaliby,5,Archaea,Bottom,359,111.2330245125348,5.136050987243652,-11.925107172861082,0.1838440111420612,0.1587743732590529,-0.1972144846796657,0.0779944289693593,25.54066852367688,0.0584958217270195,0.2116991643454039,0.860724233983287,-0.2089136490250696,0.0602081504941427,25.488439559936523,0.3008356545961003,0.21554770318021202,0.19081272084805653,-0.0353356890459364,0.40636042402826855
Q6L047,SolubleCaliby,6,Archaea,Bottom,359,111.83896740947074,5.477084922790527,-6.936345464623727,0.1838440111420612,0.1727019498607242,-0.1888579387186629,0.075208913649025,28.927047353760443,0.0557103064066852,0.1894150417827298,0.8635097493036211,-0.1392757660167131,0.076893079065781,23.69430923461914,0.3008356545961003,0.23809523809523808,0.24242424242424243,-0.008658008658008658,0.4805194805194805
Q6L047,SolubleCaliby,7,Archaea,Bottom,359,111.5229810584958,5.135027885437012,-11.9138071205576,0.1866295264623955,0.1615598885793872,-0.213091922005571,0.0807799442896936,30.092757660167127,0.0612813370473537,0.2089136490250696,0.8690807799442897,-0.0612813370473537,0.0827580638650034,23.227718353271484,0.3008356545961003,0.24369747899159663,0.226890756302521,-0.025210084033613446,0.47058823529411764
A9A498,SolubleCaliby,0,Archaea,Neutral,287,108.22953658536584,5.150999641418456,-8.257406215055347,0.1602787456445993,0.1393728222996516,0.1010452961672473,0.0313588850174216,40.918118466898946,0.0662020905923344,0.2404181184668989,0.89198606271777,0.1184668989547038,0.1811054798859677,16.828399658203125,0.2996515679442508,0.3063063063063063,0.2972972972972973,-0.018018018018018018,0.6036036036036037
A9A498,SolubleCaliby,1,Archaea,Neutral,287,107.80382961672473,5.0013425827026365,-9.361826799771675,0.1602787456445993,0.132404181184669,0.105574912891986,0.0383275261324041,33.364459930313586,0.0662020905923344,0.2439024390243902,0.8989547038327526,0.1114982578397212,0.1842996426680194,16.65164566040039,0.2996515679442508,0.3211009174311927,0.27522935779816515,-0.05504587155963303,0.5963302752293578
A9A498,SolubleCaliby,2,Archaea,Neutral,287,108.51626550522649,5.266666984558105,-5.455989756011213,0.1672473867595818,0.1498257839721254,0.0505226480836236,0.0348432055749128,32.7170731707317,0.0696864111498257,0.229965156794425,0.9128919860627178,0.0766550522648083,0.1893087557603686,16.725006103515625,0.2996515679442508,0.3302752293577982,0.3302752293577982,0.0,0.6605504587155964
A9A498,SolubleCaliby,3,Archaea,Neutral,287,107.76607560975609,5.126331520080566,-7.367716025082728,0.1533101045296167,0.1324041811846689,0.1114982578397212,0.0348432055749128,29.67979094076654,0.0696864111498257,0.2369337979094076,0.902439024390244,0.1149825783972126,0.1783450849131663,16.767610549926758,0.2996515679442508,0.29357798165137616,0.29357798165137616,-0.009174311926605505,0.5871559633027523
A9A498,SolubleCaliby,4,Archaea,Neutral,287,108.00989895470384,5.152477455139159,-8.266738265060837,0.156794425087108,0.1358885017421602,0.1358885017421602,0.0348432055749129,35.75400696864111,0.0696864111498257,0.2473867595818815,0.8641114982578397,0.1114982578397212,0.1830055074744296,16.703855514526367,0.2996515679442508,0.3047619047619048,0.2761904761904762,-0.0380952380952381,0.580952380952381
A9A498,SolubleCaliby,5,Archaea,Neutral,287,108.39019233449476,5.179703330993651,-6.4429628836271675,0.1602787456445993,0.1393728222996516,0.070383275261324,0.0383275261324041,33.30836236933798,0.0696864111498257,0.2439024390243902,0.8954703832752613,0.1149825783972124,0.1792605598566243,16.745691299438477,0.2996515679442508,0.3211009174311927,0.29357798165137616,-0.027522935779816515,0.6146788990825689
A9A498,SolubleCaliby,6,Archaea,Neutral,287,107.3013637630662,4.96172580718994,-10.340882700378565,0.1602787456445993,0.1289198606271777,0.1320557491289198,0.0313588850174216,35.054006968641104,0.0696864111498257,0.2578397212543554,0.9094076655052264,0.1498257839721254,0.1806590757715119,16.7135066986084,0.2996515679442508,0.3211009174311927,0.30275229357798167,-0.027522935779816515,0.6238532110091743
A9A498,SolubleCaliby,7,Archaea,Neutral,287,108.78459059233448,5.110018730163574,-9.264961585469573,0.1672473867595819,0.1428571428571428,0.1041811846689895,0.0418118466898954,36.91533101045296,0.0627177700348432,0.2369337979094076,0.8954703832752613,0.0662020905923345,0.1802968587578687,16.749094009399414,0.2996515679442508,0.32727272727272727,0.3,-0.03636363636363636,0.6272727272727272
A0A1D8PCG7,SolubleCaliby,0,Eukaryota,Bottom,87,111.25671954022988,9.28288326263428,7.5287780309861265,0.1149425287356321,0.2183908045977011,-0.6229885057471265,0.0689655172413793,14.81034482758621,0.0804597701149425,0.2298850574712643,0.6666666666666667,-0.160919540229885,0.1863837312113174,14.31413459777832,0.2988505747126437,0.13636363636363635,0.2727272727272727,0.13636363636363635,0.40909090909090906
A0A1D8PCG7,SolubleCaliby,1,Eukaryota,Bottom,87,110.64525977011496,7.642991447448731,0.6470708283145274,0.1379310344827586,0.1724137931034483,-0.4770114942528735,0.057471264367816,14.03103448275862,0.0919540229885057,0.2068965517241379,0.7701149425287357,-0.1494252873563218,0.1838209683037269,15.174769401550291,0.2988505747126437,0.16923076923076924,0.2153846153846154,0.03076923076923077,0.38461538461538464
A0A1D8PCG7,SolubleCaliby,2,Eukaryota,Bottom,87,111.03425402298848,5.41461887359619,-2.4322509140139523,0.1839080459770115,0.1724137931034483,-0.6367816091954023,0.0689655172413793,18.66206896551724,0.0689655172413793,0.2183908045977011,0.7241379310344828,-0.1954022988505747,0.1759435243008417,15.390045166015623,0.2988505747126437,0.22727272727272727,0.21212121212121213,-0.015151515151515152,0.4393939393939394
A0A1D8PCG7,SolubleCaliby,3,Eukaryota,Bottom,87,113.04801494252872,6.186776542663575,-2.0825651598966033,0.1839080459770115,0.2183908045977011,-0.6954022988505747,0.057471264367816,19.714942528735634,0.0459770114942528,0.1954022988505747,0.7586206896551725,-0.2528735632183908,0.176367816091954,15.725936889648438,0.2988505747126437,0.22535211267605634,0.2535211267605634,-0.028169014084507043,0.47887323943661975
A0A1D8PCG7,SolubleCaliby,4,Eukaryota,Bottom,87,108.35075977011492,4.9467771530151365,-7.9927115866317955,0.160919540229885,0.1379310344827586,-0.3264367816091954,0.057471264367816,7.694252873563218,0.1034482758620689,0.2298850574712643,0.7586206896551725,-0.2528735632183908,0.1830170186224717,15.663360595703123,0.2988505747126437,0.19696969696969696,0.16666666666666666,-0.10606060606060606,0.36363636363636365
A0A1D8PCG7,SolubleCaliby,5,Eukaryota,Bottom,87,115.30520459770116,8.497142601013184,2.8050436056503045,0.1724137931034483,0.2528735632183908,-0.9034482758620688,0.0804597701149425,27.09896551724137,0.0459770114942528,0.1724137931034483,0.735632183908046,-0.2068965517241379,0.1814017803128511,14.876818656921388,0.2988505747126437,0.22388059701492538,0.3283582089552239,0.04477611940298507,0.5522388059701493
A0A1D8PCG7,SolubleCaliby,6,Eukaryota,Bottom,87,111.75020689655172,8.198396110534667,1.5385167188693938,0.1494252873563218,0.1839080459770115,-0.5298850574712644,0.0804597701149425,14.651724137931035,0.0919540229885057,0.1954022988505747,0.7471264367816092,-0.1034482758620689,0.1874201787994891,14.014676094055176,0.2988505747126437,0.203125,0.234375,0.03125,0.4375
A0A1D8PCG7,SolubleCaliby,7,Eukaryota,Bottom,87,109.8489103448276,4.822242927551269,-4.535791263773277,0.1724137931034483,0.1264367816091954,-0.506896551724138,0.0689655172413793,25.86908045977011,0.0804597701149425,0.2068965517241379,0.6781609195402298,-0.1724137931034482,0.1835372636262514,15.566152572631836,0.2988505747126437,0.2,0.16923076923076924,-0.03076923076923077,0.36923076923076925
O28542,SolubleCaliby,0,Archaea,Top,340,109.53982176470588,4.972013664245605,-14.153224641311112,0.1735294117647058,0.1411764705882353,-0.0079411764705882,0.0617647058823529,40.908823529411755,0.0705882352941176,0.238235294117647,0.8941176470588235,0.0470588235294117,0.1248179271708683,19.22572326660156,0.3,0.3120567375886525,0.2624113475177305,-0.04964539007092199,0.574468085106383
O28542,SolubleCaliby,1,Archaea,Top,340,108.95414764705882,5.122921180725096,-11.08111051871238,0.1647058823529411,0.1441176470588235,-0.0135294117647058,0.0529411764705882,30.189117647058826,0.0735294117647058,0.2441176470588235,0.888235294117647,0.0,0.0935717777415675,22.69587516784668,0.3,0.22872340425531915,0.21808510638297873,-0.015957446808510637,0.44680851063829785
O28542,SolubleCaliby,2,Archaea,Top,340,108.88087735294116,5.8039659500122065,-4.087633523605405,0.15,0.15,0.0005882352941176,0.0558823529411764,37.56117647058823,0.0852941176470588,0.2470588235294117,0.9294117647058824,0.0117647058823529,0.1191391678622668,19.53364944458008,0.3,0.2484076433121019,0.2611464968152866,0.012738853503184714,0.5095541401273885
O28542,SolubleCaliby,3,Archaea,Top,340,108.55048470588235,5.005037117004394,-13.999981440858036,0.1647058823529412,0.138235294117647,0.0479411764705882,0.0529411764705882,32.57147058823528,0.0735294117647058,0.25,0.902941176470588,0.0441176470588235,0.1284638974073041,19.134843826293945,0.3,0.27972027972027974,0.23076923076923078,-0.04895104895104895,0.5104895104895105
O28542,SolubleCaliby,4,Archaea,Top,340,108.18001235294118,5.469354820251465,-6.177739762022497,0.1529411764705882,0.1441176470588235,0.0158823529411764,0.0529411764705882,38.51914705882352,0.0794117647058823,0.2617647058823529,0.9147058823529411,0.0264705882352941,0.1294082840236686,19.38872528076172,0.3,0.2937062937062937,0.26573426573426573,-0.027972027972027972,0.5594405594405594
O28542,SolubleCaliby,5,Archaea,Top,340,109.1992117647059,5.281445121765136,-8.176740761023503,0.1529411764705882,0.138235294117647,0.0608823529411764,0.0588235294117647,39.439147058823536,0.0794117647058823,0.2411764705882352,0.9147058823529411,-0.0088235294117647,0.0894823529411764,22.547029495239254,0.3,0.23316062176165803,0.21243523316062177,-0.02072538860103627,0.4455958549222798
O28542,SolubleCaliby,6,Archaea,Top,340,109.81670352941175,5.024817085266113,-13.15368182136379,0.1794117647058823,0.15,-0.0888235294117647,0.0588235294117647,31.62382352941175,0.0705882352941176,0.238235294117647,0.8911764705882352,0.0441176470588235,0.1347553023543139,19.337440490722656,0.3,0.3191489361702128,0.2907801418439716,-0.028368794326241134,0.6099290780141844
O28542,SolubleCaliby,7,Archaea,Top,340,109.17162117647058,5.0900682449340815,-12.076039780168678,0.1676470588235294,0.1441176470588235,-0.0394117647058823,0.0617647058823529,34.99529411764707,0.0735294117647058,0.2470588235294117,0.8823529411764706,0.0117647058823529,0.1248828065930742,20.16856384277344,0.3,0.25748502994011974,0.24550898203592814,-0.017964071856287425,0.5029940119760479
Q8TY15,SolubleCaliby,0,Archaea,Top,361,107.75419307479224,4.79729061126709,-19.986275207238418,0.1745152354570637,0.1329639889196676,-0.0105263157894736,0.0637119113573407,27.612188365650965,0.0637119113573407,0.2714681440443213,0.778393351800554,-0.113573407202216,0.0810585482613022,22.932647705078125,0.299168975069252,0.2651162790697674,0.20465116279069767,-0.07441860465116279,0.4697674418604651
Q8TY15,SolubleCaliby,1,Archaea,Top,361,107.24937728531854,4.671846961975096,-22.90790480407319,0.1662049861495845,0.1191135734072022,0.0853185595567867,0.0637119113573407,26.646260387811633,0.0664819944598337,0.2714681440443213,0.8836565096952909,-0.2465373961218837,0.0570958646616541,27.773645401000977,0.299168975069252,0.19661016949152543,0.13898305084745763,-0.0711864406779661,0.3355932203389831
Q8TY15,SolubleCaliby,2,Archaea,Top,361,106.80265706371192,4.653203773498535,-22.07747471631116,0.1689750692520775,0.1191135734072022,0.0700831024930747,0.0581717451523545,28.9573407202216,0.0637119113573407,0.2908587257617728,0.8614958448753463,-0.0415512465373961,0.0543928719436386,29.783592224121097,0.299168975069252,0.21201413427561838,0.14487632508833923,-0.0812720848056537,0.3568904593639576
Q8TY15,SolubleCaliby,3,Archaea,Top,361,107.11073905817172,4.718682289123534,-20.086117424737523,0.1689750692520776,0.1246537396121883,0.0686980609418282,0.0692520775623268,20.362049861495844,0.0609418282548476,0.2853185595567867,0.8531855955678671,-0.1329639889196676,0.0810552917840144,28.44424057006836,0.299168975069252,0.2048611111111111,0.1423611111111111,-0.06597222222222222,0.3472222222222222
Q8TY15,SolubleCaliby,4,Archaea,Top,361,107.67659307479224,4.828324699401855,-18.03176496971782,0.1662049861495845,0.1301939058171745,0.0218836565096952,0.0692520775623268,25.069529085872578,0.0609418282548476,0.2742382271468144,0.8670360110803323,-0.2354570637119113,0.0739938366868053,25.40849876403809,0.299168975069252,0.20437956204379562,0.16058394160583941,-0.058394160583941604,0.36496350364963503
Q8TY15,SolubleCaliby,5,Archaea,Top,361,108.59995650969528,4.9441625595092775,-15.098921319928444,0.1689750692520775,0.1385041551246537,-0.0814404432132964,0.0720221606648199,23.475069252077557,0.0498614958448753,0.2631578947368421,0.8199445983379501,-0.077562326869806,0.0783515092450861,26.197200775146484,0.299168975069252,0.2283464566929134,0.18110236220472442,-0.05511811023622047,0.40944881889763785
Q8TY15,SolubleCaliby,6,Archaea,Top,361,107.1246844875346,4.876126289367675,-16.91934319288982,0.1578947368421052,0.1274238227146814,0.0750692520775623,0.0664819944598337,23.03684210526315,0.0637119113573407,0.2797783933518005,0.8614958448753463,-0.2853185595567866,0.0619557832017979,26.45439720153809,0.299168975069252,0.203125,0.16796875,-0.05078125,0.37109375
Q8TY15,SolubleCaliby,7,Archaea,Top,361,107.1435379501385,4.721467399597167,-20.005665900778205,0.1606648199445983,0.1191135734072022,0.0612188365650969,0.0609418282548476,28.69390581717451,0.0637119113573407,0.2936288088642659,0.8725761772853187,-0.0526315789473684,0.0517626274022189,27.05428123474121,0.299168975069252,0.20754716981132076,0.15471698113207547,-0.06415094339622641,0.36226415094339626
B1YC30,SolubleCaliby,0,Archaea,Neutral,262,112.90999618320608,4.8113298416137695,-15.18060054643354,0.2175572519083969,0.1603053435114503,-0.6137404580152672,0.0381679389312977,55.304580152671726,0.0610687022900763,0.2213740458015267,0.866412213740458,-0.0954198473282443,0.2031134432086188,22.928617477416992,0.3015267175572519,0.2922077922077922,0.2662337662337662,-0.025974025974025976,0.5584415584415584
B1YC30,SolubleCaliby,1,Archaea,Neutral,262,112.28019122137404,4.733915138244629,-17.481214331329312,0.2251908396946564,0.1603053435114503,-0.549618320610687,0.0305343511450381,42.179389312977094,0.0610687022900763,0.1984732824427481,0.931297709923664,-0.0152671755725191,0.1097261517108845,24.43952751159668,0.3015267175572519,0.28342245989304815,0.22459893048128343,-0.058823529411764705,0.5080213903743316
B1YC30,SolubleCaliby,2,Archaea,Neutral,262,112.35672633587788,4.935295677185057,-11.172751113962732,0.2022900763358778,0.1603053435114503,-0.4938931297709923,0.0381679389312977,41.87900763358778,0.0687022900763358,0.2137404580152671,0.931297709923664,-0.1374045801526717,0.2161812136532881,22.547222137451172,0.3015267175572519,0.29577464788732394,0.2887323943661972,-0.007042253521126761,0.5845070422535211
B1YC30,SolubleCaliby,3,Archaea,Neutral,262,112.43663778625952,4.9880990982055655,-12.026442146655398,0.2137404580152672,0.1755725190839694,-0.6076335877862595,0.0419847328244274,29.26335877862594,0.0572519083969465,0.2137404580152671,0.8816793893129771,-0.0648854961832061,0.2024101852346127,23.05365943908691,0.3015267175572519,0.3096774193548387,0.2709677419354839,-0.04516129032258064,0.5806451612903226
B1YC30,SolubleCaliby,4,Archaea,Neutral,262,112.84509427480916,5.043005561828613,-12.87258932885628,0.2137404580152671,0.1793893129770992,-0.6270992366412215,0.0343511450381679,45.40114503816793,0.0725190839694656,0.2061068702290076,0.8931297709923665,-0.2061068702290076,0.1928868841082581,26.138343811035156,0.3015267175572519,0.2608695652173913,0.24456521739130435,-0.03260869565217391,0.5054347826086957
B1YC30,SolubleCaliby,5,Archaea,Neutral,262,113.47259847328245,5.056192207336425,-11.307524754024364,0.2061068702290076,0.1717557251908397,-0.5435114503816794,0.0419847328244274,40.72061068702291,0.0687022900763358,0.1946564885496183,0.8702290076335877,-0.0305343511450381,0.2013915554395073,24.43226432800293,0.3015267175572519,0.2606060606060606,0.2545454545454545,-0.012121212121212121,0.5151515151515151
B1YC30,SolubleCaliby,6,Archaea,Neutral,262,111.59981832061068,4.818548393249511,-13.500045105466585,0.2022900763358778,0.1526717557251908,-0.5064885496183206,0.0419847328244274,39.88740458015267,0.0610687022900763,0.2251908396946564,0.8129770992366412,-0.1793893129770992,0.1944271850405349,22.298559188842773,0.3015267175572519,0.2608695652173913,0.20652173913043478,-0.05434782608695652,0.46739130434782605
B1YC30,SolubleCaliby,7,Archaea,Neutral,262,113.59007480916031,4.825653266906738,-16.955375114145134,0.2137404580152672,0.1603053435114503,-0.585114503816794,0.0419847328244274,44.74236641221375,0.0687022900763358,0.1984732824427481,0.931297709923664,-0.1068702290076335,0.2042696128768852,22.95134162902832,0.3015267175572519,0.3013698630136986,0.273972602739726,-0.04794520547945205,0.5753424657534246
P80505,SolubleCaliby,0,Bacteria,Bottom,337,109.66925637982196,5.075687980651854,-12.980620317689407,0.1780415430267062,0.1543026706231454,-0.2513353115727003,0.0623145400593471,22.17922848664688,0.0474777448071216,0.2640949554896142,0.8130563798219586,-0.0949554896142433,0.088490243683122,22.941402435302734,0.2997032640949555,0.24630541871921183,0.23645320197044334,-0.029556650246305417,0.48275862068965514
P80505,SolubleCaliby,1,Bacteria,Bottom,337,108.90026201780417,5.1505449295043935,-11.072898933315578,0.172106824925816,0.1513353115727003,-0.2305637982195846,0.0563798219584569,18.930860534124623,0.0445103857566765,0.2700296735905044,0.8724035608308606,-0.0830860534124628,0.0959474232939796,21.59567642211914,0.2997032640949555,0.2564102564102564,0.2512820512820513,-0.02564102564102564,0.5076923076923077
P80505,SolubleCaliby,2,Bacteria,Bottom,337,108.4989474777448,4.900908088684082,-16.896907291842382,0.1750741839762611,0.142433234421365,-0.1189910979228486,0.0563798219584569,16.39792284866468,0.0445103857566765,0.2759643916913946,0.857566765578635,-0.0919881305637982,0.0855705720486965,23.368396759033203,0.2997032640949555,0.24752475247524752,0.21782178217821782,-0.054455445544554455,0.4653465346534653
P80505,SolubleCaliby,3,Bacteria,Bottom,337,108.56973204747774,4.862371253967285,-17.900162596304014,0.1750741839762611,0.1394658753709198,-0.1836795252225519,0.0623145400593471,16.57685459940652,0.0385756676557863,0.2908011869436201,0.8545994065281899,-0.0178041543026706,0.0882906730995026,21.890483856201172,0.2997032640949555,0.23529411764705882,0.23529411764705882,-0.026737967914438502,0.47058823529411764
P80505,SolubleCaliby,4,Bacteria,Bottom,337,108.98633442136496,5.304578590393065,-9.908251582753913,0.1661721068249258,0.1543026706231454,-0.2323442136498516,0.0563798219584569,24.680712166172093,0.0445103857566765,0.2759643916913946,0.8219584569732937,0.0385756676557863,0.0915230966827583,22.6115779876709,0.2997032640949555,0.24867724867724866,0.24867724867724866,-0.021164021164021163,0.4973544973544973
P80505,SolubleCaliby,5,Bacteria,Bottom,337,109.58615667655786,5.001910972595215,-17.710654029441756,0.1839762611275964,0.1543026706231454,-0.2732937685459941,0.0563798219584569,21.034718100890203,0.0474777448071216,0.2670623145400593,0.8961424332344214,-0.142433234421365,0.0864163921632682,22.90785026550293,0.2997032640949555,0.2608695652173913,0.2318840579710145,-0.05314009661835749,0.49275362318840576
P80505,SolubleCaliby,6,Bacteria,Bottom,337,110.04636824925817,5.092569160461425,-13.892641331695344,0.1780415430267062,0.1543026706231454,-0.3106824925816024,0.0623145400593471,23.63204747774481,0.0415430267062314,0.2640949554896142,0.8486646884272997,0.029673590504451,0.0895294616362865,22.71307373046875,0.2997032640949555,0.24358974358974358,0.20512820512820512,-0.05982905982905983,0.4487179487179487
P80505,SolubleCaliby,7,Bacteria,Bottom,337,109.56618724035609,5.91923542022705,-4.8181303910023345,0.1661721068249258,0.172106824925816,-0.2421364985163204,0.0563798219584569,21.231454005934708,0.0415430267062314,0.2700296735905044,0.884272997032641,-0.0356083086053412,0.0930629943684486,22.347423553466797,0.2997032640949555,0.24257425742574257,0.26732673267326734,-0.0049504950495049506,0.5099009900990099
Q9N2D5,SolubleCaliby,0,Eukaryota,Neutral,333,108.09512312312312,5.013335609436035,-14.634612064447666,0.1711711711711711,0.1441441441441441,-0.0990990990990991,0.054054054054054,22.466666666666654,0.06006006006006,0.2732732732732733,0.8738738738738738,-0.087087087087087,0.1084359291906461,20.8596134185791,0.3003003003003003,0.2640449438202247,0.24157303370786518,-0.0449438202247191,0.5056179775280899
Q9N2D5,SolubleCaliby,1,Eukaryota,Neutral,333,108.50681441441442,5.140711784362792,-14.44689631721485,0.1801801801801801,0.1591591591591591,-0.2105105105105105,0.054054054054054,22.76246246246246,0.057057057057057,0.2672672672672673,0.8768768768768769,-0.0120120120120119,0.0762100255771141,22.96025657653809,0.3003003003003003,0.24561403508771928,0.20175438596491227,-0.05701754385964912,0.4473684210526315
Q9N2D5,SolubleCaliby,2,Eukaryota,Neutral,333,107.4070945945946,5.340500831604003,-11.379549023543715,0.1711711711711712,0.1621621621621621,-0.1147147147147147,0.048048048048048,21.486486486486484,0.054054054054054,0.2732732732732733,0.8468468468468469,0.012012012012012,0.0747131312103063,23.253005981445312,0.3003003003003003,0.21585903083700442,0.21145374449339208,-0.02643171806167401,0.42731277533039647
Q9N2D5,SolubleCaliby,3,Eukaryota,Neutral,333,108.06754714714717,4.8661226272583,-18.797832753035543,0.1741741741741742,0.1381381381381381,-0.0999999999999999,0.06006006006006,27.98738738738738,0.06006006006006,0.2702702702702703,0.8648648648648649,-0.0900900900900901,0.0940398526605423,23.216114044189453,0.3003003003003003,0.25,0.19811320754716982,-0.07547169811320754,0.4481132075471698
Q9N2D5,SolubleCaliby,4,Eukaryota,Neutral,333,108.30251681681682,5.2300626754760735,-13.367462814845531,0.1711711711711712,0.1561561561561561,-0.1597597597597597,0.054054054054054,21.2084084084084,0.051051051051051,0.2762762762762762,0.8708708708708708,-0.036036036036036,0.070142630274426,22.769914627075195,0.3003003003003003,0.271356783919598,0.21608040201005024,-0.08040201005025126,0.48743718592964824
Q9N2D5,SolubleCaliby,5,Eukaryota,Neutral,333,108.31460840840842,5.054941749572753,-14.803938519070392,0.1711711711711711,0.1471471471471471,-0.1288288288288288,0.057057057057057,26.16666666666666,0.06006006006006,0.2672672672672673,0.882882882882883,-0.012012012012012,0.1117641377978284,21.38735008239746,0.3003003003003003,0.26424870466321243,0.20207253886010362,-0.07253886010362694,0.46632124352331605
Q9N2D5,SolubleCaliby,6,Eukaryota,Neutral,333,107.46431441441442,5.407059288024903,-7.735211664407878,0.1621621621621621,0.1531531531531531,-0.1288288288288288,0.063063063063063,22.82432432432432,0.057057057057057,0.2792792792792793,0.8678678678678678,-0.063063063063063,0.0897695183409469,22.5221004486084,0.3003003003003003,0.23383084577114427,0.23880597014925373,-0.009950248756218905,0.47263681592039797
Q9N2D5,SolubleCaliby,7,Eukaryota,Neutral,333,108.32425165165164,5.171518516540526,-12.806485461361902,0.1741741741741742,0.1561561561561561,-0.1387387387387387,0.048048048048048,19.950450450450443,0.054054054054054,0.2612612612612612,0.8468468468468469,-0.1261261261261261,0.1215044832066108,20.464611053466797,0.3003003003003003,0.2802197802197802,0.25824175824175827,-0.04395604395604396,0.5384615384615385
Q6DIY2,SolubleCaliby,0,Eukaryota,Bottom,179,116.22468770949722,4.869419288635252,-12.668759881300808,0.2122905027932961,0.1675977653631284,-0.7128491620111732,0.0837988826815642,42.209553072625695,0.0782122905027933,0.1787709497206703,0.8435754189944134,-0.2067039106145251,0.2381961961652145,15.48732089996338,0.3016759776536313,0.27835051546391754,0.25773195876288657,-0.05154639175257732,0.5360824742268041
Q6DIY2,SolubleCaliby,1,Eukaryota,Bottom,179,116.18100949720672,5.143269538879394,-9.926103372044718,0.2011173184357542,0.1787709497206704,-0.5849162011173185,0.0837988826815642,53.76659217877094,0.0782122905027933,0.1843575418994413,0.9106145251396648,-0.3072625698324022,0.2548131204269857,15.257025718688965,0.3016759776536313,0.2857142857142857,0.25274725274725274,-0.06593406593406594,0.5384615384615384
Q6DIY2,SolubleCaliby,2,Eukaryota,Bottom,179,115.51034245810057,5.03891315460205,-10.019755725503892,0.1955307262569832,0.1675977653631284,-0.5122905027932961,0.0837988826815642,36.948659217877086,0.0782122905027933,0.1843575418994413,0.8659217877094972,-0.2960893854748604,0.2329050279329609,15.62883758544922,0.3016759776536313,0.26666666666666666,0.25555555555555554,-0.03333333333333333,0.5222222222222221
Q6DIY2,SolubleCaliby,3,Eukaryota,Bottom,179,115.520856424581,5.0663663864135735,-8.774442986697832,0.2011173184357541,0.1731843575418994,-0.6698324022346369,0.0782122905027933,42.608994413407814,0.0782122905027933,0.1731843575418994,0.8938547486033519,-0.3463687150837988,0.2330850403476101,16.083984375,0.3016759776536313,0.27722772277227725,0.26732673267326734,-0.039603960396039604,0.5445544554455446
Q6DIY2,SolubleCaliby,4,Eukaryota,Bottom,179,114.05582849162012,4.93756923675537,-11.022556187577102,0.1899441340782122,0.1564245810055866,-0.4547486033519553,0.0782122905027933,42.05256983240223,0.0782122905027933,0.2011173184357541,0.8156424581005586,-0.3016759776536312,0.2406961753330468,15.319463729858398,0.3016759776536313,0.22988505747126436,0.2413793103448276,-0.022988505747126436,0.47126436781609193
Q6DIY2,SolubleCaliby,5,Eukaryota,Bottom,179,116.40438547486036,5.319129371643067,-7.923391246984654,0.1955307262569832,0.1843575418994413,-0.693854748603352,0.0837988826815642,48.75927374301675,0.0782122905027933,0.1843575418994413,0.8603351955307263,-0.3016759776536313,0.2376047486033519,15.762313842773438,0.3016759776536313,0.26595744680851063,0.2765957446808511,-0.010638297872340425,0.5425531914893618
Q6DIY2,SolubleCaliby,6,Eukaryota,Bottom,179,115.16283910614526,5.045790672302245,-10.92339700787661,0.2067039106145251,0.1787709497206704,-0.5614525139664804,0.0614525139664804,43.19391061452513,0.0782122905027933,0.1899441340782122,0.8826815642458101,-0.2793296089385475,0.2417368344790945,15.687994956970217,0.3016759776536313,0.2604166666666667,0.2708333333333333,-0.03125,0.53125
Q6DIY2,SolubleCaliby,7,Eukaryota,Bottom,179,116.66818491620111,5.3352148056030275,-7.014683199176094,0.1899441340782122,0.1787709497206703,-0.5608938547486034,0.0949720670391061,31.567653631284905,0.0782122905027933,0.1787709497206703,0.9273743016759776,-0.3463687150837988,0.2441084792723878,15.537328720092772,0.3016759776536313,0.2727272727272727,0.24242424242424243,-0.06060606060606061,0.5151515151515151
G0HQ35,SolubleCaliby,0,Archaea,Bottom,358,110.4196377094972,4.752274131774903,-21.87606373412417,0.1759776536312849,0.1312849162011173,-0.25,0.0865921787709497,24.571229050279328,0.0865921787709497,0.2486033519553072,0.8603351955307262,-0.3128491620111732,0.1133037105587272,21.647855758666992,0.3016759776536313,0.22727272727272727,0.20202020202020202,-0.04040404040404041,0.4292929292929293
G0HQ35,SolubleCaliby,1,Archaea,Bottom,358,110.71017625698325,4.741815757751465,-24.544694554548073,0.1983240223463687,0.1452513966480447,-0.3863128491620112,0.0726256983240223,26.378547486033515,0.0810055865921787,0.2318435754189944,0.8743016759776536,-0.2932960893854748,0.1391626388801707,21.029390335083008,0.3016759776536313,0.2810810810810811,0.24324324324324326,-0.04864864864864865,0.5243243243243243
G0HQ35,SolubleCaliby,2,Archaea,Bottom,358,110.99396620111732,5.024930763244629,-14.968007069627816,0.1787709497206703,0.1508379888268156,-0.3078212290502793,0.0837988826815642,25.10027932960893,0.0782122905027933,0.2402234636871508,0.7625698324022346,-0.3156424581005587,0.1465652928738862,20.210020065307617,0.3016759776536313,0.24210526315789474,0.25263157894736843,0.0,0.49473684210526314
G0HQ35,SolubleCaliby,3,Archaea,Bottom,358,110.27150251396648,4.635470008850096,-26.866369827523847,0.1899441340782122,0.1312849162011173,-0.2184357541899441,0.0726256983240223,27.33351955307262,0.0754189944134078,0.2402234636871508,0.8687150837988826,-0.2094972067039106,0.1329932699129979,21.17008399963379,0.3016759776536313,0.2717948717948718,0.20512820512820512,-0.07692307692307693,0.4769230769230769
G0HQ35,SolubleCaliby,4,Archaea,Bottom,358,110.8397027932961,4.789162635803222,-20.95980154145414,0.1843575418994413,0.1396648044692737,-0.2399441340782123,0.0837988826815642,23.29807262569831,0.0810055865921787,0.2346368715083799,0.7402234636871509,-0.2877094972067039,0.1327413703333661,20.952659606933594,0.3016759776536313,0.2760416666666667,0.21354166666666666,-0.07291666666666667,0.48958333333333337
G0HQ35,SolubleCaliby,5,Archaea,Bottom,358,110.56918547486032,4.839010429382324,-19.908321308948473,0.1759776536312849,0.1368715083798882,-0.1592178770949721,0.0810055865921787,26.734106145251385,0.0754189944134078,0.2346368715083799,0.8631284916201117,-0.3659217877094972,0.1044440152145489,22.595361709594727,0.3016759776536313,0.22596153846153846,0.21634615384615385,-0.03365384615384615,0.4423076923076923
G0HQ35,SolubleCaliby,6,Archaea,Bottom,358,110.44265335195531,4.869078254699706,-20.48504727158481,0.1843575418994413,0.1452513966480447,-0.2706703910614525,0.0726256983240223,29.775418994413393,0.0782122905027933,0.2262569832402234,0.8603351955307262,-0.3128491620111732,0.1295989027531529,20.414270401000977,0.3016759776536313,0.2736842105263158,0.23684210526315788,-0.05263157894736842,0.5105263157894737
G0HQ35,SolubleCaliby,7,Archaea,Bottom,358,110.27746061452514,4.720273780822754,-22.625520132677167,0.1815642458100558,0.1312849162011173,-0.1432960893854748,0.0865921787709497,22.3190223463687,0.0726256983240223,0.2430167597765363,0.8826815642458101,-0.3184357541899441,0.1092283836561383,24.700550079345703,0.3016759776536313,0.24623115577889448,0.20603015075376885,-0.05527638190954774,0.45226130653266333
Q8DLT5,SolubleCaliby,0,Bacteria,Neutral,449,106.5417452115813,4.589828300476075,-27.06108678666032,0.1514476614699332,0.1002227171492204,-0.1755011135857461,0.0356347438752783,30.44342984409797,0.0579064587973273,0.2962138084632517,0.8775055679287306,-0.4543429844097996,0.0493630130732187,29.2899169921875,0.3006681514476614,0.21484375,0.140625,-0.078125,0.35546875
Q8DLT5,SolubleCaliby,1,Bacteria,Neutral,449,106.38432449888644,4.760117912292479,-20.995355095917446,0.1447661469933184,0.1091314031180401,-0.1447661469933185,0.0356347438752783,25.08418708240534,0.0623608017817371,0.2939866369710467,0.9420935412026726,-0.4565701559020044,0.0418778550498063,34.07341003417969,0.3006681514476614,0.20069204152249134,0.15570934256055363,-0.05536332179930796,0.356401384083045
Q8DLT5,SolubleCaliby,2,Bacteria,Neutral,449,107.0327394209354,4.710099601745605,-22.073533197166952,0.1447661469933184,0.1046770601336302,-0.2169265033407572,0.044543429844098,32.132739420935394,0.0645879732739421,0.289532293986637,0.9042316258351892,-0.4320712694877505,0.0460367591794382,32.94865417480469,0.3006681514476614,0.21374045801526717,0.16793893129770993,-0.05343511450381679,0.38167938931297707
Q8DLT5,SolubleCaliby,3,Bacteria,Neutral,449,106.42888930957685,4.71777286529541,-23.06635009301995,0.1514476614699331,0.1091314031180401,-0.1657015590200445,0.0334075723830734,25.63808463251669,0.0601336302895322,0.2895322939866369,0.9198218262806236,-0.4699331848552338,0.0392161896754234,31.59964179992676,0.3006681514476614,0.20065789473684212,0.15789473684210525,-0.05592105263157895,0.35855263157894735
Q8DLT5,SolubleCaliby,4,Bacteria,Neutral,449,105.96548908685968,4.829802513122559,-17.173764117516278,0.1358574610244988,0.1046770601336302,-0.1349665924276169,0.0334075723830734,26.172383073496647,0.0623608017817371,0.2917594654788418,0.9198218262806236,-0.4743875278396436,0.0469588933753535,30.304370880126953,0.3006681514476614,0.2,0.16981132075471697,-0.03773584905660377,0.369811320754717
Q8DLT5,SolubleCaliby,5,Bacteria,Neutral,449,106.45522917594654,4.700778007507323,-23.90970749070013,0.1447661469933184,0.1046770601336302,-0.1576837416481069,0.0356347438752784,27.81314031180399,0.0601336302895322,0.2917594654788419,0.9465478841870824,-0.443207126948775,0.0467950310053215,30.88922882080078,0.3006681514476614,0.20848056537102475,0.1519434628975265,-0.0706713780918728,0.36042402826855124
Q8DLT5,SolubleCaliby,6,Bacteria,Neutral,449,106.29880244988864,4.612052345275878,-25.11608046850317,0.1425389755011136,0.0957683741648107,-0.166369710467706,0.0400890868596882,23.9826280623608,0.0556792873051224,0.3028953229398664,0.9042316258351892,-0.3830734966592428,0.0388933176636888,34.613365173339844,0.3006681514476614,0.2,0.14385964912280702,-0.06666666666666667,0.34385964912280703
Q8DLT5,SolubleCaliby,7,Bacteria,Neutral,449,106.81222360801782,4.700834846496581,-23.072408197219048,0.1514476614699332,0.1091314031180401,-0.1875278396436525,0.0356347438752783,29.3011135857461,0.0601336302895322,0.2828507795100223,0.888641425389755,-0.4075723830734967,0.0547975334670164,32.04147720336914,0.3006681514476614,0.23018867924528302,0.17358490566037735,-0.06792452830188679,0.4037735849056604
O67786,ProteinMPNN,0,Bacteria,Top,223,114.04511479820628,4.829973030090332,-12.269977125852655,0.1838565022421524,0.1390134529147982,-0.189237668161435,0.1031390134529148,32.09152466367712,0.0582959641255605,0.2197309417040358,0.852017937219731,0.5201793721973094,0.0828159135334023,19.22402000427246,0.3004484304932735,0.2727272727272727,0.21212121212121213,-0.06818181818181818,0.48484848484848486
O67786,ProteinMPNN,1,Bacteria,Top,223,114.51176502242151,4.9656476974487305,-9.3511345679634,0.1883408071748878,0.1524663677130044,-0.2560538116591928,0.1076233183856502,34.12739910313901,0.0493273542600896,0.2062780269058296,0.8295964125560539,0.3452914798206278,0.1170415740031839,19.62275123596191,0.3004484304932735,0.29838709677419356,0.25,-0.056451612903225805,0.5483870967741935
O67786,ProteinMPNN,2,Bacteria,Top,223,114.28413183856502,5.238361167907715,-5.373388166995099,0.1659192825112107,0.147982062780269,-0.173542600896861,0.1031390134529148,30.248026905829587,0.0582959641255605,0.2017937219730941,0.820627802690583,0.5067264573991032,0.0784462174596703,19.72617530822754,0.3004484304932735,0.2462686567164179,0.23880597014925373,-0.014925373134328358,0.4850746268656716
O67786,ProteinMPNN,3,Bacteria,Top,223,114.54870313901344,5.006230735778809,-10.189477643726445,0.1838565022421524,0.1524663677130044,-0.1757847533632287,0.1076233183856502,36.8816591928251,0.0538116591928251,0.2062780269058296,0.8565022421524664,0.4349775784753363,0.1056492493663482,18.226072311401367,0.3004484304932735,0.28205128205128205,0.26495726495726496,-0.03418803418803419,0.5470085470085471
O67786,ProteinMPNN,4,Bacteria,Top,223,112.66219461883408,4.5836896896362305,-15.36372221876167,0.1748878923766816,0.1121076233183856,0.04304932735426,0.1031390134529148,34.178520179372185,0.0627802690582959,0.242152466367713,0.7982062780269058,0.4932735426008968,0.0766237523506437,19.535484313964844,0.3004484304932735,0.26666666666666666,0.17777777777777778,-0.0962962962962963,0.4444444444444444
O67786,ProteinMPNN,5,Bacteria,Top,223,108.90480807174887,4.997818565368651,-6.3682253952235435,0.1345291479820627,0.1121076233183856,0.2071748878923766,0.1031390134529148,28.635426008968594,0.0672645739910313,0.3094170403587444,0.8071748878923768,0.4573991031390135,0.0859539081568939,19.073570251464844,0.3004484304932735,0.18840579710144928,0.17391304347826086,-0.021739130434782608,0.36231884057971014
O67786,ProteinMPNN,6,Bacteria,Top,223,113.9246,5.01447238922119,-10.187777942793073,0.1838565022421524,0.1524663677130044,-0.1780269058295964,0.1031390134529148,44.04668161434978,0.0582959641255605,0.2017937219730941,0.8071748878923767,0.4753363228699551,0.0934638732282669,19.98685836791992,0.3004484304932735,0.24822695035460993,0.2198581560283688,-0.03546099290780142,0.46808510638297873
O67786,ProteinMPNN,7,Bacteria,Top,223,112.042365470852,4.695889854431152,-14.224313003324657,0.1659192825112107,0.116591928251121,0.0605381165919282,0.0896860986547085,31.911210762331827,0.0582959641255605,0.242152466367713,0.852017937219731,0.5022421524663676,0.1036276877084051,19.983985900878903,0.3004484304932735,0.23308270676691728,0.17293233082706766,-0.07518796992481203,0.40601503759398494
Q980U8,ProteinMPNN,0,Archaea,Top,349,112.21569255014327,6.043030738830566,-3.897655224378859,0.1862464183381088,0.1919770773638968,-0.3461318051575932,0.0487106017191977,21.486819484240677,0.0458452722063037,0.2034383954154728,0.8395415472779371,0.4498567335243553,0.0278704597447804,26.856325149536133,0.3008595988538682,0.21379310344827587,0.22413793103448276,-0.010344827586206896,0.4379310344827586
Q980U8,ProteinMPNN,1,Archaea,Top,349,109.90473495702008,5.205849266052245,-12.88337449210166,0.1833810888252149,0.163323782234957,-0.2481375358166189,0.0429799426934097,19.566189111747853,0.0544412607449856,0.2435530085959885,0.8767908309455588,0.2120343839541547,0.0516920106793091,25.850868225097656,0.3008595988538682,0.20955882352941177,0.19117647058823528,-0.03676470588235294,0.4007352941176471
Q980U8,ProteinMPNN,2,Archaea,Top,349,107.97709484240688,5.128605079650878,-11.999907998987538,0.157593123209169,0.1375358166189111,-0.0535816618911174,0.0515759312320916,25.958452722063036,0.0544412607449856,0.2922636103151863,0.7994269340974212,0.3008595988538682,0.0365296803652968,25.46092414855957,0.3008595988538682,0.20532319391634982,0.17870722433460076,-0.045627376425855515,0.3840304182509506
Q980U8,ProteinMPNN,3,Archaea,Top,349,108.73817908309456,5.248478507995604,-10.997735926527696,0.166189111747851,0.1489971346704871,-0.0825214899713467,0.0458452722063037,34.68710601719196,0.0601719197707736,0.2636103151862464,0.8968481375358166,0.3868194842406877,0.0341675791571866,26.32805824279785,0.3008595988538682,0.2,0.18181818181818182,-0.03272727272727273,0.38181818181818183
Q980U8,ProteinMPNN,4,Archaea,Top,349,111.36718968481377,4.927792930603027,-18.05376206297545,0.2005730659025788,0.160458452722063,-0.3094555873925501,0.0458452722063037,32.24584527220629,0.0487106017191977,0.2292263610315186,0.8710601719197708,0.4584527220630372,0.0303514968876593,25.265445709228516,0.3008595988538682,0.24354243542435425,0.1992619926199262,-0.055350553505535055,0.44280442804428044
Q980U8,ProteinMPNN,5,Archaea,Top,349,108.30676733524356,5.128605079650878,-11.973444895334616,0.154727793696275,0.1346704871060172,0.0191977077363896,0.0515759312320916,27.95358166189112,0.0515759312320916,0.2951289398280802,0.8395415472779371,0.4498567335243553,0.0565265272410241,22.841121673583984,0.3008595988538682,0.20087336244541484,0.1615720524017467,-0.048034934497816595,0.36244541484716153
Q980U8,ProteinMPNN,6,Archaea,Top,349,110.67625358166192,4.891813850402832,-18.774117282791455,0.1862464183381089,0.1432664756446991,-0.1785100286532951,0.0544412607449856,34.258452722063026,0.0487106017191977,0.2406876790830945,0.7936962750716332,0.4441260744985673,0.042913692300048,23.194137573242188,0.3008595988538682,0.2450592885375494,0.1857707509881423,-0.07114624505928854,0.4308300395256917
Q980U8,ProteinMPNN,7,Archaea,Top,349,109.05368739255016,6.0151796340942365,-3.888920092390237,0.160458452722063,0.166189111747851,-0.1065902578796561,0.0401146131805157,22.834957020057303,0.0487106017191977,0.2722063037249284,0.8538681948424068,0.2808022922636103,0.04873568118977,25.035934448242188,0.3008595988538682,0.2,0.2153846153846154,-0.0038461538461538464,0.4153846153846154
O58832,ProteinMPNN,0,Archaea,Top,342,113.12563830409354,5.040845680236816,-13.877610501252413,0.1871345029239766,0.1549707602339181,-0.3172514619883041,0.087719298245614,49.41900584795321,0.0730994152046783,0.2134502923976608,0.8567251461988303,-0.0555555555555555,0.0844263149872853,23.50643539428711,0.3011695906432748,0.2765957446808511,0.24468085106382978,-0.047872340425531915,0.5212765957446809
O58832,ProteinMPNN,1,Archaea,Top,342,110.77932923976608,5.463557243347168,-7.0990388410748935,0.1578947368421052,0.1491228070175438,-0.102046783625731,0.0818713450292397,35.656432748537995,0.0730994152046783,0.2368421052631579,0.8538011695906432,0.023391812865497,0.1012958054608944,22.405162811279297,0.3011695906432748,0.25555555555555554,0.23333333333333334,-0.03888888888888889,0.4888888888888889
O58832,ProteinMPNN,2,Archaea,Top,342,112.0316043859649,5.521191978454589,-5.919372018425534,0.1666666666666666,0.1578947368421052,-0.3350877192982456,0.0818713450292397,37.1517543859649,0.0818713450292397,0.2134502923976608,0.8859649122807017,-0.0204678362573099,0.095644024591393,21.682531356811523,0.3011695906432748,0.2647058823529412,0.2647058823529412,-0.0058823529411764705,0.5294117647058824
O58832,ProteinMPNN,3,Archaea,Top,342,110.3588941520468,4.901249122619628,-16.185173899390676,0.1754385964912281,0.1374269005847953,-0.2283625730994152,0.0730994152046783,40.93128654970761,0.0760233918128654,0.2543859649122807,0.8128654970760234,-0.023391812865497,0.0830043314944091,22.172109603881836,0.3011695906432748,0.26455026455026454,0.21693121693121692,-0.06349206349206349,0.48148148148148145
O58832,ProteinMPNN,4,Archaea,Top,342,110.19559883040934,5.003161430358887,-13.599567739809444,0.1637426900584795,0.1345029239766081,-0.0728070175438596,0.0701754385964912,46.22017543859649,0.0847953216374269,0.2485380116959064,0.8771929824561404,-0.0409356725146198,0.0845601057660332,21.56919860839844,0.3011695906432748,0.24581005586592178,0.20670391061452514,-0.061452513966480445,0.45251396648044695
O58832,ProteinMPNN,5,Archaea,Top,342,111.80900175438596,5.015154457092284,-14.163020971373683,0.1842105263157894,0.1520467836257309,-0.2792397660818713,0.0701754385964912,44.86666666666666,0.0760233918128654,0.219298245614035,0.8713450292397661,-0.1052631578947368,0.0795201537281856,23.925880432128903,0.3011695906432748,0.2766990291262136,0.23300970873786409,-0.05825242718446602,0.5097087378640777
O58832,ProteinMPNN,6,Archaea,Top,342,110.79932222222222,5.017143821716308,-14.809854232039244,0.1812865497076023,0.1491228070175438,-0.1859649122807017,0.0730994152046783,43.38947368421052,0.0730994152046783,0.2222222222222222,0.8450292397660819,-0.0847953216374269,0.167651919654208,20.48551368713379,0.3011695906432748,0.2976190476190476,0.23809523809523808,-0.07738095238095238,0.5357142857142857
O58832,ProteinMPNN,7,Archaea,Top,342,111.48170730994153,5.100356101989745,-13.08540235320627,0.175438596491228,0.1491228070175438,-0.195906432748538,0.0730994152046783,44.51169590643274,0.0818713450292397,0.219298245614035,0.8538011695906432,-0.023391812865497,0.0891916259295102,21.971759796142575,0.3011695906432748,0.2988505747126437,0.23563218390804597,-0.08620689655172414,0.5344827586206897
Q9Z9J6,ProteinMPNN,0,Bacteria,Top,62,112.2087870967742,4.808942604064941,-4.174202352081711,0.2258064516129032,0.1612903225806451,-0.1564516129032258,0.0161290322580645,39.3274193548387,0.0483870967741935,0.1774193548387097,0.9193548387096776,-0.0483870967741935,0.4549453479072247,10.706831932067873,0.3064516129032258,0.3170731707317073,0.21951219512195122,-0.0975609756097561,0.5365853658536586
Q9Z9J6,ProteinMPNN,1,Bacteria,Top,62,118.33406129032258,5.258709526062011,-2.4720533368400375,0.2580645161290322,0.2258064516129032,-0.4903225806451612,0.0161290322580645,51.85645161290322,0.032258064516129,0.0483870967741935,0.9516129032258064,-0.0483870967741935,0.4460197710718002,10.689099311828612,0.3064516129032258,0.36585365853658536,0.3170731707317073,-0.04878048780487805,0.6829268292682926
Q9Z9J6,ProteinMPNN,2,Bacteria,Top,62,118.39708870967742,6.834002113342286,-0.1237044051422113,0.2419354838709677,0.2580645161290322,-0.7629032258064515,0.0161290322580645,26.574193548387093,0.032258064516129,0.064516129032258,0.935483870967742,-0.032258064516129,0.4366640440597955,10.683491706848145,0.3064516129032258,0.325,0.35,0.0,0.675
Q9Z9J6,ProteinMPNN,3,Bacteria,Top,62,114.30843870967742,4.811784553527832,-5.167310152663804,0.2580645161290322,0.1774193548387096,-0.4274193548387097,0.0161290322580645,42.01129032258065,0.0483870967741935,0.1290322580645161,0.935483870967742,-0.032258064516129,0.4456438912877825,10.48814296722412,0.3064516129032258,0.35714285714285715,0.23809523809523808,-0.11904761904761904,0.5952380952380952
Q9Z9J6,ProteinMPNN,4,Bacteria,Top,62,116.10168870967742,4.682987403869628,-6.997345247959748,0.2903225806451612,0.1774193548387096,-0.3903225806451613,0.0161290322580645,58.0258064516129,0.0483870967741935,0.0806451612903225,0.9193548387096776,-0.0483870967741935,0.4486451612903225,10.692818641662598,0.3064516129032258,0.42857142857142855,0.21428571428571427,-0.21428571428571427,0.6428571428571428
Q9Z9J6,ProteinMPNN,5,Bacteria,Top,62,117.29837258064516,5.035673332214355,-3.469198093583879,0.2419354838709677,0.1935483870967742,-0.4032258064516129,0.0161290322580645,38.98387096774193,0.0483870967741935,0.0967741935483871,0.9193548387096774,-0.0161290322580645,0.4306711758584807,10.529382705688477,0.3064516129032258,0.34146341463414637,0.2682926829268293,-0.07317073170731707,0.6097560975609757
Q9Z9J6,ProteinMPNN,6,Bacteria,Top,62,118.78231451612903,4.817980003356933,-6.455695969120548,0.3064516129032257,0.2096774193548387,-0.7,0.0161290322580645,44.63064516129032,0.0161290322580645,0.0483870967741935,0.9193548387096776,-0.0483870967741935,0.4436139522685549,10.718647003173828,0.3064516129032258,0.42857142857142855,0.2619047619047619,-0.16666666666666666,0.6904761904761905
Q9Z9J6,ProteinMPNN,7,Bacteria,Top,62,117.10529677419356,5.627367210388183,-1.4678150580715492,0.2580645161290322,0.2419354838709677,-0.7241935483870967,0.0161290322580645,40.73709677419354,0.0483870967741935,0.0967741935483871,0.935483870967742,-0.064516129032258,0.4548911618148439,10.743995666503906,0.3064516129032258,0.3023255813953488,0.32558139534883723,0.023255813953488372,0.627906976744186
P02819,ProteinMPNN,0,Eukaryota,Bottom,49,102.28026734693876,9.069492912292482,2.741971532899594,0.1020408163265306,0.163265306122449,-0.5714285714285714,0.0816326530612245,56.60632653061224,0.163265306122449,0.3469387755102041,0.8571428571428572,0.3673469387755102,0.1609977324263038,14.975852966308594,0.3061224489795918,0.1,0.2,0.1,0.30000000000000004
P02819,ProteinMPNN,1,Eukaryota,Bottom,49,99.33893265306122,9.56815586090088,4.736350608953174,0.0612244897959183,0.163265306122449,-0.4979591836734694,0.0816326530612245,58.70204081632651,0.1836734693877551,0.3673469387755102,0.8367346938775511,0.3061224489795918,0.1387755102040816,15.015905380249023,0.3061224489795918,0.07142857142857142,0.19047619047619047,0.11904761904761904,0.26190476190476186
P02819,ProteinMPNN,2,Eukaryota,Bottom,49,112.26908163265306,8.040899848937986,1.3560003136539134,0.1224489795918367,0.2857142857142857,-1.1428571428571428,0.0816326530612245,50.1369387755102,0.1836734693877551,0.183673469387755,0.7346938775510203,0.3673469387755101,0.150466966447596,14.701196670532228,0.3061224489795918,0.13157894736842105,0.3684210526315789,0.05263157894736842,0.5
P02819,ProteinMPNN,3,Eukaryota,Bottom,49,100.39836734693876,8.857262992858885,1.745115077320384,0.0816326530612245,0.1224489795918367,-0.3897959183673469,0.0816326530612245,93.12673469387754,0.1836734693877551,0.4081632653061224,0.8163265306122449,0.4081632653061224,0.1291208791208791,15.4925537109375,0.3061224489795918,0.07692307692307693,0.15384615384615385,0.07692307692307693,0.23076923076923078
P02819,ProteinMPNN,4,Eukaryota,Bottom,49,98.68589795918366,9.761561012268068,5.733540146979964,0.0408163265306122,0.163265306122449,-0.4081632653061224,0.0816326530612245,61.44918367346936,0.1836734693877551,0.4081632653061224,0.8163265306122449,0.4081632653061224,0.1399928392409595,15.039128303527832,0.3061224489795918,0.05128205128205128,0.20512820512820512,0.15384615384615385,0.2564102564102564
P02819,ProteinMPNN,5,Eukaryota,Bottom,49,100.97006938775507,8.900714683532716,1.7461040784193838,0.0816326530612245,0.1224489795918367,-0.4020408163265306,0.0816326530612245,69.74714285714283,0.1836734693877551,0.4081632653061224,0.7346938775510203,0.4489795918367347,0.1460239268121041,15.0774564743042,0.3061224489795918,0.10256410256410256,0.15384615384615385,0.05128205128205128,0.2564102564102564
P02819,ProteinMPNN,6,Eukaryota,Bottom,49,101.6272306122449,9.345868873596192,3.739161070926384,0.0816326530612245,0.163265306122449,-0.5755102040816327,0.0816326530612245,63.18183673469386,0.1836734693877551,0.3469387755102041,0.7959183673469388,0.3877551020408163,0.1638655462184874,11.527709007263184,0.3061224489795918,0.07692307692307693,0.20512820512820512,0.1282051282051282,0.28205128205128205
P02819,ProteinMPNN,7,Eukaryota,Bottom,49,100.5663387755102,9.305124855041504,2.7413256141481748,0.0612244897959183,0.1224489795918367,0.0918367346938775,0.0816326530612245,47.63877551020407,0.1836734693877551,0.3673469387755101,0.7755102040816326,0.4489795918367347,0.1771799628942486,14.180118560791016,0.3061224489795918,0.05263157894736842,0.15789473684210525,0.10526315789473684,0.21052631578947367
Q4R312,ProteinMPNN,0,Eukaryota,Bottom,82,111.99408048780488,6.7486867904663095,-0.186230877020213,0.0975609756097561,0.1097560975609756,-0.2146341463414634,0.1341463414634146,66.66231707317071,0.1585365853658536,0.2195121951219512,0.6951219512195123,-0.3780487804878049,0.2268859897901304,16.849594116210938,0.3048780487804878,0.11666666666666667,0.15,0.016666666666666666,0.26666666666666666
Q4R312,ProteinMPNN,1,Eukaryota,Bottom,82,117.01450609756098,9.195077323913573,5.812265280092358,0.1097560975609756,0.1951219512195122,-0.6524390243902439,0.1341463414634146,65.54646341463413,0.1463414634146341,0.1463414634146341,0.7317073170731707,-0.4146341463414633,0.2352720450281425,16.91539764404297,0.3048780487804878,0.11290322580645161,0.25806451612903225,0.12903225806451613,0.3709677419354839
Q4R312,ProteinMPNN,2,Eukaryota,Bottom,82,110.25997317073173,5.741897773742676,-1.1824214140480045,0.1097560975609756,0.1097560975609756,-0.3548780487804878,0.1097560975609756,62.17682926829267,0.1707317073170731,0.2439024390243902,0.8292682926829269,-0.5121951219512195,0.2335175304878048,14.747661590576172,0.3048780487804878,0.12903225806451613,0.12903225806451613,-0.016129032258064516,0.25806451612903225
Q4R312,ProteinMPNN,3,Eukaryota,Bottom,82,113.87527439024392,8.689967536926268,2.813582581955991,0.1097560975609756,0.1585365853658536,-0.6219512195121951,0.1097560975609756,54.69146341463412,0.1707317073170731,0.1585365853658536,0.8170731707317074,-0.5,0.2339246119733924,15.020383834838867,0.3048780487804878,0.140625,0.1875,0.03125,0.328125
Q4R312,ProteinMPNN,4,Eukaryota,Bottom,82,112.2724756097561,4.613530158996581,-4.187362771552575,0.1463414634146341,0.0975609756097561,-0.5073170731707317,0.0975609756097561,61.390243902439,0.1951219512195122,0.1829268292682926,0.8048780487804879,-0.4878048780487805,0.241991263196214,15.639718055725098,0.3048780487804878,0.18333333333333332,0.13333333333333333,-0.05,0.31666666666666665
Q4R312,ProteinMPNN,5,Eukaryota,Bottom,82,114.3748987804878,8.409336662292485,1.8922965885626848,0.1219512195121951,0.1585365853658537,-0.7463414634146341,0.1097560975609756,65.10731707317072,0.1707317073170731,0.1585365853658536,0.7682926829268293,-0.4512195121951219,0.2249007373794668,16.257631301879883,0.3048780487804878,0.14516129032258066,0.20967741935483872,0.04838709677419355,0.3548387096774194
Q4R312,ProteinMPNN,6,Eukaryota,Bottom,82,111.33341585365856,5.372160148620606,-1.1937468388520571,0.1341463414634146,0.1219512195121951,-0.6829268292682927,0.1097560975609756,60.27926829268289,0.1829268292682926,0.1951219512195122,0.8048780487804879,-0.4878048780487805,0.2459032012195122,15.874078750610352,0.3048780487804878,0.1724137931034483,0.1724137931034483,0.0,0.3448275862068966
Q4R312,ProteinMPNN,7,Eukaryota,Bottom,82,108.52628292682928,4.601764488220215,-3.1954835188433144,0.0975609756097561,0.0609756097560975,-0.0548780487804878,0.1097560975609756,66.49402439024388,0.1951219512195122,0.2439024390243902,0.6951219512195121,-0.5,0.2233924611973392,15.37778663635254,0.3048780487804878,0.11666666666666667,0.08333333333333333,-0.03333333333333333,0.2
Q54FJ9,ProteinMPNN,0,Eukaryota,Bottom,306,106.4615676470588,5.357325172424316,-7.156296261615182,0.1405228758169934,0.130718954248366,-0.0013071895424836,0.0457516339869281,43.2124183006536,0.088235294117647,0.2777777777777778,0.8529411764705882,0.2908496732026143,0.0719798958894274,22.148645401000977,0.3006535947712418,0.18181818181818182,0.20606060606060606,0.01818181818181818,0.3878787878787879
Q54FJ9,ProteinMPNN,1,Eukaryota,Bottom,306,105.28686568627452,4.919494438171386,-12.237511225258707,0.1470588235294117,0.1176470588235294,0.0820261437908496,0.0392156862745098,35.461764705882345,0.0816993464052287,0.3039215686274509,0.8496732026143792,0.2483660130718955,0.0804433279836252,22.904130935668945,0.3006535947712418,0.20903954802259886,0.1751412429378531,-0.05084745762711865,0.384180790960452
Q54FJ9,ProteinMPNN,2,Eukaryota,Bottom,306,107.011472875817,5.079723548889159,-10.8489435031058,0.1568627450980392,0.1339869281045751,-0.0232026143790849,0.0490196078431372,28.86013071895424,0.0751633986928104,0.2777777777777778,0.8366013071895425,0.2026143790849673,0.0837429938737128,19.76360511779785,0.3006535947712418,0.23972602739726026,0.23972602739726026,-0.02054794520547945,0.4794520547945205
Q54FJ9,ProteinMPNN,3,Eukaryota,Bottom,306,107.5801725490196,5.563593864440917,-4.345853715865957,0.1470588235294117,0.1405228758169934,-0.1758169934640523,0.0555555555555555,31.456895424836592,0.065359477124183,0.2745098039215686,0.8431372549019609,0.2549019607843137,0.0928627024491145,19.75768280029297,0.3006535947712418,0.20754716981132076,0.23270440251572327,0.025157232704402517,0.44025157232704404
Q54FJ9,ProteinMPNN,4,Eukaryota,Bottom,306,107.07021241830066,6.277264213562011,-1.336094485507786,0.1437908496732026,0.1470588235294117,-0.1339869281045751,0.0457516339869281,36.008202614379066,0.0686274509803921,0.2810457516339869,0.8398692810457516,0.2777777777777778,0.1285431492004983,17.34223175048828,0.3006535947712418,0.2682926829268293,0.2926829268292683,0.008130081300813009,0.5609756097560976
Q54FJ9,ProteinMPNN,5,Eukaryota,Bottom,306,105.5444797385621,5.038344764709472,-11.134101979105637,0.1503267973856208,0.1274509803921568,-0.0326797385620915,0.0424836601307189,38.09869281045751,0.0849673202614379,0.3137254901960784,0.8398692810457516,0.3300653594771242,0.0914034424059012,19.52874755859375,0.3006535947712418,0.22699386503067484,0.22085889570552147,-0.018404907975460124,0.4478527607361963
Q54FJ9,ProteinMPNN,6,Eukaryota,Bottom,306,106.34865490196078,4.795926475524904,-17.541337209803913,0.15359477124183,0.1176470588235294,0.0542483660130718,0.0490196078431372,39.89673202614379,0.0849673202614379,0.3006535947712418,0.8758169934640523,0.1895424836601307,0.0795539189458554,21.29757308959961,0.3006535947712418,0.21893491124260356,0.17159763313609466,-0.07692307692307693,0.3905325443786982
Q54FJ9,ProteinMPNN,7,Eukaryota,Bottom,306,105.2152316993464,7.051183891296386,0.0635035770661929,0.1241830065359477,0.1339869281045752,0.0764705882352941,0.0490196078431372,35.871895424836595,0.0816993464052287,0.3137254901960784,0.9019607843137254,0.3071895424836601,0.0770285087719298,21.435400009155273,0.3006535947712418,0.15730337078651685,0.20224719101123595,0.028089887640449437,0.3595505617977528
Q54JL0,ProteinMPNN,0,Eukaryota,Bottom,633,112.13110963665088,5.211078453063963,-15.932428294968531,0.1627172195892575,0.1453396524486571,-0.2028436018957346,0.0884676145339652,44.682037914692074,0.0805687203791469,0.2243285939968404,0.8246445497630333,-0.0442338072669826,0.0360159731120523,33.366790771484375,0.3001579778830964,0.20434782608695654,0.1934782608695652,-0.021739130434782608,0.3978260869565218
Q54JL0,ProteinMPNN,1,Eukaryota,Bottom,633,114.58045860979465,5.202325248718262,-16.946246112730705,0.1753554502369668,0.1563981042654028,-0.4022116903633492,0.1074249605055292,39.142859399684085,0.0789889415481832,0.1958925750394944,0.8325434439178515,-0.0268562401263823,0.0321191291879644,32.916839599609375,0.3001579778830964,0.20944558521560575,0.19096509240246407,-0.028747433264887063,0.4004106776180698
Q54JL0,ProteinMPNN,2,Eukaryota,Bottom,633,113.98100015797787,5.351470756530762,-14.724269487757113,0.1658767772511848,0.1532385466034755,-0.3011058451816746,0.0995260663507109,42.09009478672993,0.0853080568720379,0.2148499210110584,0.8025276461295419,-0.0568720379146919,0.0326342895504143,33.51242446899414,0.3001579778830964,0.21330275229357798,0.20871559633027523,-0.01834862385321101,0.42201834862385323
Q54JL0,ProteinMPNN,3,Eukaryota,Bottom,633,114.23035576619276,5.776626396179199,-6.864796263563434,0.1563981042654028,0.1548183254344391,-0.2665086887835703,0.1011058451816745,40.90252764612962,0.0837282780410742,0.1927330173775671,0.8009478672985781,0.1248025276461295,0.0320439160863847,31.536741256713867,0.3001579778830964,0.19230769230769232,0.21266968325791855,0.006787330316742082,0.40497737556561086
Q54JL0,ProteinMPNN,4,Eukaryota,Bottom,633,114.77682211690365,5.759404182434082,-6.9672084171481,0.1674565560821485,0.1642969984202211,-0.4758293838862559,0.1090047393364928,37.56417061611371,0.0758293838862559,0.1943127962085308,0.8562401263823065,-0.1042654028436019,0.0390927235739174,31.066844940185547,0.3001579778830964,0.21809744779582366,0.22273781902552203,-0.002320185614849188,0.44083526682134566
Q54JL0,ProteinMPNN,5,Eukaryota,Bottom,633,115.08817883096368,5.382732200622559,-14.751931962450044,0.1769352290679305,0.1642969984202212,-0.4614533965244866,0.1042654028436019,42.59039494470781,0.0821484992101105,0.1911532385466035,0.8357030015797788,-0.0015797788309636,0.033641986852393,31.444658279418945,0.3001579778830964,0.22787610619469026,0.22123893805309736,-0.01991150442477876,0.4491150442477876
Q54JL0,ProteinMPNN,6,Eukaryota,Bottom,633,115.11203601895734,5.214716148376463,-16.942484311594256,0.1753554502369668,0.1563981042654028,-0.3815165876777251,0.1121642969984202,43.078546603475566,0.0774091627172195,0.1895734597156398,0.8609794628751974,-0.0552922590837282,0.0395558650224987,30.53118133544922,0.3001579778830964,0.24875621890547264,0.23134328358208955,-0.02736318407960199,0.48009950248756217
Q54JL0,ProteinMPNN,7,Eukaryota,Bottom,633,116.0375413902054,5.366248893737793,-12.19081015296372,0.1864139020537124,0.1706161137440758,-0.5213270142180095,0.1105845181674565,35.47173775671405,0.0710900473933649,0.1706161137440758,0.8135860979462874,0.1026856240126382,0.0492897841539454,32.71025848388672,0.3001579778830964,0.25462962962962965,0.22916666666666666,-0.027777777777777776,0.4837962962962963
Q69NP0,ProteinMPNN,0,Eukaryota,Bottom,93,113.49647849462364,9.052086448669431,2.7620092307542468,0.1290322580645161,0.1612903225806451,-0.2483870967741935,0.1182795698924731,23.13870967741935,0.075268817204301,0.1827956989247312,0.8387096774193549,-0.3870967741935484,0.3159335288367546,12.855353355407717,0.3010752688172043,0.16129032258064516,0.20967741935483872,0.04838709677419355,0.3709677419354839
Q69NP0,ProteinMPNN,1,Eukaryota,Bottom,93,110.96465591397848,4.820878791809082,-3.193291567672908,0.1505376344086021,0.1182795698924731,-0.0365591397849462,0.1290322580645161,26.079569892473113,0.086021505376344,0.2365591397849462,0.6666666666666667,-0.2795698924731183,0.2924263674614306,12.55563735961914,0.3010752688172043,0.19642857142857142,0.19642857142857142,0.0,0.39285714285714285
Q69NP0,ProteinMPNN,2,Eukaryota,Bottom,93,118.38611612903225,9.6387487411499,10.761580122414513,0.1505376344086021,0.2688172043010752,-0.8440860215053764,0.1290322580645161,21.9247311827957,0.053763440860215,0.1290322580645161,0.5698924731182795,0.053763440860215,0.2866188769414576,13.68535614013672,0.3010752688172043,0.19672131147540983,0.4098360655737705,0.21311475409836064,0.6065573770491803
Q69NP0,ProteinMPNN,3,Eukaryota,Bottom,93,113.12062258064516,9.69941349029541,9.752215761688031,0.1182795698924731,0.2258064516129032,-0.489247311827957,0.1182795698924731,14.007526881720429,0.053763440860215,0.1827956989247312,0.7204301075268817,-0.0967741935483871,0.3029840300311764,12.483193397521973,0.3010752688172043,0.14754098360655737,0.3442622950819672,0.19672131147540983,0.4918032786885246
Q69NP0,ProteinMPNN,4,Eukaryota,Bottom,93,113.20588494623657,9.202362251281738,3.7974839033543937,0.1290322580645161,0.1720430107526881,-0.3204301075268817,0.1182795698924731,19.926881720430107,0.075268817204301,0.1935483870967742,0.8709677419354838,-0.2043010752688172,0.3141403630477511,13.490102767944336,0.3010752688172043,0.1864406779661017,0.2711864406779661,0.0847457627118644,0.4576271186440678
Q69NP0,ProteinMPNN,5,Eukaryota,Bottom,93,113.78750107526882,9.199267768859862,3.460635013778063,0.1182795698924731,0.1612903225806451,-0.3311827956989247,0.1182795698924731,25.58494623655913,0.086021505376344,0.1720430107526881,0.7204301075268817,-0.1397849462365591,0.2335187245087134,13.348187446594238,0.3010752688172043,0.16923076923076924,0.23076923076923078,0.06153846153846154,0.4
Q69NP0,ProteinMPNN,6,Eukaryota,Bottom,93,112.89147634408602,4.6931047439575195,-5.022504203093645,0.1827956989247312,0.1290322580645161,-0.3376344086021505,0.1182795698924731,39.11075268817202,0.0967741935483871,0.1720430107526881,0.8172043010752689,-0.3225806451612903,0.3020031657660608,12.76109790802002,0.3010752688172043,0.2542372881355932,0.2033898305084746,-0.05084745762711865,0.4576271186440678
Q69NP0,ProteinMPNN,7,Eukaryota,Bottom,93,116.23068064516129,9.13576641082764,3.46775909773406,0.1505376344086021,0.1935483870967742,-0.5827956989247313,0.1397849462365591,17.954838709677418,0.086021505376344,0.1505376344086021,0.8279569892473118,-0.2473118279569892,0.31227366427099,12.636990547180176,0.3010752688172043,0.20689655172413793,0.29310344827586204,0.08620689655172414,0.5
P0A7R6,ProteinMPNN,0,Bacteria,Neutral,103,113.36405339805825,6.015520668029784,-1.1152624570912408,0.2135922330097087,0.2135922330097087,-0.6019417475728155,0.0194174757281553,41.913592233009695,0.0485436893203883,0.203883495145631,0.9320388349514565,-0.3300970873786408,0.4216969185310257,16.58721160888672,0.3009708737864077,0.2876712328767123,0.3013698630136986,0.0,0.5890410958904109
P0A7R6,ProteinMPNN,1,Bacteria,Neutral,103,111.04777766990291,5.532218742370604,-2.072059189826337,0.1941747572815534,0.1844660194174757,-0.2728155339805825,0.0097087378640776,73.61165048543688,0.0679611650485436,0.2815533980582524,0.9514563106796116,-0.3495145631067962,0.4065983459187342,17.013153076171875,0.3009708737864077,0.2361111111111111,0.25,0.0,0.4861111111111111
P0A7R6,ProteinMPNN,2,Bacteria,Neutral,103,116.01721553398058,6.854862022399902,-0.1148723957857633,0.2233009708737864,0.233009708737864,-0.8757281553398059,0.0194174757281553,49.31747572815534,0.0679611650485436,0.1650485436893204,0.9029126213592232,-0.3009708737864077,0.4240167845976633,16.307621002197266,0.3009708737864077,0.27941176470588236,0.3235294117647059,0.029411764705882353,0.6029411764705883
P0A7R6,ProteinMPNN,3,Bacteria,Neutral,103,115.07293106796116,7.383350944519043,0.1804379803848803,0.1941747572815534,0.2135922330097087,-0.445631067961165,0.0097087378640776,68.74757281553397,0.087378640776699,0.2135922330097087,0.9223300970873786,-0.3203883495145631,0.422641845550904,16.412473678588867,0.3009708737864077,0.2318840579710145,0.2898550724637681,0.043478260869565216,0.5217391304347826
P0A7R6,ProteinMPNN,4,Bacteria,Neutral,103,112.95200291262134,4.765801811218262,-7.900829426777332,0.2233009708737864,0.1553398058252427,-0.4485436893203883,0.029126213592233,59.79223300970872,0.087378640776699,0.2233009708737864,0.970873786407767,-0.4077669902912622,0.4292165274328291,16.933921813964844,0.3009708737864077,0.28169014084507044,0.2112676056338028,-0.08450704225352113,0.49295774647887325
P0A7R6,ProteinMPNN,5,Bacteria,Neutral,103,114.43246116504854,6.237192726135253,-0.9879392297703902,0.2233009708737864,0.233009708737864,-0.7330097087378641,0.0194174757281553,58.301941747572805,0.0679611650485436,0.1844660194174757,0.970873786407767,-0.3689320388349515,0.4197705207413945,16.935794830322266,0.3009708737864077,0.28378378378378377,0.3108108108108108,0.013513513513513514,0.5945945945945945
P0A7R6,ProteinMPNN,6,Bacteria,Neutral,103,114.31699417475728,6.840197563171387,-0.1276856079988242,0.2038834951456311,0.2135922330097087,-0.716504854368932,0.0194174757281553,48.722330097087365,0.087378640776699,0.174757281553398,0.9805825242718448,-0.3980582524271845,0.4196884172499435,16.929601669311523,0.3009708737864077,0.2602739726027397,0.3013698630136986,0.0273972602739726,0.5616438356164384
P0A7R6,ProteinMPNN,7,Bacteria,Neutral,103,114.23476504854368,4.837248420715332,-7.81236793635912,0.2233009708737864,0.1650485436893204,-0.5271844660194175,0.0194174757281553,49.24271844660193,0.087378640776699,0.203883495145631,0.9223300970873786,-0.3203883495145631,0.4264619552946488,16.451091766357422,0.3009708737864077,0.3,0.21428571428571427,-0.1,0.5142857142857142
P60724,ProteinMPNN,0,Bacteria,Neutral,201,112.82600199004976,6.70111255645752,-0.3480015663311562,0.1840796019900497,0.1890547263681592,-0.5532338308457712,0.0398009950248756,45.5273631840796,0.0746268656716418,0.1940298507462686,0.8457711442786069,0.0298507462686567,0.155398124584451,26.761978149414062,0.2985074626865671,0.22929936305732485,0.24203821656050956,0.006369426751592357,0.4713375796178344
P60724,ProteinMPNN,1,Bacteria,Neutral,201,111.28579900497512,6.685538673400879,-0.3533065270772013,0.1791044776119403,0.1840796019900497,-0.5940298507462687,0.0248756218905472,52.31840796019898,0.0796019900497512,0.2189054726368159,0.7810945273631841,0.0547263681592039,0.1785558897527571,25.658281326293945,0.2985074626865671,0.22302158273381295,0.2589928057553957,0.02877697841726619,0.48201438848920863
P60724,ProteinMPNN,2,Bacteria,Neutral,201,110.57494925373136,9.113653755187986,3.6355633850708102,0.1641791044776119,0.1890547263681592,-0.4238805970149253,0.0348258706467661,44.35721393034825,0.0796019900497512,0.2437810945273631,0.8109452736318408,0.0049751243781094,0.1534965863324072,26.834304809570312,0.2985074626865671,0.19205298013245034,0.2251655629139073,0.026490066225165563,0.41721854304635764
P60724,ProteinMPNN,3,Bacteria,Neutral,201,112.88615174129352,9.01450138092041,3.725194953051016,0.1791044776119403,0.208955223880597,-0.5736318407960199,0.044776119402985,40.75572139303483,0.0845771144278606,0.1890547263681591,0.7462686567164178,0.0696517412935323,0.1178249720560194,27.690269470214844,0.2985074626865671,0.22085889570552147,0.24539877300613497,0.018404907975460124,0.4662576687116564
P60724,ProteinMPNN,4,Bacteria,Neutral,201,112.1390577114428,9.45179042816162,6.558629163157256,0.1691542288557214,0.2039800995024875,-0.590547263681592,0.0298507462686567,54.9273631840796,0.0796019900497512,0.2189054726368159,0.736318407960199,0.1791044776119403,0.1814117816713533,24.481460571289062,0.2985074626865671,0.23741007194244604,0.2805755395683453,0.04316546762589928,0.5179856115107914
P60724,ProteinMPNN,5,Bacteria,Neutral,201,113.13780895522387,4.95757656097412,-11.256105596118443,0.2238805970149253,0.1791044776119403,-0.7263681592039801,0.0497512437810945,42.42587064676616,0.0646766169154228,0.1791044776119403,0.7661691542288557,-0.0497512437810945,0.1280370633604464,27.70451545715332,0.2985074626865671,0.2682926829268293,0.21951219512195122,-0.06097560975609756,0.4878048780487805
P60724,ProteinMPNN,6,Bacteria,Neutral,201,113.23031293532335,9.300289726257322,7.629770455339795,0.1791044776119403,0.2238805970149253,-0.6333333333333333,0.0398009950248756,33.70099502487562,0.0497512437810945,0.1840796019900497,0.8706467661691543,0.1343283582089552,0.2263296520493507,23.23018455505371,0.2985074626865671,0.25,0.3203125,0.0625,0.5703125
P60724,ProteinMPNN,7,Bacteria,Neutral,201,111.0066791044776,5.045790672302245,-9.25997203794855,0.2039800995024875,0.1691542288557214,-0.5009950248756219,0.044776119402985,48.387562189054705,0.0696517412935323,0.2238805970149253,0.8507462686567164,0.1044776119402984,0.1911602397568471,21.79552459716797,0.2985074626865671,0.2624113475177305,0.23404255319148937,-0.03546099290780142,0.49645390070921985
Q07938,ProteinMPNN,0,Eukaryota,Neutral,337,109.73070504451036,5.661982154846191,-3.732044303213115,0.1394658753709198,0.1364985163204747,-0.2587537091988131,0.0741839762611276,39.9566765578635,0.1246290801186943,0.2373887240356083,0.7863501483679525,-0.0563798219584569,0.0644017502388975,24.041364669799805,0.2997032640949555,0.2,0.1956521739130435,-0.017391304347826087,0.3956521739130435
Q07938,ProteinMPNN,1,Eukaryota,Neutral,337,109.53421008902076,5.080064582824705,-8.925629669703241,0.1394658753709198,0.1216617210682492,-0.1994065281899109,0.0830860534124629,48.249554896142435,0.1305637982195845,0.2551928783382789,0.8071216617210683,-0.0118694362017803,0.0636718721797454,24.803768157958984,0.2997032640949555,0.171875,0.15625,-0.02734375,0.328125
Q07938,ProteinMPNN,2,Eukaryota,Neutral,337,107.89458724035607,4.874818992614746,-10.72946325511603,0.1275964391691394,0.1038575667655786,-0.0439169139465875,0.0682492581602373,44.70593471810089,0.1335311572700296,0.2611275964391691,0.8041543026706232,0.0504451038575667,0.0459092835947435,26.445417404174805,0.2997032640949555,0.15708812260536398,0.13026819923371646,-0.038314176245210725,0.28735632183908044
Q07938,ProteinMPNN,3,Eukaryota,Neutral,337,108.86779228486644,4.691001701354979,-18.122163783632516,0.1513353115727003,0.1097922848664688,-0.2097922848664688,0.0771513353115727,46.81364985163203,0.1186943620178041,0.2611275964391691,0.7596439169139466,-0.0949554896142433,0.065476025402812,26.343826293945312,0.2997032640949555,0.19838056680161945,0.145748987854251,-0.06882591093117409,0.3441295546558705
Q07938,ProteinMPNN,4,Eukaryota,Neutral,337,108.96643798219584,4.827528953552245,-12.008239893077317,0.1364985163204747,0.1068249258160237,-0.0685459940652819,0.0741839762611276,49.669732937685474,0.1275964391691394,0.2640949554896142,0.7744807121661721,-0.0207715133531157,0.0365443840155762,26.434764862060547,0.2997032640949555,0.15436241610738255,0.1174496644295302,-0.0436241610738255,0.27181208053691275
Q07938,ProteinMPNN,5,Eukaryota,Neutral,337,107.69766142433234,4.912673759460449,-11.879101887908996,0.1394658753709198,0.1127596439169139,-0.1792284866468843,0.0771513353115727,45.430860534124626,0.1305637982195845,0.2818991097922848,0.827893175074184,-0.0385756676557863,0.073153728940079,23.040658950805664,0.2997032640949555,0.18421052631578946,0.14912280701754385,-0.039473684210526314,0.3333333333333333
Q07938,ProteinMPNN,6,Eukaryota,Neutral,337,108.08700949554894,4.801667213439941,-11.807937756086352,0.1364985163204747,0.1068249258160237,-0.0685459940652819,0.0801186943620178,46.19614243323443,0.1246290801186943,0.2759643916913946,0.7774480712166172,0.0,0.0761799576851938,24.25054168701172,0.2997032640949555,0.17916666666666667,0.14583333333333334,-0.041666666666666664,0.325
Q07938,ProteinMPNN,7,Eukaryota,Neutral,337,109.31726083086052,4.7555139541625975,-14.798736353810206,0.1513353115727003,0.1127596439169139,-0.1762611275964392,0.0801186943620178,48.54362017804153,0.1275964391691394,0.2522255192878338,0.8605341246290801,-0.0771513353115727,0.0723884841797959,26.54507827758789,0.2997032640949555,0.18518518518518517,0.13703703703703704,-0.05555555555555555,0.3222222222222222
B1X495,ProteinMPNN,0,Eukaryota,Top,103,111.53917669902911,9.177090644836426,3.5943190544371806,0.1262135922330097,0.174757281553398,0.0737864077669902,0.0776699029126213,23.282621359223302,0.0194174757281553,0.2621359223300971,0.8932038834951456,0.8349514563106796,0.137990463606595,16.239910125732422,0.3009708737864077,0.16,0.24,0.06666666666666667,0.4
B1X495,ProteinMPNN,1,Eukaryota,Top,103,106.57292912621358,9.553263664245604,5.803840308618128,0.116504854368932,0.174757281553398,0.3262135922330097,0.0485436893203883,24.74854368932039,0.029126213592233,0.3106796116504854,0.941747572815534,0.7475728155339806,0.1189620040752726,15.539010047912598,0.3009708737864077,0.14285714285714285,0.23376623376623376,0.09090909090909091,0.37662337662337664
B1X495,ProteinMPNN,2,Eukaryota,Top,103,115.14135825242715,9.964700889587402,12.493905016291752,0.087378640776699,0.2135922330097087,0.4155339805825242,0.0776699029126213,15.498155339805823,0.0194174757281553,0.1553398058252427,0.9029126213592232,0.883495145631068,0.0968039118418255,19.407941818237305,0.3009708737864077,0.09302325581395349,0.2558139534883721,0.16279069767441862,0.3488372093023256
B1X495,ProteinMPNN,3,Eukaryota,Top,103,97.0868766990291,6.665531349182129,-0.3634801831173342,0.029126213592233,0.0485436893203883,1.7378640776699028,0.0679611650485436,29.449514563106796,0.029126213592233,0.4563106796116505,0.9223300970873788,0.9029126213592232,0.1130704709068093,17.029874801635742,0.3009708737864077,0.03614457831325301,0.060240963855421686,0.0,0.0963855421686747
B1X495,ProteinMPNN,4,Eukaryota,Top,103,109.9642776699029,9.998740196228027,6.493408659506233,0.029126213592233,0.0970873786407767,1.8553398058252424,0.087378640776699,14.598058252427183,0.0194174757281553,0.1844660194174757,0.9320388349514565,0.8737864077669903,0.1549153801262666,15.058375358581545,0.3009708737864077,0.029411764705882353,0.14705882352941177,0.11764705882352941,0.17647058823529413
B1X495,ProteinMPNN,5,Eukaryota,Top,103,111.49992038834952,4.910286521911621,-4.482831567997202,0.1650485436893203,0.1262135922330097,0.3796116504854369,0.0679611650485436,32.1009708737864,0.0194174757281553,0.2233009708737864,0.9611650485436892,0.7669902912621359,0.1385494003426613,15.116561889648438,0.3009708737864077,0.2361111111111111,0.16666666666666666,-0.06944444444444445,0.4027777777777778
B1X495,ProteinMPNN,6,Eukaryota,Top,103,114.20406504854368,8.92534160614014,2.503041341153798,0.1359223300970873,0.1650485436893204,0.3980582524271844,0.116504854368932,26.981650485436887,0.0194174757281553,0.2135922330097087,0.8252427184466019,0.6310679611650486,0.1515705311250713,15.528334617614746,0.3009708737864077,0.18571428571428572,0.22857142857142856,0.04285714285714286,0.41428571428571426
B1X495,ProteinMPNN,7,Eukaryota,Top,103,102.79435436893203,10.834185981750489,4.502451429138076,0.0388349514563106,0.087378640776699,1.3815533980582522,0.058252427184466,25.517475728155336,0.0388349514563106,0.3786407766990291,0.9514563106796116,0.8932038834951457,0.1056403143781784,16.330074310302734,0.3009708737864077,0.047058823529411764,0.10588235294117647,0.058823529411764705,0.15294117647058825
A9CIG1,ProteinMPNN,0,Bacteria,Bottom,101,114.45965742574258,6.620628547668457,-0.4329045020879363,0.2376237623762376,0.2475247524752475,-0.8524752475247525,0.0099009900990099,50.06831683168316,0.0594059405940594,0.1386138613861386,0.8514851485148516,0.5148514851485149,0.1382061735585323,14.68578815460205,0.297029702970297,0.3382352941176471,0.3382352941176471,-0.014705882352941176,0.6764705882352942
A9CIG1,ProteinMPNN,1,Bacteria,Bottom,101,108.0046504950495,4.879593467712403,-5.512269003922707,0.1881188118811881,0.1386138613861386,-0.1504950495049505,0.0099009900990099,74.34059405940594,0.0891089108910891,0.2574257425742574,0.8415841584158416,0.3069306930693068,0.0880971308809713,16.942773818969727,0.297029702970297,0.2289156626506024,0.1566265060240964,-0.07228915662650602,0.3855421686746988
A9CIG1,ProteinMPNN,2,Bacteria,Bottom,101,110.55318811881187,5.386028861999511,-2.5193985524394975,0.198019801980198,0.1782178217821782,-0.495049504950495,0.0198019801980198,49.26336633663365,0.0792079207920792,0.2079207920792079,0.7326732673267327,0.2772277227722772,0.0892383355982657,18.20631217956543,0.297029702970297,0.2375,0.2125,-0.025,0.44999999999999996
A9CIG1,ProteinMPNN,3,Bacteria,Bottom,101,116.51999999999998,4.97371883392334,-6.506568201422791,0.2673267326732673,0.2079207920792079,-0.9623762376237625,0.0297029702970297,62.0009900990099,0.0693069306930693,0.1188118811881188,0.8514851485148515,0.5544554455445544,0.1105824868201105,14.752771377563477,0.297029702970297,0.3472222222222222,0.2638888888888889,-0.08333333333333333,0.6111111111111112
A9CIG1,ProteinMPNN,4,Bacteria,Bottom,101,114.60734554455443,4.980368995666503,-5.516370987511149,0.2376237623762376,0.1881188118811881,-0.6950495049504951,0.0297029702970297,49.99009900990099,0.0594059405940594,0.1287128712871287,0.7326732673267327,0.3366336633663366,0.0846936044955846,16.79556655883789,0.297029702970297,0.3,0.225,-0.075,0.525
A9CIG1,ProteinMPNN,5,Bacteria,Bottom,101,112.75252376237624,4.776658058166503,-8.500679538343078,0.2475247524752475,0.1683168316831683,-0.5544554455445545,0.0198019801980198,61.75643564356435,0.0594059405940594,0.1881188118811881,0.7722772277227723,0.396039603960396,0.1058745874587458,16.476478576660156,0.297029702970297,0.3076923076923077,0.21794871794871795,-0.08974358974358974,0.5256410256410257
A9CIG1,ProteinMPNN,6,Bacteria,Bottom,101,112.19955643564356,6.427546501159667,-0.4973927122975432,0.2079207920792079,0.2079207920792079,-0.6920792079207921,0.0198019801980198,40.349504950495046,0.0693069306930693,0.1782178217821782,0.891089108910891,0.5346534653465347,0.0965346534653465,15.602516174316406,0.297029702970297,0.25316455696202533,0.25316455696202533,0.0,0.5063291139240507
A9CIG1,ProteinMPNN,7,Bacteria,Bottom,101,102.28688613861384,6.312618064880372,-0.5263113138887565,0.1386138613861386,0.1386138613861386,0.2227722772277227,0.0,39.55544554455445,0.0693069306930693,0.3564356435643565,0.8217821782178217,0.3267326732673267,0.077909430287291,18.36929702758789,0.297029702970297,0.16666666666666666,0.15476190476190477,-0.011904761904761904,0.3214285714285714
Q6L047,ProteinMPNN,0,Archaea,Bottom,359,112.08928913649024,6.414928245544433,-1.6996052363725551,0.1643454038997214,0.1754874651810584,-0.2860724233983287,0.0779944289693593,33.39782729805014,0.0529247910863509,0.2144846796657381,0.818941504178273,-0.2395543175487465,0.0694906570400513,24.77338218688965,0.3008356545961003,0.20229007633587787,0.22137404580152673,0.0,0.42366412213740456
Q6L047,ProteinMPNN,1,Archaea,Bottom,359,111.98627493036211,8.377166938781738,3.31609131745288,0.1587743732590529,0.1838440111420612,-0.3799442896935933,0.0779944289693593,30.404791086350983,0.0529247910863509,0.2089136490250696,0.8774373259052924,-0.2423398328690807,0.0882769598089932,23.55295753479004,0.3008356545961003,0.1976284584980237,0.2450592885375494,0.03162055335968379,0.4426877470355731
Q6L047,ProteinMPNN,2,Archaea,Bottom,359,113.15431782729804,7.718985176086425,1.2335467143814611,0.1671309192200557,0.1838440111420612,-0.4136490250696379,0.0891364902506963,33.54459610027855,0.0529247910863509,0.2033426183844011,0.8272980501392758,-0.181058495821727,0.0621655464976617,22.694564819335938,0.3008356545961003,0.216,0.248,0.02,0.46399999999999997
Q6L047,ProteinMPNN,3,Archaea,Bottom,359,111.99158161559886,6.271750831604003,-1.852708874759735,0.1615598885793872,0.1671309192200557,-0.2665738161559888,0.0779944289693593,33.71646239554318,0.0557103064066852,0.2144846796657381,0.8328690807799444,-0.3091922005571031,0.0543643338875573,25.07699966430664,0.3008356545961003,0.1774193548387097,0.1870967741935484,-0.0032258064516129032,0.36451612903225805
Q6L047,ProteinMPNN,4,Archaea,Bottom,359,112.01135376044569,8.375297355651856,3.1359167212826904,0.1615598885793872,0.181058495821727,-0.3479108635097493,0.0891364902506963,27.84239554317549,0.0529247910863509,0.2144846796657381,0.871866295264624,-0.3871866295264624,0.0578080401664431,25.461990356445312,0.3008356545961003,0.1848184818481848,0.2079207920792079,0.009900990099009901,0.3927392739273927
Q6L047,ProteinMPNN,5,Archaea,Bottom,359,112.102526183844,5.876492500305175,-3.8568985391267248,0.1727019498607242,0.1727019498607242,-0.4284122562674095,0.0779944289693593,27.99448467966573,0.0529247910863509,0.2200557103064067,0.7938718662952646,-0.3147632311977715,0.0659115645003597,25.84309196472168,0.3008356545961003,0.19931271477663232,0.20962199312714777,0.0,0.40893470790378006
Q6L047,ProteinMPNN,6,Archaea,Bottom,359,111.71004651810588,5.86364688873291,-3.859055280123457,0.1615598885793872,0.1615598885793872,-0.235933147632312,0.0863509749303621,31.45688022284122,0.0557103064066852,0.2228412256267409,0.7994428969359332,-0.0306406685236768,0.0840531957556116,23.667011260986328,0.3008356545961003,0.22357723577235772,0.21951219512195122,-0.012195121951219513,0.44308943089430897
Q6L047,ProteinMPNN,7,Archaea,Bottom,359,112.09710696378828,5.338909339904785,-10.01289134228466,0.1782729805013927,0.1643454038997214,-0.2857938718662952,0.0779944289693593,38.69309192200558,0.0529247910863509,0.2033426183844011,0.894150417827298,-0.4930362116991643,0.0505425240863323,25.98455238342285,0.3008356545961003,0.2053872053872054,0.19528619528619529,-0.02356902356902357,0.4006734006734007
A9A498,ProteinMPNN,0,Archaea,Neutral,287,106.90273588850172,4.616258430480956,-17.081453990981743,0.1602787456445993,0.1045296167247386,0.2867595818815331,0.0313588850174216,41.17282229965157,0.0696864111498257,0.2752613240418118,0.902439024390244,0.1498257839721254,0.1596384843437553,16.80225944519043,0.2996515679442508,0.29310344827586204,0.20689655172413793,-0.08620689655172414,0.5
A9A498,ProteinMPNN,1,Archaea,Neutral,287,106.5218480836237,5.095070075988769,-6.207749035459074,0.1358885017421602,0.1149825783972125,0.4184668989547038,0.048780487804878,20.510452961672463,0.073170731707317,0.2578397212543554,0.9094076655052266,0.1358885017421603,0.1821341239486577,16.753355026245117,0.2996515679442508,0.2702702702702703,0.25225225225225223,-0.018018018018018018,0.5225225225225225
A9A498,ProteinMPNN,2,Archaea,Neutral,287,105.44976027874564,5.543302345275878,-2.211472252738652,0.1219512195121951,0.1149825783972125,0.413588850174216,0.0348432055749128,40.327177700348415,0.0836236933797909,0.289198606271777,0.853658536585366,0.1010452961672473,0.1127944915606321,18.98826026916504,0.2996515679442508,0.17532467532467533,0.2012987012987013,0.025974025974025976,0.37662337662337664
A9A498,ProteinMPNN,3,Archaea,Neutral,287,105.97233170731704,4.863678550720214,-9.20304564850197,0.1393728222996515,0.1080139372822299,0.3257839721254355,0.0383275261324041,35.44843205574913,0.0801393728222996,0.2926829268292683,0.8780487804878048,0.1602787456445992,0.1884533737000976,16.5526123046875,0.2996515679442508,0.2631578947368421,0.23684210526315788,-0.02631578947368421,0.5
A9A498,ProteinMPNN,4,Archaea,Neutral,287,105.87808606271776,4.933590507507323,-9.119127743918028,0.1393728222996516,0.1114982578397212,0.2996515679442508,0.0313588850174216,44.42160278745643,0.0766550522648083,0.2996515679442509,0.8641114982578397,0.1602787456445993,0.1630785612085316,16.912132263183594,0.2996515679442508,0.248,0.208,-0.04,0.45599999999999996
A9A498,ProteinMPNN,5,Archaea,Neutral,287,106.95657770034845,4.900567054748534,-10.433712593962518,0.1602787456445993,0.1254355400696864,0.145993031358885,0.0313588850174216,28.23487804878048,0.0696864111498257,0.2682926829268293,0.9163763066202092,0.121951219512195,0.1775957278409039,16.822126388549805,0.2996515679442508,0.3055555555555556,0.25925925925925924,-0.046296296296296294,0.5648148148148149
A9A498,ProteinMPNN,6,Archaea,Neutral,287,106.00801602787456,5.173053169250487,-6.124101769904023,0.1393728222996516,0.1219512195121951,0.2937282229965157,0.0383275261324041,34.305226480836225,0.073170731707317,0.2752613240418118,0.9059233449477352,0.1672473867595819,0.1882528621204579,16.690059661865234,0.2996515679442508,0.26666666666666666,0.2761904761904762,0.0,0.5428571428571429
A9A498,ProteinMPNN,7,Archaea,Neutral,287,106.05258083623694,4.979289054870605,-7.209384934518504,0.1289198606271777,0.1045296167247386,0.294773519163763,0.0418118466898954,35.73693379790941,0.0801393728222996,0.2961672473867596,0.8989547038327526,0.1324041811846689,0.1112600136990381,17.45600128173828,0.2996515679442508,0.21804511278195488,0.20300751879699247,-0.015037593984962405,0.42105263157894735
A0A1D8PCG7,ProteinMPNN,0,Eukaryota,Bottom,87,112.1259816091954,5.045563316345214,-4.511253385615875,0.2068965517241379,0.1724137931034483,-0.6195402298850574,0.0344827586206896,30.909195402298852,0.0344827586206896,0.2183908045977011,0.7471264367816092,-0.1034482758620689,0.1790060851926977,14.890713691711426,0.2988505747126437,0.24193548387096775,0.22580645161290322,-0.016129032258064516,0.467741935483871
A0A1D8PCG7,ProteinMPNN,1,Eukaryota,Bottom,87,111.32271264367814,6.521217155456543,-0.5175910361888043,0.1839080459770115,0.1954022988505747,-0.6264367816091954,0.0344827586206896,26.17241379310344,0.0344827586206896,0.2183908045977011,0.7816091954022988,-0.1379310344827586,0.1742995689655172,15.136634826660156,0.2988505747126437,0.19696969696969696,0.24242424242424243,0.045454545454545456,0.4393939393939394
A0A1D8PCG7,ProteinMPNN,2,Eukaryota,Bottom,87,111.36774252873565,4.9101160049438475,-5.601724665716192,0.2298850574712643,0.1724137931034483,-0.7264367816091954,0.0229885057471264,36.079310344827576,0.0344827586206896,0.1839080459770115,0.6666666666666666,-0.1839080459770114,0.1858383785206633,15.237324714660645,0.2988505747126437,0.26865671641791045,0.208955223880597,-0.05970149253731343,0.47761194029850745
A0A1D8PCG7,ProteinMPNN,3,Eukaryota,Bottom,87,109.18358390804596,6.2586778640747065,-0.5607540915321287,0.1724137931034483,0.1724137931034483,-0.3551724137931035,0.0229885057471264,18.082758620689653,0.0344827586206896,0.2068965517241379,0.7126436781609196,-0.1839080459770115,0.1806484817292846,15.31411361694336,0.2988505747126437,0.208955223880597,0.22388059701492538,0.014925373134328358,0.4328358208955224
A0A1D8PCG7,ProteinMPNN,4,Eukaryota,Bottom,87,110.96565747126436,5.315321159362793,-2.601132302594973,0.2068965517241379,0.1839080459770115,-0.603448275862069,0.0459770114942528,23.409310344827585,0.0344827586206896,0.2068965517241379,0.7816091954022988,-0.160919540229885,0.1930138826690551,13.698044776916504,0.2988505747126437,0.26153846153846155,0.24615384615384617,-0.015384615384615385,0.5076923076923077
A0A1D8PCG7,ProteinMPNN,5,Eukaryota,Bottom,87,108.9181275862069,5.457077598571778,-1.174827860604147,0.160919540229885,0.1494252873563218,-0.2494252873563218,0.0229885057471264,19.224137931034484,0.057471264367816,0.2298850574712643,0.8160919540229885,-0.3103448275862068,0.1819923371647509,15.40595245361328,0.2988505747126437,0.1791044776119403,0.19402985074626866,0.014925373134328358,0.3731343283582089
A0A1D8PCG7,ProteinMPNN,6,Eukaryota,Bottom,87,110.44402528735633,4.207983970642091,-13.217848883465662,0.2413793103448275,0.0919540229885057,-0.2241379310344827,0.0459770114942528,45.3103448275862,0.0344827586206896,0.2298850574712643,0.7471264367816093,-0.264367816091954,0.1866702307760848,15.533799171447754,0.2988505747126437,0.29411764705882354,0.11764705882352941,-0.17647058823529413,0.4117647058823529
A0A1D8PCG7,ProteinMPNN,7,Eukaryota,Bottom,87,108.66511494252872,5.5166448593139625,-1.248209244429049,0.1724137931034483,0.160919540229885,-0.3149425287356321,0.0229885057471264,19.3367816091954,0.0344827586206896,0.2298850574712643,0.7011494252873564,-0.1724137931034483,0.1885376756066411,13.616223335266112,0.2988505747126437,0.21875,0.21875,0.0,0.4375
O28542,ProteinMPNN,0,Archaea,Top,340,108.95873852941178,4.9394449234008775,-16.884633183665166,0.1676470588235294,0.1352941176470588,-0.0164705882352941,0.0588235294117647,41.120294117647056,0.0647058823529411,0.2882352941176471,0.8941176470588235,-0.1058823529411764,0.0957265290222049,20.73094367980957,0.3,0.24022346368715083,0.20670391061452514,-0.0446927374301676,0.44692737430167595
O28542,ProteinMPNN,1,Archaea,Top,340,109.21304647058824,5.366646766662597,-7.17158675134322,0.1470588235294117,0.1352941176470588,0.0455882352941176,0.0588235294117647,47.007647058823515,0.0676470588235294,0.2882352941176471,0.8647058823529412,0.0058823529411765,0.0785158891142664,24.642969131469727,0.3,0.22282608695652173,0.22282608695652173,-0.010869565217391304,0.44565217391304346
O28542,ProteinMPNN,2,Archaea,Top,340,107.87289676470589,5.0014562606811515,-12.790119422650974,0.1588235294117647,0.1323529411764706,0.1297058823529411,0.0529411764705882,36.88676470588236,0.0617647058823529,0.288235294117647,0.9088235294117648,-0.0970588235294117,0.1008984301115944,21.837862014770508,0.3,0.21296296296296297,0.16666666666666666,-0.05555555555555555,0.37962962962962965
O28542,ProteinMPNN,3,Archaea,Top,340,108.56459588235292,5.165209388732909,-10.093707330404603,0.15,0.1323529411764706,-0.0064705882352941,0.0647058823529411,37.14764705882353,0.0647058823529411,0.2823529411764706,0.9088235294117648,-0.0029411764705882,0.0928565443271325,21.52500343322754,0.3,0.21465968586387435,0.2198952879581152,-0.010471204188481676,0.43455497382198954
O28542,ProteinMPNN,4,Archaea,Top,340,109.36010235294118,5.217103385925292,-10.99063225226255,0.1588235294117647,0.1411764705882353,-0.0444117647058823,0.0588235294117647,41.645,0.0647058823529411,0.2558823529411764,0.8823529411764706,0.0411764705882353,0.1176470588235294,19.979991912841797,0.3,0.27380952380952384,0.25,-0.03571428571428571,0.5238095238095238
O28542,ProteinMPNN,5,Archaea,Top,340,108.6708605882353,5.192776298522948,-9.179319338458631,0.1529411764705882,0.1352941176470588,0.0317647058823529,0.0588235294117647,37.39470588235293,0.0588235294117647,0.2794117647058823,0.8970588235294118,0.0029411764705882,0.0923630396364554,21.517845153808594,0.3,0.21052631578947367,0.2,-0.010526315789473684,0.4105263157894737
O28542,ProteinMPNN,6,Archaea,Top,340,109.86678735294116,5.217899131774902,-9.161326621559873,0.1647058823529412,0.1470588235294117,-0.0241176470588235,0.0617647058823529,38.28029411764706,0.0588235294117647,0.2558823529411764,0.8823529411764706,0.0411764705882353,0.1223617687184014,19.97336769104004,0.3,0.2529411764705882,0.24705882352941178,-0.011764705882352941,0.5
O28542,ProteinMPNN,7,Archaea,Top,340,108.15348147058825,5.805386924743652,-4.0898169463112595,0.138235294117647,0.138235294117647,0.1502941176470588,0.0529411764705882,45.654705882352935,0.0647058823529411,0.288235294117647,0.9,0.088235294117647,0.097178002894356,22.440486907958984,0.3,0.20408163265306123,0.20918367346938777,-0.00510204081632653,0.413265306122449
Q8TY15,ProteinMPNN,0,Archaea,Top,361,104.8912024930748,4.755400276184082,-18.761835547086804,0.1329639889196676,0.1024930747922437,0.1653739612188365,0.0581717451523545,21.30941828254848,0.0664819944598337,0.3407202216066481,0.7756232686980609,-0.0664819944598337,0.0474173048720873,27.88516616821289,0.299168975069252,0.16083916083916083,0.1258741258741259,-0.05944055944055944,0.2867132867132867
Q8TY15,ProteinMPNN,1,Archaea,Top,361,107.5869814404432,4.879195594787597,-16.939227476317228,0.1440443213296399,0.113573407202216,-0.0595567867036011,0.0692520775623268,25.66149584487535,0.0637119113573407,0.2908587257617728,0.8559556786703602,-0.335180055401662,0.0629989160544381,27.098711013793945,0.299168975069252,0.1839080459770115,0.15708812260536398,-0.04980842911877394,0.34099616858237547
Q8TY15,ProteinMPNN,2,Archaea,Top,361,106.4188811634349,4.784615516662597,-19.75518630531924,0.1440443213296398,0.1108033240997229,0.0168975069252077,0.0692520775623268,29.54653739612188,0.0664819944598337,0.3324099722991689,0.8642659279778393,-0.1772853185595568,0.0553344270231019,27.733089447021484,0.299168975069252,0.15705128205128205,0.125,-0.05448717948717949,0.28205128205128205
Q8TY15,ProteinMPNN,3,Archaea,Top,361,106.13234736842104,5.3947252273559565,-9.772556363065618,0.1329639889196676,0.1274238227146814,0.067590027700831,0.0609418282548476,16.42437673130193,0.0609418282548476,0.3130193905817174,0.814404432132964,-0.188365650969529,0.0339890678003762,27.748538970947266,0.299168975069252,0.14551083591331268,0.1393188854489164,-0.02786377708978328,0.28482972136222906
Q8TY15,ProteinMPNN,4,Archaea,Top,361,106.7409700831025,5.059375190734862,-16.510193676290903,0.1385041551246537,0.1218836565096952,-0.0592797783933518,0.0609418282548476,18.991966759002764,0.0637119113573407,0.3074792243767313,0.8614958448753463,-0.335180055401662,0.0576859685748818,24.988540649414062,0.299168975069252,0.16785714285714284,0.15,-0.05,0.31785714285714284
Q8TY15,ProteinMPNN,5,Archaea,Top,361,105.59662714681438,5.219376945495604,-9.93839036776157,0.1274238227146814,0.1163434903047091,0.0880886426592797,0.0554016620498614,18.165096952908584,0.0637119113573407,0.3157894736842105,0.817174515235457,-0.1412742382271468,0.0480759603510996,27.20047378540039,0.299168975069252,0.15770609318996415,0.14336917562724014,-0.03225806451612903,0.30107526881720426
Q8TY15,ProteinMPNN,6,Archaea,Top,361,105.39359113573408,4.809795188903809,-16.842905870650338,0.1274238227146814,0.0997229916897506,0.1473684210526315,0.0581717451523545,19.351800554016616,0.0664819944598337,0.3240997229916897,0.8975069252077563,-0.3102493074792243,0.0419278806434368,27.402002334594727,0.299168975069252,0.15570934256055363,0.11764705882352941,-0.058823529411764705,0.273356401384083
Q8TY15,ProteinMPNN,7,Archaea,Top,361,106.1116462603878,4.9643404006958,-14.853396483520726,0.1357340720221606,0.113573407202216,0.0534626038781163,0.0664819944598338,23.11551246537396,0.0664819944598337,0.3240997229916897,0.8808864265927978,-0.2991689750692521,0.0519003894989946,24.20870780944824,0.299168975069252,0.18110236220472442,0.14960629921259844,-0.051181102362204724,0.33070866141732286
B1YC30,ProteinMPNN,0,Archaea,Neutral,262,105.87965877862597,4.872886466979979,-9.22955570324174,0.1526717557251908,0.1183206106870229,-0.1591603053435114,0.0343511450381679,24.768702290076337,0.0687022900763358,0.3206106870229007,0.8816793893129771,-0.1106870229007633,0.0889014940296498,26.542266845703125,0.3015267175572519,0.1895734597156398,0.14691943127962084,-0.04265402843601896,0.33649289099526064
B1YC30,ProteinMPNN,1,Archaea,Neutral,262,108.9640893129771,4.953995704650878,-9.182785890405476,0.1679389312977099,0.133587786259542,-0.2824427480916031,0.0381679389312977,39.64618320610687,0.0725190839694656,0.2519083969465648,0.8511450381679388,0.0572519083969465,0.1380546018200606,23.161279678344727,0.3015267175572519,0.21693121693121692,0.17989417989417988,-0.037037037037037035,0.3968253968253968
B1YC30,ProteinMPNN,2,Archaea,Neutral,262,107.6166286259542,4.715215110778809,-13.12471603672894,0.1564885496183206,0.1106870229007633,-0.1938931297709923,0.0381679389312977,32.16030534351145,0.0648854961832061,0.3244274809160305,0.816793893129771,-0.0763358778625954,0.0933261204944801,24.99591827392578,0.3015267175572519,0.18660287081339713,0.13875598086124402,-0.05263157894736842,0.3253588516746412
B1YC30,ProteinMPNN,3,Archaea,Neutral,262,108.77637404580152,5.056192207336425,-7.229255204502152,0.1717557251908397,0.1450381679389313,-0.3263358778625954,0.0458015267175572,31.482442748091604,0.0648854961832061,0.2709923664122137,0.900763358778626,-0.0458015267175572,0.1139094741925298,23.774089813232425,0.3015267175572519,0.2265193370165746,0.19889502762430938,-0.027624309392265192,0.425414364640884
B1YC30,ProteinMPNN,4,Archaea,Neutral,262,106.35764541984732,4.889085578918457,-9.14176013137493,0.1450381679389313,0.1145038167938931,-0.0614503816793893,0.0305343511450381,26.98053435114504,0.0725190839694656,0.3091603053435114,0.851145038167939,-0.1106870229007633,0.186470242824082,23.42976188659668,0.3015267175572519,0.1837837837837838,0.14594594594594595,-0.03783783783783784,0.32972972972972975
B1YC30,ProteinMPNN,5,Archaea,Neutral,262,107.05132748091604,4.645132637023925,-15.20518332148021,0.1755725190839694,0.1183206106870228,-0.1679389312977099,0.0458015267175572,36.13358778625954,0.0648854961832061,0.3206106870229008,0.8396946564885497,-0.0916030534351144,0.208979143118158,21.819351196289062,0.3015267175572519,0.24157303370786518,0.16292134831460675,-0.07865168539325842,0.4044943820224719
B1YC30,ProteinMPNN,6,Archaea,Neutral,262,108.17291717557252,4.906989860534667,-10.18268124971182,0.183206106870229,0.1450381679389313,-0.3156488549618321,0.0419847328244274,33.25916030534351,0.0687022900763358,0.2595419847328244,0.7595419847328244,-0.0114503816793892,0.2288842049295507,22.59526252746582,0.3015267175572519,0.22772277227722773,0.1782178217821782,-0.04950495049504951,0.40594059405940597
B1YC30,ProteinMPNN,7,Archaea,Neutral,262,104.9935148854962,4.765062904357909,-9.241880650138668,0.1374045801526717,0.1030534351145038,0.0519083969465648,0.0381679389312977,27.18206106870228,0.0648854961832061,0.3320610687022901,0.7786259541984732,-0.1145038167938931,0.1677625545004303,22.04773330688477,0.3015267175572519,0.16766467065868262,0.1377245508982036,-0.029940119760479042,0.3053892215568862
P80505,ProteinMPNN,0,Bacteria,Bottom,337,109.71741038575668,5.180840110778808,-8.277723556277344,0.1602373887240356,0.142433234421365,-0.3047477744807121,0.0712166172106824,19.369732937685452,0.0563798219584569,0.2640949554896142,0.771513353115727,-0.1305637982195845,0.0977861040079858,24.705413818359375,0.2997032640949555,0.20987654320987653,0.17695473251028807,-0.0411522633744856,0.3868312757201646
P80505,ProteinMPNN,1,Bacteria,Bottom,337,108.70131513353114,5.358689308166503,-6.191370602345209,0.1394658753709198,0.1305637982195845,-0.1540059347181009,0.0712166172106824,28.06706231454005,0.0563798219584569,0.2997032640949554,0.857566765578635,-0.2166172106824925,0.0871813559616152,25.791549682617188,0.2997032640949555,0.17333333333333334,0.1688888888888889,-0.013333333333333334,0.3422222222222222
P80505,ProteinMPNN,2,Bacteria,Bottom,337,106.92466676557864,5.912016868591309,-3.1170908439696348,0.1186943620178041,0.1216617210682492,-0.0537091988130563,0.0712166172106825,16.838278931750736,0.0563798219584569,0.3293768545994065,0.7685459940652819,-0.1869436201780415,0.0923698960556683,23.885818481445312,0.2997032640949555,0.14227642276422764,0.15040650406504066,0.0,0.29268292682926833
P80505,ProteinMPNN,3,Bacteria,Bottom,337,110.6078181008902,5.200279045104979,-10.997698378151648,0.1602373887240356,0.1424332344213649,-0.4008902077151335,0.0771513353115727,19.108011869436183,0.0563798219584569,0.2640949554896142,0.8931750741839763,-0.2344213649851632,0.0933384150491383,25.084754943847656,0.2997032640949555,0.2017167381974249,0.1888412017167382,-0.034334763948497854,0.3905579399141631
P80505,ProteinMPNN,4,Bacteria,Bottom,337,110.54338397626113,5.305885887145995,-8.125530441886717,0.1513353115727002,0.1394658753709198,-0.3210682492581602,0.0712166172106824,27.429080118694355,0.059347181008902,0.2462908011869436,0.8160237388724036,-0.2344213649851632,0.0902551442331079,24.432008743286133,0.2997032640949555,0.18565400843881857,0.18143459915611815,-0.016877637130801686,0.3670886075949367
P80505,ProteinMPNN,5,Bacteria,Bottom,337,109.30431008902076,5.688128089904786,-4.198979395487136,0.1483679525222551,0.14540059347181,-0.300593471810089,0.0652818991097922,27.061424332344203,0.0563798219584569,0.2729970326409495,0.744807121661721,-0.0385756676557863,0.1021266073194856,21.962854385375977,0.2997032640949555,0.19383259911894274,0.2026431718061674,0.0,0.3964757709251101
P80505,ProteinMPNN,6,Bacteria,Bottom,337,109.13808635014836,5.385517311096191,-7.112207606102288,0.1483679525222552,0.1394658753709198,-0.2356083086053412,0.0652818991097922,34.60979228486646,0.059347181008902,0.2670623145400593,0.8100890207715133,-0.3293768545994066,0.0847102328927254,23.422666549682617,0.2997032640949555,0.17372881355932204,0.1864406779661017,-0.00423728813559322,0.36016949152542377
P80505,ProteinMPNN,7,Bacteria,Bottom,337,110.29611335311571,5.182317924499511,-9.17982689725754,0.1632047477744806,0.14540059347181,-0.2896142433234421,0.0741839762611275,26.49706231454004,0.0445103857566765,0.2759643916913946,0.8397626112759644,-0.0979228486646884,0.1144913689355173,23.410755157470703,0.2997032640949555,0.23039215686274508,0.22058823529411764,-0.024509803921568627,0.4509803921568627
Q9N2D5,ProteinMPNN,0,Eukaryota,Neutral,333,108.59124504504506,5.366135215759278,-8.91632619030647,0.1471471471471471,0.1381381381381381,-0.1951951951951951,0.072072072072072,25.564894894894877,0.069069069069069,0.2882882882882883,0.8318318318318318,-0.063063063063063,0.0832548966877325,23.575523376464844,0.3003003003003003,0.20320855614973263,0.20855614973262032,-0.0106951871657754,0.4117647058823529
Q9N2D5,ProteinMPNN,1,Eukaryota,Neutral,333,107.27434444444444,5.910198020935058,-5.395256795948747,0.1381381381381381,0.1471471471471471,-0.1438438438438438,0.066066066066066,21.409909909909896,0.057057057057057,0.3003003003003003,0.8228228228228228,0.0,0.0780204983744806,22.240812301635746,0.3003003003003003,0.20320855614973263,0.22459893048128343,-0.016042780748663103,0.4278074866310161
Q9N2D5,ProteinMPNN,2,Eukaryota,Neutral,333,108.37833063063064,6.210705757141112,-2.1011747626083803,0.1441441441441441,0.1501501501501501,-0.2147147147147147,0.072072072072072,17.58288288288287,0.051051051051051,0.2882882882882883,0.8378378378378379,-0.2312312312312313,0.0940679485455604,22.78040885925293,0.3003003003003003,0.1956521739130435,0.20434782608695654,-0.004347826086956522,0.4
Q9N2D5,ProteinMPNN,3,Eukaryota,Neutral,333,107.97487087087087,5.841820716857909,-5.75046398089988,0.1441441441441441,0.1501501501501501,-0.1609609609609609,0.066066066066066,20.759759759759746,0.051051051051051,0.3063063063063063,0.8408408408408408,-0.1201201201201201,0.086082771513235,22.85024070739746,0.3003003003003003,0.21212121212121213,0.22727272727272727,-0.010101010101010102,0.4393939393939394
Q9N2D5,ProteinMPNN,4,Eukaryota,Neutral,333,108.36505315315316,5.315719032287597,-10.748866742328012,0.1471471471471471,0.1381381381381381,-0.1891891891891892,0.081081081081081,25.13273273273273,0.063063063063063,0.3033033033033033,0.8198198198198199,-0.1351351351351351,0.0529581127519271,23.51141357421875,0.3003003003003003,0.19008264462809918,0.18181818181818182,-0.0371900826446281,0.371900826446281
Q9N2D5,ProteinMPNN,5,Eukaryota,Neutral,333,108.43750930930932,5.316230583190918,-9.91735697878957,0.1531531531531531,0.1411411411411411,-0.2501501501501501,0.069069069069069,22.88708708708708,0.06006006006006,0.2912912912912913,0.8108108108108107,-0.1681681681681682,0.089638227569262,22.672027587890625,0.3003003003003003,0.23469387755102042,0.1989795918367347,-0.05612244897959184,0.4336734693877551
Q9N2D5,ProteinMPNN,6,Eukaryota,Neutral,333,108.74374834834836,5.100299263000487,-15.632398266870162,0.1651651651651651,0.1441441441441441,-0.2588588588588588,0.072072072072072,28.02762762762762,0.063063063063063,0.2852852852852853,0.8258258258258258,-0.033033033033033,0.0840526625279988,23.93105125427246,0.3003003003003003,0.24102564102564103,0.21025641025641026,-0.07179487179487179,0.4512820512820513
Q9N2D5,ProteinMPNN,7,Eukaryota,Neutral,333,106.86805285285286,5.465205574035645,-6.745109091289876,0.1411411411411411,0.1351351351351351,-0.2198198198198198,0.06006006006006,20.85588588588588,0.063063063063063,0.3063063063063063,0.8138138138138138,-0.1771771771771771,0.1136990232553372,23.281246185302734,0.3003003003003003,0.19534883720930232,0.18604651162790697,-0.023255813953488372,0.38139534883720927
Q6DIY2,ProteinMPNN,0,Eukaryota,Bottom,179,112.33934301675976,5.863419532775878,-3.9506310695772946,0.1396648044692737,0.1508379888268156,-0.3519553072625698,0.0782122905027933,29.767597765363117,0.0726256983240223,0.2346368715083798,0.8156424581005587,-0.3910614525139665,0.2483330329789151,15.270499229431152,0.3016759776536313,0.18888888888888888,0.2222222222222222,0.011111111111111112,0.4111111111111111
Q6DIY2,ProteinMPNN,1,Eukaryota,Bottom,179,114.52731340782124,6.075826835632324,-2.9468416064050835,0.1452513966480447,0.1620111731843575,-0.4502793296089385,0.0837988826815642,32.66368715083797,0.0726256983240223,0.2122905027932961,0.776536312849162,-0.106145251396648,0.2550163226837497,15.71839714050293,0.3016759776536313,0.2222222222222222,0.24444444444444444,-0.022222222222222223,0.4666666666666667
Q6DIY2,ProteinMPNN,2,Eukaryota,Bottom,179,109.33552290502791,5.611565971374512,-4.994931597477084,0.1117318435754189,0.1173184357541899,-0.0653631284916201,0.0782122905027933,26.999999999999982,0.0782122905027933,0.3072625698324022,0.8044692737430168,-0.1564245810055866,0.1789357017688379,15.662067413330078,0.3016759776536313,0.14736842105263157,0.17894736842105263,-0.021052631578947368,0.3263157894736842
Q6DIY2,ProteinMPNN,3,Eukaryota,Bottom,179,110.80558268156425,4.907046699523924,-12.76738222585201,0.1620111731843575,0.1340782122905028,-0.2335195530726257,0.0670391061452514,33.75865921787708,0.0782122905027933,0.2793296089385475,0.8379888268156424,-0.2793296089385474,0.2386597524792173,15.334358215332031,0.3016759776536313,0.23809523809523808,0.16666666666666666,-0.10714285714285714,0.40476190476190477
Q6DIY2,ProteinMPNN,4,Eukaryota,Bottom,179,113.77071675977656,5.54301815032959,-5.940977162576974,0.1675977653631284,0.1675977653631284,-0.4994413407821229,0.0726256983240223,31.54245810055865,0.0670391061452514,0.217877094972067,0.8435754189944134,-0.1843575418994413,0.2213594534919905,16.694984436035156,0.3016759776536313,0.22857142857142856,0.23809523809523808,-0.0380952380952381,0.4666666666666667
Q6DIY2,ProteinMPNN,5,Eukaryota,Bottom,179,111.75733798882682,5.078870964050291,-8.939038477101118,0.1564245810055866,0.1396648044692737,-0.2128491620111731,0.0782122905027933,40.85139664804469,0.0837988826815642,0.2569832402234636,0.9273743016759776,-0.2011173184357542,0.2472211023440649,15.594472885131836,0.3016759776536313,0.20212765957446807,0.23404255319148937,-0.02127659574468085,0.43617021276595747
Q6DIY2,ProteinMPNN,6,Eukaryota,Bottom,179,112.76924134078212,4.9770723342895495,-10.929904053582874,0.1675977653631284,0.1396648044692737,-0.3860335195530727,0.0782122905027933,35.844134078212285,0.0782122905027933,0.2290502793296089,0.9385474860335196,-0.3128491620111732,0.2412882710737051,15.74281883239746,0.3016759776536313,0.2549019607843137,0.16666666666666666,-0.10784313725490197,0.42156862745098034
Q6DIY2,ProteinMPNN,7,Eukaryota,Bottom,179,110.32001508379888,5.102572822570799,-8.939596058839399,0.1564245810055866,0.1396648044692737,-0.0815642458100558,0.0558659217877094,40.85027932960893,0.0782122905027933,0.2793296089385474,0.8715083798882681,-0.2569832402234637,0.2289722542991792,15.857332229614258,0.3016759776536313,0.2169811320754717,0.19811320754716982,-0.05660377358490566,0.41509433962264153
G0HQ35,ProteinMPNN,0,Archaea,Bottom,358,106.19296201117318,5.249842643737792,-9.579236258254788,0.1229050279329608,0.1145251396648044,0.1069832402234636,0.0586592178770949,35.65279329608937,0.0865921787709497,0.3072625698324022,0.776536312849162,-0.3128491620111731,0.0407757015347075,25.069822311401367,0.3016759776536313,0.13114754098360656,0.12786885245901639,-0.022950819672131147,0.25901639344262295
G0HQ35,ProteinMPNN,1,Archaea,Bottom,358,104.61953324022346,5.398931312561035,-9.365659201072113,0.1145251396648044,0.111731843575419,0.0410614525139664,0.0642458100558659,36.19692737430166,0.0921787709497206,0.3519553072625698,0.8603351955307263,-0.2737430167597766,0.0581427635305485,23.593900680541992,0.3016759776536313,0.13732394366197184,0.13732394366197184,-0.028169014084507043,0.2746478873239437
G0HQ35,ProteinMPNN,2,Archaea,Bottom,358,104.42486145251398,5.171006965637205,-8.75182917343863,0.1173184357541899,0.106145251396648,0.0851955307262569,0.0670391061452514,33.38770949720669,0.0810055865921787,0.3407821229050279,0.8044692737430168,-0.212290502793296,0.0618121658234828,23.984724044799805,0.3016759776536313,0.13937282229965156,0.1289198606271777,-0.027874564459930314,0.2682926829268293
G0HQ35,ProteinMPNN,3,Archaea,Bottom,358,104.83644553072628,4.886016273498535,-13.637515697179502,0.1256983240223463,0.1033519553072625,0.2491620111731843,0.0670391061452514,37.141061452513945,0.0893854748603351,0.3240223463687151,0.8296089385474861,-0.2039106145251397,0.0621419014839704,24.06239128112793,0.3016759776536313,0.15384615384615385,0.13076923076923078,-0.03461538461538462,0.2846153846153846
G0HQ35,ProteinMPNN,4,Archaea,Bottom,358,105.36509273743016,6.748061561584472,-0.5705639295883032,0.1033519553072625,0.1201117318435754,0.0039106145251396,0.0754189944134078,31.069553072625677,0.0837988826815642,0.3379888268156424,0.782122905027933,-0.0893854748603351,0.0575477188081936,25.689775466918945,0.3016759776536313,0.11888111888111888,0.14335664335664336,0.0034965034965034965,0.26223776223776224
G0HQ35,ProteinMPNN,5,Archaea,Bottom,358,106.31579581005587,6.228496360778809,-3.3011364753797423,0.111731843575419,0.1284916201117318,-0.0022346368715083,0.0642458100558659,32.508687150837986,0.0893854748603351,0.3100558659217877,0.8268156424581006,-0.2513966480446927,0.0524889518886016,25.982702255249023,0.3016759776536313,0.13448275862068965,0.15172413793103448,-0.010344827586206896,0.28620689655172415
G0HQ35,ProteinMPNN,6,Archaea,Bottom,358,105.071293575419,5.641463279724121,-4.741796860032906,0.1089385474860335,0.1089385474860335,0.144413407821229,0.0642458100558659,39.266480446927346,0.0837988826815642,0.3463687150837989,0.8659217877094971,-0.3072625698324022,0.0486033519553072,28.440073013305664,0.3016759776536313,0.12,0.13,-0.006666666666666667,0.25
G0HQ35,ProteinMPNN,7,Archaea,Bottom,358,105.74858882681563,5.8753557205200195,-4.547155767442831,0.1145251396648044,0.1201117318435754,0.1466480446927374,0.0670391061452514,37.44497206703908,0.0837988826815642,0.3268156424581006,0.8240223463687151,-0.276536312849162,0.052812784201637,28.639249801635746,0.3016759776536313,0.132890365448505,0.14285714285714285,-0.013289036544850499,0.27574750830564787
Q8DLT5,ProteinMPNN,0,Bacteria,Neutral,449,104.132070155902,4.678781318664551,-16.26640844219864,0.1091314031180401,0.0779510022271715,0.021826280623608,0.0334075723830735,17.683741648106896,0.0601336302895322,0.354120267260579,0.9042316258351892,-0.3608017817371937,0.0511896972941298,32.14179229736328,0.3006681514476614,0.15807560137457044,0.1134020618556701,-0.05154639175257732,0.27147766323024053
Q8DLT5,ProteinMPNN,1,Bacteria,Neutral,449,103.88408797327394,4.504399299621583,-19.274120107592907,0.1024498886414253,0.0645879732739421,0.0721603563474387,0.0356347438752783,19.66837416481069,0.0601336302895322,0.3741648106904232,0.8819599109131404,-0.3875278396436526,0.0450362946465396,33.60969161987305,0.3006681514476614,0.16205533596837945,0.10276679841897234,-0.06324110671936758,0.2648221343873518
Q8DLT5,ProteinMPNN,2,Bacteria,Neutral,449,102.81984142538975,4.263401985168457,-26.219302377313344,0.1091314031180401,0.0579064587973273,0.0781737193763919,0.0334075723830735,15.5750556792873,0.0645879732739421,0.3853006681514476,0.8552338530066815,-0.4276169265033408,0.0523374198118339,32.61343765258789,0.3006681514476614,0.16,0.08666666666666667,-0.08333333333333333,0.24666666666666667
Q8DLT5,ProteinMPNN,3,Bacteria,Neutral,449,103.24641737193762,4.529067420959472,-19.297379697631,0.1113585746102449,0.0734966592427616,0.1093541202672605,0.0334075723830735,19.027394209354114,0.0690423162583518,0.3697104677060133,0.8975501113585747,-0.3363028953229399,0.0468078670010346,29.40685272216797,0.3006681514476614,0.15789473684210525,0.10526315789473684,-0.05964912280701754,0.2631578947368421
Q8DLT5,ProteinMPNN,4,Bacteria,Neutral,449,104.57927951002227,4.583746528625488,-18.005785253701532,0.1069042316258351,0.0712694877505567,-0.0135857461024498,0.0356347438752783,25.184187082405337,0.0601336302895322,0.3541202672605791,0.8997772828507795,-0.3296213808463251,0.0564684724335358,28.763750076293945,0.3006681514476614,0.156,0.112,-0.048,0.268
Q8DLT5,ProteinMPNN,5,Bacteria,Neutral,449,103.2573053452116,4.449833869934082,-21.17859520819609,0.1069042316258351,0.0668151447661469,0.0910913140311804,0.0378619153674833,20.729398663697097,0.066815144766147,0.3786191536748329,0.8507795100222717,-0.2717149220489978,0.038794011283738,31.387968063354492,0.3006681514476614,0.13993174061433447,0.09556313993174062,-0.05460750853242321,0.2354948805460751
Q8DLT5,ProteinMPNN,6,Bacteria,Neutral,449,104.956314922049,4.694866752624511,-16.004301114282953,0.1091314031180401,0.0779510022271715,-0.0866369710467706,0.0356347438752783,22.43853006681514,0.0579064587973273,0.3429844097995545,0.9220489977728286,-0.3608017817371938,0.0490346015999193,32.33241653442383,0.3006681514476614,0.1607843137254902,0.12941176470588237,-0.03529411764705882,0.2901960784313726
Q8DLT5,ProteinMPNN,7,Bacteria,Neutral,449,103.98170579064588,4.493486213684082,-20.3054421076086,0.1069042316258351,0.066815144766147,0.0518930957683741,0.0378619153674833,24.84342984409798,0.0601336302895322,0.3674832962138084,0.9198218262806236,-0.3407572383073496,0.0396455104728152,33.85447692871094,0.3006681514476614,0.13924050632911392,0.08544303797468354,-0.056962025316455694,0.22468354430379744
O67786,ESM-IF,0,Bacteria,Top,223,115.97170986547084,6.297385215759278,-1.2598261794026158,0.1883408071748878,0.1928251121076233,-0.4484304932735426,0.1076233183856502,35.037219730941686,0.0448430493273542,0.1973094170403587,0.8609865470852018,0.5201793721973094,0.1272481797579439,18.69390296936035,0.3004484304932735,0.26229508196721313,0.3360655737704918,0.05737704918032787,0.5983606557377049
O67786,ESM-IF,1,Bacteria,Top,223,115.52710224215248,5.456566047668456,-5.258841959986569,0.1973094170403587,0.1838565022421524,-0.4466367713004485,0.1076233183856502,31.160986547085184,0.0448430493273542,0.1973094170403587,0.8251121076233183,0.4484304932735425,0.1227393682550633,19.140594482421875,0.3004484304932735,0.272,0.296,0.008,0.5680000000000001
O67786,ESM-IF,2,Bacteria,Top,223,115.19529058295964,5.756960105895996,-3.260961721925405,0.1928251121076233,0.1883408071748878,-0.4278026905829596,0.1031390134529148,27.139910313901325,0.0448430493273542,0.1973094170403587,0.9147982062780268,0.3856502242152466,0.0926841042188035,18.721986770629883,0.3004484304932735,0.30158730158730157,0.30158730158730157,-0.007936507936507936,0.6031746031746031
O67786,ESM-IF,3,Bacteria,Top,223,115.3880403587444,5.688866996765137,-4.174478233705194,0.1928251121076233,0.1883408071748879,-0.4286995515695068,0.1076233183856502,29.388789237668146,0.0448430493273542,0.1973094170403587,0.8430493273542601,0.4753363228699552,0.1190677698477862,19.49264144897461,0.3004484304932735,0.27906976744186046,0.3023255813953488,0.0,0.5813953488372092
O67786,ESM-IF,4,Bacteria,Top,223,115.32091121076232,5.757016944885254,-3.2599727208264113,0.1928251121076233,0.1883408071748879,-0.431390134529148,0.1031390134529148,32.197309417040344,0.0448430493273542,0.1973094170403587,0.852017937219731,0.4394618834080717,0.1396866997679702,18.125511169433594,0.3004484304932735,0.3130434782608696,0.2956521739130435,-0.017391304347826087,0.6086956521739131
O67786,ESM-IF,5,Bacteria,Top,223,115.44671031390132,5.757016944885254,-3.2599727208264113,0.1928251121076233,0.1883408071748879,-0.4295964125560538,0.1031390134529148,31.43587443946187,0.0448430493273542,0.1973094170403587,0.8430493273542601,0.4215246636771301,0.1259301236879712,19.011232376098633,0.3004484304932735,0.2619047619047619,0.30952380952380953,0.031746031746031744,0.5714285714285714
O67786,ESM-IF,6,Bacteria,Top,223,115.33938385650224,7.699489402770996,0.7314193521301675,0.1838565022421524,0.1973094170403587,-0.4358744394618834,0.1076233183856502,32.98475336322868,0.0448430493273542,0.1973094170403587,0.874439461883408,0.515695067264574,0.1273838269353964,18.56550407409668,0.3004484304932735,0.28688524590163933,0.319672131147541,0.01639344262295082,0.6065573770491803
O67786,ESM-IF,7,Bacteria,Top,223,115.71139955156951,5.757016944885254,-3.2599727208264113,0.1928251121076233,0.1883408071748879,-0.4479820627802691,0.1076233183856502,29.916591928251105,0.0448430493273542,0.1973094170403587,0.8385650224215246,0.5336322869955157,0.134226971099803,18.72805976867676,0.3004484304932735,0.2698412698412698,0.30952380952380953,0.023809523809523808,0.5793650793650793
Q980U8,ESM-IF,0,Archaea,Top,349,114.70263553008596,8.832184791564941,4.8662057909792225,0.1948424068767908,0.2177650429799426,-0.5779369627507164,0.0573065902578796,49.74702005730656,0.0401146131805157,0.1862464183381089,0.8968481375358166,0.4727793696275071,0.03083640332924,25.327056884765625,0.3008595988538682,0.24354243542435425,0.2767527675276753,0.02214022140221402,0.5202952029520296
Q980U8,ESM-IF,1,Archaea,Top,349,115.29022693409742,7.669592094421388,0.8849412221021709,0.2063037249283667,0.2177650429799427,-0.6257879656160459,0.0573065902578796,51.96277936962749,0.0401146131805157,0.1862464183381089,0.8710601719197708,0.487106017191977,0.032689552567776,23.809988021850582,0.3008595988538682,0.2518518518518518,0.2740740740740741,0.014814814814814815,0.5259259259259259
Q980U8,ESM-IF,2,Archaea,Top,349,114.42729455587391,8.687904548645019,3.866085666481979,0.1948424068767908,0.2148997134670487,-0.556160458452722,0.0573065902578796,48.84902578796559,0.0401146131805157,0.1891117478510028,0.8223495702005731,0.4899713467048711,0.0269148577985748,24.03682327270508,0.3008595988538682,0.23616236162361623,0.2693726937269373,0.02214022140221402,0.5055350553505535
Q980U8,ESM-IF,3,Archaea,Top,349,114.46455902578796,8.928178215026858,5.864254205707766,0.1919770773638968,0.2177650429799426,-0.5607449856733525,0.0573065902578796,51.69974212034381,0.0401146131805157,0.1891117478510028,0.8767908309455588,0.2349570200573065,0.0412259325710307,28.127365112304688,0.3008595988538682,0.24344569288389514,0.2846441947565543,0.0299625468164794,0.5280898876404494
Q980U8,ESM-IF,4,Archaea,Top,349,114.53375845272208,9.014243507385256,6.863133444767925,0.1891117478510028,0.2177650429799426,-0.5323782234957021,0.0573065902578796,48.50489971346701,0.0401146131805157,0.1891117478510028,0.7936962750716332,0.4154727793696275,0.0387204954578745,22.811756134033203,0.3008595988538682,0.24110671936758893,0.28063241106719367,0.03162055335968379,0.5217391304347826
Q980U8,ESM-IF,5,Archaea,Top,349,114.70275873925505,8.928178215026858,5.864254205707766,0.1919770773638968,0.2177650429799426,-0.5681948424068768,0.0573065902578796,45.75361031518622,0.0401146131805157,0.1862464183381089,0.8624641833810888,0.495702005730659,0.0413090443897631,23.216310501098633,0.3008595988538682,0.22676579925650558,0.26765799256505574,0.02973977695167286,0.4944237918215613
Q980U8,ESM-IF,6,Archaea,Top,349,114.50462693409744,8.824964332580567,4.868754368714349,0.1948424068767908,0.2177650429799426,-0.5873925501432665,0.0573065902578796,49.357908309455546,0.0401146131805157,0.1919770773638968,0.828080229226361,0.3638968481375358,0.0435278068450147,23.134532928466797,0.3008595988538682,0.2683982683982684,0.31601731601731603,0.03463203463203463,0.5844155844155845
Q980U8,ESM-IF,7,Archaea,Top,349,114.65998395415473,9.0068941116333,6.85970762597465,0.1919770773638968,0.2206303724928366,-0.5535816618911176,0.0573065902578796,48.07424068767905,0.0401146131805157,0.1891117478510028,0.8653295128939829,0.3209169054441261,0.0376340761201926,27.473955154418945,0.3008595988538682,0.2454212454212454,0.2783882783882784,0.02197802197802198,0.5238095238095238
O58832,ESM-IF,0,Archaea,Top,342,111.71095643274856,5.743943977355957,-6.583159064744102,0.175438596491228,0.175438596491228,-0.2403508771929824,0.0730994152046783,37.43391812865496,0.0497076023391812,0.2105263157894737,0.8070175438596492,-0.1228070175438596,0.1276224113639434,23.846431732177734,0.3011695906432748,0.2623762376237624,0.26732673267326734,-0.024752475247524754,0.5297029702970297
O58832,ESM-IF,1,Archaea,Top,342,111.7407038011696,6.49114933013916,-1.586363170796247,0.1666666666666666,0.1812865497076023,-0.2131578947368421,0.0730994152046783,37.49941520467835,0.0497076023391812,0.2105263157894736,0.8508771929824561,-0.1549707602339181,0.0887384214794894,24.58255386352539,0.3011695906432748,0.22413793103448276,0.25862068965517243,0.008620689655172414,0.4827586206896552
O58832,ESM-IF,2,Archaea,Top,342,111.68489210526316,6.288575172424316,-2.5818630077896714,0.1695906432748538,0.1812865497076023,-0.2508771929824561,0.0701754385964912,34.95116959064327,0.0497076023391812,0.2105263157894737,0.871345029239766,-0.0760233918128654,0.0843131765584173,23.559473037719727,0.3011695906432748,0.24,0.2577777777777778,-0.008888888888888889,0.49777777777777776
O58832,ESM-IF,3,Archaea,Top,342,111.87239239766085,6.493081855773925,-1.5855407109210304,0.1695906432748538,0.1842105263157894,-0.2526315789473684,0.0730994152046783,32.23391812865496,0.0497076023391812,0.2105263157894736,0.8596491228070176,-0.0292397660818713,0.1452630025706142,22.365781784057617,0.3011695906432748,0.2648648648648649,0.31351351351351353,0.021621621621621623,0.5783783783783785
O58832,ESM-IF,4,Archaea,Top,342,111.6873938596491,5.657037162780762,-7.571257078748246,0.175438596491228,0.1725146198830409,-0.2219298245614035,0.0701754385964912,36.10818713450292,0.0497076023391812,0.2134502923976608,0.8888888888888888,-0.1052631578947368,0.1122076023391812,21.946622848510746,0.3011695906432748,0.27692307692307694,0.26153846153846155,-0.046153846153846156,0.5384615384615385
O58832,ESM-IF,5,Archaea,Top,342,111.74031666666664,5.752867698669434,-6.574934781879605,0.175438596491228,0.175438596491228,-0.217251461988304,0.0730994152046783,38.4798245614035,0.0497076023391812,0.2105263157894737,0.8391812865497076,-0.1023391812865497,0.0847440238021955,24.327953338623047,0.3011695906432748,0.25,0.23275862068965517,-0.04310344827586207,0.48275862068965514
O58832,ESM-IF,6,Archaea,Top,342,111.1464283625731,6.1174898147583,-3.5853541698972435,0.1666666666666666,0.175438596491228,-0.1777777777777777,0.0730994152046783,36.764327485380115,0.0526315789473684,0.2163742690058479,0.8654970760233918,-0.1052631578947368,0.0819576114198539,21.616701126098633,0.3011695906432748,0.24752475247524752,0.25742574257425743,-0.009900990099009901,0.504950495049505
O58832,ESM-IF,7,Archaea,Top,342,111.8225619883041,6.7744348526000975,-0.5835627087230222,0.1695906432748538,0.1871345029239766,-0.2780701754385965,0.0701754385964912,30.88187134502924,0.0497076023391812,0.2134502923976608,0.7719298245614035,-0.0994152046783625,0.097482131254061,24.915681838989254,0.3011695906432748,0.2324561403508772,0.2631578947368421,0.0043859649122807015,0.4956140350877193
Q9Z9J6,ESM-IF,0,Bacteria,Top,62,114.61977258064518,9.754082679748535,4.775655698966419,0.1612903225806451,0.2419354838709677,-0.4451612903225806,0.0,32.36935483870968,0.0,0.1451612903225806,0.935483870967742,0.935483870967742,0.064516129032258,23.802284240722656,0.3064516129032258,0.16129032258064516,0.24193548387096775,0.08064516129032258,0.4032258064516129
Q9Z9J6,ESM-IF,1,Bacteria,Top,62,114.42610806451614,10.070364570617674,6.7745249381265715,0.1451612903225806,0.2580645161290322,-0.5274193548387097,0.0,45.08387096774193,0.0,0.1935483870967742,0.9516129032258064,0.9516129032258064,0.064516129032258,23.753074645996097,0.3064516129032258,0.14516129032258066,0.25806451612903225,0.11290322580645161,0.4032258064516129
Q9Z9J6,ESM-IF,2,Bacteria,Top,62,116.03948870967744,9.629142951965331,3.77945516203863,0.1774193548387097,0.2419354838709677,-0.6080645161290323,0.0,32.466129032258074,0.0,0.1451612903225806,0.935483870967742,0.935483870967742,0.064516129032258,23.8435115814209,0.3064516129032258,0.1774193548387097,0.24193548387096775,0.06451612903225806,0.41935483870967744
Q9Z9J6,ESM-IF,3,Bacteria,Top,62,113.72970483870968,9.81887340545654,4.778334401098784,0.1612903225806451,0.2419354838709677,-0.5951612903225806,0.0,37.15645161290323,0.0,0.2096774193548387,0.7580645161290323,0.2741935483870967,0.064516129032258,25.205257415771484,0.3064516129032258,0.16129032258064516,0.24193548387096775,0.08064516129032258,0.4032258064516129
Q9Z9J6,ESM-IF,4,Bacteria,Top,62,113.63221451612904,9.896235466003418,4.863697128379162,0.1451612903225806,0.2419354838709677,-0.5580645161290323,0.0,35.57258064516129,0.0,0.2096774193548387,0.8870967741935484,0.8870967741935484,0.064516129032258,24.177810668945312,0.3064516129032258,0.14516129032258066,0.24193548387096775,0.08064516129032258,0.3870967741935484
Q9Z9J6,ESM-IF,5,Bacteria,Top,62,114.21506129032258,9.81887340545654,4.778334401098784,0.1612903225806451,0.2419354838709677,-0.5258064516129033,0.0,43.90645161290322,0.0,0.1935483870967742,0.935483870967742,0.935483870967742,0.064516129032258,23.8460750579834,0.3064516129032258,0.16129032258064516,0.24193548387096775,0.08064516129032258,0.4032258064516129
Q9Z9J6,ESM-IF,6,Bacteria,Top,62,114.66689032258066,9.894752693176269,4.779323402197784,0.1612903225806451,0.2419354838709677,-0.535483870967742,0.0,44.37096774193548,0.0,0.1935483870967742,0.935483870967742,0.935483870967742,0.064516129032258,23.832216262817383,0.3064516129032258,0.16129032258064516,0.24193548387096775,0.08064516129032258,0.4032258064516129
Q9Z9J6,ESM-IF,7,Bacteria,Top,62,113.76328548387096,9.992099952697757,5.7755239391255735,0.1451612903225806,0.2419354838709677,-0.5112903225806451,0.0,38.5258064516129,0.0,0.2096774193548387,0.935483870967742,0.8387096774193549,0.064516129032258,24.129724502563477,0.3064516129032258,0.14516129032258066,0.24193548387096775,0.0967741935483871,0.3870967741935484
P02819,ESM-IF,0,Eukaryota,Bottom,49,111.5713224489796,4.394927406311036,-5.239990153138352,0.2040816326530612,0.1020408163265306,-0.8020408163265307,0.1020408163265306,52.048979591836726,0.1020408163265306,0.2448979591836734,0.8571428571428572,0.3265306122448979,0.1719233147804576,14.802430152893066,0.3061224489795918,0.2564102564102564,0.1282051282051282,-0.1282051282051282,0.3846153846153846
P02819,ESM-IF,1,Eukaryota,Bottom,49,111.5713224489796,4.394927406311036,-5.240989154137353,0.2040816326530612,0.1020408163265306,-0.8326530612244899,0.1020408163265306,49.45306122448979,0.1020408163265306,0.2448979591836734,0.8163265306122449,0.4489795918367347,0.1541168191414497,14.308696746826172,0.3061224489795918,0.25,0.125,-0.125,0.375
P02819,ESM-IF,2,Eukaryota,Bottom,49,107.48678571428572,4.656841468811035,-2.2492339990331924,0.1224489795918367,0.0816326530612245,-0.5448979591836736,0.0816326530612245,53.563265306122446,0.1224489795918367,0.2857142857142857,0.7551020408163265,0.3877551020408163,0.162936142198815,13.458345413208008,0.3061224489795918,0.15,0.1,-0.05,0.25
P02819,ESM-IF,3,Eukaryota,Bottom,49,111.2675387755102,4.969001197814941,-2.245096918174198,0.1836734693877551,0.1428571428571428,-0.8367346938775511,0.1020408163265306,59.38163265306122,0.1020408163265306,0.2448979591836734,0.8163265306122449,0.3673469387755101,0.1720986902223576,14.40616512298584,0.3061224489795918,0.23684210526315788,0.18421052631578946,-0.05263157894736842,0.42105263157894735
P02819,ESM-IF,4,Eukaryota,Bottom,49,111.2675387755102,4.969001197814941,-2.245096918174198,0.1836734693877551,0.1428571428571428,-0.8367346938775511,0.1020408163265306,59.38163265306122,0.1020408163265306,0.2448979591836734,0.8163265306122449,0.3673469387755101,0.1720986902223576,14.40616512298584,0.3061224489795918,0.23684210526315788,0.18421052631578946,-0.05263157894736842,0.42105263157894735
P02819,ESM-IF,5,Eukaryota,Bottom,49,111.85757959183672,4.4322706222534185,-5.239299453103987,0.2040816326530612,0.1020408163265306,-0.8326530612244899,0.1020408163265306,63.506122448979575,0.1020408163265306,0.2448979591836734,0.7959183673469388,0.3877551020408163,0.1706864564007421,13.587077140808104,0.3061224489795918,0.2564102564102564,0.1282051282051282,-0.1282051282051282,0.3846153846153846
P02819,ESM-IF,6,Eukaryota,Bottom,49,110.40822653061224,5.149294471740721,-1.245464535660984,0.1428571428571428,0.1224489795918367,-0.6795918367346939,0.0816326530612245,104.224693877551,0.1224489795918367,0.2857142857142857,0.7346938775510204,0.4897959183673469,0.169744088111435,14.70242977142334,0.3061224489795918,0.17073170731707318,0.14634146341463414,-0.024390243902439025,0.3170731707317073
P02819,ESM-IF,7,Eukaryota,Bottom,49,111.24480408163264,4.394927406311036,-5.239990153138352,0.2040816326530612,0.1020408163265306,-0.7489795918367348,0.1020408163265306,48.11836734693877,0.1020408163265306,0.2448979591836734,0.8367346938775511,0.3061224489795918,0.1720986902223576,14.74040985107422,0.3061224489795918,0.25,0.125,-0.125,0.375
Q4R312,ESM-IF,0,Eukaryota,Bottom,82,118.90599146341464,4.053609275817871,-22.129169880201445,0.3780487804878049,0.1219512195121951,-1.3573170731707316,0.1097560975609756,79.5487804878049,0.0365853658536585,0.1463414634146341,0.8170731707317074,-0.0609756097560975,0.1964960494675369,13.7338285446167,0.3048780487804878,0.4666666666666667,0.15,-0.3333333333333333,0.6166666666666667
Q4R312,ESM-IF,1,Eukaryota,Bottom,82,118.65507195121953,4.798597908020019,-7.160504460680894,0.2804878048780488,0.2073170731707317,-1.3585365853658538,0.1097560975609756,46.70853658536585,0.0365853658536585,0.1585365853658537,0.7926829268292683,-0.0609756097560975,0.1867208672086721,14.105147361755373,0.3048780487804878,0.3389830508474576,0.2711864406779661,-0.0847457627118644,0.6101694915254237
Q4R312,ESM-IF,2,Eukaryota,Bottom,82,119.45522804878048,4.0500284194946286,-23.124669717194863,0.3902439024390244,0.1219512195121951,-1.3890243902439026,0.1097560975609756,87.77804878048782,0.0365853658536585,0.1463414634146341,0.8536585365853658,-0.1219512195121951,0.1855272596843615,14.111560821533203,0.3048780487804878,0.48333333333333334,0.15,-0.35,0.6333333333333333
Q4R312,ESM-IF,3,Eukaryota,Bottom,82,121.0626256097561,4.0500284194946286,-35.101691179420754,0.4756097560975609,0.0609756097560975,-1.4951219512195122,0.1097560975609756,118.44634146341468,0.0365853658536585,0.1097560975609756,0.7682926829268293,-0.0365853658536585,0.1937181961747675,14.358576774597168,0.3048780487804878,0.5483870967741935,0.08064516129032258,-0.4838709677419355,0.6290322580645161
Q4R312,ESM-IF,4,Eukaryota,Bottom,82,120.19691341463415,4.0500284194946286,-31.106052463239298,0.4390243902439024,0.073170731707317,-1.4658536585365851,0.1097560975609756,124.72439024390248,0.0365853658536585,0.1463414634146341,0.8292682926829269,-0.0975609756097561,0.2073170731707317,14.178264617919922,0.3048780487804878,0.5172413793103449,0.10344827586206896,-0.43103448275862066,0.6206896551724138
Q4R312,ESM-IF,5,Eukaryota,Bottom,82,119.46509634146344,4.0500284194946286,-30.11055262624587,0.426829268292683,0.073170731707317,-1.3378048780487806,0.1097560975609756,122.3756097560976,0.0365853658536585,0.1463414634146341,0.7560975609756098,-0.024390243902439,0.1901567944250871,14.47454071044922,0.3048780487804878,0.5238095238095238,0.09523809523809523,-0.4444444444444444,0.6190476190476191
Q4R312,ESM-IF,6,Eukaryota,Bottom,82,119.8422256097561,4.0500284194946286,-33.10731210336718,0.451219512195122,0.0609756097560975,-1.397560975609756,0.1097560975609756,119.71341463414636,0.0365853658536585,0.1341463414634146,0.8048780487804879,-0.073170731707317,0.1906561319134318,14.13102912902832,0.3048780487804878,0.543859649122807,0.08771929824561403,-0.47368421052631576,0.631578947368421
Q4R312,ESM-IF,7,Eukaryota,Bottom,82,119.08905731707316,4.0500284194946286,-23.126359418228237,0.3902439024390244,0.1219512195121951,-1.3573170731707316,0.1097560975609756,75.50365853658538,0.0365853658536585,0.1463414634146341,0.7804878048780488,-0.048780487804878,0.1849447271451131,13.927617073059082,0.3048780487804878,0.4918032786885246,0.14754098360655737,-0.36065573770491804,0.639344262295082
Q54FJ9,ESM-IF,0,Eukaryota,Bottom,306,108.91396666666664,9.000382804870608,7.99968017216689,0.1241830065359477,0.1699346405228758,-0.115359477124183,0.0588235294117647,36.73496732026144,0.0555555555555555,0.2712418300653595,0.9019607843137256,0.2026143790849673,0.0751400976314471,20.282257080078125,0.3006535947712418,0.165,0.235,0.05,0.4
Q54FJ9,ESM-IF,1,Eukaryota,Bottom,306,108.6864614379085,5.409276008605956,-6.22965057085927,0.1470588235294117,0.1372549019607843,-0.0908496732026143,0.0620915032679738,40.94088235294119,0.0555555555555555,0.284313725490196,0.8594771241830066,0.238562091503268,0.0787971024751657,20.285585403442383,0.3006535947712418,0.20320855614973263,0.20855614973262032,0.0,0.4117647058823529
Q54FJ9,ESM-IF,2,Eukaryota,Bottom,306,108.4514114379085,8.082353019714354,1.832548322732407,0.130718954248366,0.1503267973856209,-0.0977124183006536,0.065359477124183,37.8412091503268,0.0555555555555555,0.2941176470588235,0.8627450980392157,0.1699346405228758,0.0880113773904623,20.027210235595703,0.3006535947712418,0.18041237113402062,0.211340206185567,0.020618556701030927,0.3917525773195876
Q54FJ9,ESM-IF,3,Eukaryota,Bottom,306,108.94568758169936,7.5548910140991214,0.8439754665398311,0.1339869281045751,0.1503267973856209,-0.0866013071895425,0.065359477124183,39.53598039215687,0.0555555555555555,0.2777777777777778,0.8660130718954249,0.2124183006535947,0.0703843616957486,20.33646774291992,0.3006535947712418,0.1878453038674033,0.23204419889502761,0.03314917127071823,0.4198895027624309
Q54FJ9,ESM-IF,4,Eukaryota,Bottom,306,108.5957316993464,8.74773120880127,4.839462309734422,0.130718954248366,0.1601307189542483,-0.1385620915032679,0.0620915032679738,37.48565359477124,0.0555555555555555,0.2875816993464052,0.8594771241830066,0.2712418300653594,0.0759613240867861,20.64734649658203,0.3006535947712418,0.17857142857142858,0.24489795918367346,0.05102040816326531,0.423469387755102
Q54FJ9,ESM-IF,5,Eukaryota,Bottom,306,108.69741928104575,8.07519702911377,1.7541225761528807,0.1339869281045751,0.1503267973856209,-0.0633986928104575,0.0620915032679738,37.3085294117647,0.0555555555555555,0.2745098039215686,0.8300653594771242,0.3398692810457516,0.0712872868445623,22.136871337890625,0.3006535947712418,0.19704433497536947,0.21182266009852216,0.009852216748768473,0.4088669950738916
Q54FJ9,ESM-IF,6,Eukaryota,Bottom,306,109.15188300653594,7.53130283355713,0.7534972194328091,0.1405228758169934,0.15359477124183,-0.1163398692810457,0.065359477124183,39.91114379084968,0.0555555555555555,0.2745098039215686,0.8562091503267973,0.2941176470588235,0.1093760528266289,19.280235290527344,0.3006535947712418,0.2254335260115607,0.24855491329479767,0.017341040462427744,0.47398843930635837
Q54FJ9,ESM-IF,7,Eukaryota,Bottom,306,108.248991503268,8.829477119445801,5.736654447393562,0.1209150326797385,0.1503267973856209,-0.092156862745098,0.0620915032679738,35.96049019607844,0.0555555555555555,0.284313725490196,0.8725490196078431,0.2777777777777777,0.074234268870947,22.343015670776367,0.3006535947712418,0.15165876777251186,0.2037914691943128,0.04739336492890995,0.35545023696682465
Q54JL0,ESM-IF,0,Eukaryota,Bottom,633,117.22190789889416,8.912383460998537,20.876954852985097,0.1879936808846761,0.2243285939968404,-0.8429699842022117,0.0995260663507109,34.9742812006319,0.0473933649289099,0.1516587677725118,0.8199052132701422,-0.0489731437598736,0.0335094601116157,34.3296012878418,0.3001579778830964,0.22690763052208834,0.28313253012048195,0.05220883534136546,0.5100401606425703
Q54JL0,ESM-IF,1,Eukaryota,Bottom,633,117.61050584518168,4.818775749206543,-44.90895261316044,0.2559241706161137,0.1864139020537124,-0.9876777251184836,0.0947867298578199,59.46132701421795,0.0489731437598736,0.1563981042654028,0.8404423380726698,-0.0758293838862558,0.0323611167926009,35.17611312866211,0.3001579778830964,0.32712215320910976,0.2401656314699793,-0.08902691511387163,0.567287784679089
Q54JL0,ESM-IF,2,Eukaryota,Bottom,633,117.8577129541864,4.923302650451659,-35.950223667342485,0.2496050552922591,0.1943127962085308,-0.9916271721958928,0.0979462875197472,51.784391785150014,0.0505529225908372,0.1548183254344391,0.8436018957345972,-0.0947867298578199,0.0346103053413294,34.6600227355957,0.3001579778830964,0.3076923076923077,0.2408906882591093,-0.06882591093117409,0.548582995951417
Q54JL0,ESM-IF,3,Eukaryota,Bottom,633,117.77894802527648,8.56760654449463,7.95654270157894,0.2101105845181674,0.2243285939968404,-1.0115323854660347,0.0979462875197472,34.27048973143761,0.0505529225908372,0.1548183254344391,0.8230647709320695,0.0300157977883096,0.0324935995270961,33.89859390258789,0.3001579778830964,0.25708502024291496,0.2793522267206478,0.020242914979757085,0.5364372469635628
Q54JL0,ESM-IF,4,Eukaryota,Bottom,633,117.32005292259085,4.995374488830565,-31.80046450964977,0.2385466034755134,0.1927330173775671,-0.9287519747235388,0.0963665086887835,51.82925750394938,0.0489731437598736,0.1642969984202212,0.7187993680884677,-0.25434439178515,0.2431858351711948,29.976133346557617,0.3001579778830964,0.30730478589420657,0.24433249370277077,-0.06801007556675064,0.5516372795969773
Q54JL0,ESM-IF,5,Eukaryota,Bottom,633,118.46241769352292,4.62683048248291,-63.898932610557225,0.273301737756714,0.1737756714060031,-0.9624012638230648,0.1026856240126382,65.11363349131115,0.0489731437598736,0.1437598736176935,0.7677725118483412,-0.0884676145339652,0.0424474549983152,31.969688415527344,0.3001579778830964,0.35476718403547675,0.22838137472283815,-0.1286031042128603,0.583148558758315
Q54JL0,ESM-IF,6,Eukaryota,Bottom,633,117.85764976303318,4.86328067779541,-40.93029199207608,0.2511848341232227,0.1879936808846761,-0.956872037914692,0.0963665086887835,56.57096366508683,0.0489731437598736,0.1516587677725118,0.8357030015797788,-0.0268562401263823,0.0426650143806014,33.944339752197266,0.3001579778830964,0.3057199211045365,0.23274161735700197,-0.07495069033530571,0.5384615384615384
Q54JL0,ESM-IF,7,Eukaryota,Bottom,633,117.7953794628752,4.830143547058105,-42.920194461053256,0.249605055292259,0.1832543443917851,-1.011216429699842,0.0963665086887835,60.64173775671404,0.0505529225908372,0.1532385466034755,0.7962085308056872,-0.0600315955766193,0.0340496693566853,35.28266906738281,0.3001579778830964,0.3055555555555556,0.22817460317460317,-0.07936507936507936,0.5337301587301587
Q69NP0,ESM-IF,0,Eukaryota,Bottom,93,111.75954193548388,6.327396202087402,-0.9635472176871324,0.1290322580645161,0.1505376344086021,-0.2924731182795699,0.1182795698924731,19.47096774193548,0.032258064516129,0.2688172043010752,0.7741935483870968,-0.1720430107526881,0.2306324612649225,13.041552543640137,0.3010752688172043,0.19672131147540983,0.19672131147540983,-0.01639344262295082,0.39344262295081966
Q69NP0,ESM-IF,1,Eukaryota,Bottom,93,111.8448376344086,5.294972801208496,-3.049600645001872,0.1397849462365591,0.1290322580645161,-0.3064516129032258,0.1290322580645161,16.444086021505374,0.032258064516129,0.2688172043010752,0.7096774193548387,-0.2580645161290322,0.250786782061369,12.484070777893066,0.3010752688172043,0.1864406779661017,0.1864406779661017,-0.01694915254237288,0.3728813559322034
Q69NP0,ESM-IF,2,Eukaryota,Bottom,93,114.58939999999998,4.985370826721191,-6.028108830867996,0.1935483870967742,0.1505376344086021,-0.5010752688172043,0.1290322580645161,43.063440860215046,0.032258064516129,0.2365591397849462,0.8387096774193549,-0.3225806451612903,0.2369573874950219,13.253076553344728,0.3010752688172043,0.26666666666666666,0.21666666666666667,-0.06666666666666667,0.48333333333333334
Q69NP0,ESM-IF,3,Eukaryota,Bottom,93,112.66259677419356,5.374206352233887,-3.04685496411161,0.1720430107526881,0.1612903225806451,-0.5505376344086022,0.1290322580645161,14.16021505376344,0.032258064516129,0.2580645161290322,0.7956989247311828,-0.3010752688172042,0.2274374773468647,12.743135452270508,0.3010752688172043,0.24561403508771928,0.22807017543859648,-0.03508771929824561,0.47368421052631576
Q69NP0,ESM-IF,4,Eukaryota,Bottom,93,113.76009139784946,4.5372522354125975,-10.029807286692163,0.2150537634408602,0.1290322580645161,-0.3591397849462365,0.1290322580645161,39.34301075268817,0.043010752688172,0.2150537634408602,0.8064516129032258,-0.1827956989247312,0.239247311827957,12.609911918640137,0.3010752688172043,0.2833333333333333,0.18333333333333332,-0.11666666666666667,0.4666666666666667
Q69NP0,ESM-IF,5,Eukaryota,Bottom,93,111.72674086021506,5.294972801208496,-3.050599646000874,0.1397849462365591,0.1290322580645161,-0.256989247311828,0.1290322580645161,11.363440860215055,0.032258064516129,0.2580645161290322,0.8172043010752688,-0.2365591397849462,0.2537001897533207,12.46168327331543,0.3010752688172043,0.17857142857142858,0.16071428571428573,-0.03571428571428571,0.3392857142857143
Q69NP0,ESM-IF,6,Eukaryota,Bottom,93,116.3555,4.804679679870605,-8.02318860685594,0.2150537634408602,0.1505376344086021,-0.4344086021505376,0.1290322580645161,38.20537634408602,0.032258064516129,0.1827956989247312,0.6881720430107527,-0.086021505376344,0.2389619751306541,12.809828758239746,0.3010752688172043,0.3050847457627119,0.22033898305084745,-0.1016949152542373,0.5254237288135594
Q69NP0,ESM-IF,7,Eukaryota,Bottom,93,113.91137741935484,4.756366539001465,-8.025111827870992,0.1935483870967742,0.1290322580645161,-0.3118279569892473,0.1290322580645161,39.46559139784946,0.032258064516129,0.2258064516129032,0.6666666666666666,-0.1290322580645161,0.2247700479336701,13.142610549926758,0.3010752688172043,0.32142857142857145,0.19642857142857142,-0.14285714285714285,0.5178571428571429
P0A7R6,ESM-IF,0,Bacteria,Neutral,103,108.05397864077668,6.4704599380493155,-0.861300910192405,0.145631067961165,0.174757281553398,-0.1194174757281553,0.0194174757281553,37.70582524271844,0.058252427184466,0.3592233009708738,0.9805825242718448,-0.3786407766990292,0.4075559307724778,16.687362670898438,0.3009708737864077,0.1791044776119403,0.22388059701492538,0.0,0.40298507462686567
P0A7R6,ESM-IF,1,Bacteria,Neutral,103,109.1038912621359,7.047318840026855,0.0488261996206418,0.145631067961165,0.174757281553398,-0.1592233009708738,0.029126213592233,53.11844660194175,0.058252427184466,0.3398058252427184,0.9902912621359224,-0.3689320388349515,0.4066195939982348,16.614437103271484,0.3009708737864077,0.19402985074626866,0.22388059701492538,0.0,0.417910447761194
P0A7R6,ESM-IF,2,Bacteria,Neutral,103,109.86150582524272,8.603902244567873,1.1386690901075929,0.145631067961165,0.1941747572815534,-0.303883495145631,0.0194174757281553,53.03009708737864,0.058252427184466,0.3495145631067961,0.9805825242718448,-0.3786407766990292,0.4091420475853161,16.592571258544922,0.3009708737864077,0.14705882352941177,0.25,0.058823529411764705,0.3970588235294118
P0A7R6,ESM-IF,3,Bacteria,Neutral,103,109.3075776699029,7.119163322448731,0.1396780910065942,0.145631067961165,0.1844660194174757,-0.2310679611650485,0.0194174757281553,44.814563106796115,0.058252427184466,0.3592233009708738,0.9902912621359224,-0.3883495145631068,0.4175624133148404,16.524967193603516,0.3009708737864077,0.16923076923076924,0.24615384615384617,0.03076923076923077,0.4153846153846154
P0A7R6,ESM-IF,4,Bacteria,Neutral,103,108.69585145631068,10.90323162078857,3.132357466126807,0.1262135922330097,0.1941747572815534,-0.1932038834951456,0.0097087378640776,46.3126213592233,0.058252427184466,0.3689320388349515,0.941747572815534,-0.3398058252427185,0.4281465931951368,16.163049697875977,0.3009708737864077,0.16176470588235295,0.25,0.04411764705882353,0.4117647058823529
P0A7R6,ESM-IF,5,Bacteria,Neutral,103,108.06260291262136,6.305399513244629,-0.963774710876674,0.0970873786407767,0.116504854368932,-0.2514563106796116,0.029126213592233,43.530097087378635,0.058252427184466,0.3495145631067961,0.9514563106796116,-0.3495145631067962,0.41277238403452,16.60431480407715,0.3009708737864077,0.1323529411764706,0.14705882352941177,-0.014705882352941176,0.27941176470588236
P0A7R6,ESM-IF,6,Bacteria,Neutral,103,110.25047475728157,7.121039009094238,0.1424785530798047,0.1553398058252427,0.1941747572815534,-0.2932038834951456,0.0194174757281553,45.3893203883495,0.058252427184466,0.3300970873786408,0.9805825242718448,-0.3786407766990292,0.4237394300031318,16.76607322692871,0.3009708737864077,0.19402985074626866,0.2537313432835821,0.014925373134328358,0.44776119402985076
P0A7R6,ESM-IF,7,Bacteria,Neutral,103,107.62673398058251,8.749794197082519,1.1340671669601754,0.1262135922330097,0.174757281553398,-0.0436893203883495,0.0194174757281553,46.72621359223301,0.058252427184466,0.3786407766990291,0.941747572815534,-0.3398058252427185,0.4192687833464532,16.40755271911621,0.3009708737864077,0.14705882352941177,0.22058823529411764,0.029411764705882353,0.36764705882352944
P60724,ESM-IF,0,Bacteria,Neutral,201,112.88697213930348,9.995129966735842,19.60620077999722,0.1243781094527363,0.2288557213930348,-0.5606965174129354,0.0497512437810945,18.975621890547252,0.0199004975124378,0.2238805970149253,0.835820895522388,-0.0398009950248756,0.1462003288279632,24.56520652770996,0.2985074626865671,0.15584415584415584,0.2792207792207792,0.11688311688311688,0.43506493506493504
P60724,ESM-IF,1,Bacteria,Neutral,201,111.86094427860696,10.12348651885986,19.60612380133932,0.1094527363184079,0.2139303482587064,-0.4079601990049751,0.0547263681592039,16.755223880597015,0.0248756218905472,0.2388059701492537,0.8258706467661692,-0.0099502487562189,0.1176573273980972,22.74551010131836,0.2985074626865671,0.13636363636363635,0.2662337662337662,0.12337662337662338,0.40259740259740256
P60724,ESM-IF,2,Bacteria,Neutral,201,113.04578109452736,9.993066978454593,17.61185648532658,0.1243781094527363,0.2189054726368159,-0.5298507462686567,0.0547263681592039,18.906467661691533,0.0248756218905472,0.2189054726368159,0.8009950248756219,0.0149253731343283,0.1750621890547263,22.28880500793457,0.2985074626865671,0.17142857142857143,0.2857142857142857,0.10714285714285714,0.45714285714285713
P60724,ESM-IF,3,Bacteria,Neutral,201,112.93630895522386,9.96695728302002,16.614545187358946,0.1243781094527363,0.2139303482587064,-0.4970149253731343,0.0547263681592039,19.870646766169145,0.0248756218905472,0.2238805970149254,0.8855721393034826,0.0099502487562189,0.1185199543408498,22.456296920776367,0.2985074626865671,0.1464968152866242,0.2611464968152866,0.10828025477707007,0.40764331210191085
P60724,ESM-IF,4,Bacteria,Neutral,201,113.74375323383084,10.018209648132324,17.61903535046552,0.1293532338308458,0.2238805970149253,-0.491044776119403,0.0547263681592039,28.32238805970148,0.0199004975124378,0.2189054726368159,0.8457711442786069,0.0298507462686567,0.1460199004975124,21.684083938598633,0.2985074626865671,0.17006802721088435,0.2857142857142857,0.10884353741496598,0.45578231292517
P60724,ESM-IF,5,Bacteria,Neutral,201,113.6341661691542,10.018209648132324,17.62072505149889,0.1293532338308457,0.2238805970149253,-0.5059701492537314,0.0547263681592039,26.27661691542287,0.0248756218905472,0.2189054726368159,0.8507462686567164,-0.044776119402985,0.1237973556342799,23.19713973999023,0.2985074626865671,0.1610738255033557,0.28187919463087246,0.11409395973154363,0.44295302013422816
P60724,ESM-IF,6,Bacteria,Neutral,201,113.29463233830845,9.876508140563963,13.627643277508945,0.1393034825870646,0.2139303482587064,-0.4805970149253731,0.0547263681592039,27.083084577114423,0.0199004975124378,0.2238805970149253,0.8805970149253731,0.0149253731343284,0.1435703427307905,19.747364044189453,0.2985074626865671,0.19148936170212766,0.2765957446808511,0.07801418439716312,0.46808510638297873
P60724,ESM-IF,7,Bacteria,Neutral,201,113.1403263681592,9.908935737609864,14.626654276409944,0.1393034825870646,0.2189054726368159,-0.5119402985074627,0.0497512437810945,30.57910447761193,0.0199004975124378,0.2238805970149253,0.8606965174129353,0.1144278606965173,0.1154814164471758,24.43688201904297,0.2985074626865671,0.18120805369127516,0.2751677852348993,0.087248322147651,0.4563758389261745
Q07938,ESM-IF,0,Eukaryota,Neutral,337,112.65278605341246,5.303043937683105,-11.478080546591322,0.1602373887240356,0.1483679525222551,-0.3332344213649852,0.0801186943620178,51.99557863501483,0.0682492581602373,0.2670623145400593,0.8486646884272997,-0.28486646884273,0.0428997603897237,25.92808723449707,0.2997032640949555,0.18815331010452963,0.16376306620209058,-0.05226480836236934,0.3519163763066202
Q07938,ESM-IF,1,Eukaryota,Neutral,337,111.64213204747772,5.044938087463378,-14.498288481789253,0.1483679525222551,0.1275964391691394,-0.2599406528189911,0.0830860534124629,45.567982195845694,0.0682492581602373,0.2937685459940652,0.8427299703264095,-0.2908011869436202,0.0380371078281255,25.801597595214844,0.2997032640949555,0.16447368421052633,0.13815789473684212,-0.05263157894736842,0.3026315789473685
Q07938,ESM-IF,2,Eukaryota,Neutral,337,111.9646777448071,6.250663566589356,-2.588692896691377,0.1483679525222551,0.1602373887240356,-0.3299703264094956,0.0830860534124629,45.84839762611276,0.0682492581602373,0.2640949554896142,0.8278931750741839,-0.2047477744807121,0.0567936904575979,26.952924728393555,0.2997032640949555,0.17391304347826086,0.18840579710144928,-0.010869565217391304,0.36231884057971014
Q07938,ESM-IF,3,Eukaryota,Neutral,337,111.63226973293769,5.546087455749511,-11.963496119805576,0.14540059347181,0.1483679525222552,-0.329080118694362,0.0801186943620178,49.033857566765576,0.0741839762611275,0.28486646884273,0.7774480712166172,-0.2908011869436202,0.047024135780302,26.33562469482422,0.2997032640949555,0.16838487972508592,0.16494845360824742,-0.05154639175257732,0.33333333333333337
Q07938,ESM-IF,4,Eukaryota,Neutral,337,112.73639732937686,5.682330513000489,-6.583361253118589,0.1543026706231454,0.1543026706231454,-0.3255192878338279,0.086053412462908,45.91753709198811,0.0682492581602373,0.2551928783382789,0.798219584569733,-0.2462908011869437,0.055717812721481,24.863204956054688,0.2997032640949555,0.18345323741007194,0.17625899280575538,-0.02877697841726619,0.3597122302158273
Q07938,ESM-IF,5,Eukaryota,Neutral,337,111.76351988130564,5.9737440109252935,-6.9740372677640465,0.1335311572700296,0.1513353115727003,-0.341246290801187,0.0801186943620178,50.79913946587536,0.0741839762611275,0.2878338278931751,0.7922848664688428,-0.2522255192878339,0.0455100842603024,26.89598846435547,0.2997032640949555,0.16176470588235295,0.17647058823529413,-0.03308823529411765,0.3382352941176471
Q07938,ESM-IF,6,Eukaryota,Neutral,337,112.85229792284866,5.704327201843263,-6.576273309000797,0.172106824925816,0.172106824925816,-0.5130563798219585,0.0830860534124629,44.40418397626112,0.0682492581602373,0.2462908011869436,0.8249258160237389,-0.3323442136498516,0.0556778660540506,27.610626220703125,0.2997032640949555,0.19377162629757785,0.19377162629757785,-0.02422145328719723,0.3875432525951557
Q07938,ESM-IF,7,Eukaryota,Neutral,337,113.2379412462908,5.187944984436034,-13.480382610545895,0.1661721068249258,0.1483679525222551,-0.3059347181008902,0.086053412462908,51.16234421364983,0.0682492581602373,0.2462908011869436,0.8753709198813057,-0.258160237388724,0.0551659023469112,26.248676300048828,0.2997032640949555,0.19310344827586207,0.16551724137931034,-0.05517241379310345,0.3586206896551724
B1X495,ESM-IF,0,Eukaryota,Top,103,107.87654466019416,4.379751396179199,-4.145823773671109,0.0679611650485436,0.0388349514563106,1.4640776699029123,0.116504854368932,15.619417475728158,0.0194174757281553,0.2912621359223301,0.970873786407767,0.8737864077669903,0.11152273888605,17.62204933166504,0.3009708737864077,0.09090909090909091,0.05194805194805195,-0.05194805194805195,0.14285714285714285
B1X495,ESM-IF,1,Eukaryota,Top,103,106.6904689320388,4.434203147888184,-4.143135071638743,0.0679611650485436,0.0388349514563106,1.415533980582524,0.0970873786407767,20.910679611650487,0.0194174757281553,0.3106796116504854,0.9320388349514565,0.8737864077669903,0.1354276173396821,17.331335067749023,0.3009708737864077,0.07792207792207792,0.05194805194805195,-0.03896103896103896,0.12987012987012986
B1X495,ESM-IF,2,Eukaryota,Top,103,108.5470504854369,4.629331398010254,-4.057081644324001,0.058252427184466,0.0388349514563106,1.4737864077669902,0.116504854368932,33.7088349514563,0.0194174757281553,0.3009708737864078,0.9514563106796116,0.9320388349514565,0.134759606999593,17.603076934814453,0.3009708737864077,0.06329113924050633,0.05063291139240506,-0.0379746835443038,0.11392405063291139
B1X495,ESM-IF,3,Eukaryota,Top,103,107.1668495145631,4.0500284194946286,-5.145935533711953,0.058252427184466,0.0194174757281553,1.5213592233009707,0.1067961165048543,21.01359223300971,0.0194174757281553,0.3106796116504854,0.9611650485436892,0.8446601941747574,0.1371124334481678,17.470760345458984,0.3009708737864077,0.0641025641025641,0.02564102564102564,-0.05128205128205128,0.08974358974358973
B1X495,ESM-IF,4,Eukaryota,Top,103,107.08935145631068,4.0500284194946286,-5.23310972196654,0.058252427184466,0.0097087378640776,1.5533980582524272,0.1067961165048543,15.55922330097087,0.0194174757281553,0.3106796116504854,0.941747572815534,0.8640776699029127,0.0857870444055387,18.070446014404297,0.3009708737864077,0.06741573033707865,0.011235955056179775,-0.056179775280898875,0.07865168539325842
B1X495,ESM-IF,5,Eukaryota,Top,103,106.74752621359222,4.4186292648315435,-4.062570808429577,0.0485436893203883,0.029126213592233,1.3398058252427183,0.1067961165048543,21.65339805825243,0.0194174757281553,0.3300970873786408,0.9514563106796116,0.8155339805825244,0.109426871280927,17.794544219970703,0.3009708737864077,0.05194805194805195,0.025974025974025976,-0.03896103896103896,0.07792207792207792
B1X495,ESM-IF,6,Eukaryota,Top,103,108.07971650485436,4.0500284194946286,-6.142126070739741,0.0679611650485436,0.0194174757281553,1.428155339805825,0.116504854368932,23.46805825242718,0.0194174757281553,0.3203883495145631,0.941747572815534,0.8640776699029127,0.1145480544893504,17.646120071411133,0.3009708737864077,0.07228915662650602,0.024096385542168676,-0.060240963855421686,0.0963855421686747
B1X495,ESM-IF,7,Eukaryota,Top,103,108.59535436893204,5.007708549499512,-2.14725283557559,0.058252427184466,0.0485436893203883,1.270873786407767,0.1067961165048543,26.28456310679611,0.0194174757281553,0.3009708737864077,0.9029126213592232,0.883495145631068,0.1030744336569579,16.622018814086914,0.3009708737864077,0.07142857142857142,0.05952380952380952,-0.023809523809523808,0.13095238095238093
A9CIG1,ESM-IF,0,Bacteria,Bottom,101,111.06222376237623,9.90764636993408,13.730346595972351,0.1386138613861386,0.2772277227722772,-0.700990099009901,0.0,39.917821782178216,0.0396039603960396,0.1881188118811881,0.9108910891089108,0.6930693069306931,0.135077793493635,14.76763153076172,0.297029702970297,0.19444444444444445,0.3472222222222222,0.1527777777777778,0.5416666666666666
A9CIG1,ESM-IF,1,Bacteria,Bottom,101,110.78320594059404,9.695674324035648,9.82431725029615,0.1485148514851485,0.2574257425742574,-0.600990099009901,0.0099009900990099,42.971287128712866,0.0396039603960396,0.2079207920792079,0.8712871287128713,0.396039603960396,0.1083646295664049,15.935751914978027,0.297029702970297,0.20270270270270271,0.32432432432432434,0.10810810810810811,0.5270270270270271
A9CIG1,ESM-IF,2,Bacteria,Bottom,101,112.56774851485147,9.608061790466309,9.739776982890984,0.1683168316831683,0.2673267326732673,-0.7683168316831682,0.0099009900990099,46.36831683168317,0.0396039603960396,0.1782178217821782,0.900990099009901,0.6039603960396039,0.1257890889760117,14.877057075500488,0.297029702970297,0.23943661971830985,0.323943661971831,0.08450704225352113,0.5633802816901409
A9CIG1,ESM-IF,3,Bacteria,Bottom,101,112.1120831683168,9.725781059265138,10.736834761076931,0.1485148514851485,0.2574257425742574,-0.6544554455445544,0.0099009900990099,46.563366336633656,0.0396039603960396,0.1881188118811881,0.8415841584158417,0.7029702970297029,0.1270209299410953,15.090228080749512,0.297029702970297,0.18055555555555555,0.3333333333333333,0.1527777777777778,0.5138888888888888
A9CIG1,ESM-IF,4,Bacteria,Bottom,101,111.3183603960396,9.609093284606931,7.829982955525523,0.1485148514851485,0.2376237623762376,-0.4544554455445544,0.0099009900990099,55.6039603960396,0.0396039603960396,0.2079207920792079,0.7524752475247525,0.4356435643564356,0.0900914518932809,20.516826629638672,0.297029702970297,0.16279069767441862,0.26744186046511625,0.09302325581395349,0.43023255813953487
A9CIG1,ESM-IF,5,Bacteria,Bottom,101,112.49726732673264,9.608061790466309,9.736397580824253,0.1683168316831683,0.2673267326732673,-0.8732673267326733,0.0198019801980198,54.27722772277228,0.0396039603960396,0.1782178217821782,0.7425742574257426,0.4059405940594058,0.0841584158415841,20.632312774658203,0.297029702970297,0.1839080459770115,0.2988505747126437,0.11494252873563218,0.4827586206896552
A9CIG1,ESM-IF,6,Bacteria,Bottom,101,111.81523762376236,9.830219841003416,12.817520784226938,0.1386138613861386,0.2772277227722772,-0.6554455445544555,0.0198019801980198,35.51683168316831,0.0396039603960396,0.1881188118811881,0.8316831683168316,0.6732673267326733,0.1378473331204088,15.247846603393556,0.297029702970297,0.1917808219178082,0.3561643835616438,0.1506849315068493,0.547945205479452
A9CIG1,ESM-IF,7,Bacteria,Bottom,101,115.8584514851485,9.667695045471191,10.744937846231924,0.1782178217821782,0.2871287128712871,-0.9683168316831684,0.0198019801980198,60.65544554455446,0.0396039603960396,0.1386138613861386,0.801980198019802,0.4851485148514851,0.0955110548648849,19.02406120300293,0.297029702970297,0.2,0.32941176470588235,0.12941176470588237,0.5294117647058824
Q6L047,ESM-IF,0,Archaea,Bottom,359,113.9968938718663,6.514169120788575,-1.1412887635534543,0.1532033426183844,0.1615598885793872,-0.2863509749303621,0.1002785515320334,28.551281337047353,0.0473537604456824,0.1894150417827298,0.8384401114206128,-0.2701949860724233,0.0817425229783717,25.09763526916504,0.3008356545961003,0.16927899686520376,0.18181818181818182,0.0,0.3510971786833856
Q6L047,ESM-IF,1,Archaea,Bottom,359,113.68795264623957,7.999897956848144,1.8475463672116064,0.1504178272980501,0.1671309192200557,-0.2565459610027855,0.1002785515320334,30.508662952646237,0.0473537604456824,0.192200557103064,0.8217270194986073,-0.1476323119777158,0.0539228797140117,24.008636474609375,0.3008356545961003,0.1718213058419244,0.19931271477663232,0.01718213058419244,0.3711340206185567
Q6L047,ESM-IF,2,Archaea,Bottom,359,113.94384902506962,6.511440849304199,-1.1431002245276645,0.1504178272980501,0.1587743732590529,-0.2779944289693593,0.1002785515320334,27.52565459610027,0.0473537604456824,0.192200557103064,0.7576601671309193,-0.1949860724233983,0.0524981257199978,23.234542846679688,0.3008356545961003,0.19924812030075187,0.20676691729323307,-0.0037593984962406013,0.40601503759398494
Q6L047,ESM-IF,3,Archaea,Bottom,359,113.42525961002784,6.508314704895019,-1.1478786887988832,0.1476323119777158,0.1559888579387186,-0.2587743732590529,0.0974930362116991,29.13011142061281,0.0473537604456824,0.192200557103064,0.8133704735376045,-0.2284122562674094,0.0445843930402486,26.51153564453125,0.3008356545961003,0.165625,0.16875,-0.00625,0.334375
Q6L047,ESM-IF,4,Archaea,Bottom,359,113.06343091922004,7.512830162048341,0.8447759048384,0.1476323119777158,0.1615598885793872,-0.2086350974930362,0.0974930362116991,24.134289693593317,0.0473537604456824,0.1949860724233983,0.7994428969359331,0.0250696378830083,0.0591681874939967,23.031728744506836,0.3008356545961003,0.19305019305019305,0.2084942084942085,0.003861003861003861,0.4015444015444015
Q6L047,ESM-IF,5,Archaea,Bottom,359,113.09344818941506,6.508201026916503,-1.148904808945069,0.1559888579387186,0.1643454038997214,-0.2785515320334262,0.0947075208913649,24.308384401114207,0.0501392757660167,0.1977715877437326,0.7465181058495822,-0.3286908077994429,0.03862367794747,26.907958984375,0.3008356545961003,0.16568047337278108,0.16863905325443787,-0.005917159763313609,0.334319526627219
Q6L047,ESM-IF,6,Archaea,Bottom,359,113.6010688022284,6.225711250305175,-2.146057227924672,0.1504178272980501,0.1559888579387186,-0.2621169916434541,0.0974930362116991,25.466044568245124,0.0473537604456824,0.1894150417827298,0.7938718662952646,-0.2534818941504178,0.0468097877568629,25.92001724243164,0.3008356545961003,0.17088607594936708,0.17405063291139242,-0.00949367088607595,0.3449367088607595
Q6L047,ESM-IF,7,Archaea,Bottom,359,113.34769860724234,7.999897956848144,1.8436451439985504,0.1448467966573816,0.1615598885793872,-0.2442896935933147,0.0974930362116991,27.534568245125342,0.0473537604456824,0.192200557103064,0.8022284122562675,-0.2061281337047354,0.0662788792397181,25.315921783447266,0.3008356545961003,0.16507936507936508,0.18412698412698414,0.006349206349206349,0.3492063492063492
A9A498,ESM-IF,0,Archaea,Neutral,287,107.34309163763064,5.571267127990722,-3.994150590074959,0.1393728222996515,0.1324041811846689,0.0324041811846689,0.0383275261324041,32.68432055749128,0.048780487804878,0.2857142857142857,0.867595818815331,0.2055749128919861,0.0761184804830504,18.900053024291992,0.2996515679442508,0.18497109826589594,0.20809248554913296,0.011560693641618497,0.3930635838150289
A9A498,ESM-IF,1,Archaea,Neutral,287,107.515112543554,6.33785457611084,-1.0002363563098058,0.1358885017421602,0.1393728222996515,0.0825783972125435,0.0418118466898954,27.698954703832744,0.048780487804878,0.2648083623693379,0.8745644599303135,0.2682926829268292,0.0933510048156788,17.933609008789062,0.2996515679442508,0.21621621621621623,0.25675675675675674,0.033783783783783786,0.47297297297297297
A9A498,ESM-IF,2,Archaea,Neutral,287,107.90552717770034,7.001506614685058,0.0016768648052476,0.1428571428571428,0.1498257839721254,-0.0257839721254355,0.0383275261324041,30.017421602787454,0.048780487804878,0.2613240418118467,0.8989547038327526,0.1881533101045295,0.1220547654425811,17.33922004699707,0.2996515679442508,0.24031007751937986,0.29457364341085274,0.03875968992248062,0.5348837209302326
A9A498,ESM-IF,3,Archaea,Neutral,287,107.4167038327526,6.337968254089356,-0.9992573551107996,0.1358885017421602,0.1393728222996515,0.013588850174216,0.0383275261324041,30.27909407665504,0.048780487804878,0.2752613240418118,0.9094076655052266,0.0871080139372822,0.0924275873074979,18.81031608581543,0.2996515679442508,0.19883040935672514,0.21052631578947367,0.0,0.4093567251461988
A9A498,ESM-IF,4,Archaea,Neutral,287,106.97749233449476,5.751048851013183,-2.9980048343301107,0.1428571428571428,0.1393728222996516,0.0637630662020905,0.0383275261324041,29.08188153310104,0.048780487804878,0.2787456445993031,0.8466898954703833,0.1358885017421602,0.1017059318692793,17.944927215576172,0.2996515679442508,0.2361111111111111,0.2569444444444444,0.006944444444444444,0.4930555555555555
A9A498,ESM-IF,5,Archaea,Neutral,287,106.63193763066202,5.737350654602051,-3.0009270563441603,0.1358885017421602,0.1324041811846689,0.0766550522648083,0.0383275261324041,28.36864111498256,0.048780487804878,0.2857142857142857,0.8780487804878049,0.1463414634146341,0.0727162551128616,20.615629196166992,0.2996515679442508,0.19021739130434784,0.1956521739130435,-0.005434782608695652,0.38586956521739135
A9A498,ESM-IF,6,Archaea,Neutral,287,108.05550243902438,6.345925712585449,-0.9963251331967556,0.1428571428571428,0.1463414634146341,0.0160278745644599,0.0418118466898954,31.380487804878044,0.048780487804878,0.2613240418118467,0.9163763066202092,0.2195121951219512,0.1017650082824013,17.845603942871094,0.2996515679442508,0.22972972972972974,0.27702702702702703,0.04054054054054054,0.5067567567567568
A9A498,ESM-IF,7,Archaea,Neutral,287,107.59878188153309,7.967341423034668,1.0824624504211613,0.1254355400696864,0.1393728222996515,0.1132404181184669,0.0383275261324041,28.61045296167247,0.048780487804878,0.2752613240418118,0.8292682926829269,0.0905923344947735,0.0844026835910844,18.277118682861328,0.2996515679442508,0.18055555555555555,0.24305555555555555,0.041666666666666664,0.4236111111111111
A0A1D8PCG7,ESM-IF,0,Eukaryota,Bottom,87,106.78399655172412,4.334507560729982,-9.217911459786844,0.1954022988505747,0.0919540229885057,-0.2482758620689655,0.057471264367816,19.31954022988506,0.0114942528735632,0.2873563218390804,0.7586206896551724,-0.3448275862068966,0.1880755528668414,12.656600952148438,0.2988505747126437,0.24193548387096775,0.12903225806451613,-0.11290322580645161,0.3709677419354839
A0A1D8PCG7,ESM-IF,1,Eukaryota,Bottom,87,108.48645747126436,4.263515663146973,-10.222046342970891,0.2183908045977011,0.1034482758620689,-0.4701149425287356,0.057471264367816,24.455172413793097,0.0114942528735632,0.264367816091954,0.8735632183908046,-0.3218390804597701,0.2636669470142977,12.549402236938477,0.2988505747126437,0.29508196721311475,0.14754098360655737,-0.14754098360655737,0.4426229508196721
A0A1D8PCG7,ESM-IF,2,Eukaryota,Bottom,87,107.18626896551724,4.1183488845825185,-12.214670936908153,0.2183908045977011,0.0804597701149425,-0.1758620689655172,0.0689655172413793,29.582758620689656,0.0114942528735632,0.2873563218390804,0.7471264367816093,-0.2873563218390805,0.2014275120504264,13.259936332702637,0.2988505747126437,0.2714285714285714,0.1,-0.17142857142857143,0.37142857142857144
A0A1D8PCG7,ESM-IF,3,Eukaryota,Bottom,87,109.02628735632184,4.0500284194946286,-15.210617954054255,0.2528735632183908,0.0804597701149425,-0.3528735632183908,0.0689655172413793,32.444827586206884,0.0114942528735632,0.2413793103448275,0.7816091954022988,-0.2068965517241379,0.1150433555152248,15.059725761413574,0.2988505747126437,0.26582278481012656,0.08860759493670886,-0.17721518987341772,0.35443037974683544
A0A1D8PCG7,ESM-IF,4,Eukaryota,Bottom,87,105.4379816091954,4.248567008972168,-10.217491398781366,0.2068965517241379,0.0919540229885057,-0.0919540229885057,0.057471264367816,17.32528735632184,0.0114942528735632,0.2988505747126436,0.8275862068965517,-0.528735632183908,0.1395016777325622,12.716463088989258,0.2988505747126437,0.2222222222222222,0.12698412698412698,-0.09523809523809523,0.3492063492063492
A0A1D8PCG7,ESM-IF,5,Eukaryota,Bottom,87,107.70294827586206,4.0500284194946286,-15.212429415028463,0.2413793103448276,0.0689655172413793,-0.2310344827586207,0.0689655172413793,28.291954022988502,0.0114942528735632,0.264367816091954,0.7011494252873564,-0.1724137931034483,0.137579169598874,13.61943244934082,0.2988505747126437,0.2597402597402597,0.07792207792207792,-0.18181818181818182,0.33766233766233766
A0A1D8PCG7,ESM-IF,6,Eukaryota,Bottom,87,106.4713264367816,4.0500284194946286,-14.213428416027464,0.2413793103448276,0.0804597701149425,-0.3793103448275862,0.0459770114942528,18.97011494252874,0.0114942528735632,0.2873563218390804,0.7931034482758621,-0.2413793103448276,0.1571130019405881,12.381876945495604,0.2988505747126437,0.29508196721311475,0.11475409836065574,-0.18032786885245902,0.4098360655737705
A0A1D8PCG7,ESM-IF,7,Eukaryota,Bottom,87,108.21191149425286,4.6700849533081055,-5.230524145617066,0.1954022988505747,0.1379310344827586,-0.542528735632184,0.0459770114942528,23.594252873563217,0.0114942528735632,0.264367816091954,0.7816091954022989,-0.4137931034482759,0.2340717058689198,12.799015045166016,0.2988505747126437,0.18032786885245902,0.18032786885245902,0.0,0.36065573770491804
O28542,ESM-IF,0,Archaea,Top,340,109.85954352941177,6.9874673843383786,-0.0157412981841531,0.15,0.1558823529411764,0.0105882352941176,0.0676470588235294,32.78882352941176,0.0470588235294117,0.2441176470588235,0.888235294117647,-0.1176470588235293,0.094511968825385,23.001909255981445,0.3,0.2191780821917808,0.2237442922374429,0.0,0.4429223744292237
O28542,ESM-IF,1,Archaea,Top,340,109.88025235294116,8.425776100158693,2.974608350945722,0.1470588235294117,0.1617647058823529,-0.0547058823529411,0.0647058823529411,34.950588235294106,0.0470588235294117,0.2529411764705882,0.861764705882353,0.0088235294117647,0.0847371373617567,22.27389907836914,0.3,0.2192513368983957,0.26737967914438504,0.0374331550802139,0.48663101604278075
O28542,ESM-IF,2,Archaea,Top,340,109.5710011764706,8.19800930023193,1.9863408018189332,0.15,0.1617647058823529,-0.0399999999999999,0.0647058823529411,33.28823529411764,0.0470588235294117,0.2558823529411764,0.9117647058823528,0.0411764705882352,0.0798477881718725,20.98960304260254,0.3,0.2569832402234637,0.27932960893854747,0.0111731843575419,0.5363128491620112
O28542,ESM-IF,3,Archaea,Top,340,110.13313823529413,6.985591697692871,-0.0187717241088591,0.1529411764705882,0.1588235294117647,-0.0423529411764705,0.0676470588235294,38.69735294117647,0.0470588235294117,0.238235294117647,0.9235294117647058,-0.1058823529411764,0.0714705882352941,22.679702758789062,0.3,0.21585903083700442,0.21585903083700442,-0.00881057268722467,0.43171806167400884
O28542,ESM-IF,4,Archaea,Top,340,109.53826470588236,8.19800930023193,1.985220040879092,0.1470588235294117,0.1588235294117647,-0.0520588235294117,0.0676470588235294,30.95617647058823,0.0470588235294117,0.2588235294117647,0.861764705882353,-0.0499999999999999,0.0858687183482664,22.612199783325195,0.3,0.22119815668202766,0.22580645161290322,-0.004608294930875576,0.4470046082949309
O28542,ESM-IF,5,Archaea,Top,340,109.92407176470589,6.988661003112793,-0.0143598981154156,0.15,0.1558823529411764,-0.0505882352941176,0.0647058823529411,35.916470588235285,0.0470588235294117,0.25,0.8941176470588236,0.0647058823529411,0.0803951232535374,22.24098777770996,0.3,0.215,0.245,0.02,0.45999999999999996
O28542,ESM-IF,6,Archaea,Top,340,109.51415323529412,5.2733171463012685,-7.9997479651779955,0.1558823529411764,0.138235294117647,0.0261764705882353,0.0676470588235294,37.13705882352941,0.0470588235294117,0.2588235294117647,0.9205882352941176,-0.1205882352941176,0.0588856271875352,24.234289169311523,0.3,0.22033898305084745,0.1864406779661017,-0.0423728813559322,0.4067796610169492
O28542,ESM-IF,7,Archaea,Top,340,109.48855882352942,6.98718318939209,-0.0159848180658457,0.1441176470588235,0.15,0.04,0.0647058823529411,32.77147058823529,0.0470588235294117,0.2558823529411764,0.923529411764706,-0.0411764705882353,0.0713058606067195,23.351659774780273,0.3,0.20909090909090908,0.20454545454545456,-0.013636363636363636,0.41363636363636364
Q8TY15,ESM-IF,0,Archaea,Top,361,110.7039218836565,5.344195365905762,-11.703065160485217,0.1634349030470914,0.1523545706371191,-0.1509695290858725,0.0609418282548476,43.60664819944597,0.0720221606648199,0.2437673130193905,0.8393351800554016,-0.296398891966759,0.060830417234272,24.71382713317871,0.299168975069252,0.20463320463320464,0.20463320463320464,-0.02702702702702703,0.4092664092664093
Q8TY15,ESM-IF,1,Archaea,Top,361,111.13957728531857,5.190275382995604,-12.879715600948993,0.1689750692520776,0.149584487534626,-0.1360110803324099,0.0609418282548476,49.28005540166203,0.0720221606648199,0.2382271468144044,0.8587257617728532,-0.4376731301939058,0.0682851081014976,25.88896369934082,0.299168975069252,0.2007168458781362,0.1827956989247312,-0.03942652329749104,0.3835125448028674
Q8TY15,ESM-IF,2,Archaea,Top,361,111.403124099723,5.881608009338378,-5.710537545005849,0.1551246537396122,0.1606648199445983,-0.1756232686980609,0.0609418282548476,43.1337950138504,0.0720221606648199,0.2354570637119113,0.8587257617728532,-0.3157894736842105,0.0708808864265928,24.04260635375977,0.299168975069252,0.1970260223048327,0.21189591078066913,-0.01486988847583643,0.40892193308550184
Q8TY15,ESM-IF,3,Archaea,Top,361,110.76977617728532,4.993782997131347,-18.692494012826735,0.1745152354570637,0.1440443213296399,-0.228808864265928,0.0581717451523545,45.110803324099706,0.0720221606648199,0.2465373961218836,0.8670360110803323,-0.3185595567867036,0.060854198209426,23.57992172241211,0.299168975069252,0.22568093385214008,0.17898832684824903,-0.07003891050583658,0.4046692607003891
Q8TY15,ESM-IF,4,Archaea,Top,361,110.7224301939058,5.023225593566894,-18.608699226638883,0.1745152354570637,0.1468144044321329,-0.2146814404432133,0.0609418282548476,40.9349030470914,0.0720221606648199,0.2465373961218836,0.8698060941828254,-0.4432132963988919,0.0835317311771605,26.32044982910156,0.299168975069252,0.2222222222222222,0.1984126984126984,-0.05555555555555555,0.4206349206349206
Q8TY15,ESM-IF,5,Archaea,Top,361,110.61499418282548,5.028852653503418,-16.784598424993384,0.1689750692520776,0.1412742382271468,-0.1285318559556786,0.0609418282548476,46.82243767313018,0.0720221606648199,0.2493074792243767,0.8393351800554016,-0.2797783933518005,0.0613536736040981,25.1119441986084,0.299168975069252,0.19649122807017544,0.17543859649122806,-0.0456140350877193,0.3719298245614035
Q8TY15,ESM-IF,6,Archaea,Top,361,110.59306094182824,5.331406593322753,-12.61389297023264,0.1634349030470914,0.1523545706371191,-0.1296398891966759,0.0581717451523545,43.29778393351799,0.0720221606648199,0.2437673130193905,0.8227146814404431,-0.3684210526315789,0.0718990458602647,25.741775512695312,0.299168975069252,0.19649122807017544,0.18947368421052632,-0.03859649122807018,0.38596491228070173
Q8TY15,ESM-IF,7,Archaea,Top,361,110.98363047091412,5.213579368591308,-13.692734109480732,0.1662049861495845,0.149584487534626,-0.2069252077562327,0.0609418282548476,44.58393351800553,0.0720221606648199,0.2465373961218836,0.8060941828254847,-0.2963988919667589,0.0617455567462644,24.12743377685547,0.299168975069252,0.20233463035019456,0.20233463035019456,-0.0311284046692607,0.4046692607003891
B1YC30,ESM-IF,0,Archaea,Neutral,262,117.052977480916,5.2602441787719725,-8.029223347019226,0.2099236641221374,0.1870229007633587,-0.4045801526717557,0.0648854961832061,50.22099236641221,0.049618320610687,0.1679389312977099,0.8473282442748091,-0.1526717557251908,0.1123781075656283,22.20006561279297,0.3015267175572519,0.2620320855614973,0.24598930481283424,-0.026737967914438502,0.5080213903743316
B1YC30,ESM-IF,1,Archaea,Neutral,262,116.23199580152672,5.335953712463378,-7.944845647729984,0.2061068702290076,0.1870229007633587,-0.3614503816793893,0.0648854961832061,49.78015267175571,0.049618320610687,0.1679389312977099,0.8931297709923665,-0.1297709923664121,0.1036467650236446,23.2807559967041,0.3015267175572519,0.2512315270935961,0.23645320197044334,-0.029556650246305417,0.4876847290640394
B1YC30,ESM-IF,2,Archaea,Neutral,262,115.51255229007631,4.822527122497559,-17.020973846137665,0.2175572519083969,0.1603053435114504,-0.2908396946564885,0.0648854961832061,45.67561068702289,0.049618320610687,0.1793893129770992,0.900763358778626,-0.2137404580152672,0.0965905846071843,23.779949188232425,0.3015267175572519,0.25112107623318386,0.18834080717488788,-0.07174887892376682,0.43946188340807174
B1YC30,ESM-IF,3,Archaea,Neutral,262,113.89822748091602,5.251945686340331,-8.05642178091199,0.1984732824427481,0.1755725190839694,-0.3015267175572519,0.0687022900763358,39.6091603053435,0.049618320610687,0.183206106870229,0.866412213740458,-0.1412213740458014,0.1220785337231892,23.707040786743164,0.3015267175572519,0.22380952380952382,0.20952380952380953,-0.023809523809523808,0.43333333333333335
B1YC30,ESM-IF,4,Archaea,Neutral,262,116.2539030534351,4.9900316238403315,-13.026659551167036,0.2175572519083969,0.1755725190839694,-0.4026717557251908,0.0687022900763358,46.93057251908396,0.049618320610687,0.1755725190839694,0.8587786259541985,-0.1030534351145038,0.1119565396600333,22.691802978515625,0.3015267175572519,0.26262626262626265,0.2222222222222222,-0.050505050505050504,0.48484848484848486
B1YC30,ESM-IF,5,Archaea,Neutral,262,113.3739603053435,4.950130653381346,-13.05555165920103,0.2061068702290076,0.1641221374045801,-0.2809160305343511,0.0687022900763358,38.63015267175573,0.049618320610687,0.1870229007633587,0.8473282442748091,-0.183206106870229,0.1925010223555071,21.56093978881836,0.3015267175572519,0.2553191489361702,0.2127659574468085,-0.05319148936170213,0.46808510638297873
B1YC30,ESM-IF,6,Archaea,Neutral,262,116.57095839694657,5.036128044128417,-13.84113152383997,0.2137404580152671,0.1755725190839694,-0.3297709923664122,0.0610687022900763,51.572900763358774,0.049618320610687,0.1717557251908397,0.9045801526717556,-0.1717557251908396,0.1226759705896127,21.279523849487305,0.3015267175572519,0.2768361581920904,0.2542372881355932,-0.04519774011299435,0.5310734463276836
B1YC30,ESM-IF,7,Archaea,Neutral,262,113.25938320610686,5.108995628356933,-10.057681421039874,0.2022900763358778,0.1717557251908396,-0.3236641221374046,0.0687022900763358,38.1354961832061,0.049618320610687,0.1946564885496183,0.8053435114503817,-0.1335877862595419,0.0987226590013515,24.30092430114746,0.3015267175572519,0.2350230414746544,0.2073732718894009,-0.03686635944700461,0.44239631336405527
P80505,ESM-IF,0,Bacteria,Bottom,337,109.11583145400591,5.08984088897705,-13.810771307962902,0.1602373887240356,0.1394658753709198,-0.1415430267062314,0.0712166172106824,22.422255192878332,0.0326409495548961,0.2908011869436201,0.8397626112759644,-0.3946587537091988,0.0819890297635104,24.50730323791504,0.2997032640949555,0.21138211382113822,0.17886178861788618,-0.056910569105691054,0.3902439024390244
P80505,ESM-IF,1,Bacteria,Bottom,337,107.91126290801188,6.2053628921508786,-2.8549352406935995,0.1394658753709198,0.1513353115727003,-0.073887240356083,0.0712166172106824,10.747774480712154,0.029673590504451,0.2937685459940652,0.71513353115727,-0.3649851632047478,0.1019225778790716,23.76287269592285,0.2997032640949555,0.16796875,0.1953125,0.00390625,0.36328125
P80505,ESM-IF,2,Bacteria,Bottom,337,109.25811127596438,5.183795738220213,-13.637966091063312,0.1572700296735905,0.142433234421365,-0.1207715133531157,0.0741839762611275,21.611275964391684,0.0326409495548961,0.2967359050445103,0.8189910979228487,-0.3738872403560831,0.0809264754368612,25.880760192871097,0.2997032640949555,0.1897810218978102,0.17518248175182483,-0.04744525547445255,0.36496350364963503
P80505,ESM-IF,3,Bacteria,Bottom,337,109.5910290801187,4.962635231018066,-16.814238914140283,0.1691394658753709,0.1394658753709198,-0.1750741839762611,0.0741839762611275,22.701483679525214,0.0326409495548961,0.2937685459940652,0.8308605341246291,-0.2729970326409495,0.0844902501059771,25.07172584533691,0.2997032640949555,0.22270742358078602,0.18777292576419213,-0.056768558951965066,0.4104803493449781
P80505,ESM-IF,4,Bacteria,Bottom,337,109.21415222551929,4.807919502258301,-17.987814147396406,0.1661721068249258,0.1275964391691394,-0.0495548961424332,0.0712166172106824,22.451632047477737,0.0326409495548961,0.2908011869436201,0.8249258160237389,-0.2195845697329377,0.0923081398731599,22.778884887695312,0.2997032640949555,0.22127659574468084,0.16595744680851063,-0.07234042553191489,0.3872340425531915
P80505,ESM-IF,5,Bacteria,Bottom,337,109.34416083086052,4.940809059143065,-17.720635877303266,0.1661721068249258,0.1364985163204747,-0.1133531157270029,0.0682492581602373,23.16231454005934,0.0326409495548961,0.3026706231454005,0.8338278931750742,-0.2047477744807122,0.1022902660110762,24.327741622924805,0.2997032640949555,0.24311926605504589,0.17889908256880735,-0.0871559633027523,0.42201834862385323
P80505,ESM-IF,6,Bacteria,Bottom,337,108.6483056379822,6.038142585754394,-3.029425376943621,0.1364985163204747,0.1424332344213649,-0.0412462908011869,0.0771513353115727,15.59881305637981,0.0326409495548961,0.28486646884273,0.8011869436201781,-0.3382789317507418,0.1099281146821582,21.58036422729492,0.2997032640949555,0.19718309859154928,0.19718309859154928,-0.018779342723004695,0.39436619718309857
P80505,ESM-IF,7,Bacteria,Bottom,337,109.21719139465876,4.922677421569824,-14.9879301464453,0.1572700296735905,0.1275964391691394,-0.0557863501483679,0.0771513353115727,19.37240356083085,0.0326409495548961,0.2908011869436201,0.8219584569732938,-0.4777448071216617,0.0801267142513433,25.917896270751953,0.2997032640949555,0.1872791519434629,0.14840989399293286,-0.05653710247349823,0.33568904593639576
Q9N2D5,ESM-IF,0,Eukaryota,Neutral,333,107.5060807807808,5.772590827941894,-5.8602637574650345,0.1501501501501501,0.1531531531531531,-0.1648648648648648,0.072072072072072,19.414114114114103,0.03003003003003,0.2942942942942943,0.8378378378378378,-0.0210210210210209,0.0775507949420992,24.54637908935547,0.3003003003003003,0.21076233183856502,0.21973094170403587,-0.017937219730941704,0.4304932735426009
Q9N2D5,ESM-IF,1,Eukaryota,Neutral,333,107.13342132132134,5.907526588439941,-4.860263757465042,0.1501501501501501,0.1561561561561561,-0.1618618618618618,0.066066066066066,17.494894894894884,0.03003003003003,0.2972972972972973,0.8708708708708709,-0.1081081081081081,0.0837648459270081,24.669893264770508,0.3003003003003003,0.2009132420091324,0.228310502283105,0.0,0.4292237442922374
Q9N2D5,ESM-IF,2,Eukaryota,Neutral,333,107.3861723723724,6.152616310119628,-2.9502684074928283,0.1471471471471471,0.1561561561561561,-0.1678678678678678,0.066066066066066,14.44354354354353,0.03003003003003,0.2972972972972973,0.8378378378378378,-0.0930930930930931,0.0719980543924205,25.472665786743164,0.3003003003003003,0.18614718614718614,0.2077922077922078,0.004329004329004329,0.3939393939393939
Q9N2D5,ESM-IF,3,Eukaryota,Neutral,333,107.49074294294294,5.29434757232666,-10.848835368548414,0.1591591591591591,0.1471471471471471,-0.1531531531531531,0.069069069069069,18.673573573573567,0.027027027027027,0.2912912912912913,0.8858858858858858,-0.081081081081081,0.0782673644683866,24.1986141204834,0.3003003003003003,0.21962616822429906,0.21495327102803738,-0.028037383177570093,0.43457943925233644
Q9N2D5,ESM-IF,4,Eukaryota,Neutral,333,107.2148018018018,6.22457447052002,-2.8704382671457296,0.1441441441441441,0.1561561561561561,-0.1441441441441441,0.069069069069069,18.85285285285284,0.036036036036036,0.2972972972972973,0.8048048048048048,-0.3723723723723723,0.1186775010304422,20.718883514404297,0.3003003003003003,0.19369369369369369,0.21621621621621623,0.0,0.40990990990990994
Q9N2D5,ESM-IF,5,Eukaryota,Neutral,333,106.70074654654655,5.976585960388183,-3.9466924645023127,0.1441441441441441,0.1501501501501501,-0.0903903903903903,0.069069069069069,15.848348348348338,0.03003003003003,0.3093093093093093,0.7957957957957957,-0.1651651651651651,0.0774215870227687,23.31855201721191,0.3003003003003003,0.18181818181818182,0.22966507177033493,0.023923444976076555,0.4114832535885168
Q9N2D5,ESM-IF,6,Eukaryota,Neutral,333,107.00757207207208,6.426125526428222,-1.8656140423825676,0.1411411411411411,0.1561561561561561,-0.1219219219219219,0.072072072072072,14.455855855855846,0.033033033033033,0.3003003003003003,0.8828828828828829,-0.1321321321321321,0.0786694515744795,23.079029083251953,0.3003003003003003,0.19487179487179487,0.24615384615384617,0.02564102564102564,0.441025641025641
Q9N2D5,ESM-IF,7,Eukaryota,Neutral,333,107.03125975975976,5.727346992492676,-6.774068570409447,0.1501501501501501,0.1531531531531531,-0.1186186186186186,0.069069069069069,15.211111111111098,0.03003003003003,0.2972972972972973,0.8468468468468469,-0.2222222222222222,0.0784952965889961,23.175817489624023,0.3003003003003003,0.19469026548672566,0.19911504424778761,-0.022123893805309734,0.3938053097345133
Q6DIY2,ESM-IF,0,Eukaryota,Bottom,179,116.52682681564244,5.837273597717284,-5.421829770768355,0.1675977653631284,0.1843575418994413,-0.6189944134078212,0.1117318435754189,22.64413407821227,0.0558659217877094,0.2122905027932961,0.7988826815642458,-0.0949720670391061,0.2099667351063999,16.41303062438965,0.3016759776536313,0.22935779816513763,0.22018348623853212,-0.06422018348623854,0.44954128440366975
Q6DIY2,ESM-IF,1,Eukaryota,Bottom,179,115.98950782122904,5.42712345123291,-8.420689010028507,0.1731843575418994,0.1731843575418994,-0.5921787709497207,0.1117318435754189,20.44078212290501,0.0558659217877094,0.217877094972067,0.8994413407821229,-0.2960893854748603,0.2124678549259555,17.2796630859375,0.3016759776536313,0.21311475409836064,0.22131147540983606,-0.04918032786885246,0.4344262295081967
Q6DIY2,ESM-IF,2,Eukaryota,Bottom,179,117.08600446927376,5.8462541580200185,-5.41932760975978,0.1731843575418994,0.1899441340782123,-0.6770949720670392,0.1117318435754189,20.4486033519553,0.0558659217877094,0.2067039106145251,0.8212290502793296,-0.2960893854748603,0.1482351447435246,17.822416305541992,0.3016759776536313,0.1968503937007874,0.23622047244094488,-0.023622047244094488,0.4330708661417323
Q6DIY2,ESM-IF,3,Eukaryota,Bottom,179,117.68904525139664,5.368579292297363,-9.409653702959467,0.2011173184357542,0.1955307262569832,-0.8435754189944135,0.1117318435754189,25.21843575418993,0.0558659217877094,0.1955307262569832,0.8994413407821229,-0.1955307262569832,0.1925640531689462,16.538028717041016,0.3016759776536313,0.2777777777777778,0.25,-0.08333333333333333,0.5277777777777778
Q6DIY2,ESM-IF,4,Eukaryota,Bottom,179,117.09105195530728,5.5191457748413075,-9.23648306624803,0.1787709497206704,0.1843575418994413,-0.629608938547486,0.1117318435754189,21.277094972067022,0.0558659217877094,0.2067039106145251,0.8491620111731844,-0.2346368715083799,0.1928469711907109,16.488317489624023,0.3016759776536313,0.22580645161290322,0.22580645161290322,-0.07258064516129033,0.45161290322580644
Q6DIY2,ESM-IF,5,Eukaryota,Bottom,179,116.68354916201118,5.842957496643066,-5.419019308795143,0.1731843575418994,0.1899441340782123,-0.6385474860335195,0.1117318435754189,23.324581005586577,0.0558659217877094,0.2122905027932961,0.8826815642458101,-0.1787709497206704,0.1761568462106039,17.495182037353516,0.3016759776536313,0.21311475409836064,0.23770491803278687,-0.03278688524590164,0.4508196721311475
Q6DIY2,ESM-IF,6,Eukaryota,Bottom,179,116.64365139664804,5.535572242736816,-8.327168416410196,0.1731843575418994,0.1787709497206703,-0.5899441340782123,0.1117318435754189,21.901675977653618,0.0558659217877094,0.217877094972067,0.888268156424581,-0.1620111731843575,0.1854235347533411,16.718338012695312,0.3016759776536313,0.2184873949579832,0.226890756302521,-0.058823529411764705,0.4453781512605042
Q6DIY2,ESM-IF,7,Eukaryota,Bottom,179,116.91311117318436,5.8462541580200185,-5.417319607861778,0.1731843575418994,0.1899441340782122,-0.6312849162011173,0.1117318435754189,21.106145251396633,0.0558659217877094,0.2011173184357542,0.9217877094972068,-0.2513966480446927,0.221388667198723,18.191648483276367,0.3016759776536313,0.208,0.224,-0.04,0.432
G0HQ35,ESM-IF,0,Archaea,Bottom,358,105.99175893854748,5.405297279357909,-15.633368276029184,0.1229050279329608,0.1256983240223463,0.0050279329608938,0.0782122905027933,32.6240502793296,0.0502793296089385,0.3715083798882682,0.7486033519553073,-0.3296089385474861,0.0569586837743262,25.877363204956055,0.3016759776536313,0.13945578231292516,0.14965986394557823,-0.047619047619047616,0.2891156462585034
G0HQ35,ESM-IF,1,Archaea,Bottom,358,105.94984301675976,5.429851722717284,-14.693954017916536,0.1256983240223463,0.1284916201117318,-0.0318435754189944,0.0726256983240223,26.972067039106147,0.053072625698324,0.3798882681564246,0.7681564245810056,-0.4162011173184358,0.0387345599917995,26.683534622192383,0.3016759776536313,0.13291139240506328,0.13924050632911392,-0.04113924050632911,0.2721518987341772
G0HQ35,ESM-IF,2,Archaea,Bottom,358,106.32102290502792,4.812750816345214,-22.034552467462845,0.1396648044692737,0.1117318435754189,-0.0888268156424581,0.0837988826815642,31.686899441340778,0.0502793296089385,0.3798882681564245,0.8463687150837989,-0.2988826815642458,0.0355742372152986,25.60362434387207,0.3016759776536313,0.15161290322580645,0.12903225806451613,-0.06451612903225806,0.2806451612903226
G0HQ35,ESM-IF,3,Archaea,Bottom,358,109.48493938547486,4.484505653381347,-41.71436618340486,0.1955307262569832,0.1201117318435754,-0.3513966480446928,0.0782122905027933,37.548603351955315,0.0502793296089385,0.3212290502793296,0.7346368715083799,-0.4608938547486033,0.0651072347002115,25.526784896850582,0.3016759776536313,0.22185430463576158,0.1423841059602649,-0.13245033112582782,0.36423841059602646
G0HQ35,ESM-IF,4,Archaea,Bottom,358,108.03943547486035,4.546687507629395,-36.655059512127224,0.1759776536312849,0.1173184357541899,-0.2877094972067039,0.0782122905027933,31.162877094972067,0.0502793296089385,0.3463687150837988,0.7653631284916201,-0.2960893854748604,0.0386835696891562,26.32478141784668,0.3016759776536313,0.19375,0.13125,-0.115625,0.325
G0HQ35,ESM-IF,5,Archaea,Bottom,358,104.67738379888269,5.431727409362792,-12.885620008653405,0.1117318435754189,0.1145251396648044,0.0502793296089385,0.0810055865921787,30.426005586592176,0.0502793296089385,0.4050279329608938,0.8296089385474861,-0.2206703910614525,0.0373783332373437,26.41844940185547,0.3016759776536313,0.11782477341389729,0.12386706948640483,-0.03927492447129909,0.2416918429003021
G0HQ35,ESM-IF,6,Archaea,Bottom,358,105.75970558659218,5.543529701232909,-11.87282255723229,0.1229050279329608,0.1284916201117318,-0.0128491620111731,0.0782122905027933,27.16256983240223,0.0502793296089385,0.388268156424581,0.8240223463687151,-0.0307262569832402,0.0365144272303173,25.676794052124023,0.3016759776536313,0.13099041533546327,0.14696485623003194,-0.03194888178913738,0.2779552715654952
G0HQ35,ESM-IF,7,Archaea,Bottom,358,109.15480167597764,4.394188499450684,-42.81250869997057,0.1899441340782123,0.1089385474860335,-0.3111731843575419,0.0865921787709497,32.82793296089387,0.0502793296089385,0.3324022346368714,0.7067039106145251,-0.4888268156424581,0.0534000694982759,24.53017807006836,0.3016759776536313,0.2090032154340836,0.12218649517684887,-0.13183279742765272,0.3311897106109325
Q8DLT5,ESM-IF,0,Bacteria,Neutral,449,103.90032138084634,5.53415126800537,-12.266606613873762,0.1224944320712694,0.1247216035634743,0.121826280623608,0.0334075723830735,26.856570155902,0.0467706013363029,0.3674832962138085,0.8530066815144766,-0.3273942093541202,0.0444667959863016,32.44442367553711,0.3006681514476614,0.16887417218543047,0.16887417218543047,-0.039735099337748346,0.33774834437086093
Q8DLT5,ESM-IF,1,Bacteria,Neutral,449,103.6553692650334,5.966184425354004,-6.448845098244796,0.1113585746102449,0.1224944320712694,0.1305122494432071,0.0378619153674833,26.603118040089083,0.0467706013363029,0.3697104677060133,0.8307349665924275,-0.2739420935412026,0.0434195011963289,27.176172256469727,0.3006681514476614,0.1540983606557377,0.16065573770491803,-0.019672131147540985,0.3147540983606557
Q8DLT5,ESM-IF,2,Bacteria,Neutral,449,103.40563719376392,5.692788887023925,-10.27222753782018,0.1180400890868596,0.1247216035634743,0.1968819599109131,0.0356347438752783,27.315812917594645,0.0467706013363029,0.3741648106904232,0.8819599109131402,-0.3741648106904231,0.0489448499415643,26.942834854125977,0.3006681514476614,0.17301038062283736,0.17993079584775087,-0.031141868512110725,0.3529411764705882
Q8DLT5,ESM-IF,3,Bacteria,Neutral,449,105.7562211581292,6.1378381729125975,-5.329853263068898,0.1202672605790645,0.1358574610244989,0.088195991091314,0.0378619153674833,32.6630289532294,0.0489977728285077,0.3385300668151447,0.8285077951002227,-0.3340757238307349,0.0435254481946984,30.59379196166992,0.3006681514476614,0.16025641025641027,0.1858974358974359,-0.009615384615384616,0.34615384615384615
Q8DLT5,ESM-IF,4,Bacteria,Neutral,449,104.1572293986637,5.870524406433105,-8.275925240751555,0.1180400890868597,0.1291759465478842,0.1703786191536748,0.0378619153674833,24.240534521158125,0.0467706013363029,0.3563474387527839,0.8552338530066814,-0.2984409799554565,0.0448855117399595,30.602222442626953,0.3006681514476614,0.16286644951140064,0.1758957654723127,-0.026058631921824105,0.33876221498371334
Q8DLT5,ESM-IF,5,Bacteria,Neutral,449,103.94533897550112,5.871888542175292,-8.272826477613712,0.1202672605790645,0.131403118040089,0.1748329621380846,0.0378619153674833,29.281737193763913,0.0467706013363029,0.3652561247216035,0.8530066815144766,-0.3630289532293986,0.0431803522095245,29.298995971679688,0.3006681514476614,0.15457413249211358,0.17665615141955837,-0.01892744479495268,0.331230283911672
Q8DLT5,ESM-IF,6,Bacteria,Neutral,449,104.11252962138086,5.915484046936036,-7.359431725774769,0.1180400890868596,0.1291759465478842,0.1229398663697104,0.0334075723830735,26.29376391982182,0.0489977728285077,0.3652561247216035,0.866369710467706,-0.3363028953229398,0.0446862267753458,29.661191940307617,0.3006681514476614,0.15878378378378377,0.17905405405405406,-0.013513513513513514,0.33783783783783783
Q8DLT5,ESM-IF,7,Bacteria,Neutral,449,104.40468440979954,5.826133155822753,-8.352831800629353,0.1224944320712694,0.131403118040089,0.1447661469933185,0.0356347438752784,28.330512249443203,0.0467706013363029,0.3563474387527839,0.8619153674832962,-0.2917594654788418,0.0416742357317938,29.128705978393555,0.3006681514476614,0.1639871382636656,0.18006430868167203,-0.02572347266881029,0.3440514469453376
O67786,MIF-ST,0,Bacteria,Top,223,110.57095829596412,9.302997398376462,5.7835597901121805,0.0672645739910313,0.0941704035874439,0.3470852017937219,0.1659192825112107,11.574439461883408,0.0403587443946188,0.3542600896860987,0.8699551569506727,0.6995515695067265,0.040932318281364,20.906017303466797,0.3004484304932735,0.08,0.11428571428571428,0.03428571428571429,0.19428571428571428
O67786,MIF-ST,1,Bacteria,Top,223,114.16365739910312,5.278603172302245,-3.4128782954910157,0.1210762331838564,0.1121076233183856,-0.4399103139013453,0.1390134529147982,23.652107623318365,0.0358744394618834,0.2780269058295964,0.852017937219731,0.2780269058295964,0.0827662287425321,19.914989471435547,0.3004484304932735,0.16551724137931034,0.15172413793103448,-0.020689655172413793,0.3172413793103448
O67786,MIF-ST,2,Bacteria,Top,223,107.34917757847536,5.594059562683105,-2.093968734388252,0.1076233183856502,0.1031390134529148,0.1887892376681614,0.116591928251121,43.3542600896861,0.0313901345291479,0.4260089686098655,0.8699551569506727,0.3856502242152466,0.0886042208912164,18.90254783630371,0.3004484304932735,0.13291139240506328,0.13924050632911392,0.0,0.2721518987341772
O67786,MIF-ST,3,Bacteria,Top,223,115.98207040358744,9.73854579925537,17.600221992120275,0.1210762331838564,0.2062780269058295,-0.589237668161435,0.1031390134529147,24.381614349775777,0.0403587443946188,0.2062780269058296,0.8699551569506726,0.1704035874439461,0.0993375975962304,18.987905502319336,0.3004484304932735,0.1774193548387097,0.3709677419354839,0.18548387096774194,0.5483870967741935
O67786,MIF-ST,4,Bacteria,Top,223,109.03056950672644,5.170836448669432,-3.5260463927560224,0.116591928251121,0.1031390134529147,0.2228699551569506,0.116591928251121,28.0708520179372,0.0358744394618834,0.3318385650224215,0.8206278026905829,0.3721973094170403,0.0595032769920662,19.77290153503418,0.3004484304932735,0.16556291390728478,0.152317880794702,-0.013245033112582781,0.31788079470198677
O67786,MIF-ST,5,Bacteria,Top,223,111.04574125560538,9.46378154754639,9.832773286654575,0.1076233183856502,0.1524663677130044,-0.3103139013452914,0.1345291479820627,14.934977578475324,0.0358744394618834,0.3318385650224215,0.8251121076233183,0.2511210762331838,0.109565648138492,19.214134216308594,0.3004484304932735,0.14583333333333334,0.2152777777777778,0.06944444444444445,0.36111111111111116
O67786,MIF-ST,6,Bacteria,Top,223,115.61760627802693,9.643325996398923,11.851387660057345,0.1121076233183856,0.1659192825112107,-0.4479820627802691,0.1255605381165919,26.845739910313885,0.0538116591928251,0.2242152466367713,0.905829596412556,0.5201793721973094,0.0415080830538493,21.275123596191406,0.3004484304932735,0.13291139240506328,0.22784810126582278,0.0949367088607595,0.36075949367088606
O67786,MIF-ST,7,Bacteria,Top,223,115.64857623318386,9.813458061218263,19.7245120097798,0.0582959641255605,0.147982062780269,0.063677130044843,0.1255605381165919,22.460538116591916,0.0493273542600896,0.2152466367713004,0.7533632286995515,0.3049327354260089,0.0639864903218482,21.042640686035156,0.3004484304932735,0.07096774193548387,0.2129032258064516,0.14193548387096774,0.2838709677419355
Q980U8,MIF-ST,0,Archaea,Top,349,107.5741853868195,9.53437442779541,31.64815482910643,0.1060171919770773,0.2005730659025787,-0.064756446991404,0.0544412607449856,13.191404011461302,0.0257879656160458,0.2836676217765043,0.8395415472779368,0.2148997134670486,0.0456391812204575,27.076536178588867,0.3008595988538682,0.11450381679389313,0.2633587786259542,0.1450381679389313,0.37786259541984735
Q980U8,MIF-ST,1,Archaea,Top,349,116.69433610315188,9.842017555236817,52.6701987563942,0.154727793696275,0.3065902578796561,-0.8853868194842407,0.1002865329512894,3.485959885386807,0.0229226361031518,0.1948424068767908,0.8595988538681949,0.5386819484240688,0.0345423013120193,27.552705764770508,0.3008595988538682,0.1881918819188192,0.3837638376383764,0.19557195571955718,0.5719557195571956
Q980U8,MIF-ST,2,Archaea,Top,349,103.82068080229226,9.28262538909912,9.73074145622538,0.1088825214899713,0.1375358166189111,0.1469914040114613,0.0830945558739255,6.30200573065903,0.0286532951289398,0.3896848137535816,0.9054441260744984,0.670487106017192,0.0525214899713467,27.22765350341797,0.3008595988538682,0.13991769547325103,0.1934156378600823,0.053497942386831275,0.33333333333333337
Q980U8,MIF-ST,3,Archaea,Top,349,115.67750544412608,9.685423851013184,42.519080244063346,0.0458452722063037,0.169054441260745,-0.1796561604584527,0.1375358166189111,24.461031518624633,0.0372492836676217,0.1948424068767908,0.8882521489971347,0.4527220630372492,0.0612344223413443,24.550439834594727,0.3008595988538682,0.056,0.224,0.168,0.28
Q980U8,MIF-ST,4,Archaea,Top,349,111.28941146131804,9.694836235046388,26.734633108772087,0.1346704871060172,0.2120343839541547,-0.4363896848137536,0.0974212034383954,-0.0151862464183351,0.0200573065902578,0.2922636103151862,0.8309455587392549,0.5501432664756447,0.0332813463421711,25.82636260986328,0.3008595988538682,0.1520912547528517,0.2813688212927757,0.12927756653992395,0.4334600760456274
Q980U8,MIF-ST,5,Archaea,Top,349,106.59835873925502,9.677881050109864,23.65921710913087,0.0487106017191977,0.1174785100286533,0.1157593123209169,0.0859598853868194,15.723782234957014,0.0257879656160458,0.3553008595988538,0.8653295128939829,0.7048710601719197,0.021905666820078,26.01609992980957,0.3008595988538682,0.04895104895104895,0.13636363636363635,0.08741258741258741,0.1853146853146853
Q980U8,MIF-ST,6,Archaea,Top,349,109.95035730659026,9.730035972595214,23.72061995928633,0.1031518624641833,0.1719197707736389,-0.1140401146131805,0.0830945558739255,10.597421203438383,0.0171919770773638,0.2922636103151862,0.833810888252149,0.6160458452722063,0.0261118724305469,28.729808807373047,0.3008595988538682,0.125,0.20714285714285716,0.08214285714285714,0.3321428571428572
Q980U8,MIF-ST,7,Archaea,Top,349,115.16206733524356,9.49130954742432,35.62746179436592,0.1690544412607449,0.2722063037249284,-0.6659025787965617,0.0859598853868194,7.1160458452721915,0.0229226361031518,0.160458452722063,0.8767908309455588,0.4584527220630372,0.029948922386944,27.18044662475586,0.3008595988538682,0.1917808219178082,0.3047945205479452,0.11301369863013698,0.4965753424657534
O58832,MIF-ST,0,Archaea,Top,342,111.65618040935674,9.984686088562016,48.53964476864692,0.1140350877192982,0.2602339181286549,-0.4842105263157895,0.0643274853801169,4.044152046783627,0.0467836257309941,0.2163742690058479,0.8333333333333333,-0.2134502923976608,0.06674036038606,27.216777801513672,0.3011695906432748,0.13307984790874525,0.3269961977186312,0.19011406844106463,0.4600760456273765
O58832,MIF-ST,1,Archaea,Top,342,109.6167043859649,9.133252143859863,16.40347142068221,0.1578947368421052,0.2076023391812865,-0.2827485380116958,0.0614035087719298,10.67836257309941,0.0467836257309941,0.2280701754385964,0.7807017543859649,-0.1257309941520468,0.0951563691838291,25.52427101135254,0.3011695906432748,0.21658986175115208,0.31797235023041476,0.10138248847926268,0.5345622119815668
O58832,MIF-ST,2,Archaea,Top,342,115.30807514619882,9.913126182556148,36.45565605240019,0.1111111111111111,0.2192982456140351,-0.5076023391812865,0.1023391812865497,12.623976608187125,0.0467836257309941,0.1637426900584795,0.7923976608187134,-0.195906432748538,0.0498555416318574,28.1151123046875,0.3011695906432748,0.1188118811881188,0.24422442244224424,0.1254125412541254,0.36303630363036304
O58832,MIF-ST,3,Archaea,Top,342,114.26317192982457,9.329622840881347,23.333040578594947,0.1081871345029239,0.1783625730994152,-0.1090643274853801,0.1140350877192982,29.024853801169588,0.0350877192982456,0.2251461988304093,0.8070175438596491,-0.4561403508771929,0.0521211806636907,28.51255798339844,0.3011695906432748,0.1188118811881188,0.19801980198019803,0.07920792079207921,0.31683168316831684
O58832,MIF-ST,4,Archaea,Top,342,111.2236038011696,9.39454250335693,21.497073668168483,0.1140350877192982,0.1812865497076023,-0.5710526315789474,0.1023391812865497,14.657017543859636,0.0409356725146198,0.2631578947368421,0.9005847953216375,-0.1169590643274854,0.0599758101721966,25.686298370361328,0.3011695906432748,0.13740458015267176,0.22900763358778625,0.08778625954198473,0.366412213740458
O58832,MIF-ST,5,Archaea,Top,342,118.90964444444444,9.554424095153806,63.07917930026113,0.0818713450292397,0.2690058479532163,-0.4476608187134502,0.1520467836257309,12.27926900584794,0.0204678362573099,0.1228070175438596,0.8801169590643274,-0.1900584795321637,0.0687274808903256,27.33709716796875,0.3011695906432748,0.09205020920502092,0.3723849372384937,0.2803347280334728,0.46443514644351463
O58832,MIF-ST,6,Archaea,Top,342,113.16536637426898,9.809718894958491,37.44329670305766,0.1023391812865497,0.2134502923976608,-0.4195906432748538,0.0760233918128654,19.56637426900583,0.043859649122807,0.1988304093567251,0.868421052631579,-0.1900584795321638,0.0670324184444852,23.73435401916504,0.3011695906432748,0.12690355329949238,0.3299492385786802,0.20304568527918782,0.45685279187817257
O58832,MIF-ST,7,Archaea,Top,342,110.30846812865498,9.702507972717283,33.47748849756248,0.131578947368421,0.2309941520467836,-0.3450292397660818,0.0614035087719298,14.608187134502916,0.0292397660818713,0.2339181286549707,0.8391812865497076,-0.1023391812865497,0.0692517679174462,23.61747360229492,0.3011695906432748,0.16455696202531644,0.31645569620253167,0.1518987341772152,0.4810126582278481
Q9Z9J6,MIF-ST,0,Bacteria,Top,62,115.53518870967744,10.778162956237791,24.479124344455588,0.0483870967741935,0.4516129032258065,-0.717741935483871,0.0161290322580645,2.2370967741935424,0.032258064516129,0.0967741935483871,0.967741935483871,0.7741935483870968,0.1722497932175351,10.656067848205566,0.3064516129032258,0.06666666666666667,0.6222222222222222,0.5555555555555556,0.6888888888888889
Q9Z9J6,MIF-ST,1,Bacteria,Top,62,109.93690161290324,9.901844215393066,4.679754365025562,0.0806451612903225,0.1935483870967742,0.0661290322580645,0.0,14.679032258064517,0.0161290322580645,0.1935483870967742,0.935483870967742,0.935483870967742,0.0675232367413887,20.51624870300293,0.3064516129032258,0.08196721311475409,0.19672131147540983,0.08196721311475409,0.2786885245901639
Q9Z9J6,MIF-ST,2,Bacteria,Top,62,108.45138870967742,9.631657218933103,3.593822697651661,0.1129032258064516,0.1935483870967742,0.0677419354838709,0.0,20.630645161290328,0.0161290322580645,0.2258064516129032,0.9193548387096774,0.8548387096774194,0.1082600195503421,16.011137008666992,0.3064516129032258,0.12962962962962962,0.2222222222222222,0.07407407407407407,0.35185185185185186
Q9Z9J6,MIF-ST,3,Bacteria,Top,62,110.04734677419356,5.463273048400879,-1.1836575204832869,0.2096774193548387,0.1935483870967742,-0.2225806451612903,0.0,16.23225806451613,0.032258064516129,0.1935483870967742,0.8709677419354839,0.8064516129032259,0.0714285714285714,17.396495819091797,0.3064516129032258,0.22033898305084745,0.1864406779661017,-0.03389830508474576,0.4067796610169492
Q9Z9J6,MIF-ST,4,Bacteria,Top,62,111.64937903225808,11.858266258239745,9.58610679324934,0.032258064516129,0.2096774193548387,-0.0564516129032258,0.0,31.17741935483871,0.0483870967741935,0.2419354838709677,0.935483870967742,-0.064516129032258,0.4410364886303543,10.703625679016112,0.3064516129032258,0.046511627906976744,0.3023255813953488,0.23255813953488372,0.34883720930232553
Q9Z9J6,MIF-ST,5,Bacteria,Top,62,108.12451451612904,9.299516105651854,1.5072351116263445,0.1129032258064516,0.1451612903225806,0.0258064516129032,0.0161290322580645,26.46451612903225,0.0483870967741935,0.2741935483870967,0.9516129032258064,-0.0806451612903225,0.4295005202913631,10.5851411819458,0.3064516129032258,0.15,0.2,0.05,0.35
Q9Z9J6,MIF-ST,6,Bacteria,Top,62,109.2106306451613,9.901779747009275,4.503716287483022,0.0806451612903225,0.1612903225806451,0.2177419354838709,0.0,15.108064516129035,0.0161290322580645,0.2258064516129032,1.0,0.967741935483871,0.0647895024603608,23.504627227783203,0.3064516129032258,0.08196721311475409,0.16393442622950818,0.08196721311475409,0.2459016393442623
Q9Z9J6,MIF-ST,7,Bacteria,Top,62,112.27888548387097,9.995065498352051,5.595492398885024,0.1129032258064516,0.2258064516129032,-0.2016129032258064,0.0,26.329032258064515,0.032258064516129,0.1612903225806451,0.9516129032258064,-0.0483870967741935,0.4476119029757439,10.53775691986084,0.3064516129032258,0.16279069767441862,0.3023255813953488,0.11627906976744186,0.46511627906976744
P02819,MIF-ST,0,Eukaryota,Bottom,49,117.909193877551,9.51239070892334,3.1951748077167066,0.1020408163265306,0.326530612244898,-1.0469387755102042,0.0816326530612245,68.39795918367346,0.1020408163265306,0.1836734693877551,0.7755102040816326,0.4489795918367347,0.1662277814351547,13.270484924316406,0.3061224489795918,0.13513513513513514,0.40540540540540543,0.05405405405405406,0.5405405405405406
P02819,MIF-ST,1,Eukaryota,Bottom,49,105.64585714285714,10.246943473815914,3.2851517250727156,0.0612244897959183,0.2448979591836734,-0.5489795918367347,0.1020408163265306,27.17346938775511,0.0816326530612245,0.4285714285714286,0.8163265306122449,0.4081632653061224,0.0840336134453781,19.979310989379883,0.3061224489795918,0.061224489795918366,0.24489795918367346,0.061224489795918366,0.30612244897959184
P02819,MIF-ST,2,Eukaryota,Bottom,49,108.7776163265306,10.266412925720214,2.5023796686972384,0.0612244897959183,0.1224489795918367,0.1183673469387754,0.1836734693877551,51.69999999999999,0.1224489795918367,0.3469387755102041,0.7142857142857143,0.5102040816326531,0.0830401125967628,19.26498794555664,0.3061224489795918,0.061224489795918366,0.12244897959183673,0.061224489795918366,0.18367346938775508
P02819,MIF-ST,3,Eukaryota,Bottom,49,104.0535,11.248459815979004,3.0284176244801655,0.0816326530612245,0.2040816326530612,-0.4959183673469388,0.0816326530612245,74.76959183673469,0.1428571428571428,0.4285714285714286,0.7346938775510203,0.4489795918367347,0.1346938775510204,15.009773254394531,0.3061224489795918,0.07894736842105263,0.23684210526315788,0.07894736842105263,0.3157894736842105
P02819,MIF-ST,4,Eukaryota,Bottom,49,101.29438979591836,11.999967765808105,4.110979889687333,0.0408163265306122,0.2040816326530612,-0.1408163265306122,0.1020408163265306,18.29795918367347,0.0408163265306122,0.5918367346938775,0.5714285714285714,0.5714285714285714,0.0862244897959183,19.098350524902344,0.3061224489795918,0.041666666666666664,0.20833333333333334,0.08333333333333333,0.25
P02819,MIF-ST,5,Eukaryota,Bottom,49,113.9224775510204,8.430353355407718,0.9504614591620112,0.1428571428571428,0.2653061224489796,-0.9714285714285714,0.1020408163265306,63.02448979591837,0.1428571428571428,0.2653061224489796,0.7142857142857142,0.3877551020408163,0.1603028308097432,11.271408081054688,0.3061224489795918,0.16216216216216217,0.32432432432432434,0.02702702702702703,0.4864864864864865
P02819,MIF-ST,6,Eukaryota,Bottom,49,114.00381020408162,11.999967765808105,8.199915539416125,0.0612244897959183,0.326530612244898,-1.0551020408163263,0.1020408163265306,83.07551020408162,0.1224489795918367,0.326530612244898,0.5102040816326531,0.3469387755102041,0.0834879406307977,24.44097328186035,0.3061224489795918,0.061224489795918366,0.32653061224489793,0.16326530612244897,0.3877551020408163
P02819,MIF-ST,7,Eukaryota,Bottom,49,114.39707346938776,9.45688343048096,3.0288970020077928,0.1428571428571428,0.2653061224489796,-0.8836734693877552,0.1020408163265306,48.39387755102041,0.1224489795918367,0.2040816326530612,0.7551020408163265,0.346938775510204,0.1442407471463161,13.896212577819824,0.3061224489795918,0.15384615384615385,0.3076923076923077,0.07692307692307693,0.46153846153846156
Q4R312,MIF-ST,0,Eukaryota,Bottom,82,115.4959073170732,9.616055870056153,4.483086489203425,0.0975609756097561,0.1585365853658536,-0.4378048780487805,0.1463414634146341,38.55609756097561,0.1097560975609756,0.2682926829268293,0.573170731707317,-0.3780487804878049,0.2337238333013251,13.55832862854004,0.3048780487804878,0.10344827586206896,0.22413793103448276,0.1206896551724138,0.3275862068965517
Q4R312,MIF-ST,1,Eukaryota,Bottom,82,111.74774878048784,7.95689754486084,0.7677421590101119,0.073170731707317,0.0853658536585365,0.3634146341463414,0.1951219512195122,38.167073170731705,0.048780487804878,0.3414634146341463,0.7073170731707317,-0.5121951219512195,0.2747414123355893,12.086657524108888,0.3048780487804878,0.08928571428571429,0.125,0.03571428571428571,0.2142857142857143
Q4R312,MIF-ST,2,Eukaryota,Bottom,82,117.43603170731708,10.462396812438964,29.46811821421938,0.073170731707317,0.4390243902439025,-1.3146341463414637,0.1097560975609756,0.3646341463414636,0.024390243902439,0.1829268292682926,0.8414634146341464,-0.1829268292682926,0.1827538488150838,15.149262428283691,0.3048780487804878,0.078125,0.5625,0.484375,0.640625
Q4R312,MIF-ST,3,Eukaryota,Bottom,82,99.95286585365854,4.775123405456543,-1.547075968738353,0.073170731707317,0.0609756097560975,0.4097560975609756,0.0975609756097561,57.68792682926828,0.1341463414634146,0.4512195121951219,0.6829268292682927,-0.3658536585365853,0.2158917682926829,16.324153900146484,0.3048780487804878,0.08333333333333333,0.06666666666666667,-0.016666666666666666,0.15
Q4R312,MIF-ST,4,Eukaryota,Bottom,82,118.46492073170734,9.374944114685055,6.914345261085202,0.1463414634146341,0.2926829268292683,-1.123170731707317,0.1219512195121951,18.134146341463406,0.048780487804878,0.1951219512195122,0.8048780487804879,-0.2195121951219512,0.2286795626576955,14.26539707183838,0.3048780487804878,0.1864406779661017,0.4067796610169492,0.13559322033898305,0.5932203389830508
Q4R312,MIF-ST,5,Eukaryota,Bottom,82,117.45042926829268,10.141344261169433,5.494474878520057,0.1341463414634146,0.2073170731707317,-0.5670731707317073,0.0975609756097561,54.954878048780465,0.0853658536585365,0.2195121951219512,0.5853658536585366,-0.3902439024390244,0.2442958300550747,16.58001708984375,0.3048780487804878,0.14285714285714285,0.2698412698412698,0.12698412698412698,0.4126984126984127
Q4R312,MIF-ST,6,Eukaryota,Bottom,82,108.22782073170733,4.0500284194946286,-4.500932754611598,0.073170731707317,0.024390243902439,-0.223170731707317,0.1463414634146341,44.86719512195121,0.1341463414634146,0.3658536585365853,0.6341463414634146,-0.4390243902439025,0.225240206947524,16.015165328979492,0.3048780487804878,0.06557377049180328,0.03278688524590164,-0.03278688524590164,0.09836065573770492
Q4R312,MIF-ST,7,Eukaryota,Bottom,82,116.47888292682929,9.750343513488769,13.461868623884888,0.1463414634146341,0.3170731707317074,-1.1048780487804877,0.1097560975609756,5.382926829268292,0.073170731707317,0.1707317073170731,0.573170731707317,-0.3780487804878049,0.2381801125703564,16.93695640563965,0.3048780487804878,0.1694915254237288,0.4406779661016949,0.2711864406779661,0.6101694915254237
Q54FJ9,MIF-ST,0,Eukaryota,Bottom,306,110.44904673202616,9.521867561340333,21.46523737542484,0.1470588235294117,0.218954248366013,-0.503921568627451,0.0555555555555555,12.172875816993455,0.0424836601307189,0.1993464052287581,0.8758169934640523,0.1503267973856208,0.0874167620595005,23.96261215209961,0.3006535947712418,0.20418848167539266,0.3298429319371728,0.1256544502617801,0.5340314136125655
Q54FJ9,MIF-ST,1,Eukaryota,Bottom,306,106.787027124183,9.395251655578612,18.70360313964462,0.1405228758169934,0.2026143790849673,-0.3656862745098039,0.065359477124183,14.8532679738562,0.0457516339869281,0.3006535947712418,0.8627450980392157,0.3202614379084967,0.0612321954014009,22.160289764404297,0.3006535947712418,0.2019704433497537,0.29064039408866993,0.08866995073891626,0.4926108374384236
Q54FJ9,MIF-ST,2,Eukaryota,Bottom,306,106.78110196078433,9.4359956741333,17.386838069233445,0.0947712418300653,0.15359477124183,-0.0323529411764705,0.065359477124183,15.466339869281038,0.0424836601307189,0.3071895424836601,0.8660130718954249,-0.0163398692810457,0.0611917307304713,22.569530487060547,0.3006535947712418,0.12612612612612611,0.20270270270270271,0.07657657657657657,0.3288288288288288
Q54FJ9,MIF-ST,3,Eukaryota,Bottom,306,106.4596908496732,9.628627204895018,19.776675136284865,0.1013071895424836,0.1666666666666666,-0.1643790849673202,0.0784313725490196,3.79117647058824,0.0457516339869281,0.3300653594771242,0.931372549019608,0.173202614379085,0.076078201233545,21.471683502197266,0.3006535947712418,0.15104166666666666,0.2604166666666667,0.109375,0.41145833333333337
Q54FJ9,MIF-ST,4,Eukaryota,Bottom,306,111.95429019607842,9.382229042053222,30.560151222070868,0.0718954248366013,0.1732026143790849,-0.2062091503267974,0.1470588235294117,23.34673202614378,0.0392156862745098,0.2483660130718954,0.8856209150326797,0.2450980392156863,0.0508314208640335,23.221460342407227,0.3006535947712418,0.09345794392523364,0.24766355140186916,0.1542056074766355,0.3411214953271028
Q54FJ9,MIF-ST,5,Eukaryota,Bottom,306,111.89734542483662,9.170192527770997,15.744826757359654,0.130718954248366,0.1830065359477123,-0.4133986928104575,0.0751633986928104,26.975490196078425,0.0392156862745098,0.2254901960784313,0.9150326797385622,0.0784313725490196,0.0537667033286557,21.77251625061035,0.3006535947712418,0.16901408450704225,0.24882629107981222,0.07981220657276995,0.4178403755868545
Q54FJ9,MIF-ST,6,Eukaryota,Bottom,306,109.32616535947712,10.12290630340576,53.35134790689833,0.0522875816993464,0.2287581699346405,0.5856209150326797,0.0457516339869281,6.49183006535948,0.0261437908496732,0.2091503267973856,0.9052287581699346,0.0359477124183006,0.0431724602409269,25.89871597290039,0.3006535947712418,0.06504065040650407,0.2845528455284553,0.21951219512195122,0.34959349593495936
Q54FJ9,MIF-ST,7,Eukaryota,Bottom,306,109.48941405228756,9.444634437561035,17.770657024598954,0.1372549019607843,0.196078431372549,-0.4156862745098039,0.0751633986928104,17.04640522875815,0.0490196078431372,0.2745098039215686,0.8856209150326797,0.2581699346405228,0.0865582319629667,21.826732635498047,0.3006535947712418,0.20670391061452514,0.329608938547486,0.12290502793296089,0.5363128491620112
Q54JL0,MIF-ST,0,Eukaryota,Bottom,633,119.17851532385468,8.903680229187014,19.676944578401415,0.1627172195892575,0.1943127962085307,-1.0605055292259082,0.1437598736176935,24.247709320695098,0.0379146919431279,0.1674565560821485,0.74565560821485,0.0315955766192733,0.0415289833836908,32.44488525390625,0.3001579778830964,0.18464730290456433,0.23236514522821577,0.04771784232365145,0.4170124481327801
Q54JL0,MIF-ST,1,Eukaryota,Bottom,633,120.44008688783572,9.800564384460449,96.34893772467868,0.1358609794628752,0.2890995260663507,-1.6382306477093207,0.1484992101105845,22.07172195892575,0.0410742496050552,0.1532385466034755,0.7061611374407584,-0.2353870458135861,0.0315377798327746,45.628536224365234,0.3001579778830964,0.13682432432432431,0.30743243243243246,0.17060810810810811,0.4442567567567568
Q54JL0,MIF-ST,2,Eukaryota,Bottom,633,116.06424834123224,9.612639045715332,53.44302897865684,0.1611374407582938,0.2464454976303317,-1.1736176935229068,0.0900473933649289,15.06603475513427,0.0426540284360189,0.1690363349131121,0.7883096366508688,-0.0078988941548183,0.0162276088030253,40.84101486206055,0.3001579778830964,0.16750418760469013,0.2613065326633166,0.09380234505862646,0.4288107202680067
Q54JL0,MIF-ST,3,Eukaryota,Bottom,633,116.28033981042655,9.419104957580569,45.39449925123017,0.1579778830963665,0.2306477093206951,-1.0714060031595578,0.1121642969984202,23.545987361769335,0.0315955766192733,0.1674565560821485,0.7646129541864138,-0.4107424960505529,0.0441846949717195,41.41377639770508,0.3001579778830964,0.1701720841300191,0.27151051625239003,0.10133843212237094,0.44168260038240914
Q54JL0,MIF-ST,4,Eukaryota,Bottom,633,118.12015860979464,9.89726696014404,87.29685115058814,0.0789889415481832,0.2180094786729858,-1.158609794628752,0.1105845181674565,27.553412322274887,0.0347551342812006,0.1200631911532385,0.7345971563981042,0.1406003159557662,0.0126468869700707,42.522308349609375,0.3001579778830964,0.08051529790660225,0.2222222222222222,0.14170692431561996,0.3027375201288245
Q54JL0,MIF-ST,5,Eukaryota,Bottom,633,115.69278309636653,9.706891822814942,58.641921734562615,0.1232227488151658,0.2164296998420221,-0.6995260663507109,0.1137440758293838,17.9603475513428,0.0442338072669826,0.2180094786729857,0.8104265402843602,-0.1279620853080568,0.0329389259653308,37.86077117919922,0.3001579778830964,0.13686131386861314,0.24635036496350365,0.10948905109489052,0.3832116788321168
Q54JL0,MIF-ST,6,Eukaryota,Bottom,633,116.08494391785152,9.378103065490723,40.27216838007749,0.0900473933649289,0.1548183254344391,-0.9394944707740917,0.1390205371248025,34.99116903633493,0.0347551342812006,0.2101105845181674,0.7598736176935229,-0.1658767772511848,0.0225899098196702,37.9373779296875,0.3001579778830964,0.0984182776801406,0.1704745166959578,0.07205623901581722,0.2688927943760984
Q54JL0,MIF-ST,7,Eukaryota,Bottom,633,116.32536808846764,9.28262538909912,38.390936072356126,0.1911532385466034,0.2527646129541864,-1.2903633491311215,0.1248025276461295,12.974897314375973,0.0394944707740916,0.1785150078988941,0.7630331753554502,-0.2954186413902053,0.0189453171987393,42.82115173339844,0.3001579778830964,0.19224555735056542,0.25848142164781907,0.06623586429725363,0.4507269789983845
Q69NP0,MIF-ST,0,Eukaryota,Bottom,93,118.28365376344084,10.2281831741333,17.476172122741527,0.010752688172043,0.2043010752688172,0.043010752688172,0.1290322580645161,33.81182795698923,0.075268817204301,0.1075268817204301,0.7419354838709677,-0.2258064516129032,0.259297308403534,14.219788551330566,0.3010752688172043,0.014492753623188406,0.2608695652173913,0.2463768115942029,0.2753623188405797
Q69NP0,MIF-ST,1,Eukaryota,Bottom,93,120.13322150537635,10.24307537078857,28.47322717693017,0.1290322580645161,0.4408602150537634,-1.7655913978494622,0.1182795698924731,4.419354838709675,0.021505376344086,0.1612903225806451,0.6236559139784946,-0.4086021505376344,0.412771560236998,14.583333015441896,0.3010752688172043,0.125,0.5277777777777778,0.4027777777777778,0.6527777777777778
Q69NP0,MIF-ST,2,Eukaryota,Bottom,93,113.97693978494624,10.969505119323731,3.514493399441871,0.1075268817204301,0.1505376344086021,-0.3655913978494624,0.1182795698924731,48.468817204301054,0.075268817204301,0.2903225806451612,0.9032258064516128,-0.1075268817204301,0.2238863287250384,12.895946502685549,0.3010752688172043,0.14925373134328357,0.208955223880597,0.05970149253731343,0.3582089552238806
Q69NP0,MIF-ST,3,Eukaryota,Bottom,93,113.81034193548386,9.786381340026852,13.478124660792382,0.1397849462365591,0.2903225806451612,-0.9741935483870968,0.1075268817204301,25.59462365591398,0.043010752688172,0.1935483870967742,0.8494623655913979,-0.1397849462365591,0.2217073605417929,13.14138126373291,0.3010752688172043,0.18181818181818182,0.4727272727272727,0.2909090909090909,0.6545454545454545
Q69NP0,MIF-ST,4,Eukaryota,Bottom,93,113.65576021505376,8.903551292419433,1.7517194049025129,0.053763440860215,0.075268817204301,-0.164516129032258,0.1182795698924731,32.259139784946235,0.064516129032258,0.1397849462365591,0.8709677419354839,-0.3763440860215054,0.2201963534361851,13.20958423614502,0.3010752688172043,0.08064516129032258,0.11290322580645161,0.03225806451612903,0.1935483870967742
Q69NP0,MIF-ST,5,Eukaryota,Bottom,93,130.04369247311826,7.893009376525878,0.5232669048526084,0.2688172043010752,0.2795698924731182,-1.7086021505376343,0.1612903225806451,13.95913978494624,0.010752688172043,0.0967741935483871,0.6451612903225806,0.4731182795698924,0.0471609130352763,20.492197036743164,0.3010752688172043,0.27472527472527475,0.2857142857142857,0.01098901098901099,0.5604395604395604
Q69NP0,MIF-ST,6,Eukaryota,Bottom,93,112.66447741935482,5.097855186462401,-3.06412753115616,0.1182795698924731,0.1075268817204301,-0.0225806451612903,0.1182795698924731,30.267741935483865,0.086021505376344,0.2258064516129032,0.7634408602150538,-0.4193548387096774,0.3293861440043555,14.099165916442873,0.3010752688172043,0.16923076923076924,0.12307692307692308,-0.06153846153846154,0.2923076923076923
Q69NP0,MIF-ST,7,Eukaryota,Bottom,93,109.3835623655914,5.203234672546387,-1.4857449022227571,0.1075268817204301,0.0967741935483871,0.2612903225806451,0.0967741935483871,62.223655913978504,0.0967741935483871,0.2473118279569892,0.7849462365591398,-0.1827956989247312,0.2702865157283109,13.218910217285156,0.3010752688172043,0.1111111111111111,0.12698412698412698,0.015873015873015872,0.23809523809523808
P0A7R6,MIF-ST,0,Bacteria,Neutral,103,114.4493572815534,10.000029563903809,20.50703462093884,0.1844660194174757,0.3883495145631068,-1.0980582524271845,0.0097087378640776,0.8922330097087373,0.029126213592233,0.145631067961165,0.8640776699029126,0.7281553398058253,0.0391697355205892,20.290603637695312,0.3009708737864077,0.18627450980392157,0.39215686274509803,0.20588235294117646,0.5784313725490196
P0A7R6,MIF-ST,1,Bacteria,Neutral,103,119.85210388349512,11.999967765808105,31.798802093290632,0.0485436893203883,0.3592233009708737,-0.3446601941747573,0.0388349514563106,65.05436893203883,0.0485436893203883,0.1650485436893204,0.7766990291262136,0.0,0.3928552271630102,13.186668395996094,0.3009708737864077,0.07042253521126761,0.5070422535211268,0.43661971830985913,0.5774647887323944
P0A7R6,MIF-ST,2,Bacteria,Neutral,103,108.6988291262136,9.575053977966306,6.784569473675387,0.0485436893203883,0.116504854368932,0.145631067961165,0.1067961165048543,22.580582524271847,0.0679611650485436,0.3398058252427184,0.6699029126213593,-0.6699029126213593,0.4196887492861222,16.534786224365234,0.3009708737864077,0.0641025641025641,0.15384615384615385,0.08974358974358974,0.21794871794871795
P0A7R6,MIF-ST,3,Bacteria,Neutral,103,97.67987378640775,11.999967765808105,12.46112722155743,0.0097087378640776,0.1359223300970873,1.296116504854369,0.0,30.768932038834947,0.029126213592233,0.4368932038834951,0.9902912621359224,0.9320388349514565,0.0798565555847109,20.827598571777344,0.3009708737864077,0.010526315789473684,0.14736842105263157,0.1368421052631579,0.15789473684210525
P0A7R6,MIF-ST,4,Bacteria,Neutral,103,99.38054466019416,5.1849893569946275,-0.6018034056333719,0.0,0.0,0.4339805825242718,0.0776699029126213,6.547572815533979,0.029126213592233,0.7766990291262136,0.8155339805825242,-0.8155339805825242,0.311406115844396,17.81068992614746,0.3009708737864077,0.0,0.0,0.0,0.0
P0A7R6,MIF-ST,5,Bacteria,Neutral,103,116.87764951456307,11.999967765808105,26.781935355548775,0.0388349514563106,0.3009708737864077,0.0378640776699029,0.0388349514563106,81.47572815533978,0.0388349514563106,0.1844660194174757,0.825242718446602,0.087378640776699,0.2378889718695544,12.674872398376465,0.3009708737864077,0.047619047619047616,0.47619047619047616,0.42857142857142855,0.5238095238095237
P0A7R6,MIF-ST,6,Bacteria,Neutral,103,103.19804077669905,10.630917167663572,6.789922342600915,0.0097087378640776,0.0776699029126213,1.019417475728155,0.087378640776699,17.222330097087376,0.058252427184466,0.4368932038834952,0.8058252427184466,-0.3398058252427184,0.1806862817757355,14.834589958190918,0.3009708737864077,0.0,0.09523809523809523,0.09523809523809523,0.09523809523809523
P0A7R6,MIF-ST,7,Bacteria,Neutral,103,105.7920291262136,4.0500284194946286,-1.2387776248708526,0.0097087378640776,0.0,0.6640776699029127,0.0194174757281553,36.12135922330096,0.058252427184466,0.203883495145631,0.8446601941747574,-0.203883495145631,0.4100043949019138,15.07942008972168,0.3009708737864077,0.014492753623188406,0.0,-0.014492753623188406,0.014492753623188406
P60724,MIF-ST,0,Bacteria,Neutral,201,112.69788258706468,10.015695381164551,33.36966851601962,0.1442786069651741,0.3134328358208955,-1.1427860696517411,0.0646766169154228,4.090049751243785,0.0149253731343283,0.2437810945273631,0.6716417910447761,0.2537313432835821,0.052464947987336,22.1440486907959,0.2985074626865671,0.15853658536585366,0.3780487804878049,0.21951219512195122,0.5365853658536586
P60724,MIF-ST,1,Bacteria,Neutral,201,112.82037014925372,9.77284297943115,16.49334759089532,0.0845771144278607,0.1691542288557213,-0.4955223880597014,0.099502487562189,17.807960199004967,0.0099502487562189,0.2985074626865671,0.8208955223880596,0.2636815920398009,0.0682910235149041,20.136219024658203,0.2985074626865671,0.08588957055214724,0.20245398773006135,0.1165644171779141,0.2883435582822086
P60724,MIF-ST,2,Bacteria,Neutral,201,106.9934870646766,9.523156929016114,11.73155897786215,0.1243781094527363,0.1840796019900497,-0.2885572139303483,0.0597014925373134,2.389552238805968,0.0199004975124378,0.3383084577114428,0.7960199004975124,0.0298507462686567,0.1165924762154141,19.20644760131836,0.2985074626865671,0.12987012987012986,0.23376623376623376,0.1038961038961039,0.36363636363636365
P60724,MIF-ST,3,Bacteria,Neutral,201,105.350207960199,9.280111122131348,8.422939779764619,0.1890547263681591,0.2338308457711442,-0.4597014925373134,0.0149253731343283,-0.7268656716417914,0.0049751243781094,0.3084577114427861,0.9253731343283582,0.6965174129353233,0.06020588302726,23.435792922973633,0.2985074626865671,0.22012578616352202,0.29559748427672955,0.07547169811320754,0.5157232704402516
P60724,MIF-ST,4,Bacteria,Neutral,201,115.12441940298508,9.894623756408691,33.707494369830826,0.1293532338308457,0.2985074626865671,-1.1825870646766168,0.0746268656716417,12.2636815920398,0.0298507462686567,0.1940298507462686,0.7512437810945274,-0.2338308457711442,0.1222519879236297,23.2177677154541,0.2985074626865671,0.1464968152866242,0.36942675159235666,0.2229299363057325,0.5159235668789809
P60724,MIF-ST,5,Bacteria,Neutral,201,108.19491990049752,10.092477226257325,26.715959162325618,0.0696517412935323,0.2039800995024875,0.0348258706467661,0.0149253731343283,10.711940298507448,0.0298507462686567,0.2587064676616916,0.8407960199004976,0.2835820895522388,0.0576242498845976,22.56216049194336,0.2985074626865671,0.08045977011494253,0.22988505747126436,0.14942528735632185,0.3103448275862069
P60724,MIF-ST,6,Bacteria,Neutral,201,105.13767960199004,9.428066062927249,10.477483953171204,0.1194029850746268,0.1741293532338308,0.0164179104477611,0.0398009950248756,12.426865671641782,0.0248756218905472,0.3184079601990049,0.7412935323383085,0.2338308457711442,0.1216492786901612,20.37039375305176,0.2985074626865671,0.12837837837837837,0.21621621621621623,0.08783783783783784,0.3445945945945946
P60724,MIF-ST,7,Bacteria,Neutral,201,113.17185174129354,11.564483833312988,20.89225684271381,0.0796019900497512,0.1940298507462686,-0.0368159203980099,0.0646766169154228,45.76417910447762,0.0696517412935323,0.2537313432835821,0.7661691542288558,0.527363184079602,0.0686616667904259,20.672365188598633,0.2985074626865671,0.0915032679738562,0.2549019607843137,0.1503267973856209,0.3464052287581699
Q07938,MIF-ST,0,Eukaryota,Neutral,337,111.85577982195844,10.275309562683102,43.29696390046976,0.0326409495548961,0.1632047477744806,-0.4213649851632047,0.1008902077151335,43.26765578635014,0.0623145400593471,0.2937685459940652,0.8338278931750742,0.0148367952522255,0.039045186492882,25.592979431152344,0.2997032640949555,0.03618421052631579,0.17763157894736842,0.14144736842105263,0.2138157894736842
Q07938,MIF-ST,1,Eukaryota,Neutral,337,114.49664391691394,9.82596492767334,47.72512563140179,0.1068249258160237,0.2492581602373887,-0.844213649851632,0.0919881305637982,13.500029673590491,0.0712166172106825,0.2047477744807121,0.7566765578635015,-0.1097922848664688,0.0701656775469831,27.90441513061523,0.2997032640949555,0.12152777777777778,0.2777777777777778,0.15625,0.3993055555555556
Q07938,MIF-ST,2,Eukaryota,Neutral,337,115.39157863501484,9.63417148590088,43.30981799440312,0.1127596439169139,0.2433234421364985,-0.6566765578635015,0.0979228486646884,26.046290801186935,0.0534124629080118,0.172106824925816,0.827893175074184,0.0682492581602373,0.0410831408017344,27.50442123413086,0.2997032640949555,0.12371134020618557,0.281786941580756,0.15807560137457044,0.4054982817869416
Q07938,MIF-ST,3,Eukaryota,Neutral,337,114.31788516320476,9.648225593566895,37.32590706085319,0.0979228486646884,0.2106824925816023,-0.6332344213649852,0.1038575667655786,23.680712166172103,0.0830860534124629,0.2106824925816023,0.8545994065281899,-0.0830860534124628,0.036411121499126,28.308982849121097,0.2997032640949555,0.10877192982456141,0.23859649122807017,0.12982456140350876,0.34736842105263155
Q07938,MIF-ST,4,Eukaryota,Neutral,337,109.95015727002968,9.465328788757326,29.368423247173205,0.0563798219584569,0.1483679525222552,-0.1584569732937685,0.0890207715133531,21.646587537091985,0.0445103857566765,0.2729970326409495,0.8011869436201781,0.142433234421365,0.066779005599044,24.807626724243164,0.2997032640949555,0.0546875,0.1953125,0.13671875,0.25
Q07938,MIF-ST,5,Eukaryota,Neutral,337,116.61011424332344,9.440186119079591,33.38350883272828,0.1750741839762611,0.2759643916913946,-1.452818991097923,0.1275964391691394,16.413649851632034,0.0267062314540059,0.2225519287833828,0.7121661721068249,-0.4451038575667655,0.04063536393786,37.64845657348633,0.2997032640949555,0.17846153846153845,0.28615384615384615,0.1076923076923077,0.4646153846153846
Q07938,MIF-ST,6,Eukaryota,Neutral,337,109.975865578635,9.2008150100708,10.496394329979909,0.1513353115727002,0.1839762611275964,-0.6789317507418398,0.0919881305637982,9.601186943620176,0.0563798219584569,0.2908011869436201,0.7507418397626113,0.0504451038575667,0.0348163088587811,27.822900772094727,0.2997032640949555,0.1610738255033557,0.2080536912751678,0.04697986577181208,0.3691275167785235
Q07938,MIF-ST,7,Eukaryota,Neutral,337,118.49628724035608,9.623792076110838,51.35240885791242,0.2047477744807121,0.3590504451038576,-1.6359050445103855,0.0830860534124629,-0.4543026706231449,0.0207715133531157,0.1127596439169139,0.7388724035608308,-0.2344213649851632,0.0235816613280405,40.05023193359375,0.2997032640949555,0.2066869300911854,0.3677811550151976,0.16109422492401215,0.574468085106383
B1X495,MIF-ST,0,Eukaryota,Top,103,108.3299281553398,4.370316123962403,-1.2081861972248662,0.0194174757281553,0.0097087378640776,-0.3233009708737864,0.1844660194174757,24.393203883495143,0.0097087378640776,0.4660194174757282,0.8737864077669902,0.7378640776699029,0.0428802588996763,17.5664119720459,0.3009708737864077,0.019417475728155338,0.009708737864077669,-0.009708737864077669,0.029126213592233007
B1X495,MIF-ST,1,Eukaryota,Top,103,109.71195145631066,9.45688343048096,6.772253843800595,0.029126213592233,0.0970873786407767,-0.6320388349514563,0.1844660194174757,17.83009708737864,0.0194174757281553,0.4174757281553398,0.8737864077669902,0.7961165048543689,0.061268734093694,18.468292236328125,0.3009708737864077,0.01020408163265306,0.10204081632653061,0.09183673469387756,0.11224489795918367
B1X495,MIF-ST,2,Eukaryota,Top,103,112.21377864077668,9.69934902191162,13.760275831712582,0.029126213592233,0.1650485436893204,-0.5009708737864078,0.233009708737864,26.1504854368932,0.0097087378640776,0.3883495145631068,0.8349514563106796,0.8349514563106796,0.0396791895314478,18.34647750854492,0.3009708737864077,0.030612244897959183,0.16326530612244897,0.1326530612244898,0.19387755102040816
B1X495,MIF-ST,3,Eukaryota,Top,103,145.7214300970874,9.646098136901855,19.69105956714921,0.0,0.1941747572815534,-1.6679611650485435,0.5728155339805825,49.00582524271836,0.0097087378640776,0.1844660194174757,1.0,1.0,0.0388349514563106,39.65277862548828,0.3009708737864077,0.0,0.20833333333333334,0.20833333333333334,0.20833333333333334
B1X495,MIF-ST,4,Eukaryota,Top,103,123.67226796116503,10.71427478790283,14.77234516249564,0.1359223300970873,0.2815533980582524,-1.1864077669902913,0.145631067961165,23.92135922330097,0.029126213592233,0.2524271844660194,0.9029126213592232,0.7669902912621359,0.0425531914893617,17.951995849609375,0.3009708737864077,0.12631578947368421,0.30526315789473685,0.17894736842105263,0.43157894736842106
B1X495,MIF-ST,5,Eukaryota,Top,103,126.04403592233008,10.150111961364743,15.460636209044974,0.0194174757281553,0.174757281553398,-0.9456310679611653,0.2135922330097087,54.37184466019416,0.0485436893203883,0.1553398058252427,0.9320388349514562,0.7378640776699029,0.0876893203883495,17.37847900390625,0.3009708737864077,0.024390243902439025,0.21951219512195122,0.1951219512195122,0.24390243902439024
B1X495,MIF-ST,6,Eukaryota,Top,103,117.9348359223301,9.768459129333491,14.708293363564078,0.0097087378640776,0.1553398058252427,-0.5194174757281553,0.3203883495145631,23.801941747572823,0.0097087378640776,0.4271844660194174,0.9611650485436892,0.9029126213592232,0.0420388349514563,23.990211486816406,0.3009708737864077,0.010416666666666666,0.16666666666666666,0.15625,0.17708333333333331
B1X495,MIF-ST,7,Eukaryota,Top,103,125.2223281553398,9.66092586517334,12.74703679760209,0.0194174757281553,0.145631067961165,-0.3524271844660194,0.2912621359223301,38.37669902912621,0.0097087378640776,0.233009708737864,0.9514563106796116,0.9514563106796116,0.0388349514563106,38.48594284057617,0.3009708737864077,0.019417475728155338,0.14563106796116504,0.1262135922330097,0.16504854368932037
A9CIG1,MIF-ST,0,Bacteria,Bottom,101,107.0966821782178,11.999967765808105,5.79481558745508,0.0,0.0594059405940594,-0.500990099009901,0.0792079207920792,49.42772277227722,0.0396039603960396,0.4257425742574258,0.7425742574257426,0.4059405940594058,0.0412975508077123,17.080535888671875,0.297029702970297,0.0,0.061855670103092786,0.061855670103092786,0.061855670103092786
A9CIG1,MIF-ST,1,Bacteria,Bottom,101,99.194800990099,11.950456047058104,13.760153612011926,0.0297029702970297,0.1683168316831683,0.4910891089108911,0.0396039603960396,47.91782178217821,0.0594059405940594,0.5148514851485149,0.9504950495049505,0.7524752475247525,0.0635660204675929,15.356764793395996,0.297029702970297,0.03571428571428571,0.19047619047619047,0.15476190476190477,0.22619047619047616
A9CIG1,MIF-ST,2,Bacteria,Bottom,101,113.73125643564356,10.008668327331542,27.295163586372208,0.0891089108910891,0.3663366336633663,-1.1425742574257425,0.0396039603960396,10.814851485148523,0.0198019801980198,0.2079207920792079,0.8415841584158416,0.6039603960396039,0.1141958790473642,16.886444091796875,0.297029702970297,0.1111111111111111,0.4861111111111111,0.375,0.5972222222222222
A9CIG1,MIF-ST,3,Bacteria,Bottom,101,107.84338415841584,9.398475074768069,4.481495428501171,0.0099009900990099,0.0594059405940594,-0.0465346534653465,0.1485148514851485,38.07722772277227,0.0297029702970297,0.4059405940594059,0.801980198019802,0.801980198019802,0.0425742574257425,14.98270320892334,0.297029702970297,0.011363636363636364,0.06818181818181818,0.056818181818181816,0.07954545454545454
A9CIG1,MIF-ST,4,Bacteria,Bottom,101,97.18741089108909,11.711342811584473,2.499325686842341,0.0,0.0297029702970297,0.3712871287128713,0.0198019801980198,26.2118811881188,0.0297029702970297,0.5148514851485149,0.8811881188118812,0.6237623762376238,0.1294438168649079,14.359054565429688,0.297029702970297,0.0,0.04054054054054054,0.04054054054054054,0.04054054054054054
A9CIG1,MIF-ST,5,Bacteria,Bottom,101,95.62667821782178,4.207870292663575,-1.2038918921642272,0.0198019801980198,0.0099009900990099,0.1356435643564356,0.0198019801980198,10.309900990099012,0.0198019801980198,0.5445544554455446,0.9009900990099008,0.7623762376237624,0.0569812083249141,15.103697776794434,0.297029702970297,0.021739130434782608,0.0,-0.021739130434782608,0.021739130434782608
A9CIG1,MIF-ST,6,Bacteria,Bottom,101,86.5830316831683,4.226001930236817,-2.1989716681521725,0.0396039603960396,0.0198019801980198,1.300990099009901,0.0396039603960396,16.91485148514851,0.0396039603960396,0.693069306930693,0.99009900990099,0.9306930693069306,0.1359012613590126,14.508151054382324,0.297029702970297,0.047619047619047616,0.011904761904761904,-0.03571428571428571,0.05952380952380952
A9CIG1,MIF-ST,7,Bacteria,Bottom,101,90.43768910891087,11.346774101257324,2.5092107761600904,0.0792079207920792,0.1089108910891089,0.6336633663366337,0.0,38.81683168316832,0.0396039603960396,0.6336633663366337,0.99009900990099,0.9306930693069306,0.1169682485489928,16.14475440979004,0.297029702970297,0.0963855421686747,0.13253012048192772,0.03614457831325301,0.22891566265060243
Q6L047,MIF-ST,0,Archaea,Bottom,359,115.73901894150416,8.770939826965332,6.479276262830844,0.1559888579387186,0.1754874651810584,-0.233983286908078,0.1309192200557103,16.50389972144845,0.0362116991643454,0.181058495821727,0.8607242339832869,-0.2423398328690807,0.0442845352316104,26.89009475708008,0.3008356545961003,0.16613418530351437,0.19808306709265175,0.03194888178913738,0.3642172523961661
Q6L047,MIF-ST,1,Archaea,Bottom,359,115.83459331476324,9.38513011932373,24.442913391427737,0.1587743732590529,0.2284122562674095,-0.8167130919220056,0.1420612813370473,7.072423398328681,0.0417827298050139,0.181058495821727,0.7409470752089137,-0.0947075208913649,0.0640179836778575,27.965221405029297,0.3008356545961003,0.17041800643086816,0.2604501607717042,0.09003215434083602,0.43086816720257237
Q6L047,MIF-ST,2,Archaea,Bottom,359,115.32121615598888,9.589172554016113,33.483831328609725,0.1894150417827298,0.2841225626740947,-1.200557103064067,0.1030640668523676,5.972172701949853,0.0334261838440111,0.1754874651810585,0.7047353760445683,0.075208913649025,0.0412192476982287,32.9130859375,0.3008356545961003,0.20723684210526316,0.3157894736842105,0.10855263157894737,0.5230263157894737
Q6L047,MIF-ST,3,Archaea,Bottom,359,113.6549270194986,9.536824226379396,37.28029855188826,0.1030640668523676,0.2089136490250696,-0.2732590529247911,0.1086350974930362,15.87328690807799,0.0334261838440111,0.1754874651810585,0.7994428969359331,-0.5710306406685237,0.0675262826848773,31.8887882232666,0.3008356545961003,0.11464968152866242,0.23885350318471338,0.12420382165605096,0.35350318471337583
Q6L047,MIF-ST,4,Archaea,Bottom,359,112.49139777158774,9.537339973449708,36.26671570123363,0.064066852367688,0.1671309192200557,-0.132033426183844,0.1058495821727019,20.669637883008352,0.0250696378830083,0.2005571030640668,0.8635097493036212,-0.5459610027855153,0.0657097836558208,27.13836097717285,0.3008356545961003,0.06583072100313479,0.18181818181818182,0.11598746081504702,0.24764890282131663
Q6L047,MIF-ST,5,Archaea,Bottom,359,115.37680696378833,9.409499168395996,27.402514090517357,0.1699164345403899,0.2479108635097492,-1.0596100278551532,0.0919220055710306,10.025431754874647,0.0278551532033426,0.1476323119777158,0.7715877437325905,-0.4596100278551532,0.0553136634484499,27.92976951599121,0.3008356545961003,0.178125,0.278125,0.1,0.45625000000000004
Q6L047,MIF-ST,6,Archaea,Bottom,359,113.69628830083565,9.592073631286617,28.429360786816872,0.1030640668523677,0.1838440111420612,-0.3217270194986072,0.1420612813370473,19.246824512534808,0.0417827298050139,0.2284122562674095,0.8885793871866294,-0.2033426183844011,0.0451593573880935,29.029693603515625,0.3008356545961003,0.11363636363636363,0.21103896103896103,0.09740259740259741,0.3246753246753247
Q6L047,MIF-ST,7,Archaea,Bottom,359,117.2033417827298,9.551136207580566,45.23809778648608,0.1058495821727019,0.233983286908078,-0.3874651810584958,0.1420612813370473,14.133760445682446,0.0389972144846796,0.1532033426183844,0.9164345403899722,-0.5041782729805014,0.047896022649436,26.5234432220459,0.3008356545961003,0.11702127659574468,0.2978723404255319,0.18085106382978725,0.4148936170212766
A9A498,MIF-ST,0,Archaea,Neutral,287,109.79563484320556,9.753437995910645,29.730388370487248,0.0940766550522648,0.2020905923344947,-0.156794425087108,0.0592334494773519,14.242508710801378,0.0522648083623693,0.2508710801393728,0.867595818815331,0.156794425087108,0.0888006341133147,21.728351593017575,0.2996515679442508,0.13440860215053763,0.3064516129032258,0.16666666666666666,0.44086021505376344
A9A498,MIF-ST,1,Archaea,Neutral,287,106.52740836236931,9.570283317565917,23.68810117261964,0.0801393728222996,0.1672473867595818,0.2871080139372822,0.048780487804878,17.353658536585357,0.0418118466898954,0.2648083623693379,0.8571428571428572,0.3066202090592334,0.0460453864346193,23.722043991088867,0.2996515679442508,0.08796296296296297,0.2175925925925926,0.125,0.3055555555555556
A9A498,MIF-ST,2,Archaea,Neutral,287,104.37817456445993,8.929274177551271,11.561697628114164,0.0871080139372822,0.1289198606271777,0.5905923344947736,0.0627177700348432,22.00801393728222,0.0418118466898954,0.3031358885017421,0.8641114982578397,0.2020905923344947,0.0785074758523353,19.789318084716797,0.2996515679442508,0.13125,0.225,0.09375,0.35625
A9A498,MIF-ST,3,Archaea,Neutral,287,106.29304982578395,9.415430259704593,13.713831295442173,0.1045296167247386,0.1533101045296167,-0.0857142857142857,0.073170731707317,13.7362369337979,0.048780487804878,0.337979094076655,0.8571428571428571,0.2369337979094076,0.0457090014366629,23.469165802001953,0.2996515679442508,0.14150943396226415,0.18867924528301888,0.04716981132075472,0.33018867924528306
A9A498,MIF-ST,4,Archaea,Neutral,287,102.01165958188152,9.57350673675537,12.39752450081187,0.024390243902439,0.0696864111498258,0.8073170731707316,0.0592334494773519,19.92648083623693,0.0418118466898954,0.4041811846689895,0.8815331010452961,0.4982578397212543,0.0552047038327526,22.70620346069336,0.2996515679442508,0.027777777777777776,0.09259259259259259,0.06481481481481481,0.12037037037037036
A9A498,MIF-ST,5,Archaea,Neutral,287,106.29482160278744,5.408650779724121,-2.643763273696244,0.1010452961672473,0.0940766550522648,0.519163763066202,0.073170731707317,37.251916376306625,0.0592334494773519,0.2961672473867596,0.8780487804878049,-0.0696864111498257,0.0766550522648083,19.8829288482666,0.2996515679442508,0.15934065934065933,0.14285714285714285,-0.016483516483516484,0.3021978021978022
A9A498,MIF-ST,6,Archaea,Neutral,287,104.5971731707317,8.940233802795412,7.540379687053885,0.1114982578397212,0.1428571428571428,0.3480836236933798,0.0418118466898954,26.84494773519163,0.048780487804878,0.2752613240418118,0.8641114982578397,0.1672473867595818,0.0869966937916754,17.586528778076172,0.2996515679442508,0.1888111888111888,0.25874125874125875,0.06293706293706294,0.44755244755244755
A9A498,MIF-ST,7,Archaea,Neutral,287,104.41445958188152,7.346235084533691,0.4001002338168362,0.1184668989547038,0.1219512195121951,0.3473867595818815,0.0522648083623693,19.18919860627177,0.0452961672473867,0.2996515679442509,0.9128919860627178,0.2090592334494774,0.0649282529691656,23.542369842529297,0.2996515679442508,0.16145833333333334,0.171875,0.010416666666666666,0.33333333333333337
A0A1D8PCG7,MIF-ST,0,Eukaryota,Bottom,87,117.8479068965517,9.222411918640136,4.498201519027338,0.160919540229885,0.2183908045977011,-0.9022988505747126,0.1379310344827586,20.979310344827585,0.0229885057471264,0.1494252873563218,0.8505747126436781,0.0,0.1836386494252873,13.712142944335938,0.2988505747126437,0.21311475409836064,0.3114754098360656,0.09836065573770492,0.5245901639344263
A0A1D8PCG7,MIF-ST,1,Eukaryota,Bottom,87,100.31896436781608,5.19976749420166,-1.199714951694537,0.1264367816091954,0.1149425287356321,0.1758620689655172,0.057471264367816,-4.218390804597703,0.0,0.4482758620689655,0.7241379310344829,-0.2873563218390805,0.1419188365001172,15.136178970336914,0.2988505747126437,0.12658227848101267,0.12658227848101267,0.0,0.25316455696202533
A0A1D8PCG7,MIF-ST,2,Eukaryota,Bottom,87,107.91661609195404,4.808203697204591,-2.509244585352146,0.1149425287356321,0.0919540229885057,0.4149425287356322,0.0919540229885057,15.55172413793104,0.0229885057471264,0.3103448275862069,0.8620689655172414,-0.5172413793103449,0.2213488843813387,12.812137603759766,0.2988505747126437,0.13846153846153847,0.1076923076923077,-0.03076923076923077,0.24615384615384617
A0A1D8PCG7,MIF-ST,3,Eukaryota,Bottom,87,93.73348850574712,4.379239845275879,-3.198074567283321,0.1034482758620689,0.0689655172413793,0.3896551724137931,0.0229885057471264,-7.358620689655172,0.0,0.5517241379310345,0.9770114942528736,0.8620689655172413,0.0491118077324973,32.03708267211914,0.2988505747126437,0.10344827586206896,0.06896551724137931,-0.034482758620689655,0.1724137931034483
A0A1D8PCG7,MIF-ST,4,Eukaryota,Bottom,87,107.29925747126435,9.537984657287598,9.45742981873356,0.1149425287356321,0.2298850574712643,-0.3321839080459769,0.057471264367816,21.35057471264367,0.0114942528735632,0.2758620689655172,0.7931034482758621,-0.4482758620689655,0.1607178866706997,12.36492156982422,0.2988505747126437,0.13559322033898305,0.3220338983050847,0.1864406779661017,0.4576271186440678
A0A1D8PCG7,MIF-ST,5,Eukaryota,Bottom,87,118.35723218390804,9.235627937316895,8.443711563437285,0.160919540229885,0.264367816091954,-0.8632183908045976,0.1264367816091954,21.811494252873555,0.0114942528735632,0.1264367816091954,0.8275862068965517,-0.4367816091954023,0.2324057269610808,13.324081420898438,0.2988505747126437,0.14285714285714285,0.3492063492063492,0.20634920634920634,0.49206349206349204
A0A1D8PCG7,MIF-ST,6,Eukaryota,Bottom,87,117.77792528735633,10.55503787994385,7.481672884672932,0.160919540229885,0.2528735632183908,-0.7206896551724138,0.0689655172413793,38.81379310344825,0.0459770114942528,0.1954022988505747,0.8390804597701149,-0.5632183908045978,0.2590744101633394,14.196416854858398,0.2988505747126437,0.15714285714285714,0.2857142857142857,0.12857142857142856,0.44285714285714284
A0A1D8PCG7,MIF-ST,7,Eukaryota,Bottom,87,97.98364022988504,4.0500284194946286,-3.4951722685992777,0.0459770114942528,0.0114942528735632,0.9114942528735632,0.057471264367816,23.570114942528736,0.0114942528735632,0.5057471264367817,0.7816091954022989,0.6206896551724138,0.0697492163009404,13.76777458190918,0.2988505747126437,0.05333333333333334,0.013333333333333334,-0.04,0.06666666666666667
O28542,MIF-ST,0,Archaea,Top,340,108.78934852941175,8.450016212463382,4.39517668451343,0.1029411764705882,0.1176470588235294,0.0720588235294117,0.1029411764705882,22.357647058823517,0.0323529411764705,0.3,0.8500000000000001,0.0441176470588235,0.0692943255040532,26.190855026245117,0.3,0.1336206896551724,0.15948275862068967,0.02586206896551724,0.2931034482758621
O28542,MIF-ST,1,Archaea,Top,340,113.29433058823533,9.140666007995604,16.430879465714625,0.1558823529411764,0.2058823529411765,-0.2808823529411764,0.088235294117647,16.599411764705874,0.0264705882352941,0.1911764705882352,0.8882352941176471,0.1529411764705882,0.0596035099122521,25.38099670410156,0.3,0.19753086419753085,0.2839506172839506,0.08641975308641975,0.48148148148148145
O28542,MIF-ST,2,Archaea,Top,340,112.59768941176472,9.180314064025882,16.620762477176278,0.1647058823529411,0.2205882352941176,-0.4529411764705882,0.088235294117647,22.4615,0.0235294117647058,0.2117647058823529,0.8441176470588234,-0.1794117647058823,0.0894645262685226,25.332944869995117,0.3,0.1991869918699187,0.2926829268292683,0.08536585365853659,0.49186991869918695
O28542,MIF-ST,3,Archaea,Top,340,114.61504264705884,9.675237846374516,38.45033751303225,0.1676470588235294,0.2823529411764706,-0.6173529411764707,0.0794117647058823,3.1611764705882353,0.0294117647058823,0.1529411764705882,0.8205882352941176,-0.0852941176470588,0.0684652278177458,30.061614990234375,0.3,0.19245283018867926,0.35471698113207545,0.16226415094339622,0.5471698113207547
O28542,MIF-ST,4,Archaea,Top,340,114.0540505882353,9.517290306091308,39.567706748826936,0.0823529411764705,0.2,-0.6905882352941176,0.1294117647058823,28.586470588235276,0.0176470588235294,0.2147058823529412,0.7794117647058824,-0.5794117647058824,0.0423743669653291,29.40296745300293,0.3,0.08414239482200647,0.2168284789644013,0.13268608414239483,0.30097087378640774
O28542,MIF-ST,5,Archaea,Top,340,112.79920735294117,8.819548988342287,9.528011876475126,0.1617647058823529,0.1941176470588235,-0.2908823529411764,0.0794117647058823,27.590294117647055,0.0352941176470588,0.188235294117647,0.9058823529411764,-0.1235294117647058,0.0911110072009726,25.207611083984375,0.3,0.24509803921568626,0.29411764705882354,0.049019607843137254,0.5392156862745098
O28542,MIF-ST,6,Archaea,Top,340,110.62568058823533,9.415430259704593,19.475863304933917,0.1529411764705882,0.2117647058823529,-0.3626470588235294,0.0764705882352941,4.92794117647059,0.038235294117647,0.2352941176470588,0.7823529411764706,-0.288235294117647,0.0702546998180715,30.803422927856445,0.3,0.17346938775510204,0.24149659863945577,0.06802721088435375,0.41496598639455784
O28542,MIF-ST,7,Archaea,Top,340,112.14710058823528,9.44985637664795,22.54406313246361,0.1205882352941176,0.1911764705882352,-0.3517647058823529,0.1264705882352941,16.358558823529407,0.0411764705882352,0.2470588235294117,0.8676470588235294,-0.1911764705882352,0.0881996743334011,24.521528244018555,0.3,0.1589958158995816,0.26359832635983266,0.10460251046025104,0.4225941422594143
Q8TY15,MIF-ST,0,Archaea,Top,361,110.53194238227148,9.160070991516116,16.655293863974862,0.1301939058171745,0.1772853185595568,-0.4650969529085872,0.0720221606648199,11.619113573407194,0.0498614958448753,0.2271468144044321,0.8088642659279779,0.0221606648199445,0.0243072236816551,28.636138916015625,0.299168975069252,0.140625,0.196875,0.05625,0.3375
Q8TY15,MIF-ST,1,Archaea,Top,361,112.0153761772853,9.275791740417482,19.41055444279565,0.1218836565096952,0.1772853185595568,-0.4177285318559556,0.1218836565096952,6.879252077562325,0.0443213296398892,0.2188365650969529,0.8116343490304709,-0.2022160664819945,0.0513237907097372,26.587574005126953,0.299168975069252,0.13541666666666666,0.2222222222222222,0.08680555555555555,0.35763888888888884
Q8TY15,MIF-ST,2,Archaea,Top,361,109.3625515235457,9.75227756500244,20.486333901438112,0.074792243767313,0.1329639889196676,-0.0232686980609418,0.0803324099722991,22.35180055401661,0.0498614958448753,0.2465373961218837,0.8448753462603877,-0.4404432132963988,0.0560249307479224,26.58883476257324,0.299168975069252,0.09230769230769231,0.18461538461538463,0.09230769230769231,0.27692307692307694
Q8TY15,MIF-ST,3,Archaea,Top,361,107.01827229916896,9.331363487243651,16.38247486129941,0.0692520775623268,0.1163434903047091,0.0936288088642659,0.074792243767313,18.10997229916897,0.0554016620498615,0.2686980609418282,0.8254847645429364,-0.3047091412742382,0.0699702472555658,22.596698760986328,0.299168975069252,0.09012875536480687,0.17167381974248927,0.0815450643776824,0.26180257510729615
Q8TY15,MIF-ST,4,Archaea,Top,361,111.33343434903048,9.290297126770016,21.641499925995817,0.0997229916897506,0.1689750692520775,-0.4279778393351801,0.0803324099722991,24.803074792243756,0.0526315789473684,0.2132963988919667,0.8725761772853187,-0.3739612188365651,0.0676461569644462,26.70640563964844,0.299168975069252,0.13409961685823754,0.23371647509578544,0.08812260536398467,0.367816091954023
Q8TY15,MIF-ST,5,Archaea,Top,361,103.22798919667588,9.80178928375244,14.448813652930966,0.0249307479224376,0.0664819944598337,0.6947368421052632,0.0969529085872576,17.82825484764542,0.077562326869806,0.3490304709141274,0.8060941828254848,-0.1191135734072022,0.039032418138077,27.786359786987305,0.299168975069252,0.02711864406779661,0.08135593220338982,0.05423728813559322,0.10847457627118644
Q8TY15,MIF-ST,6,Archaea,Top,361,106.99412465373962,9.480478858947755,12.406225809247656,0.0470914127423822,0.0831024930747922,0.5980609418282549,0.1163434903047091,23.729362880886423,0.0637119113573407,0.332409972299169,0.8587257617728532,0.2659279778393351,0.0388234547799792,27.32534408569336,0.299168975069252,0.05537459283387622,0.09771986970684039,0.04234527687296417,0.15309446254071662
Q8TY15,MIF-ST,7,Archaea,Top,361,109.19616897506924,9.175865745544431,17.445816276890213,0.1052631578947368,0.1578947368421052,-0.1307479224376731,0.0941828254847645,23.74072022160664,0.0554016620498615,0.2548476454293629,0.8227146814404432,-0.0470914127423822,0.0432145612770209,26.88685607910156,0.299168975069252,0.1267123287671233,0.1917808219178082,0.06164383561643835,0.3184931506849315
B1YC30,MIF-ST,0,Archaea,Neutral,262,112.39859465648854,9.25986804962158,22.65421143847301,0.1717557251908397,0.2595419847328244,-0.8114503816793893,0.0610687022900763,21.647709923664113,0.0458015267175572,0.2137404580152671,0.7900763358778626,0.1870229007633587,0.0958140250350914,23.43130111694336,0.3015267175572519,0.2,0.315,0.115,0.515
B1YC30,MIF-ST,1,Archaea,Neutral,262,107.9823103053435,9.35083293914795,15.42436020297218,0.0954198473282442,0.1564885496183206,-0.2213740458015267,0.0954198473282442,22.56030534351143,0.0419847328244274,0.2900763358778626,0.8549618320610687,0.2519083969465648,0.0380432071047248,25.295665740966797,0.3015267175572519,0.1,0.17083333333333334,0.07083333333333333,0.27083333333333337
B1YC30,MIF-ST,2,Archaea,Neutral,262,110.74627175572518,8.817228126525883,6.664949774205695,0.0305343511450381,0.0572519083969465,0.5030534351145037,0.1335877862595419,28.305725190839695,0.049618320610687,0.3015267175572519,0.7938931297709924,0.5725190839694656,0.0222004342040759,26.205785751342773,0.3015267175572519,0.029288702928870293,0.06276150627615062,0.03347280334728033,0.09205020920502091
B1YC30,MIF-ST,3,Archaea,Neutral,262,111.00980458015268,9.714756965637209,28.335098017429495,0.0343511450381679,0.1450381679389313,-0.1843511450381679,0.0877862595419847,27.28053435114504,0.0381679389312977,0.2557251908396946,0.7748091603053435,-0.4083969465648855,0.0765213091448527,26.029815673828125,0.3015267175572519,0.037037037037037035,0.1522633744855967,0.11522633744855967,0.18930041152263374
B1YC30,MIF-ST,4,Archaea,Neutral,262,109.7316816793893,9.314408302307127,32.174799786563185,0.0916030534351145,0.2175572519083969,-0.1030534351145038,0.049618320610687,21.5385496183206,0.0419847328244274,0.2137404580152671,0.7557251908396947,0.4427480916030535,0.0541101102083895,23.3284969329834,0.3015267175572519,0.10747663551401869,0.2616822429906542,0.1542056074766355,0.3691588785046729
B1YC30,MIF-ST,5,Archaea,Neutral,262,113.04838854961832,9.33781032562256,17.747264722726705,0.2099236641221374,0.2786259541984733,-1.164885496183206,0.0801526717557251,0.1687022900763354,0.0419847328244274,0.2213740458015267,0.7977099236641221,-0.2786259541984732,0.039803707742639,35.14751052856445,0.3015267175572519,0.22357723577235772,0.2926829268292683,0.06910569105691057,0.516260162601626
B1YC30,MIF-ST,6,Archaea,Neutral,262,109.71459122137404,8.834892463684085,9.684034653913791,0.148854961832061,0.1870229007633587,-0.3965648854961832,0.0801526717557251,27.34809160305342,0.049618320610687,0.2709923664122137,0.8435114503816794,0.1183206106870229,0.0618068100149563,24.73166847229004,0.3015267175572519,0.18686868686868688,0.2474747474747475,0.06060606060606061,0.43434343434343436
B1YC30,MIF-ST,7,Archaea,Neutral,262,110.51862938931296,9.4071138381958,19.64135506394961,0.0610687022900763,0.1374045801526717,-0.5076335877862596,0.0458015267175572,38.34923664122136,0.0343511450381679,0.2213740458015267,0.7366412213740459,-0.1488549618320611,0.1072654283753146,20.958906173706055,0.3015267175572519,0.05853658536585366,0.17560975609756097,0.11707317073170732,0.23414634146341462
P80505,MIF-ST,0,Bacteria,Bottom,337,109.36488427299705,9.846852684020996,44.25568629616347,0.0326409495548961,0.1661721068249258,-0.0664688427299703,0.0830860534124629,26.25044510385757,0.0207715133531157,0.2700296735905044,0.8160237388724036,-0.3056379821958457,0.0592703064221029,27.764217376708984,0.2997032640949555,0.03859649122807018,0.19649122807017544,0.15789473684210525,0.23508771929824562
P80505,MIF-ST,1,Bacteria,Bottom,337,106.92357655786348,10.107498359680177,35.532897875834315,0.0504451038575667,0.1602373887240356,-0.3252225519287833,0.0504451038575667,21.90089020771513,0.0415430267062314,0.2997032640949555,0.7448071216617211,-0.4540059347181009,0.0645804221110003,23.443235397338867,0.2997032640949555,0.052,0.212,0.156,0.264
P80505,MIF-ST,2,Bacteria,Bottom,337,106.81303887240357,9.171610832214355,13.481194703712596,0.0919881305637982,0.1394658753709198,-0.173887240356083,0.0741839762611275,22.02166172106824,0.0356083086053412,0.2908011869436201,0.7596439169139466,-0.0356083086053412,0.0434506146672318,26.28567695617676,0.2997032640949555,0.09602649006622517,0.15562913907284767,0.052980132450331126,0.25165562913907286
P80505,MIF-ST,3,Bacteria,Bottom,337,108.25304599406527,10.0177583694458,37.38233242555386,0.0207715133531157,0.1335311572700296,-0.0044510385756676,0.0919881305637982,17.864391691394644,0.029673590504451,0.314540059347181,0.7833827893175074,-0.0652818991097922,0.081114730966363,24.97045135498047,0.2997032640949555,0.02247191011235955,0.1647940074906367,0.14232209737827714,0.18726591760299624
P80505,MIF-ST,4,Bacteria,Bottom,337,111.3780771513353,9.809267616271974,39.253046255867375,0.0830860534124629,0.201780415430267,-0.5922848664688427,0.086053412462908,11.230563798219585,0.0267062314540059,0.2640949554896142,0.7833827893175074,-0.3086053412462908,0.0528769522513498,28.52462577819824,0.2997032640949555,0.10181818181818182,0.24363636363636362,0.14181818181818182,0.34545454545454546
P80505,MIF-ST,5,Bacteria,Bottom,337,110.50552136498516,9.143567085266112,14.447929469029916,0.0563798219584569,0.1038575667655786,0.0178041543026706,0.1661721068249258,22.646617210682475,0.0326409495548961,0.3175074183976261,0.8011869436201781,0.0652818991097923,0.0499505440158259,26.435333251953125,0.2997032640949555,0.06333333333333334,0.11666666666666667,0.05,0.18
P80505,MIF-ST,6,Bacteria,Bottom,337,114.27209139465874,9.704506492614744,48.22506556575907,0.0326409495548961,0.1780415430267062,-0.3697329376854599,0.1335311572700296,17.047774480712157,0.0178041543026706,0.2136498516320474,0.8753709198813057,-0.6498516320474778,0.0672630222076113,28.35626220703125,0.2997032640949555,0.026845637583892617,0.19798657718120805,0.17114093959731544,0.22483221476510065
P80505,MIF-ST,7,Bacteria,Bottom,337,107.2507940652819,9.671821022033694,25.3815506410697,0.0445103857566765,0.1216617210682492,-0.2976261127596439,0.0949554896142433,30.642729970326393,0.0178041543026706,0.3353115727002967,0.7210682492581603,-0.1572700296735905,0.0779044394523581,24.63711929321289,0.2997032640949555,0.05511811023622047,0.15748031496062992,0.10236220472440945,0.2125984251968504
Q9N2D5,MIF-ST,0,Eukaryota,Neutral,333,104.39036366366366,8.892914009094238,5.473557668496596,0.1081081081081081,0.1261261261261261,0.2075075075075075,0.06006006006006,12.607807807807808,0.033033033033033,0.3303303303303303,0.8408408408408408,-0.3843843843843844,0.0837038588976573,28.217668533325195,0.3003003003003003,0.12413793103448276,0.14482758620689656,0.020689655172413793,0.2689655172413793
Q9N2D5,MIF-ST,1,Eukaryota,Neutral,333,107.45911741741745,9.21467571258545,13.365474279387804,0.045045045045045,0.0870870870870871,0.2228228228228228,0.0960960960960961,28.86516516516516,0.021021021021021,0.3273273273273273,0.7597597597597597,-0.1831831831831831,0.0411612730048484,26.73465919494629,0.3003003003003003,0.05154639175257732,0.09278350515463918,0.041237113402061855,0.14432989690721648
Q9N2D5,MIF-ST,2,Eukaryota,Neutral,333,110.64722672672671,9.456045341491702,26.36991187533892,0.1111111111111111,0.1921921921921922,-0.4144144144144144,0.0960960960960961,4.081381381381379,0.018018018018018,0.2972972972972973,0.8648648648648648,-0.4384384384384384,0.0539250907349066,27.23247718811035,0.3003003003003003,0.11864406779661017,0.21694915254237288,0.09830508474576272,0.33559322033898303
Q9N2D5,MIF-ST,3,Eukaryota,Neutral,333,109.23216006006008,9.360180854797363,22.745804035565044,0.1531531531531531,0.2252252252252252,-0.4366366366366366,0.063063063063063,1.9129129129129152,0.018018018018018,0.2582582582582582,0.8378378378378378,-0.2972972972972972,0.0436590436590436,27.133634567260746,0.3003003003003003,0.16286644951140064,0.24429967426710097,0.0781758957654723,0.4071661237785016
Q9N2D5,MIF-ST,4,Eukaryota,Neutral,333,107.41057327327329,9.152334785461427,9.488494475767062,0.1351351351351351,0.1651651651651652,-0.2927927927927928,0.072072072072072,2.0492492492492507,0.021021021021021,0.3153153153153153,0.8588588588588588,-0.1801801801801801,0.0527851795457429,27.432485580444336,0.3003003003003003,0.15384615384615385,0.19230769230769232,0.038461538461538464,0.34615384615384615
Q9N2D5,MIF-ST,5,Eukaryota,Neutral,333,111.732815015015,10.064820289611816,38.462648496948184,0.0780780780780781,0.1951951951951951,-0.8876876876876878,0.081081081081081,13.867567567567562,0.015015015015015,0.2342342342342342,0.6846846846846847,-0.4564564564564565,0.0383665518800653,33.38729476928711,0.3003003003003003,0.08038585209003216,0.2090032154340836,0.12861736334405144,0.28938906752411575
Q9N2D5,MIF-ST,6,Eukaryota,Neutral,333,108.85311621621622,9.389127159118653,12.399907241835429,0.1231231231231231,0.1621621621621621,-0.3456456456456456,0.0960960960960961,-0.3198198198198188,0.027027027027027,0.3153153153153153,0.8288288288288288,-0.1861861861861862,0.0474240474240474,26.02591896057129,0.3003003003003003,0.15037593984962405,0.19548872180451127,0.045112781954887216,0.3458646616541353
Q9N2D5,MIF-ST,7,Eukaryota,Neutral,333,111.29461801801804,9.023075675964352,15.339874729825604,0.1021021021021021,0.1501501501501501,0.0513513513513513,0.1231231231231231,18.70090090090088,0.012012012012012,0.2582582582582582,0.8558558558558558,-0.4654654654654654,0.0478745076735026,26.186906814575195,0.3003003003003003,0.11272727272727273,0.17454545454545456,0.06181818181818182,0.2872727272727273
Q6DIY2,MIF-ST,0,Eukaryota,Bottom,179,118.32187541899442,5.327598381042479,-3.1322453675061617,0.1675977653631284,0.1564245810055866,-0.6474860335195531,0.1508379888268156,25.723519553072617,0.0502793296089385,0.2625698324022346,0.7150837988826816,0.0782122905027933,0.070012228163138,17.562673568725586,0.3016759776536313,0.18382352941176472,0.18382352941176472,-0.007352941176470588,0.36764705882352944
Q6DIY2,MIF-ST,1,Eukaryota,Bottom,179,113.88361005586592,9.6092866897583,11.58827012727092,0.1173184357541899,0.1899441340782122,-0.7145251396648045,0.1005586592178771,34.85865921787709,0.0670391061452514,0.2234636871508379,0.776536312849162,-0.3966480446927374,0.0545454545454545,23.36721992492676,0.3016759776536313,0.11931818181818182,0.1875,0.06818181818181818,0.3068181818181818
Q6DIY2,MIF-ST,2,Eukaryota,Bottom,179,117.6982217877095,9.274115562438965,7.67580081391397,0.1620111731843575,0.217877094972067,-0.8212290502793296,0.1117318435754189,32.589385474860315,0.0614525139664804,0.1955307262569832,0.7597765363128491,-0.2346368715083798,0.1714129990461916,18.1287784576416,0.3016759776536313,0.16176470588235295,0.2867647058823529,0.11029411764705882,0.44852941176470584
Q6DIY2,MIF-ST,3,Eukaryota,Bottom,179,114.92053631284917,9.995710182189942,10.585334728472912,0.0782122905027933,0.1452513966480447,-0.041340782122905,0.1396648044692737,27.827374301675967,0.0558659217877094,0.2793296089385474,0.9217877094972068,0.6424581005586592,0.0661492065061551,17.921430587768555,0.3016759776536313,0.10084033613445378,0.20168067226890757,0.09243697478991597,0.3025210084033614
Q6DIY2,MIF-ST,4,Eukaryota,Bottom,179,112.55053296089385,8.83179798126221,1.7535802103666107,0.1229050279329608,0.1564245810055866,-0.2083798882681564,0.100558659217877,44.933519553072614,0.0558659217877094,0.3351955307262569,0.6927374301675978,0.1005586592178771,0.0767242729598496,17.707622528076172,0.3016759776536313,0.125,0.19117647058823528,0.051470588235294115,0.3161764705882353
Q6DIY2,MIF-ST,5,Eukaryota,Bottom,179,118.4356279329609,10.13173847198486,16.452318477423162,0.0782122905027933,0.1731843575418994,-0.5603351955307262,0.1396648044692737,36.142458100558656,0.0670391061452514,0.2513966480446927,0.8044692737430168,-0.2569832402234637,0.1533941182671023,18.48661422729492,0.3016759776536313,0.08275862068965517,0.21379310344827587,0.1310344827586207,0.29655172413793107
Q6DIY2,MIF-ST,6,Eukaryota,Bottom,179,121.9731497206704,10.760949897766114,18.44274002719684,0.0893854748603351,0.1955307262569832,-0.3720670391061452,0.1340782122905028,44.763687150837974,0.0446927374301675,0.1731843575418994,0.8156424581005586,-0.4804469273743016,0.1540333502624005,17.970853805541992,0.3016759776536313,0.10218978102189781,0.24817518248175183,0.145985401459854,0.35036496350364965
Q6DIY2,MIF-ST,7,Eukaryota,Bottom,179,115.33792067039106,11.6145112991333,13.381034937852496,0.0391061452513966,0.1173184357541899,-0.0564245810055866,0.1620111731843575,36.40335195530728,0.0558659217877094,0.3407821229050279,0.8547486033519553,0.4748603351955307,0.0434771363542313,19.929845809936523,0.3016759776536313,0.043478260869565216,0.13043478260869565,0.08695652173913043,0.17391304347826086
G0HQ35,MIF-ST,0,Archaea,Bottom,358,113.5594843575419,9.312732124328612,26.699901747570685,0.164804469273743,0.2402234636871508,-0.9198324022346368,0.1368715083798882,12.943016759776528,0.0418994413407821,0.2346368715083799,0.8016759776536313,-0.5391061452513966,0.0305806349122296,34.204105377197266,0.3016759776536313,0.1710914454277286,0.2536873156342183,0.08259587020648967,0.4247787610619469
G0HQ35,MIF-ST,1,Archaea,Bottom,358,110.8548991620112,9.390545463562011,28.72458326069375,0.1368715083798882,0.217877094972067,-0.8921787709497206,0.1033519553072625,26.199189944134055,0.0446927374301675,0.2653631284916201,0.7597765363128491,-0.3184357541899442,0.0474614229813206,27.168832778930664,0.3016759776536313,0.1522491349480969,0.2629757785467128,0.11072664359861592,0.41522491349480967
G0HQ35,MIF-ST,2,Archaea,Bottom,358,112.26742625698326,9.765171241760251,32.4631662315454,0.1089385474860335,0.2011173184357542,-1.2790502793296088,0.0810055865921787,12.95251396648044,0.0391061452513966,0.2234636871508379,0.6703910614525139,-0.5307262569832403,0.0300279329608938,37.468143463134766,0.3016759776536313,0.11048158640226628,0.20396600566572237,0.09348441926345609,0.31444759206798867
G0HQ35,MIF-ST,3,Archaea,Bottom,358,109.5671055865922,9.379005622863769,20.771388283260755,0.1452513966480447,0.2039106145251396,-0.8145251396648043,0.111731843575419,9.359525139664798,0.0391061452513966,0.3212290502793296,0.8184357541899442,-0.2374301675977653,0.0357372608769256,30.60697364807129,0.3016759776536313,0.14556962025316456,0.22784810126582278,0.08227848101265822,0.37341772151898733
G0HQ35,MIF-ST,4,Archaea,Bottom,358,120.55823603351956,9.801466941833493,43.32289405863804,0.1033519553072625,0.2262569832402234,-0.8332402234636872,0.1703910614525139,41.98156424581006,0.047486033519553,0.2150837988826815,0.7625698324022346,-0.6452513966480448,0.0457685776873323,28.497234344482425,0.3016759776536313,0.12121212121212122,0.265993265993266,0.1447811447811448,0.3872053872053872
G0HQ35,MIF-ST,5,Archaea,Bottom,358,115.17933798882682,9.202813529968264,29.27154559113131,0.1508379888268156,0.2346368715083799,-0.923463687150838,0.1480446927374301,16.2276815642458,0.0307262569832402,0.2374301675977653,0.770949720670391,-0.1675977653631284,0.0399635598783543,32.15083312988281,0.3016759776536313,0.17096774193548386,0.26129032258064516,0.09032258064516129,0.432258064516129
G0HQ35,MIF-ST,6,Archaea,Bottom,358,112.4645245810056,9.245169258117674,17.74905745442942,0.2011173184357542,0.2513966480446927,-1.246927374301676,0.0893854748603352,4.281564245810056,0.047486033519553,0.2318435754189944,0.7430167597765364,-0.3910614525139665,0.0482774674115456,36.147499084472656,0.3016759776536313,0.21036585365853658,0.27439024390243905,0.06402439024390244,0.4847560975609756
G0HQ35,MIF-ST,7,Archaea,Bottom,358,113.95661592178772,9.532053565979004,39.32703565626919,0.1675977653631284,0.2793296089385474,-0.9835195530726256,0.0921787709497206,13.34748603351954,0.0279329608938547,0.2067039106145251,0.8519553072625698,-0.270949720670391,0.0498356884653302,31.41924476623535,0.3016759776536313,0.1864951768488746,0.3183279742765273,0.13183279742765272,0.5048231511254019
Q8DLT5,MIF-ST,0,Bacteria,Neutral,449,108.51504721603564,9.296743965148927,19.7787846426547,0.1469933184855233,0.1915367483296214,-0.2603563474387527,0.064587973273942,2.6253897550111387,0.0311804008908685,0.2694877505567928,0.8151447661469933,-0.2895322939866369,0.0386647969424509,33.51705551147461,0.3006681514476614,0.16621253405994552,0.23160762942779292,0.0653950953678474,0.3978201634877384
Q8DLT5,MIF-ST,1,Bacteria,Neutral,449,112.56796792873052,9.911450004577636,70.7377954656026,0.1069042316258351,0.267260579064588,-0.5623608017817372,0.0623608017817371,3.0028953229398545,0.0423162583518931,0.1870824053452116,0.8240534521158129,-0.6013363028953229,0.0615094020467424,35.600372314453125,0.3006681514476614,0.1065989847715736,0.29949238578680204,0.19035532994923857,0.40609137055837563
Q8DLT5,MIF-ST,2,Bacteria,Neutral,449,116.99064097995546,9.72765064239502,60.3140093265867,0.0868596881959911,0.2227171492204899,-0.7467706013363029,0.1403118040089087,21.56236080178172,0.0467706013363029,0.1714922048997773,0.8507795100222717,-0.5256124721603563,0.1617102196683529,31.803056716918945,0.3006681514476614,0.095,0.2275,0.1325,0.3225
Q8DLT5,MIF-ST,3,Bacteria,Neutral,449,111.1365031180401,9.467004966735844,25.671599487287608,0.1046770601336302,0.1625835189309576,-0.3111358574610244,0.0913140311804008,14.07706013363028,0.0378619153674833,0.2293986636971046,0.8262806236080178,-0.55456570155902,0.0499401925919362,32.946983337402344,0.3006681514476614,0.11369509043927649,0.1834625322997416,0.06976744186046512,0.2971576227390181
Q8DLT5,MIF-ST,4,Bacteria,Neutral,449,111.02800334075724,9.701798820495604,44.75484285717306,0.133630289532294,0.2338530066815144,-0.767260579064588,0.0556792873051225,12.225835189309564,0.0423162583518931,0.1959910913140312,0.7416481069042317,-0.2516703786191536,0.0441596942153735,37.938018798828125,0.3006681514476614,0.1485148514851485,0.25742574257425743,0.10891089108910891,0.40594059405940597
Q8DLT5,MIF-ST,5,Bacteria,Neutral,449,111.31323251670378,9.55829219818115,41.78170756019493,0.131403118040089,0.2271714922048997,-0.7734966592427617,0.0512249443207126,4.1102449888641415,0.0356347438752784,0.1893095768374164,0.6971046770601337,-0.198218262806236,0.0506735052252869,33.54963684082031,0.3006681514476614,0.1497326203208556,0.2700534759358289,0.11764705882352941,0.4197860962566845
Q8DLT5,MIF-ST,6,Bacteria,Neutral,449,114.52310556792874,10.06108112335205,96.36801391397964,0.1469933184855233,0.3630289532293987,-1.051224944320713,0.0445434298440979,-4.1915367483296215,0.0334075723830735,0.1492204899777283,0.888641425389755,-0.4209354120267261,0.0337530615896205,37.5035400390625,0.3006681514476614,0.16129032258064516,0.39950372208436724,0.23821339950372208,0.5607940446650124
Q8DLT5,MIF-ST,7,Bacteria,Neutral,449,110.8277062360802,9.90854892730713,51.34643989346474,0.0935412026726057,0.2093541202672605,-0.4363028953229398,0.0890868596881959,3.337416481069046,0.0334075723830735,0.2672605790645879,0.755011135857461,-0.3897550111358575,0.0359140591119245,37.15645980834961,0.3006681514476614,0.09219858156028368,0.2198581560283688,0.1276595744680851,0.3120567375886525
O67786,ProteinMPNN_v002,0,Bacteria,Top,223,116.29484349775784,4.980482673645019,-12.167716549018929,0.2062780269058295,0.1659192825112107,-0.415695067264574,0.116591928251121,39.296905829596405,0.0538116591928251,0.1748878923766816,0.8565022421524663,0.3363228699551569,0.1166191884634781,19.3261775970459,0.3004484304932735,0.2898550724637681,0.2391304347826087,-0.06521739130434782,0.5289855072463768
O67786,ProteinMPNN_v002,1,Bacteria,Top,223,115.79636995515696,4.889483451843262,-13.257585200197823,0.2152466367713004,0.1659192825112107,-0.3704035874439462,0.1076233183856502,37.981210762331834,0.0538116591928251,0.179372197309417,0.9237668161434978,0.4304932735426008,0.1593918327274657,19.591140747070312,0.3004484304932735,0.3181818181818182,0.24242424242424243,-0.09090909090909091,0.5606060606060606
O67786,ProteinMPNN_v002,2,Bacteria,Top,223,115.47745739910312,4.922052192687987,-12.25952842101288,0.2062780269058296,0.1614349775784753,-0.3408071748878923,0.1031390134529148,35.990627802690575,0.0538116591928251,0.1883408071748878,0.8789237668161435,0.4125560538116591,0.0924905687237525,18.94349479675293,0.3004484304932735,0.3153846153846154,0.23076923076923078,-0.09230769230769231,0.5461538461538462
O67786,ProteinMPNN_v002,3,Bacteria,Top,223,115.05493587443948,4.645587348937989,-19.24511302899925,0.2197309417040359,0.1434977578475336,-0.2582959641255605,0.0941704035874439,45.36372197309417,0.0538116591928251,0.1838565022421524,0.8251121076233183,0.2600896860986547,0.1046830106602937,19.24467086791992,0.3004484304932735,0.3106060606060606,0.20454545454545456,-0.11363636363636363,0.5151515151515151
O67786,ProteinMPNN_v002,4,Bacteria,Top,223,115.04286143497755,5.209714317321777,-7.273337210997248,0.1928251121076233,0.1704035874439461,-0.3210762331838565,0.0941704035874439,35.97403587443946,0.0538116591928251,0.1838565022421524,0.8699551569506727,0.242152466367713,0.1762316739895215,20.195554733276367,0.3004484304932735,0.2534246575342466,0.2328767123287671,-0.03424657534246575,0.4863013698630137
O67786,ProteinMPNN_v002,5,Bacteria,Top,223,115.39713139013452,5.07114086151123,-9.273371992380198,0.2017937219730942,0.1704035874439461,-0.3762331838565023,0.1076233183856502,31.49286995515694,0.0538116591928251,0.1838565022421524,0.8609865470852018,0.3946188340807175,0.17618282535191,18.61227226257324,0.3004484304932735,0.32231404958677684,0.2727272727272727,-0.06611570247933884,0.5950413223140496
O67786,ProteinMPNN_v002,6,Bacteria,Top,223,115.15879641255606,4.86095027923584,-13.263755064437774,0.210762331838565,0.1614349775784753,-0.3434977578475336,0.1031390134529148,34.32784753363229,0.0538116591928251,0.1838565022421524,0.8161434977578476,0.3587443946188341,0.1875040855547856,19.399991989135746,0.3004484304932735,0.31007751937984496,0.26356589147286824,-0.06201550387596899,0.5736434108527132
O67786,ProteinMPNN_v002,7,Bacteria,Top,223,115.83994887892376,4.655363655090333,-18.254289896136193,0.2152466367713004,0.1434977578475336,-0.3556053811659193,0.1121076233183856,37.03995515695066,0.0538116591928251,0.1883408071748879,0.8609865470852018,0.3228699551569507,0.1148038826133848,18.81783866882324,0.3004484304932735,0.3308270676691729,0.21052631578947367,-0.12781954887218044,0.5413533834586466
Q980U8,ProteinMPNN_v002,0,Archaea,Top,349,114.64061432664758,5.257288551330566,-11.786627236358656,0.2206303724928366,0.1977077363896848,-0.6260744985673352,0.0630372492836676,30.170200573065905,0.0343839541547277,0.1776504297994269,0.8681948424068768,0.1690544412607449,0.028185000277802,28.50467872619629,0.3008595988538682,0.25418060200668896,0.22073578595317725,-0.046822742474916385,0.47491638795986624
Q980U8,ProteinMPNN_v002,1,Archaea,Top,349,114.93511891117478,5.074778556823729,-16.766612165307805,0.2292263610315186,0.1919770773638968,-0.7054441260744986,0.0630372492836676,38.04584527220631,0.0343839541547277,0.1833810888252149,0.8538681948424068,0.492836676217765,0.0601429037757063,26.00164794921875,0.3008595988538682,0.2676056338028169,0.22887323943661972,-0.0528169014084507,0.4964788732394366
Q980U8,ProteinMPNN_v002,2,Archaea,Top,349,114.89948338108884,4.625693702697753,-31.833939868856127,0.2406876790830945,0.157593123209169,-0.566189111747851,0.0659025787965616,44.0025787965616,0.0372492836676217,0.1891117478510028,0.8567335243553009,0.335243553008596,0.028761540910538,27.06830406188965,0.3008595988538682,0.29411764705882354,0.19852941176470587,-0.10661764705882353,0.49264705882352944
Q980U8,ProteinMPNN_v002,3,Archaea,Top,349,114.64006905444128,5.165720939636229,-13.808194860068696,0.2206303724928366,0.1919770773638968,-0.602865329512894,0.0630372492836676,35.35014326647566,0.0401146131805157,0.1919770773638968,0.828080229226361,0.4154727793696274,0.0275894351612811,28.81692695617676,0.3008595988538682,0.26595744680851063,0.23049645390070922,-0.04964539007092199,0.49645390070921985
Q980U8,ProteinMPNN_v002,4,Archaea,Top,349,114.47325501432668,4.957690238952636,-19.76727450108576,0.2263610315186246,0.1805157593123209,-0.63810888252149,0.0601719197707736,34.251862464183375,0.0372492836676217,0.1891117478510028,0.8624641833810889,0.329512893982808,0.0352579936613134,26.65215301513672,0.3008595988538682,0.2533783783783784,0.20608108108108109,-0.060810810810810814,0.4594594594594595
Q980U8,ProteinMPNN_v002,5,Archaea,Top,349,115.55659799426935,4.942230033874511,-22.570797602359,0.2406876790830945,0.1919770773638968,-0.6922636103151862,0.0573065902578796,51.39999999999998,0.0372492836676217,0.1833810888252149,0.8424068767908309,0.498567335243553,0.0289243398125919,27.11333656311035,0.3008595988538682,0.27835051546391754,0.22336769759450173,-0.07560137457044673,0.5017182130584192
Q980U8,ProteinMPNN_v002,6,Archaea,Top,349,114.22122206303725,5.052611351013183,-16.77772867048634,0.2234957020057306,0.1862464183381088,-0.66189111747851,0.0601719197707736,42.15558739255013,0.0429799426934097,0.1776504297994269,0.8681948424068768,0.2836676217765042,0.0247292221596685,27.2010440826416,0.3008595988538682,0.2611683848797251,0.20618556701030927,-0.06872852233676977,0.46735395189003437
Q980U8,ProteinMPNN_v002,7,Archaea,Top,349,113.65862636103152,5.0644338607788075,-15.783873753243356,0.2148997134670487,0.1805157593123209,-0.601432664756447,0.0601719197707736,36.18223495702005,0.0343839541547277,0.1919770773638968,0.853868194842407,0.2406876790830945,0.0341565470505298,26.91082763671875,0.3008595988538682,0.27756653992395436,0.22433460076045628,-0.06844106463878327,0.5019011406844106
O58832,ProteinMPNN_v002,0,Archaea,Top,342,114.1590798245614,5.13997287750244,-15.57479826968023,0.2017543859649122,0.1725146198830409,-0.4956140350877193,0.0760233918128654,46.541257309941514,0.0584795321637426,0.1929824561403508,0.9005847953216375,-0.0643274853801169,0.0734570238546005,24.46040153503418,0.3011695906432748,0.2955665024630542,0.270935960591133,-0.04433497536945813,0.5665024630541873
O58832,ProteinMPNN_v002,1,Archaea,Top,342,113.30965935672516,4.857710456848144,-23.52043415059852,0.2017543859649122,0.1520467836257309,-0.3780701754385965,0.0760233918128654,51.802660818713434,0.0584795321637426,0.2046783625730994,0.9298245614035088,-0.1286549707602339,0.0776841398561862,22.25824737548828,0.3011695906432748,0.32142857142857145,0.21428571428571427,-0.12755102040816327,0.5357142857142857
O58832,ProteinMPNN_v002,2,Archaea,Top,342,113.61567192982456,5.403762626647949,-9.716666045291106,0.1900584795321637,0.1754385964912281,-0.4122807017543859,0.0730994152046783,47.470789473684206,0.0584795321637426,0.2017543859649122,0.871345029239766,-0.1228070175438596,0.0776918987445303,22.140926361083984,0.3011695906432748,0.3114754098360656,0.28415300546448086,-0.04918032786885246,0.5956284153005464
O58832,ProteinMPNN_v002,3,Archaea,Top,342,114.43505701754384,5.43542194366455,-10.495058101789873,0.1900584795321637,0.1783625730994152,-0.4131578947368421,0.0760233918128654,40.36084795321637,0.0555555555555555,0.1900584795321637,0.9239766081871345,-0.1286549707602339,0.0757064868336544,23.36610221862793,0.3011695906432748,0.2676767676767677,0.2828282828282828,-0.015151515151515152,0.5505050505050505
O58832,ProteinMPNN_v002,4,Archaea,Top,342,113.60235233918128,5.144065284729003,-16.401889907541282,0.1900584795321637,0.1637426900584795,-0.431578947368421,0.067251461988304,51.318742690058464,0.0555555555555555,0.2017543859649122,0.8742690058479532,-0.1666666666666666,0.0871976498366416,23.37934112548828,0.3011695906432748,0.28780487804878047,0.23902439024390243,-0.07804878048780488,0.526829268292683
O58832,ProteinMPNN_v002,5,Archaea,Top,342,114.3551260233918,5.092739677429199,-16.605717998090853,0.1988304093567251,0.1666666666666666,-0.4485380116959064,0.0730994152046783,45.93307017543858,0.0555555555555555,0.195906432748538,0.9152046783625732,-0.067251461988304,0.0730643450204722,22.939273834228516,0.3011695906432748,0.3,0.25,-0.07,0.55
O58832,ProteinMPNN_v002,6,Archaea,Top,342,114.13638713450294,5.385176277160644,-9.971087488060933,0.1812865497076023,0.1666666666666666,-0.3850877192982456,0.0818713450292397,43.85970760233917,0.0555555555555555,0.1988304093567251,0.9093567251461988,-0.1432748538011695,0.078141059720007,22.247163772583008,0.3011695906432748,0.28205128205128205,0.26666666666666666,-0.03076923076923077,0.5487179487179488
O58832,ProteinMPNN_v002,7,Archaea,Top,342,113.96696461988304,5.300315666198729,-11.698565553810568,0.195906432748538,0.175438596491228,-0.4526315789473684,0.067251461988304,42.812017543859646,0.0555555555555555,0.1900584795321637,0.8771929824561404,-0.0760233918128654,0.0883565172591447,22.095317840576172,0.3011695906432748,0.30612244897959184,0.2602040816326531,-0.0663265306122449,0.5663265306122449
Q9Z9J6,ProteinMPNN_v002,0,Bacteria,Top,62,114.95358548387097,4.749659538269043,-5.509096385499387,0.2580645161290322,0.1774193548387097,-0.5209677419354838,0.0161290322580645,39.325806451612905,0.0161290322580645,0.1129032258064516,0.9193548387096776,-0.0483870967741935,0.4481009365244536,10.755090713500977,0.3064516129032258,0.35714285714285715,0.21428571428571427,-0.14285714285714285,0.5714285714285714
Q9Z9J6,ProteinMPNN_v002,1,Bacteria,Top,62,117.54056935483872,6.353030586242675,-0.4723152210781212,0.2419354838709677,0.2419354838709677,-0.8354838709677419,0.0161290322580645,46.98870967741935,0.0161290322580645,0.0806451612903225,0.9516129032258064,-0.0483870967741935,0.4510967741935484,10.741098403930664,0.3064516129032258,0.3333333333333333,0.30952380952380953,-0.023809523809523808,0.6428571428571428
Q9Z9J6,ProteinMPNN_v002,2,Bacteria,Top,62,117.5233,6.830705451965333,-0.1253941061755767,0.2419354838709677,0.2580645161290322,-0.9870967741935484,0.0161290322580645,24.177419354838708,0.0161290322580645,0.1129032258064516,0.9032258064516128,0.0,0.4317117585848075,10.721851348876951,0.3064516129032258,0.34146341463414637,0.2926829268292683,-0.07317073170731707,0.6341463414634146
Q9Z9J6,ProteinMPNN_v002,3,Bacteria,Top,62,116.0678935483871,4.829177284240722,-5.461709292036701,0.2741935483870968,0.1935483870967742,-0.746774193548387,0.0,53.51612903225806,0.0161290322580645,0.1129032258064516,0.935483870967742,-0.032258064516129,0.4506048387096774,10.671464920043944,0.3064516129032258,0.375,0.225,-0.15,0.6
Q9Z9J6,ProteinMPNN_v002,4,Bacteria,Top,62,118.20275,6.3115949630737305,-0.4772641996809774,0.2419354838709677,0.2419354838709677,-0.7258064516129032,0.0161290322580645,38.78548387096774,0.0161290322580645,0.0806451612903225,0.9516129032258064,-0.0483870967741935,0.4458525345622119,10.73575210571289,0.3064516129032258,0.3170731707317073,0.3170731707317073,0.0,0.6341463414634146
Q9Z9J6,ProteinMPNN_v002,5,Bacteria,Top,62,118.44481612903226,5.6113386154174805,-1.4695047591049128,0.2580645161290322,0.2419354838709677,-0.8741935483870967,0.0161290322580645,26.348387096774196,0.0161290322580645,0.064516129032258,0.935483870967742,-0.032258064516129,0.445134849286092,10.645297050476074,0.3064516129032258,0.375,0.25,-0.125,0.625
Q9Z9J6,ProteinMPNN_v002,6,Bacteria,Top,62,116.56947741935484,4.791379356384279,-5.46451975400991,0.2580645161290322,0.1774193548387096,-0.5032258064516129,0.0161290322580645,29.162903225806453,0.0161290322580645,0.0967741935483871,0.9516129032258064,-0.0483870967741935,0.4511127781945486,10.713147163391112,0.3064516129032258,0.35714285714285715,0.21428571428571427,-0.14285714285714285,0.5714285714285714
Q9Z9J6,ProteinMPNN_v002,7,Bacteria,Top,62,116.8310629032258,9.126482963562015,2.5228763149506666,0.2258064516129032,0.2741935483870967,-0.8274193548387097,0.0161290322580645,45.12096774193548,0.0161290322580645,0.1129032258064516,0.9516129032258064,-0.0483870967741935,0.4514828303850156,10.67906665802002,0.3064516129032258,0.2926829268292683,0.34146341463414637,0.04878048780487805,0.6341463414634146
P02819,ProteinMPNN_v002,0,Eukaryota,Bottom,49,116.89018979591836,9.457721519470216,5.516506477251023,0.0816326530612245,0.3673469387755102,-0.9693877551020408,0.0816326530612245,22.38367346938775,0.1020408163265306,0.1428571428571428,0.7551020408163265,0.3877551020408163,0.1546177793151159,13.190608024597168,0.3061224489795918,0.0975609756097561,0.43902439024390244,0.12195121951219512,0.5365853658536586
P02819,ProteinMPNN_v002,1,Eukaryota,Bottom,49,111.4975224489796,9.787541770935055,7.335548175696427,0.0408163265306122,0.326530612244898,-0.8142857142857144,0.0816326530612245,19.640816326530615,0.1428571428571428,0.2040816326530612,0.7142857142857142,0.4285714285714285,0.1393981321342096,14.940678596496582,0.3061224489795918,0.05128205128205128,0.41025641025641024,0.1794871794871795,0.4615384615384615
P02819,ProteinMPNN_v002,2,Eukaryota,Bottom,49,116.17784693877552,9.887403297424315,8.260898898490268,0.0816326530612245,0.3673469387755102,-1.1,0.0816326530612245,23.78571428571429,0.1428571428571428,0.1224489795918367,0.6530612244897959,0.5306122448979592,0.1497645211930926,13.534708023071287,0.3061224489795918,0.10256410256410256,0.4358974358974359,0.1794871794871795,0.5384615384615384
P02819,ProteinMPNN_v002,3,Eukaryota,Bottom,49,114.886593877551,10.105306434631348,5.34359194432927,0.0612244897959183,0.3061224489795918,-0.7204081632653062,0.0816326530612245,39.93489795918368,0.1428571428571428,0.2040816326530612,0.6938775510204082,0.4489795918367346,0.1568027210884353,14.798921585083008,0.3061224489795918,0.05263157894736842,0.39473684210526316,0.15789473684210525,0.4473684210526316
P02819,ProteinMPNN_v002,4,Eukaryota,Bottom,49,116.0279775510204,9.152592658996582,3.0061170394037617,0.1428571428571428,0.2653061224489796,-1.181632653061225,0.0816326530612245,88.79612244897959,0.1428571428571428,0.2040816326530612,0.7551020408163265,0.3877551020408163,0.1695447409733124,14.214795112609863,0.3061224489795918,0.15384615384615385,0.3333333333333333,0.10256410256410256,0.48717948717948717
P02819,ProteinMPNN_v002,5,Eukaryota,Bottom,49,118.43847346938774,8.905098533630369,2.36192432034791,0.1224489795918367,0.3061224489795918,-1.1122448979591837,0.0816326530612245,50.74714285714286,0.1428571428571428,0.163265306122449,0.8571428571428572,0.3673469387755102,0.1463161535800761,14.55458927154541,0.3061224489795918,0.1282051282051282,0.38461538461538464,0.07692307692307693,0.5128205128205128
P02819,ProteinMPNN_v002,6,Eukaryota,Bottom,49,118.35703469387754,7.319577598571779,0.6206664228384646,0.1020408163265306,0.3061224489795918,-0.8489795918367348,0.0816326530612245,52.00020408163265,0.1428571428571428,0.1428571428571428,0.673469387755102,0.5510204081632654,0.1394557823129251,14.648466110229492,0.3061224489795918,0.10256410256410256,0.38461538461538464,0.02564102564102564,0.4871794871794872
P02819,ProteinMPNN_v002,7,Eukaryota,Bottom,49,113.21364489795916,11.85652561187744,9.8203850552609,0.0408163265306122,0.2653061224489796,-0.6346938775510205,0.0816326530612245,90.30612244897958,0.1428571428571428,0.2653061224489796,0.6530612244897959,0.4897959183673469,0.1397174254317111,14.167656898498535,0.3061224489795918,0.04878048780487805,0.3170731707317073,0.24390243902439024,0.36585365853658536
Q4R312,ProteinMPNN_v002,0,Eukaryota,Bottom,82,119.8854012195122,9.71862506866455,14.715542778096845,0.1341463414634146,0.3170731707317073,-1.2048780487804878,0.1219512195121951,23.556097560975605,0.0365853658536585,0.0975609756097561,0.7560975609756098,-0.2195121951219512,0.2048088565992042,15.547124862670898,0.3048780487804878,0.171875,0.390625,0.21875,0.5625
Q4R312,ProteinMPNN_v002,1,Eukaryota,Bottom,82,120.29969146341465,9.735580253601071,15.715803417225729,0.1219512195121951,0.3170731707317073,-1.4060975609756097,0.1219512195121951,26.001219512195114,0.048780487804878,0.1219512195121951,0.7682926829268293,-0.2804878048780488,0.1941384736428009,15.42646312713623,0.3048780487804878,0.14754098360655737,0.4262295081967213,0.2786885245901639,0.5737704918032787
Q4R312,ProteinMPNN_v002,2,Eukaryota,Bottom,82,119.64878780487804,8.792472267150881,3.7351590330514206,0.1829268292682926,0.2317073170731707,-1.1609756097560977,0.1219512195121951,36.93048780487805,0.048780487804878,0.1219512195121951,0.8170731707317073,-0.3536585365853658,0.2089241822650784,14.7481107711792,0.3048780487804878,0.2542372881355932,0.3050847457627119,0.05084745762711865,0.5593220338983051
Q4R312,ProteinMPNN_v002,3,Eukaryota,Bottom,82,118.88146829268294,9.377071571350095,8.724038945099423,0.1463414634146341,0.2560975609756097,-1.1256097560975609,0.1219512195121951,25.27317073170731,0.048780487804878,0.1219512195121951,0.6585365853658537,-0.2682926829268293,0.195630081300813,15.735248565673828,0.3048780487804878,0.171875,0.328125,0.15625,0.5
Q4R312,ProteinMPNN_v002,4,Eukaryota,Bottom,82,119.0648780487805,9.569703102111816,11.462862956546983,0.1341463414634146,0.2804878048780487,-1.35,0.1097560975609756,36.0048780487805,0.048780487804878,0.1219512195121951,0.6829268292682927,-0.3658536585365853,0.2066501524390244,16.207799911499023,0.3048780487804878,0.15873015873015872,0.36507936507936506,0.20634920634920634,0.5238095238095237
Q4R312,ProteinMPNN_v002,5,Eukaryota,Bottom,82,119.74883902439024,9.552425575256349,11.791409905903778,0.1463414634146341,0.2926829268292683,-1.3353658536585369,0.1219512195121951,29.082926829268292,0.048780487804878,0.1097560975609756,0.7195121951219512,-0.2560975609756097,0.2004004368401893,14.967303276062012,0.3048780487804878,0.18032786885245902,0.39344262295081966,0.21311475409836064,0.5737704918032787
Q4R312,ProteinMPNN_v002,6,Eukaryota,Bottom,82,118.98539146341464,4.784729194641113,-6.247483353120888,0.2439024390243902,0.1707317073170731,-1.2097560975609756,0.1219512195121951,60.32560975609756,0.048780487804878,0.1219512195121951,0.7804878048780488,-0.2439024390243902,0.2110694183864915,14.15732192993164,0.3048780487804878,0.31666666666666665,0.23333333333333334,-0.08333333333333333,0.55
Q4R312,ProteinMPNN_v002,7,Eukaryota,Bottom,82,119.3695512195122,9.409885978698732,9.724973165015475,0.1707317073170731,0.2926829268292683,-1.4439024390243904,0.1097560975609756,25.690243902439025,0.048780487804878,0.1097560975609756,0.7439024390243902,-0.2560975609756097,0.1872822299651568,14.90099811553955,0.3048780487804878,0.21311475409836064,0.39344262295081966,0.18032786885245902,0.6065573770491803
Q54FJ9,ProteinMPNN_v002,0,Eukaryota,Bottom,306,109.71071241830066,6.340469169616699,-1.060476672101288,0.1601307189542483,0.1633986928104575,-0.2117647058823529,0.0588235294117647,35.54542483660131,0.0588235294117647,0.2483660130718954,0.8529411764705883,0.1470588235294117,0.1017105871474803,18.251697540283203,0.3006535947712418,0.23225806451612904,0.2967741935483871,0.05806451612903226,0.5290322580645161
Q54FJ9,ProteinMPNN_v002,1,Eukaryota,Bottom,306,109.736695751634,5.691765785217284,-4.274084880376563,0.1633986928104575,0.1601307189542483,-0.2715686274509803,0.0555555555555555,28.254248366013066,0.0555555555555555,0.2418300653594771,0.8725490196078431,0.2647058823529412,0.1546019361363964,17.214069366455078,0.3006535947712418,0.30578512396694213,0.32231404958677684,0.0,0.6280991735537189
Q54FJ9,ProteinMPNN_v002,2,Eukaryota,Bottom,306,109.09077124183004,5.43905963897705,-5.935663265949621,0.1666666666666666,0.1568627450980392,-0.2751633986928105,0.0457516339869281,47.078431372549026,0.0555555555555555,0.2745098039215686,0.803921568627451,0.1830065359477124,0.0809193596137642,19.934484481811523,0.3006535947712418,0.21787709497206703,0.24581005586592178,0.01675977653631285,0.46368715083798884
Q54FJ9,ProteinMPNN_v002,3,Eukaryota,Bottom,306,108.68884215686276,5.129002952575683,-9.89850269479004,0.1732026143790849,0.1503267973856209,-0.2434640522875817,0.0555555555555555,27.006862745098044,0.0555555555555555,0.261437908496732,0.9052287581699344,0.1862745098039215,0.0769289139804528,20.565532684326172,0.3006535947712418,0.25,0.25595238095238093,-0.005952380952380952,0.5059523809523809
Q54FJ9,ProteinMPNN_v002,4,Eukaryota,Bottom,306,109.48445294117646,5.515905952453611,-4.444407936067591,0.1699346405228758,0.1601307189542483,-0.3202614379084967,0.0588235294117647,39.34509803921569,0.0555555555555555,0.2516339869281045,0.8888888888888888,0.1895424836601307,0.0767545269473909,20.640953063964844,0.3006535947712418,0.25,0.25,0.0,0.5
Q54FJ9,ProteinMPNN_v002,5,Eukaryota,Bottom,306,109.6023748366013,5.610486030578613,-4.8918233176436345,0.15359477124183,0.1503267973856209,-0.1584967320261437,0.0620915032679738,34.69022875816993,0.0588235294117647,0.2549019607843137,0.8398692810457515,0.2450980392156862,0.0889431934989623,19.207998275756836,0.3006535947712418,0.22641509433962265,0.27672955974842767,0.031446540880503145,0.5031446540880503
Q54FJ9,ProteinMPNN_v002,6,Eukaryota,Bottom,306,109.1800408496732,5.57030086517334,-4.940999577859294,0.1568627450980392,0.1503267973856209,-0.1843137254901961,0.0555555555555555,31.25294117647059,0.0588235294117647,0.2647058823529412,0.8398692810457516,0.15359477124183,0.0994300653594771,20.45856475830078,0.3006535947712418,0.2155688622754491,0.25748502994011974,0.029940119760479042,0.4730538922155688
Q54FJ9,ProteinMPNN_v002,7,Eukaryota,Bottom,306,109.1707869281046,6.328930854797363,-1.0670565974467152,0.15359477124183,0.1568627450980392,-0.2071895424836601,0.0555555555555555,34.001960784313724,0.0522875816993464,0.261437908496732,0.8856209150326798,0.2124183006535948,0.1295267749445987,17.7911434173584,0.3006535947712418,0.2534246575342466,0.3150684931506849,0.0547945205479452,0.5684931506849316
Q54JL0,ProteinMPNN_v002,0,Eukaryota,Bottom,633,117.7144665086888,8.146370124816897,2.794992510543537,0.1911532385466035,0.1990521327014218,-0.6636650868878358,0.1105845181674565,37.83559241706159,0.0521327014218009,0.1500789889415482,0.8530805687203791,-0.1200631911532385,0.0310508876981735,34.70661926269531,0.3001579778830964,0.22717622080679406,0.2632696390658174,0.03184713375796178,0.49044585987261147
Q54JL0,ProteinMPNN_v002,1,Eukaryota,Bottom,633,117.18007345971564,5.070231437683105,-22.19534208389794,0.2006319115323854,0.1690363349131121,-0.6161137440758294,0.1121642969984202,45.93148499210116,0.0505529225908372,0.1595576619273301,0.8009478672985781,-0.0236966824644549,0.0348533792333749,31.39291763305664,0.3001579778830964,0.25442477876106195,0.2234513274336283,-0.033185840707964605,0.47787610619469023
Q54JL0,ProteinMPNN_v002,2,Eukaryota,Bottom,633,117.13158104265403,8.477673149108888,5.1290098785449345,0.1769352290679305,0.1895734597156398,-0.4842022116903633,0.1137440758293839,33.757377567140594,0.0521327014218009,0.1595576619273301,0.8214849921011058,0.0126382306477093,0.0330837209472808,33.032470703125,0.3001579778830964,0.22119815668202766,0.2672811059907834,0.03917050691244239,0.48847926267281105
Q54JL0,ProteinMPNN_v002,3,Eukaryota,Bottom,633,117.7686206951027,8.669144248962404,7.779721235726967,0.1864139020537125,0.2022116903633491,-0.6475513428120063,0.1105845181674565,33.8696998420221,0.0505529225908372,0.1532385466034755,0.8609794628751974,-0.0647709320695102,0.0340722276307953,33.893653869628906,0.3001579778830964,0.23008849557522124,0.2721238938053097,0.03982300884955752,0.5022123893805309
Q54JL0,ProteinMPNN_v002,4,Eukaryota,Bottom,633,118.13881563981045,5.002138328552246,-28.076424593170884,0.2164296998420221,0.1769352290679305,-0.6466034755134281,0.1153238546603475,46.42388625592413,0.0505529225908372,0.1469194312796208,0.8988941548183254,-0.1121642969984201,0.0328917043883183,33.633262634277344,0.3001579778830964,0.2672413793103448,0.22844827586206898,-0.04525862068965517,0.4956896551724138
Q54JL0,ProteinMPNN_v002,5,Eukaryota,Bottom,633,117.73017424960508,8.325205421447755,3.786158725754177,0.1864139020537125,0.1958925750394944,-0.6611374407582938,0.1105845181674565,43.64442338072679,0.0505529225908372,0.1516587677725118,0.8135860979462874,-0.1658767772511848,0.0365908812527677,32.24330139160156,0.3001579778830964,0.2214765100671141,0.27293064876957496,0.04697986577181208,0.49440715883668906
Q54JL0,ProteinMPNN_v002,6,Eukaryota,Bottom,633,117.18778815165878,4.865270042419433,-33.07371262445264,0.2022116903633491,0.1548183254344391,-0.4944707740916271,0.1200631911532385,45.769905213270114,0.0505529225908372,0.1674565560821485,0.8578199052132702,-0.1437598736176935,0.0336087965735338,34.05078887939453,0.3001579778830964,0.25862068965517243,0.1961206896551724,-0.06896551724137931,0.45474137931034486
Q54JL0,ProteinMPNN_v002,7,Eukaryota,Bottom,633,117.77077788309636,5.803113365173339,-6.120030724462808,0.2006319115323854,0.1958925750394944,-0.7132701421800948,0.1090047393364928,36.80096366508692,0.0505529225908372,0.1563981042654028,0.8751974723538705,-0.0442338072669826,0.038721210609462,34.069190979003906,0.3001579778830964,0.25934579439252337,0.2780373831775701,0.014018691588785047,0.5373831775700935
Q69NP0,ProteinMPNN_v002,0,Eukaryota,Bottom,93,115.58415376344084,9.362501716613773,5.488253549970432,0.1182795698924731,0.1827956989247312,-0.5451612903225806,0.1397849462365591,20.720430107526887,0.043010752688172,0.1505376344086021,0.7311827956989247,-0.1075268817204301,0.2322712579985487,13.19205093383789,0.3010752688172043,0.1896551724137931,0.25862068965517243,0.06896551724137931,0.4482758620689655
Q69NP0,ProteinMPNN_v002,1,Eukaryota,Bottom,93,119.277988172043,9.592718315124513,9.580268942246075,0.1397849462365591,0.2580645161290322,-0.9172043010752688,0.1505376344086021,12.349462365591398,0.043010752688172,0.1290322580645161,0.7419354838709677,-0.1612903225806451,0.2422480620155039,13.02463436126709,0.3010752688172043,0.140625,0.375,0.21875,0.515625
Q69NP0,ProteinMPNN_v002,2,Eukaryota,Bottom,93,118.80220322580644,9.417557716369632,6.851060613631736,0.1505376344086021,0.2365591397849462,-0.9548387096774194,0.1505376344086021,8.997849462365592,0.043010752688172,0.1290322580645161,0.7526881720430108,-0.2365591397849462,0.2758928073987409,12.806082725524902,0.3010752688172043,0.2545454545454545,0.38181818181818183,0.10909090909090909,0.6363636363636364
Q69NP0,ProteinMPNN_v002,3,Eukaryota,Bottom,93,117.1677387096774,9.377200508117674,5.501347401112383,0.1290322580645161,0.1935483870967742,-0.4763440860215053,0.1505376344086021,17.823655913978495,0.043010752688172,0.1505376344086021,0.7849462365591398,-0.5483870967741935,0.3236662531017369,12.712862968444824,0.3010752688172043,0.1724137931034483,0.29310344827586204,0.1206896551724138,0.46551724137931033
Q69NP0,ProteinMPNN_v002,4,Eukaryota,Bottom,93,115.74533655913976,9.2373685836792,4.873748100610969,0.1290322580645161,0.1935483870967742,-0.4494623655913978,0.1505376344086021,28.941935483870964,0.043010752688172,0.1827956989247311,0.7311827956989247,-0.1075268817204301,0.4204626914304333,13.574918746948242,0.3010752688172043,0.19672131147540983,0.2786885245901639,0.08196721311475409,0.47540983606557374
Q69NP0,ProteinMPNN_v002,5,Eukaryota,Bottom,93,120.1612892473118,9.657702445983888,10.590575325113663,0.1397849462365591,0.2688172043010752,-0.9870967741935484,0.1505376344086021,21.037634408602152,0.043010752688172,0.1182795698924731,0.6344086021505377,-0.053763440860215,0.2826335075388959,12.73430061340332,0.3010752688172043,0.21052631578947367,0.42105263157894735,0.21052631578947367,0.631578947368421
Q69NP0,ProteinMPNN_v002,6,Eukaryota,Bottom,93,117.59600752688172,9.10320987701416,3.922857639337572,0.1612903225806451,0.2150537634408602,-0.7913978494623656,0.1505376344086021,10.729032258064516,0.043010752688172,0.1505376344086021,0.8387096774193548,-0.2150537634408602,0.3067076292882744,12.630845069885254,0.3010752688172043,0.24561403508771928,0.3333333333333333,0.07017543859649122,0.5789473684210527
Q69NP0,ProteinMPNN_v002,7,Eukaryota,Bottom,93,118.69405483870968,9.013083076477052,3.840151867742925,0.1720430107526881,0.2258064516129032,-0.8559139784946236,0.1505376344086021,12.603225806451611,0.032258064516129,0.1290322580645161,0.8172043010752688,-0.1935483870967742,0.2969439728353141,13.707808494567873,0.3010752688172043,0.26785714285714285,0.35714285714285715,0.08928571428571429,0.625
P0A7R6,ProteinMPNN_v002,0,Bacteria,Neutral,103,115.92197961165049,8.895041465759277,2.804239013348287,0.2427184466019417,0.2718446601941747,-0.8776699029126213,0.0194174757281553,37.3271844660194,0.029126213592233,0.1359223300970873,0.9126213592233008,-0.3106796116504854,0.4201350780920219,16.71061134338379,0.3009708737864077,0.3380281690140845,0.36619718309859156,0.028169014084507043,0.704225352112676
P0A7R6,ProteinMPNN_v002,1,Bacteria,Neutral,103,115.41617475728157,7.745813179016113,0.4976651785403696,0.2427184466019417,0.2524271844660194,-0.7951456310679612,0.0194174757281553,38.69320388349514,0.029126213592233,0.145631067961165,0.9805825242718448,-0.3786407766990292,0.415734250511559,16.55351448059082,0.3009708737864077,0.3484848484848485,0.3484848484848485,0.0,0.696969696969697
P0A7R6,ProteinMPNN_v002,2,Bacteria,Neutral,103,115.75433592233009,5.331861305236816,-4.099538810548221,0.2718446601941747,0.2427184466019417,-0.9446601941747572,0.0097087378640776,43.53495145631067,0.029126213592233,0.1359223300970873,0.970873786407767,-0.3689320388349515,0.4187936563721829,16.362722396850586,0.3009708737864077,0.37142857142857144,0.3142857142857143,-0.07142857142857142,0.6857142857142857
P0A7R6,ProteinMPNN_v002,3,Bacteria,Neutral,103,115.89342524271844,9.047315788269042,3.5396936226291267,0.233009708737864,0.2718446601941747,-0.8514563106796117,0.029126213592233,38.096116504854365,0.029126213592233,0.145631067961165,0.9223300970873786,-0.3203883495145631,0.4196518245731503,16.240190505981445,0.3009708737864077,0.3076923076923077,0.4,0.09230769230769231,0.7076923076923077
P0A7R6,ProteinMPNN_v002,4,Bacteria,Neutral,103,115.54131650485436,6.671783638000489,-0.1995692045147166,0.2524271844660194,0.2524271844660194,-0.9174757281553398,0.0194174757281553,45.272815533980584,0.029126213592233,0.145631067961165,0.9320388349514565,-0.233009708737864,0.4146897425073871,16.159420013427734,0.3009708737864077,0.373134328358209,0.34328358208955223,-0.029850746268656716,0.7164179104477613
P0A7R6,ProteinMPNN_v002,5,Bacteria,Neutral,103,116.4725,5.100640296936034,-6.095851107516854,0.2718446601941747,0.2233009708737864,-0.9883495145631068,0.029126213592233,39.37766990291262,0.029126213592233,0.174757281553398,0.8640776699029126,-0.2621359223300971,0.4178606560882767,16.297273635864258,0.3009708737864077,0.37681159420289856,0.2898550724637681,-0.10144927536231885,0.6666666666666667
P0A7R6,ProteinMPNN_v002,6,Bacteria,Neutral,103,114.889913592233,5.477710151672363,-2.1267644230190825,0.2427184466019417,0.2233009708737864,-0.7669902912621359,0.029126213592233,39.492233009708734,0.0388349514563106,0.145631067961165,0.7475728155339806,-0.1650485436893204,0.4339420897309781,16.113079071044922,0.3009708737864077,0.3333333333333333,0.3181818181818182,-0.015151515151515152,0.6515151515151515
P0A7R6,ProteinMPNN_v002,7,Bacteria,Neutral,103,115.0646766990291,5.6814779281616214,-2.1096963143277634,0.2524271844660194,0.2427184466019417,-0.8990291262135922,0.0097087378640776,41.53592233009708,0.029126213592233,0.145631067961165,0.9320388349514565,-0.3300970873786408,0.4170856449375867,16.155803680419922,0.3009708737864077,0.3384615384615385,0.3384615384615385,-0.015384615384615385,0.676923076923077
P60724,ProteinMPNN_v002,0,Bacteria,Neutral,201,114.72364825870646,5.860804939270018,-2.345091928225102,0.2288557213930348,0.2238805970149253,-0.7074626865671642,0.0497512437810945,30.951293532338298,0.0199004975124378,0.1741293532338308,0.7611940298507462,0.263681592039801,0.0444699579027937,21.773195266723633,0.2985074626865671,0.24175824175824176,0.24725274725274726,0.0,0.48901098901098905
P60724,ProteinMPNN_v002,1,Bacteria,Neutral,201,113.96642338308456,7.6947717666625985,0.6455324660392137,0.2039800995024875,0.2139303482587064,-0.7149253731343284,0.0497512437810945,35.10796019900498,0.0348258706467661,0.1890547263681592,0.7960199004975125,0.1194029850746268,0.1432377859655696,24.946813583374023,0.2985074626865671,0.2602739726027397,0.2602739726027397,-0.00684931506849315,0.5205479452054794
P60724,ProteinMPNN_v002,2,Bacteria,Neutral,201,114.40135920398008,9.407758522033692,11.626263828771428,0.1940298507462686,0.2587064676616916,-0.8761194029850746,0.0398009950248756,27.767164179104473,0.0199004975124378,0.1741293532338308,0.8606965174129353,0.1741293532338308,0.161991461134046,19.974214553833008,0.2985074626865671,0.24666666666666667,0.32666666666666666,0.07333333333333333,0.5733333333333334
P60724,ProteinMPNN_v002,3,Bacteria,Neutral,201,115.0835024875622,9.13969898223877,7.630478684512205,0.1990049751243781,0.2437810945273631,-0.7776119402985076,0.0547263681592039,27.911940298507453,0.0099502487562189,0.1741293532338308,0.845771144278607,0.1691542288557214,0.1449700649295893,20.55290985107422,0.2985074626865671,0.2482758620689655,0.31724137931034485,0.06206896551724138,0.5655172413793104
P60724,ProteinMPNN_v002,4,Bacteria,Neutral,201,115.48531791044776,6.180183219909667,-1.3452784692488962,0.2338308457711442,0.2338308457711442,-0.8243781094527363,0.0547263681592039,25.517412935323375,0.0149253731343283,0.1641791044776119,0.8656716417910448,-0.0497512437810945,0.1971894911407873,24.264907836914062,0.2985074626865671,0.3088235294117647,0.3161764705882353,0.0,0.625
P60724,ProteinMPNN_v002,5,Bacteria,Neutral,201,114.53360597014924,5.525398063659667,-4.337903063186154,0.2338308457711442,0.2189054726368159,-0.7980099502487562,0.044776119402985,37.3452736318408,0.0199004975124378,0.1840796019900497,0.6865671641791045,0.2885572139303483,0.0331260364842454,28.362163543701172,0.2985074626865671,0.24468085106382978,0.23404255319148937,-0.015957446808510637,0.4787234042553191
P60724,ProteinMPNN_v002,6,Bacteria,Neutral,201,115.28166417910448,8.766491508483888,3.6330368718129264,0.2039800995024875,0.2288557213930348,-0.8393034825870647,0.0547263681592039,26.33930348258707,0.0248756218905472,0.1741293532338308,0.8308457711442786,0.0646766169154229,0.1538142620232172,20.39418601989746,0.2985074626865671,0.22289156626506024,0.25903614457831325,0.030120481927710843,0.4819277108433735
P60724,ProteinMPNN_v002,7,Bacteria,Neutral,201,114.06582686567164,7.625882911682129,0.6357084545980953,0.2189054726368159,0.2288557213930348,-0.7845771144278606,0.0497512437810945,27.044776119402975,0.0199004975124378,0.1890547263681592,0.7711442786069651,0.1343283582089552,0.1620389671752967,20.489944458007812,0.2985074626865671,0.2634730538922156,0.2694610778443114,0.0,0.532934131736527
Q07938,ProteinMPNN_v002,0,Eukaryota,Neutral,337,111.95640474777449,9.189919853210448,12.28513503723807,0.14540059347181,0.1988130563798219,-0.6459940652818992,0.0771513353115727,40.05430267062314,0.0830860534124629,0.2255192878338278,0.7863501483679525,-0.1394658753709198,0.0657950514267865,26.469898223876953,0.2997032640949555,0.17777777777777778,0.24074074074074073,0.044444444444444446,0.4185185185185185
Q07938,ProteinMPNN_v002,1,Eukaryota,Neutral,337,113.277359347181,4.617054176330566,-28.651265986466697,0.2077151335311572,0.1364985163204747,-0.6347181008902077,0.086053412462908,54.39379821958458,0.086053412462908,0.2077151335311572,0.7299703264094956,-0.0830860534124628,0.0741286838564609,22.810895919799805,0.2997032640949555,0.29411764705882354,0.18067226890756302,-0.13025210084033614,0.47478991596638653
Q07938,ProteinMPNN_v002,2,Eukaryota,Neutral,337,112.77546735905044,9.031134223937986,8.639960000109966,0.14540059347181,0.1988130563798219,-0.6094955489614243,0.0771513353115727,40.3819287833828,0.0890207715133531,0.2166172106824925,0.8397626112759644,-0.0326409495548961,0.0505671546154256,26.273286819458008,0.2997032640949555,0.19123505976095617,0.250996015936255,0.035856573705179286,0.44223107569721115
Q07938,ProteinMPNN_v002,3,Eukaryota,Neutral,337,112.13839584569732,5.125649452209472,-13.61514960479878,0.1780415430267062,0.1543026706231454,-0.6053412462908012,0.0771513353115727,46.460237388724046,0.086053412462908,0.2225519287833827,0.8308605341246291,0.059347181008902,0.051696317466395,24.743152618408203,0.2997032640949555,0.22348484848484848,0.19696969696969696,-0.04924242424242424,0.4204545454545454
Q07938,ProteinMPNN_v002,4,Eukaryota,Neutral,337,111.90192255192878,6.081681251525878,-3.5475121088328763,0.1543026706231454,0.1632047477744807,-0.4753709198813057,0.0771513353115727,40.20091988130563,0.086053412462908,0.2166172106824925,0.8160237388724035,0.0741839762611276,0.0417111283273157,24.1463680267334,0.2997032640949555,0.18545454545454546,0.19272727272727272,-0.014545454545454545,0.3781818181818182
Q07938,ProteinMPNN_v002,5,Eukaryota,Neutral,337,113.23920296735903,8.834054374694826,7.543928357694561,0.1572700296735905,0.2047477744807121,-0.7109792284866469,0.0801186943620178,41.379821958456965,0.0801186943620178,0.2077151335311572,0.7922848664688427,0.0148367952522255,0.0411462767496259,26.82627868652344,0.2997032640949555,0.17747440273037543,0.23208191126279865,0.023890784982935155,0.40955631399317405
Q07938,ProteinMPNN_v002,6,Eukaryota,Neutral,337,112.7787243323442,9.221187019348145,12.034614223713165,0.1483679525222551,0.1928783382789317,-0.6899109792284867,0.086053412462908,35.6299703264095,0.0830860534124629,0.2166172106824925,0.7744807121661721,-0.0445103857566765,0.0677941417414574,25.330875396728516,0.2997032640949555,0.19246861924686193,0.2510460251046025,0.0502092050209205,0.4435146443514644
Q07938,ProteinMPNN_v002,7,Eukaryota,Neutral,337,112.9816059347181,5.152306938171385,-14.42945737391218,0.1750741839762611,0.1543026706231454,-0.5296735905044511,0.0801186943620178,49.65608308605341,0.0830860534124629,0.2225519287833827,0.771513353115727,-0.2136498516320474,0.057474575782893,24.408397674560547,0.2997032640949555,0.20863309352517986,0.17985611510791366,-0.0539568345323741,0.38848920863309355
B1X495,ProteinMPNN_v002,0,Eukaryota,Top,103,120.93287184466018,5.51283664703369,-2.4570958541921897,0.2524271844660194,0.233009708737864,-1.3097087378640777,0.0970873786407767,28.17378640776698,0.0097087378640776,0.1262135922330097,0.941747572815534,0.9223300970873788,0.1120191716848961,18.58302879333496,0.3009708737864077,0.3116883116883117,0.2857142857142857,-0.025974025974025976,0.5974025974025974
B1X495,ProteinMPNN_v002,1,Eukaryota,Top,103,110.70298640776696,9.958189582824708,10.79191651548172,0.058252427184466,0.1650485436893204,0.070873786407767,0.0776699029126213,12.246601941747578,0.0097087378640776,0.2912621359223301,0.8932038834951456,0.7961165048543689,0.113962089690245,14.965483665466309,0.3009708737864077,0.08,0.22666666666666666,0.14666666666666667,0.30666666666666664
B1X495,ProteinMPNN_v002,2,Eukaryota,Top,103,114.84987572815533,10.138572120666506,16.742937247756288,0.058252427184466,0.2233009708737864,0.3757281553398058,0.0970873786407767,5.227184466019417,0.0097087378640776,0.203883495145631,0.941747572815534,0.825242718446602,0.147754854368932,15.690425872802734,0.3009708737864077,0.07894736842105263,0.3026315789473684,0.2236842105263158,0.381578947368421
B1X495,ProteinMPNN_v002,3,Eukaryota,Top,103,116.68356796116504,4.861518669128418,-7.448573660597468,0.2621359223300971,0.1941747572815534,-0.9893203883495146,0.058252427184466,43.71456310679611,0.0097087378640776,0.2135922330097087,0.9514563106796116,0.8737864077669903,0.0472076244767079,21.23310279846191,0.3009708737864077,0.26595744680851063,0.2127659574468085,-0.05319148936170213,0.4787234042553191
B1X495,ProteinMPNN_v002,4,Eukaryota,Top,103,115.89793592233008,10.161845207214352,16.48573426950101,0.0485436893203883,0.2135922330097087,0.1592233009708737,0.1262135922330097,8.495145631067958,0.0097087378640776,0.2038834951456311,0.9029126213592232,0.9029126213592232,0.0411854879918242,16.34893798828125,0.3009708737864077,0.05154639175257732,0.2268041237113402,0.17525773195876287,0.27835051546391754
B1X495,ProteinMPNN_v002,5,Eukaryota,Top,103,103.90000776699029,8.088541984558105,0.7959367582857766,0.0776699029126213,0.087378640776699,1.1097087378640775,0.0776699029126213,12.058252427184469,0.0194174757281553,0.3398058252427184,0.9611650485436892,0.8446601941747574,0.0896492326965236,18.335927963256836,0.3009708737864077,0.09090909090909091,0.10227272727272728,0.011363636363636364,0.19318181818181818
B1X495,ProteinMPNN_v002,6,Eukaryota,Top,103,118.33451165048544,10.000029563903809,20.49748247407937,0.145631067961165,0.3495145631067961,-1.3466019417475728,0.0679611650485436,30.040776699029117,0.0097087378640776,0.1553398058252427,0.9223300970873788,0.6504854368932038,0.1881801003453443,15.681939125061035,0.3009708737864077,0.1917808219178082,0.4794520547945205,0.2876712328767123,0.6712328767123288
B1X495,ProteinMPNN_v002,7,Eukaryota,Top,103,108.46197864077668,10.298711585998532,10.751279344097032,0.0388349514563106,0.145631067961165,0.90873786407767,0.0776699029126213,3.989320388349512,0.0097087378640776,0.2912621359223301,0.9320388349514562,0.8155339805825242,0.118535440065994,15.923519134521484,0.3009708737864077,0.0410958904109589,0.1917808219178082,0.1506849315068493,0.2328767123287671
A9CIG1,ProteinMPNN_v002,0,Bacteria,Bottom,101,117.52355742574257,10.443572044372557,37.432069514136,0.0693069306930693,0.4455445544554455,-1.31980198019802,0.0198019801980198,16.202970297029694,0.0396039603960396,0.0891089108910891,0.8613861386138614,0.6039603960396039,0.0794399752475247,18.724515914916992,0.297029702970297,0.0875,0.55,0.4625,0.6375000000000001
A9CIG1,ProteinMPNN_v002,1,Bacteria,Bottom,101,117.503299009901,8.264347267150882,1.501917149899441,0.2475247524752475,0.2673267326732673,-1.113861386138614,0.0198019801980198,60.85742574257426,0.0495049504950495,0.099009900990099,0.8316831683168318,0.495049504950495,0.0948731859487318,15.952704429626465,0.297029702970297,0.3116883116883117,0.3246753246753247,0.012987012987012988,0.6363636363636364
A9CIG1,ProteinMPNN_v002,2,Bacteria,Bottom,101,118.88321881188118,9.40846767425537,9.491618276713446,0.2079207920792079,0.3069306930693069,-1.1732673267326732,0.0396039603960396,54.24950495049505,0.0396039603960396,0.0891089108910891,0.8118811881188119,0.5148514851485149,0.0789145581224789,17.21002769470215,0.297029702970297,0.2441860465116279,0.36046511627906974,0.11627906976744186,0.6046511627906976
A9CIG1,ProteinMPNN_v002,3,Bacteria,Bottom,101,117.16281782178216,9.944522285461428,20.461153817944965,0.1485148514851485,0.3564356435643564,-1.0277227722772275,0.0297029702970297,38.93861386138612,0.0495049504950495,0.0891089108910891,0.8712871287128713,0.5544554455445544,0.0766732673267326,20.204345703125,0.297029702970297,0.16279069767441862,0.4069767441860465,0.2441860465116279,0.5697674418604651
A9CIG1,ProteinMPNN_v002,4,Bacteria,Bottom,101,116.88163762376236,9.606836891174318,11.48093661412333,0.1782178217821782,0.297029702970297,-1.0267326732673268,0.0198019801980198,46.6138613861386,0.0495049504950495,0.1089108910891089,0.8019801980198019,0.3267326732673267,0.0871901143602732,20.09175491333008,0.297029702970297,0.21428571428571427,0.34523809523809523,0.13095238095238096,0.5595238095238095
A9CIG1,ProteinMPNN_v002,5,Bacteria,Bottom,101,117.84091188118812,9.46777858734131,8.491512543464754,0.198019801980198,0.2871287128712871,-1.102970297029703,0.0198019801980198,63.54653465346534,0.0495049504950495,0.1089108910891089,0.8415841584158417,0.2673267326732674,0.0872337233723372,19.313396453857425,0.297029702970297,0.23529411764705882,0.32941176470588235,0.09411764705882353,0.5647058823529412
A9CIG1,ProteinMPNN_v002,6,Bacteria,Bottom,101,118.07581485148512,5.236997032165527,-4.476750477186073,0.2772277227722772,0.2376237623762376,-1.1663366336633665,0.0198019801980198,68.21980198019801,0.0495049504950495,0.099009900990099,0.8613861386138614,0.4059405940594059,0.0841950861752841,15.456000328063965,0.297029702970297,0.36363636363636365,0.2857142857142857,-0.07792207792207792,0.6493506493506493
A9CIG1,ProteinMPNN_v002,7,Bacteria,Bottom,101,116.94651683168316,10.229923820495603,29.709732994805172,0.1089108910891089,0.4059405940594059,-1.1653465346534653,0.0198019801980198,28.434653465346525,0.0396039603960396,0.099009900990099,0.8514851485148516,0.7326732673267327,0.0780983270740867,16.88215446472168,0.297029702970297,0.13095238095238096,0.47619047619047616,0.34523809523809523,0.6071428571428571
Q6L047,ProteinMPNN_v002,0,Archaea,Bottom,359,112.45109944289692,5.128150367736816,-13.754014100813537,0.1838440111420612,0.1587743732590529,-0.2983286908077994,0.0891364902506963,28.36493036211699,0.0473537604456824,0.2005571030640668,0.8802228412256268,-0.3454038997214484,0.049848251777325,24.35166358947754,0.3008356545961003,0.22142857142857142,0.2,-0.039285714285714285,0.42142857142857143
Q6L047,ProteinMPNN_v002,1,Archaea,Bottom,359,113.51431169916437,5.350277137756348,-7.10560897724087,0.1782729805013927,0.1615598885793872,-0.3568245125348189,0.0919220055710306,38.26465181058496,0.0473537604456824,0.1866295264623955,0.8607242339832869,0.0306406685236768,0.0680531259333304,22.803443908691406,0.3008356545961003,0.21641791044776118,0.21641791044776118,-0.0037313432835820895,0.43283582089552236
Q6L047,ProteinMPNN_v002,2,Archaea,Bottom,359,114.4010002785515,5.609178733825684,-6.766206612292251,0.1782729805013927,0.1727019498607242,-0.3874651810584958,0.0891364902506963,34.65740947075209,0.0445682451253481,0.1727019498607242,0.8440111420612814,-0.2701949860724234,0.0577538028467613,23.468456268310547,0.3008356545961003,0.22140221402214022,0.22140221402214022,-0.014760147601476014,0.44280442804428044
Q6L047,ProteinMPNN_v002,3,Archaea,Bottom,359,114.50945459610028,5.292528724670409,-11.676500263329096,0.181058495821727,0.1643454038997214,-0.3779944289693593,0.0947075208913649,36.809777158774374,0.0445682451253481,0.181058495821727,0.8356545961002786,-0.2228412256267409,0.047836583101207,24.005104064941406,0.3008356545961003,0.2041522491349481,0.1903114186851211,-0.031141868512110725,0.3944636678200692
Q6L047,ProteinMPNN_v002,4,Archaea,Bottom,359,113.15435766016712,6.395205116271973,-1.048287314162394,0.1587743732590529,0.1615598885793872,-0.3409470752089136,0.0947075208913649,35.20727019498608,0.0445682451253481,0.1949860724233983,0.8635097493036212,-0.1894150417827298,0.0382601537298145,25.75934410095215,0.3008356545961003,0.16034985422740525,0.1661807580174927,0.0,0.326530612244898
Q6L047,ProteinMPNN_v002,5,Archaea,Bottom,359,114.01345097493034,5.463614082336425,-7.853246703041741,0.1782729805013927,0.1671309192200557,-0.3977715877437326,0.0947075208913649,35.01646239554317,0.0501392757660167,0.1782729805013927,0.8384401114206128,-0.2423398328690807,0.0633514467936131,26.45087242126465,0.3008356545961003,0.2089041095890411,0.19863013698630136,-0.023972602739726026,0.40753424657534243
Q6L047,ProteinMPNN_v002,6,Archaea,Bottom,359,113.04309136490252,5.3642595291137685,-8.86212526911406,0.1754874651810585,0.1615598885793872,-0.2779944289693593,0.0947075208913649,26.0142339832869,0.0473537604456824,0.1866295264623955,0.8690807799442898,-0.4178272980501393,0.0567040006765578,24.06533432006836,0.3008356545961003,0.21978021978021978,0.20512820512820512,-0.029304029304029304,0.4249084249084249
Q6L047,ProteinMPNN_v002,7,Archaea,Bottom,359,113.57241922005572,5.034991264343262,-14.915172626931884,0.1949860724233983,0.1615598885793872,-0.3236768802228412,0.0891364902506963,38.73094707520892,0.0473537604456824,0.1866295264623955,0.8607242339832869,-0.3649025069637882,0.0646191938671047,24.89520835876465,0.3008356545961003,0.2578125,0.2109375,-0.0546875,0.46875
A9A498,ProteinMPNN_v002,0,Archaea,Neutral,287,108.50096898954702,5.191355323791503,-5.193940139120279,0.1463414634146341,0.1289198606271777,0.1341463414634146,0.0452961672473867,40.20592334494773,0.0592334494773519,0.2752613240418118,0.867595818815331,0.1637630662020905,0.0773480305169488,19.185691833496097,0.2996515679442508,0.2261904761904762,0.21428571428571427,-0.011904761904761904,0.44047619047619047
A9A498,ProteinMPNN_v002,1,Archaea,Neutral,287,108.22862299651568,4.778647422790528,-12.186475416835393,0.1533101045296167,0.1114982578397212,0.1665505226480836,0.048780487804878,28.04390243902439,0.0557491289198606,0.2717770034843205,0.8850174216027875,0.1881533101045296,0.150469944075191,17.168264389038086,0.2996515679442508,0.29914529914529914,0.24786324786324787,-0.05128205128205128,0.5470085470085471
A9A498,ProteinMPNN_v002,2,Archaea,Neutral,287,108.88743902439025,4.87601261138916,-12.99707094777822,0.1637630662020905,0.1254355400696864,0.0909407665505226,0.0418118466898954,41.79128919860625,0.0557491289198606,0.2682926829268293,0.8850174216027875,0.1114982578397212,0.09217999126256,18.54654884338379,0.2996515679442508,0.2765957446808511,0.24113475177304963,-0.04964539007092199,0.5177304964539007
A9A498,ProteinMPNN_v002,3,Archaea,Neutral,287,108.26026689895468,5.024873924255371,-8.191606963354182,0.156794425087108,0.1289198606271777,0.0348432055749128,0.0452961672473867,33.13379790940766,0.0592334494773519,0.2578397212543554,0.8292682926829269,0.1114982578397212,0.0825964195602547,19.185138702392575,0.2996515679442508,0.25477707006369427,0.21656050955414013,-0.03821656050955414,0.4713375796178344
A9A498,ProteinMPNN_v002,4,Archaea,Neutral,287,108.17221916376306,4.786036491394043,-12.176602525092584,0.1637630662020905,0.1219512195121951,0.1477351916376306,0.0383275261324041,36.998606271777,0.0557491289198606,0.2752613240418118,0.8501742160278745,0.2090592334494773,0.1010342698363692,17.571170806884766,0.2996515679442508,0.2773722627737226,0.22627737226277372,-0.051094890510948905,0.5036496350364963
A9A498,ProteinMPNN_v002,5,Archaea,Neutral,287,109.22965609756098,5.043687629699707,-9.337999498755517,0.1672473867595818,0.1393728222996516,-0.0972125435540069,0.0452961672473867,28.444947735191636,0.0522648083623693,0.2578397212543554,0.89198606271777,0.2439024390243902,0.0620264365908965,21.62432861328125,0.2996515679442508,0.25842696629213485,0.20224719101123595,-0.06179775280898876,0.4606741573033708
A9A498,ProteinMPNN_v002,6,Archaea,Neutral,287,108.99300034843203,5.258368492126464,-5.171169444249401,0.156794425087108,0.1393728222996516,-0.0432055749128919,0.0452961672473867,37.51986062717768,0.0557491289198606,0.2508710801393728,0.8222996515679442,0.1881533101045295,0.0802607173193267,18.550247192382812,0.2996515679442508,0.23717948717948717,0.24358974358974358,0.00641025641025641,0.4807692307692307
A9A498,ProteinMPNN_v002,7,Archaea,Neutral,287,109.422418815331,5.108484077453612,-8.333996375412312,0.156794425087108,0.132404181184669,0.0202090592334494,0.048780487804878,39.79825783972124,0.0592334494773519,0.2404181184668989,0.9059233449477352,0.2090592334494773,0.1165346848273677,17.60576820373535,0.2996515679442508,0.2571428571428571,0.25,-0.014285714285714285,0.5071428571428571
A0A1D8PCG7,ProteinMPNN_v002,0,Eukaryota,Bottom,87,111.4807528735632,4.354173851013184,-10.599990296745922,0.2413793103448276,0.1264367816091954,-0.4402298850574712,0.0689655172413793,25.698850574712644,0.0229885057471264,0.1839080459770115,0.6781609195402298,-0.264367816091954,0.1330521789464979,12.754629135131836,0.2988505747126437,0.296875,0.171875,-0.125,0.46875
A0A1D8PCG7,ProteinMPNN_v002,1,Eukaryota,Bottom,87,111.90760574712644,4.65490894317627,-6.272560294364942,0.2183908045977011,0.1494252873563218,-0.4896551724137931,0.057471264367816,31.468965517241383,0.0114942528735632,0.1724137931034483,0.6896551724137931,-0.160919540229885,0.1928289586550008,14.742215156555176,0.2988505747126437,0.23880597014925373,0.19402985074626866,-0.04477611940298507,0.4328358208955224
A0A1D8PCG7,ProteinMPNN_v002,2,Eukaryota,Bottom,87,112.7600528735632,4.628819847106934,-7.264802489232476,0.2183908045977011,0.1379310344827586,-0.328735632183908,0.0689655172413793,37.11609195402298,0.0114942528735632,0.1724137931034483,0.735632183908046,0.0,0.1789944722295341,16.109590530395508,0.2988505747126437,0.2647058823529412,0.17647058823529413,-0.08823529411764706,0.4411764705882353
A0A1D8PCG7,ProteinMPNN_v002,3,Eukaryota,Bottom,87,112.32249080459768,4.6194982528686515,-6.535285859653504,0.2068965517241379,0.1379310344827586,-0.4448275862068966,0.0689655172413793,26.67586206896551,0.0229885057471264,0.1839080459770115,0.7586206896551725,-0.2528735632183908,0.181078691423519,15.393328666687012,0.2988505747126437,0.2318840579710145,0.17391304347826086,-0.057971014492753624,0.4057971014492754
A0A1D8PCG7,ProteinMPNN_v002,4,Eukaryota,Bottom,87,111.32814712643676,4.0500284194946286,-21.58234138785475,0.2988505747126436,0.057471264367816,-0.3022988505747127,0.0344827586206896,53.903448275862054,0.0344827586206896,0.1839080459770115,0.6781609195402298,-0.1724137931034482,0.1837325612003158,14.804601669311523,0.2988505747126437,0.3333333333333333,0.07575757575757576,-0.25757575757575757,0.40909090909090906
A0A1D8PCG7,ProteinMPNN_v002,5,Eukaryota,Bottom,87,112.03447011494252,4.310748863220215,-9.513475877557482,0.2068965517241379,0.1034482758620689,-0.2252873563218391,0.0689655172413793,27.05057471264367,0.0229885057471264,0.1724137931034483,0.8850574712643677,0.0344827586206896,0.2166468489892984,12.705245018005373,0.2988505747126437,0.2727272727272727,0.16363636363636364,-0.10909090909090909,0.43636363636363634
A0A1D8PCG7,ProteinMPNN_v002,6,Eukaryota,Bottom,87,111.6087275862069,4.50991268157959,-8.501519906602578,0.2413793103448275,0.1494252873563218,-0.4770114942528735,0.057471264367816,18.142528735632183,0.0229885057471264,0.1839080459770115,0.8160919540229885,-0.2413793103448276,0.1329076202639421,14.853376388549805,0.2988505747126437,0.23880597014925373,0.19402985074626866,-0.04477611940298507,0.4328358208955224
A0A1D8PCG7,ProteinMPNN_v002,7,Eukaryota,Bottom,87,108.52176551724138,4.0500284194946286,-16.480823452539504,0.2528735632183908,0.0689655172413793,-0.167816091954023,0.0344827586206896,43.67126436781609,0.0229885057471264,0.2298850574712643,0.7011494252873564,-0.3563218390804598,0.2456271864067966,13.817615509033203,0.2988505747126437,0.30985915492957744,0.08450704225352113,-0.22535211267605634,0.39436619718309857
O28542,ProteinMPNN_v002,0,Archaea,Top,340,110.91990294117647,5.118544578552245,-14.810155912243587,0.1764705882352941,0.1529411764705882,-0.2326470588235294,0.0588235294117647,36.29676470588235,0.05,0.2470588235294117,0.8794117647058823,-0.2029411764705881,0.0881405971479501,24.740205764770508,0.3,0.23651452282157676,0.1950207468879668,-0.058091286307053944,0.4315352697095436
O28542,ProteinMPNN_v002,1,Archaea,Top,340,111.31457970588237,5.467365455627441,-10.622748219631674,0.1676470588235294,0.1617647058823529,-0.1970588235294117,0.0558823529411764,41.5220588235294,0.05,0.2588235294117647,0.8411764705882353,-0.1176470588235294,0.087766269298417,23.767738342285156,0.3,0.23255813953488372,0.21395348837209302,-0.046511627906976744,0.44651162790697674
O28542,ProteinMPNN_v002,2,Archaea,Top,340,111.37528647058824,5.948223304748535,-4.814819736134808,0.1617647058823529,0.1676470588235294,-0.1735294117647058,0.0617647058823529,35.939117647058815,0.0470588235294117,0.2411764705882353,0.9088235294117648,-0.0323529411764705,0.1082361392832995,21.857202529907227,0.3,0.2358974358974359,0.2564102564102564,0.0,0.4923076923076923
O28542,ProteinMPNN_v002,3,Archaea,Top,340,111.35311264705884,5.209884834289549,-14.625598244670776,0.1764705882352941,0.1588235294117647,-0.2205882352941176,0.0588235294117647,35.807941176470585,0.05,0.2411764705882353,0.8352941176470589,-0.0999999999999999,0.0855785837651122,24.17403984069824,0.3,0.25688073394495414,0.22935779816513763,-0.05963302752293578,0.48623853211009177
O28542,ProteinMPNN_v002,4,Archaea,Top,340,110.6706473529412,5.181237983703612,-12.892404115594168,0.1764705882352941,0.1558823529411764,-0.1438235294117647,0.0588235294117647,32.58470588235293,0.0470588235294117,0.2470588235294117,0.8,-0.0764705882352941,0.074556412729026,24.296382904052734,0.3,0.21777777777777776,0.19555555555555557,-0.02666666666666667,0.41333333333333333
O28542,ProteinMPNN_v002,5,Archaea,Top,340,111.89842323529412,5.208577537536621,-11.971420437510815,0.1794117647058823,0.1588235294117647,-0.2188235294117647,0.0647058823529411,40.805882352941175,0.05,0.2264705882352941,0.8764705882352941,-0.0294117647058823,0.0850829021015946,22.889617919921875,0.3,0.24890829694323144,0.22270742358078602,-0.039301310043668124,0.47161572052401746
O28542,ProteinMPNN_v002,6,Archaea,Top,340,111.64433911764706,5.326916313171386,-12.624482701947985,0.1735294117647058,0.1617647058823529,-0.2141176470588235,0.0617647058823529,32.162647058823524,0.05,0.2558823529411764,0.8323529411764705,-0.0088235294117647,0.0960528559249786,21.130298614501953,0.3,0.2512315270935961,0.23645320197044334,-0.04433497536945813,0.4876847290640394
O28542,ProteinMPNN_v002,7,Archaea,Top,340,111.00047911764707,5.476687049865721,-9.725741643787307,0.1617647058823529,0.1558823529411764,-0.1558823529411764,0.0617647058823529,34.19147058823528,0.05,0.25,0.8911764705882352,-0.0323529411764706,0.0649476904855902,24.08917999267578,0.3,0.21212121212121213,0.21212121212121213,-0.021645021645021644,0.42424242424242425
Q8TY15,ProteinMPNN_v002,0,Archaea,Top,361,109.54567396121882,5.01396083831787,-16.775616112899286,0.1606648199445983,0.1357340720221606,-0.1501385041551246,0.0637119113573407,21.745429362880884,0.0692520775623268,0.2271468144044321,0.778393351800554,-0.335180055401662,0.076926108596266,26.013071060180664,0.299168975069252,0.19081272084805653,0.1625441696113074,-0.05653710247349823,0.3533568904593639
Q8TY15,ProteinMPNN_v002,1,Archaea,Top,361,109.3512542936288,4.843102836608886,-22.651712391524455,0.1717451523545706,0.1329639889196675,-0.1418282548476454,0.0526315789473684,26.84598337950139,0.0692520775623268,0.224376731301939,0.8642659279778394,-0.2880886426592798,0.0802742963407783,26.80228805541992,0.299168975069252,0.2048611111111111,0.1597222222222222,-0.0763888888888889,0.3645833333333333
Q8TY15,ProteinMPNN_v002,2,Archaea,Top,361,108.79185540166203,4.873511695861816,-17.040319201141735,0.1551246537396122,0.1218836565096953,-0.0925207756232687,0.0609418282548476,32.51052631578948,0.0692520775623268,0.2354570637119113,0.8337950138504155,-0.2243767313019391,0.0476741679772007,27.025136947631836,0.299168975069252,0.1794871794871795,0.1346153846153846,-0.057692307692307696,0.3141025641025641
Q8TY15,ProteinMPNN_v002,3,Archaea,Top,361,109.18406537396122,4.501557350158691,-29.07183585733719,0.1745152354570637,0.1052631578947368,-0.0736842105263158,0.0554016620498614,31.062049861495847,0.0692520775623268,0.2354570637119113,0.8698060941828255,-0.0720221606648199,0.0495439066993665,28.07443046569824,0.299168975069252,0.22761194029850745,0.13432835820895522,-0.1044776119402985,0.3619402985074627
Q8TY15,ProteinMPNN_v002,4,Archaea,Top,361,108.67379584487534,4.860495567321778,-20.657533412524877,0.1578947368421052,0.1246537396121883,-0.203601108033241,0.0526315789473684,27.550415512465374,0.0692520775623268,0.2409972299168975,0.8614958448753463,-0.2299168975069252,0.0370243260690151,31.93861961364746,0.299168975069252,0.17027863777089783,0.13622291021671826,-0.06191950464396285,0.3065015479876161
Q8TY15,ProteinMPNN_v002,5,Archaea,Top,361,108.89621578947369,4.744202995300292,-22.874524273910993,0.1689750692520775,0.1246537396121883,-0.0653739612188365,0.0526315789473684,29.4421052631579,0.0664819944598337,0.2409972299168975,0.8698060941828254,-0.3268698060941827,0.0661314941489061,27.13944625854492,0.299168975069252,0.2087912087912088,0.16483516483516483,-0.0695970695970696,0.37362637362637363
Q8TY15,ProteinMPNN_v002,6,Archaea,Top,361,108.71927673130192,4.860495567321778,-18.031050573763956,0.1606648199445983,0.1246537396121883,-0.1518005540166205,0.0498614958448753,31.070083102493072,0.0692520775623268,0.2326869806094182,0.8559556786703602,-0.3074792243767313,0.0634000957201491,27.486711502075195,0.299168975069252,0.1893687707641196,0.1461794019933555,-0.059800664451827246,0.33554817275747506
Q8TY15,ProteinMPNN_v002,7,Archaea,Top,361,108.77969279778392,5.103766441345214,-15.669462404321884,0.1578947368421052,0.1385041551246537,-0.2019390581717451,0.0498614958448753,27.664542936288083,0.0664819944598337,0.2409972299168975,0.8365650969529086,-0.2770083102493075,0.0420674110906557,28.228626251220703,0.299168975069252,0.16272189349112426,0.14497041420118342,-0.04437869822485207,0.3076923076923077
B1YC30,ProteinMPNN_v002,0,Archaea,Neutral,262,112.91308129770992,4.7569917678833,-17.05924311057752,0.2213740458015267,0.1603053435114504,-0.4740458015267175,0.0458015267175572,42.75610687022901,0.049618320610687,0.2251908396946564,0.83206106870229,0.0076335877862594,0.0839602015860075,23.940250396728516,0.3015267175572519,0.2696078431372549,0.20588235294117646,-0.06862745098039216,0.47549019607843135
B1YC30,ProteinMPNN_v002,1,Archaea,Neutral,262,114.22875076335878,5.054089164733886,-11.140640304668366,0.232824427480916,0.1946564885496183,-0.767175572519084,0.049618320610687,33.17671755725189,0.049618320610687,0.1870229007633587,0.9389312977099236,-0.0839694656488549,0.0710043473795912,25.72047233581543,0.3015267175572519,0.2804232804232804,0.25925925925925924,-0.026455026455026454,0.5396825396825397
B1YC30,ProteinMPNN_v002,2,Archaea,Neutral,262,114.96067938931296,4.826392173767089,-18.20322183023015,0.232824427480916,0.1755725190839694,-0.6553435114503816,0.049618320610687,41.70877862595419,0.049618320610687,0.2099236641221374,0.9045801526717556,-0.049618320610687,0.1023168608544261,22.909252166748047,0.3015267175572519,0.26153846153846155,0.2358974358974359,-0.041025641025641026,0.49743589743589745
B1YC30,ProteinMPNN_v002,3,Archaea,Neutral,262,114.25848129770992,4.9714452743530275,-13.049130612843657,0.2213740458015267,0.1793893129770992,-0.6316793893129771,0.0572519083969465,41.29809160305343,0.049618320610687,0.1984732824427481,0.8931297709923665,-0.1374045801526717,0.1057298454663936,22.283994674682617,0.3015267175572519,0.2857142857142857,0.2792207792207792,-0.012987012987012988,0.5649350649350648
B1YC30,ProteinMPNN_v002,4,Archaea,Neutral,262,115.18679007633588,5.0266927719116214,-13.03633946520305,0.2290076335877862,0.1870229007633587,-0.7053435114503818,0.0534351145038167,46.18740458015265,0.049618320610687,0.1946564885496183,0.8816793893129771,-0.0572519083969465,0.0755211561963125,26.939666748046875,0.3015267175572519,0.28217821782178215,0.22772277227722773,-0.06435643564356436,0.5099009900990099
B1YC30,ProteinMPNN_v002,5,Archaea,Neutral,262,115.3822889312977,5.114509010314941,-10.12774453589057,0.2251908396946565,0.1908396946564885,-0.7351145038167939,0.0534351145038167,50.40572519083967,0.049618320610687,0.183206106870229,0.8893129770992366,0.0114503816793892,0.1951055231252806,24.546058654785156,0.3015267175572519,0.27835051546391754,0.25773195876288657,-0.02577319587628866,0.5360824742268041
B1YC30,ProteinMPNN_v002,6,Archaea,Neutral,262,114.23174923664122,4.896645164489747,-14.394388443639386,0.2251908396946565,0.1755725190839694,-0.6893129770992367,0.0534351145038168,40.184732824427485,0.049618320610687,0.2061068702290076,0.8358778625954199,-0.0877862595419847,0.1367914752512866,23.52798080444336,0.3015267175572519,0.29508196721311475,0.24043715846994534,-0.060109289617486336,0.53551912568306
B1YC30,ProteinMPNN_v002,7,Archaea,Neutral,262,111.98168435114503,5.167596626281735,-8.99165018412318,0.1984732824427481,0.1755725190839694,-0.5259541984732825,0.0572519083969465,34.55687022900763,0.0534351145038167,0.2213740458015267,0.9122137404580152,-0.2557251908396947,0.2411181259626614,25.164796829223633,0.3015267175572519,0.25,0.2193877551020408,-0.04591836734693878,0.4693877551020408
P80505,ProteinMPNN_v002,0,Bacteria,Bottom,337,110.59665044510383,6.4401647567749025,-1.8430444608076968,0.1572700296735905,0.172106824925816,-0.4103857566765579,0.0741839762611275,17.172136498516313,0.0356083086053412,0.2640949554896142,0.8130563798219584,-0.2136498516320474,0.0977030442905813,23.5264835357666,0.2997032640949555,0.21800947867298578,0.23222748815165878,-0.009478672985781991,0.45023696682464454
P80505,ProteinMPNN_v002,1,Bacteria,Bottom,337,109.31985756676558,6.064174842834471,-3.8415258363373184,0.1483679525222551,0.1572700296735905,-0.1477744807121661,0.0682492581602373,19.03623145400593,0.0326409495548961,0.2818991097922848,0.8456973293768546,-0.228486646884273,0.1004198337678454,22.989789962768555,0.2997032640949555,0.2073732718894009,0.21658986175115208,-0.018433179723502304,0.423963133640553
P80505,ProteinMPNN_v002,2,Bacteria,Bottom,337,109.9200824925816,8.153912925720217,1.9662527888624837,0.1483679525222551,0.1691394658753709,-0.3059347181008902,0.0682492581602373,17.981335311572693,0.0326409495548961,0.2640949554896142,0.7507418397626113,-0.1335311572700296,0.100328947368421,22.128393173217773,0.2997032640949555,0.20812182741116753,0.25888324873096447,0.030456852791878174,0.467005076142132
P80505,ProteinMPNN_v002,3,Bacteria,Bottom,337,110.51101394658754,6.444768714904785,-1.8435732879551736,0.1513353115727003,0.1661721068249258,-0.3498516320474777,0.0712166172106825,20.118100890207707,0.0356083086053412,0.2522255192878338,0.771513353115727,-0.142433234421365,0.0928863327486397,23.07458877563477,0.2997032640949555,0.20095693779904306,0.23923444976076555,0.009569377990430622,0.4401913875598086
P80505,ProteinMPNN_v002,4,Bacteria,Bottom,337,109.4742299703264,7.646060752868652,0.972242555848446,0.1424332344213649,0.1602373887240356,-0.272700296735905,0.0712166172106825,15.349584569732926,0.0326409495548961,0.28486646884273,0.8219584569732938,-0.0623145400593471,0.0930341134060882,23.553686141967773,0.2997032640949555,0.2037914691943128,0.22748815165876776,0.009478672985781991,0.4312796208530806
P80505,ProteinMPNN_v002,5,Bacteria,Bottom,337,111.11109614243324,5.940322685241699,-4.860461800929947,0.1632047477744807,0.1691394658753709,-0.3293768545994065,0.0741839762611275,26.653442136498512,0.0326409495548961,0.2433234421364985,0.798219584569733,-0.1632047477744806,0.083859512574792,23.067270278930664,0.2997032640949555,0.22065727699530516,0.22535211267605634,-0.014084507042253521,0.4460093896713615
P80505,ProteinMPNN_v002,6,Bacteria,Bottom,337,108.75461543026704,5.745251274108887,-5.020090856371382,0.1513353115727003,0.1513353115727003,-0.2623145400593472,0.0652818991097922,15.74068249258159,0.0326409495548961,0.2848664688427299,0.8011869436201781,-0.142433234421365,0.0837097658243399,21.97115898132324,0.2997032640949555,0.20476190476190476,0.21904761904761905,-0.004761904761904762,0.4238095238095238
P80505,ProteinMPNN_v002,7,Bacteria,Bottom,337,110.19566528189912,5.752924537658691,-6.756380192455637,0.1602373887240356,0.1632047477744806,-0.2824925816023739,0.0712166172106824,21.097952522255188,0.0356083086053412,0.2640949554896142,0.7833827893175074,-0.0890207715133531,0.1016209383964411,22.143234252929688,0.2997032640949555,0.22065727699530516,0.2300469483568075,-0.023474178403755867,0.45070422535211263
Q9N2D5,ProteinMPNN_v002,0,Eukaryota,Neutral,333,108.67775585585584,5.98187198638916,-4.7661729786439935,0.1531531531531531,0.1621621621621621,-0.3576576576576576,0.063063063063063,29.53273273273273,0.042042042042042,0.2792792792792793,0.8258258258258258,0.0090090090090089,0.0620827439009257,25.580753326416016,0.3003003003003003,0.17857142857142858,0.21031746031746032,0.0,0.3888888888888889
Q9N2D5,ProteinMPNN_v002,1,Eukaryota,Neutral,333,109.81985645645646,5.186978721618652,-15.570199126816298,0.1801801801801801,0.1621621621621621,-0.3279279279279279,0.066066066066066,27.36906906906907,0.039039039039039,0.2732732732732733,0.8438438438438438,0.1111111111111111,0.065599052940825,21.82942771911621,0.3003003003003003,0.2413793103448276,0.21551724137931033,-0.06896551724137931,0.4568965517241379
Q9N2D5,ProteinMPNN_v002,2,Eukaryota,Neutral,333,108.99337357357358,5.688582801818847,-6.565544660365958,0.1591591591591591,0.1591591591591591,-0.3558558558558558,0.069069069069069,23.071771771771765,0.039039039039039,0.2822822822822823,0.8108108108108107,0.018018018018018,0.0681031031031031,22.34001350402832,0.3003003003003003,0.20175438596491227,0.21929824561403508,-0.013157894736842105,0.42105263157894735
Q9N2D5,ProteinMPNN_v002,3,Eukaryota,Neutral,333,108.58952402402404,5.0341386795043945,-15.745832600727349,0.1621621621621621,0.1381381381381381,-0.303003003003003,0.075075075075075,21.84354354354353,0.042042042042042,0.2912912912912913,0.8048048048048049,0.012012012012012,0.0976182469306241,23.425661087036133,0.3003003003003003,0.2237442922374429,0.1917808219178082,-0.0639269406392694,0.4155251141552511
Q9N2D5,ProteinMPNN_v002,4,Eukaryota,Neutral,333,108.96947147147148,5.2869585037231435,-11.756994476063449,0.1591591591591591,0.1471471471471471,-0.2447447447447447,0.069069069069069,22.899699699699696,0.039039039039039,0.2792792792792792,0.8018018018018018,0.0930930930930931,0.076925360286151,22.04234504699707,0.3003003003003003,0.2169811320754717,0.21226415094339623,-0.03773584905660377,0.42924528301886794
Q9N2D5,ProteinMPNN_v002,5,Eukaryota,Neutral,333,108.07343633633636,5.432693672180174,-9.751116469118337,0.1501501501501501,0.1441441441441441,-0.2423423423423423,0.069069069069069,21.029729729729727,0.039039039039039,0.2882882882882883,0.7957957957957957,-0.051051051051051,0.0717615921005751,23.382810592651367,0.3003003003003003,0.2112676056338028,0.20187793427230047,-0.03755868544600939,0.41314553990610325
Q9N2D5,ProteinMPNN_v002,6,Eukaryota,Neutral,333,110.04790510510512,5.61730670928955,-8.656206250964189,0.1651651651651651,0.1651651651651651,-0.4315315315315315,0.069069069069069,23.678978978978964,0.036036036036036,0.2702702702702703,0.8738738738738738,-0.051051051051051,0.0916204666204666,22.742504119873047,0.3003003003003003,0.25555555555555554,0.22777777777777777,-0.05,0.4833333333333333
Q9N2D5,ProteinMPNN_v002,7,Eukaryota,Neutral,333,108.63264534534537,5.428146553039549,-9.76190633561911,0.1501501501501501,0.1441441441441441,-0.2567567567567567,0.075075075075075,22.056156156156153,0.042042042042042,0.2912912912912913,0.8318318318318318,-0.1231231231231231,0.0991251216554509,21.551971435546875,0.3003003003003003,0.21951219512195122,0.1902439024390244,-0.05853658536585366,0.40975609756097564
Q6DIY2,ProteinMPNN_v002,0,Eukaryota,Bottom,179,118.1370653631285,5.53079776763916,-6.863945286628141,0.1843575418994413,0.1843575418994413,-0.8564245810055866,0.1173184357541899,31.435754189944117,0.0446927374301675,0.1899441340782122,0.8770949720670391,-0.2625698324022346,0.2011003893685458,16.078401565551758,0.3016759776536313,0.23853211009174313,0.22935779816513763,-0.03669724770642202,0.46788990825688076
Q6DIY2,ProteinMPNN_v002,1,Eukaryota,Bottom,179,116.19186033519551,5.76383762359619,-4.0390555809376245,0.1564245810055866,0.1620111731843575,-0.6541899441340783,0.106145251396648,21.546927374301664,0.0502793296089385,0.2067039106145251,0.8715083798882681,-0.3016759776536313,0.1664936306257312,15.61417007446289,0.3016759776536313,0.1941747572815534,0.24271844660194175,0.019417475728155338,0.4368932038834952
Q6DIY2,ProteinMPNN_v002,2,Eukaryota,Bottom,179,117.93790502793296,6.0879335403442365,-2.9634251048575138,0.1731843575418994,0.1899441340782122,-0.7407821229050279,0.1117318435754189,26.132960893854737,0.0502793296089385,0.1787709497206704,0.8435754189944135,-0.2625698324022346,0.2164729782212529,15.562884330749512,0.3016759776536313,0.23,0.27,0.02,0.5
Q6DIY2,ProteinMPNN_v002,3,Eukaryota,Bottom,179,118.08734022346368,5.671531105041503,-5.874967037666995,0.1787709497206704,0.1843575418994413,-0.7972067039106144,0.1173184357541899,29.516759776536308,0.0446927374301675,0.1899441340782122,0.8603351955307262,-0.2793296089385474,0.1329769127570533,16.919300079345703,0.3016759776536313,0.2,0.24166666666666667,-0.008333333333333333,0.44166666666666665
Q6DIY2,ProteinMPNN_v002,4,Eukaryota,Bottom,179,115.83840949720673,5.161401176452635,-7.129913233215525,0.1675977653631284,0.1508379888268156,-0.6569832402234637,0.1117318435754189,25.765363128491607,0.0502793296089385,0.2234636871508379,0.8268156424581006,-0.2234636871508379,0.2494493216280926,16.18682289123535,0.3016759776536313,0.2222222222222222,0.24074074074074073,-0.018518518518518517,0.4629629629629629
Q6DIY2,ProteinMPNN_v002,5,Eukaryota,Bottom,179,118.80391564245812,6.717311668395996,-0.7884194512416798,0.1787709497206703,0.217877094972067,-0.9581005586592178,0.106145251396648,29.696648044692733,0.0446927374301675,0.1731843575418994,0.8547486033519553,-0.1955307262569832,0.2401139226640376,15.662750244140623,0.3016759776536313,0.1941747572815534,0.3300970873786408,0.07766990291262135,0.5242718446601942
Q6DIY2,ProteinMPNN_v002,6,Eukaryota,Bottom,179,118.657130726257,5.5428476333618155,-6.878389862561427,0.1843575418994413,0.1843575418994413,-0.888268156424581,0.1173184357541899,27.686592178770937,0.0446927374301675,0.1787709497206704,0.782122905027933,-0.3016759776536313,0.2481614746078338,16.183502197265625,0.3016759776536313,0.23076923076923078,0.23076923076923078,-0.028846153846153848,0.46153846153846156
Q6DIY2,ProteinMPNN_v002,7,Eukaryota,Bottom,179,117.65612960893856,5.561092948913574,-5.939484002467399,0.1731843575418994,0.1731843575418994,-0.829050279329609,0.1117318435754189,32.995530726256966,0.0502793296089385,0.2067039106145251,0.8547486033519553,-0.2737430167597765,0.2300070045956981,16.806991577148438,0.3016759776536313,0.22321428571428573,0.22321428571428573,-0.044642857142857144,0.44642857142857145
G0HQ35,ProteinMPNN_v002,0,Archaea,Bottom,358,111.22301368715084,5.929466438293456,-5.670721065454416,0.1396648044692737,0.1480446927374301,-0.4634078212290503,0.0921787709497206,25.556145251396647,0.0502793296089385,0.276536312849162,0.8268156424581006,-0.4022346368715084,0.0370686110909574,27.513442993164062,0.3016759776536313,0.1617161716171617,0.16831683168316833,-0.019801980198019802,0.33003300330033003
G0HQ35,ProteinMPNN_v002,1,Archaea,Bottom,358,112.17743882681566,5.607018852233887,-9.56435138547139,0.1536312849162011,0.1536312849162011,-0.4298882681564246,0.0865921787709497,26.913128491620107,0.0502793296089385,0.2569832402234637,0.7988826815642458,-0.2513966480446927,0.0391756616699107,26.91267204284668,0.3016759776536313,0.17,0.17666666666666667,-0.02,0.3466666666666667
G0HQ35,ProteinMPNN_v002,2,Archaea,Bottom,358,112.15099441340784,5.2901414871215815,-15.368238787358152,0.159217877094972,0.1480446927374301,-0.4371508379888268,0.0865921787709497,33.190782122905034,0.0502793296089385,0.2681564245810056,0.770949720670391,-0.2793296089385475,0.0459355972631975,27.600099563598633,0.3016759776536313,0.1840277777777778,0.17708333333333334,-0.041666666666666664,0.36111111111111116
G0HQ35,ProteinMPNN_v002,3,Archaea,Bottom,358,112.0835058659218,5.294233894348144,-13.536646151272173,0.159217877094972,0.1480446927374301,-0.4527932960893854,0.0893854748603351,28.43463687150838,0.0502793296089385,0.2625698324022346,0.7737430167597765,-0.5279329608938548,0.0499136835543194,27.10508155822754,0.3016759776536313,0.18430034129692832,0.17747440273037543,-0.03754266211604096,0.36177474402730375
G0HQ35,ProteinMPNN_v002,4,Archaea,Bottom,358,111.71265949720672,5.493568229675293,-10.575891268528672,0.1480446927374301,0.1452513966480447,-0.3134078212290503,0.0865921787709497,35.84804469273743,0.0502793296089385,0.2681564245810056,0.7737430167597765,-0.1033519553072626,0.0586254280050459,24.598690032958984,0.3016759776536313,0.18345323741007194,0.18705035971223022,-0.03237410071942446,0.3705035971223022
G0HQ35,ProteinMPNN_v002,5,Archaea,Bottom,358,111.98750530726258,6.078952980041502,-3.8202448213780897,0.1508379888268156,0.159217877094972,-0.3754189944134078,0.0893854748603351,28.887430167597767,0.0502793296089385,0.2653631284916201,0.7793296089385474,-0.4832402234636871,0.0395144460718868,25.473899841308594,0.3016759776536313,0.16556291390728478,0.18874172185430463,0.0,0.35430463576158944
G0HQ35,ProteinMPNN_v002,6,Archaea,Bottom,358,111.47975335195532,5.487429618835448,-11.457573955617512,0.1424581005586592,0.1396648044692737,-0.420391061452514,0.0921787709497206,25.445810055865916,0.0502793296089385,0.2793296089385474,0.8044692737430167,-0.4860335195530726,0.0456161410960801,27.189922332763672,0.3016759776536313,0.15479876160990713,0.15170278637770898,-0.034055727554179564,0.3065015479876161
G0HQ35,ProteinMPNN_v002,7,Archaea,Bottom,358,111.70664441340782,5.137471961975096,-15.634240156873233,0.1536312849162011,0.1340782122905028,-0.3248603351955307,0.0893854748603351,35.91117318435753,0.053072625698324,0.2737430167597765,0.7346368715083799,-0.4832402234636871,0.068856869327064,28.1197509765625,0.3016759776536313,0.16778523489932887,0.1476510067114094,-0.04697986577181208,0.31543624161073824
Q8DLT5,ProteinMPNN_v002,0,Bacteria,Neutral,449,107.17258552338532,5.06176242828369,-13.96538997144723,0.1247216035634743,0.1069042316258351,-0.2948775055679287,0.0356347438752784,20.43518930957683,0.0489977728285077,0.3051224944320713,0.9042316258351892,-0.4632516703786191,0.0407220498560277,31.74835205078125,0.3006681514476614,0.17,0.14666666666666667,-0.03666666666666667,0.31666666666666665
Q8DLT5,ProteinMPNN_v002,1,Bacteria,Neutral,449,106.50860400890866,5.050053596496581,-15.799913584338055,0.1247216035634743,0.1069042316258352,-0.2026726057906459,0.0334075723830735,23.150779510022268,0.0512249443207126,0.309576837416481,0.8708240534521158,-0.4164810690423163,0.0385949968931306,31.123960494995117,0.3006681514476614,0.16819571865443425,0.1437308868501529,-0.04892966360856269,0.3119266055045872
Q8DLT5,ProteinMPNN_v002,2,Bacteria,Neutral,449,108.59144988864143,5.020099449157715,-16.942588657674754,0.1469933184855233,0.1224944320712694,-0.3265033407572383,0.0378619153674833,25.575278396436524,0.0489977728285077,0.2761692650334075,0.9175946547884186,-0.4231625835189309,0.0467154186927894,29.324750900268555,0.3006681514476614,0.2080536912751678,0.17785234899328858,-0.04697986577181208,0.3859060402684564
Q8DLT5,ProteinMPNN_v002,3,Bacteria,Neutral,449,108.14057483296212,5.1612874984741195,-12.959583189354872,0.131403118040089,0.1158129175946548,-0.3022271714922048,0.042316258351893,26.588195991091293,0.0467706013363029,0.3028953229398664,0.9220489977728286,-0.5389755011135857,0.0541904272416521,31.247406005859375,0.3006681514476614,0.19148936170212766,0.16666666666666666,-0.0425531914893617,0.35815602836879434
Q8DLT5,ProteinMPNN_v002,4,Bacteria,Neutral,449,106.4414131403118,5.524147605895995,-7.856522908694323,0.1046770601336302,0.1024498886414253,-0.2349665924276169,0.0400890868596881,23.525167037861905,0.0489977728285077,0.33184855233853,0.8752783964365256,-0.4120267260579064,0.0517567383300759,33.558067321777344,0.3006681514476614,0.14473684210526316,0.14473684210526316,-0.019736842105263157,0.2894736842105263
Q8DLT5,ProteinMPNN_v002,5,Bacteria,Neutral,449,107.27134075723828,5.0465295791625975,-13.085295507750864,0.1291759465478841,0.1091314031180401,-0.2837416481069042,0.0356347438752784,23.95545657015589,0.0512249443207126,0.3051224944320713,0.8997772828507795,-0.4187082405345211,0.0503473786749402,32.95687484741211,0.3006681514476614,0.18149466192170818,0.16370106761565836,-0.028469750889679714,0.34519572953736655
Q8DLT5,ProteinMPNN_v002,6,Bacteria,Neutral,449,107.59483786191538,5.061876106262206,-11.193771412985347,0.1247216035634743,0.1069042316258352,-0.2476614699331848,0.0378619153674833,23.99287305122494,0.0512249443207126,0.2917594654788419,0.9220489977728284,-0.4320712694877505,0.0462741969440104,32.68239212036133,0.3006681514476614,0.17993079584775087,0.15916955017301038,-0.02768166089965398,0.3391003460207612
Q8DLT5,ProteinMPNN_v002,7,Bacteria,Neutral,449,107.25717973273944,4.777965354919433,-20.920498462320808,0.1269487750556792,0.0935412026726057,-0.2514476614699332,0.0400890868596881,21.910690423162578,0.0467706013363029,0.3006681514476614,0.888641425389755,-0.376391982182628,0.0441684988701129,32.68806457519531,0.3006681514476614,0.19771863117870722,0.13688212927756654,-0.07604562737642585,0.33460076045627374
O67786,AlkalineMPNN,0,Bacteria,Top,223,115.42729147982062,4.0500284194946286,-48.18362403950559,0.2914798206278027,0.0852017937219731,-0.3825112107623319,0.0986547085201793,61.81434977578477,0.0493273542600896,0.1883408071748879,0.852017937219731,0.2600896860986547,0.0909388568581393,18.960538864135746,0.3004484304932735,0.45652173913043476,0.13043478260869565,-0.34057971014492755,0.5869565217391304
O67786,AlkalineMPNN,1,Bacteria,Top,223,115.81944394618834,4.180814933776855,-38.372276047987555,0.2825112107623318,0.1121076233183856,-0.4708520179372197,0.0941704035874439,52.31121076233185,0.0448430493273542,0.1748878923766816,0.8565022421524664,0.2825112107623318,0.1991186466962174,18.92332649230957,0.3004484304932735,0.4186046511627907,0.17829457364341086,-0.24031007751937986,0.5968992248062016
O67786,AlkalineMPNN,2,Bacteria,Top,223,114.9068479820628,4.0500284194946286,-46.277276392964765,0.2869955156950672,0.085201793721973,-0.3730941704035874,0.0986547085201793,55.068206278026935,0.0538116591928251,0.1838565022421524,0.9192825112107624,0.1659192825112108,0.1717925314496607,17.59935188293457,0.3004484304932735,0.5,0.12962962962962962,-0.37962962962962965,0.6296296296296297
O67786,AlkalineMPNN,3,Bacteria,Top,223,114.48586412556052,4.0500284194946286,-44.19532072978686,0.2780269058295964,0.0896860986547085,-0.3035874439461883,0.0941704035874439,57.84757847533635,0.0538116591928251,0.1883408071748878,0.8340807174887892,0.2331838565022421,0.158472133247918,19.3367977142334,0.3004484304932735,0.41911764705882354,0.1323529411764706,-0.3014705882352941,0.5514705882352942
O67786,AlkalineMPNN,4,Bacteria,Top,223,114.17176860986548,4.077765846252441,-40.377866972233974,0.273542600896861,0.0941704035874439,-0.3605381165919283,0.085201793721973,49.43053811659193,0.0493273542600896,0.1883408071748879,0.8654708520179373,0.3004484304932736,0.1753950459107409,19.909666061401367,0.3004484304932735,0.38686131386861317,0.145985401459854,-0.24087591240875914,0.5328467153284672
O67786,AlkalineMPNN,5,Bacteria,Top,223,114.45078789237668,4.143983268737792,-35.39277652335818,0.2556053811659192,0.0986547085201793,-0.331390134529148,0.1031390134529148,40.76860986547086,0.0493273542600896,0.1928251121076233,0.8116591928251121,0.3632286995515695,0.1609417040358744,20.91623878479004,0.3004484304932735,0.3509933774834437,0.1390728476821192,-0.2119205298013245,0.4900662251655629
O67786,AlkalineMPNN,6,Bacteria,Top,223,115.08318385650225,4.184452629089355,-39.20014919355808,0.273542600896861,0.1076233183856502,-0.4165919282511211,0.0896860986547085,59.42242152466369,0.0538116591928251,0.1883408071748879,0.8609865470852018,0.2869955156950672,0.1427189048855322,18.012908935546875,0.3004484304932735,0.4649122807017544,0.18421052631578946,-0.2894736842105263,0.6491228070175439
O67786,AlkalineMPNN,7,Bacteria,Top,223,114.31131928251122,4.057076454162597,-39.38515759741376,0.2645739910313901,0.0896860986547085,-0.3282511210762332,0.0941704035874439,47.73587443946188,0.0538116591928251,0.1928251121076233,0.905829596412556,0.2242152466367712,0.1672911931527325,18.366899490356445,0.3004484304932735,0.4818181818181818,0.15454545454545454,-0.32727272727272727,0.6363636363636364
Q980U8,AlkalineMPNN,0,Archaea,Top,349,113.51797564469916,4.0500284194946286,-87.71802474896725,0.329512893982808,0.0859598853868194,-0.6747851002865329,0.0515759312320916,67.70547277936959,0.0429799426934097,0.1919770773638968,0.8653295128939829,0.4584527220630372,0.0360001287788545,24.005056381225582,0.3008595988538682,0.424812030075188,0.10902255639097744,-0.32706766917293234,0.5338345864661654
Q980U8,AlkalineMPNN,1,Archaea,Top,349,113.7992312320917,4.0500284194946286,-90.70351895516802,0.3438395415472779,0.0916905444126074,-0.6372492836676218,0.0487106017191977,62.57710601719195,0.0343839541547277,0.1891117478510028,0.8481375358166189,0.4183381088825214,0.0760570270459151,29.265396118164062,0.3008595988538682,0.42124542124542125,0.11355311355311355,-0.31868131868131866,0.5347985347985348
Q980U8,AlkalineMPNN,2,Archaea,Top,349,114.40833266475644,4.0500284194946286,-111.5766386403686,0.3810888252148997,0.0716332378223495,-0.732378223495702,0.0487106017191977,70.92323782234952,0.0286532951289398,0.1776504297994269,0.828080229226361,0.4555873925501433,0.0271820990465248,26.78350830078125,0.3008595988538682,0.4564459930313589,0.08362369337979095,-0.3867595818815331,0.5400696864111498
Q980U8,AlkalineMPNN,3,Archaea,Top,349,113.4390553008596,4.0500284194946286,-77.74329068245905,0.3180515759312321,0.1031518624641833,-0.5830945558739254,0.0487106017191977,56.85332378223494,0.0401146131805157,0.1919770773638968,0.8853868194842407,0.4498567335243553,0.0355016358796155,25.442262649536133,0.3008595988538682,0.3821428571428571,0.125,-0.26785714285714285,0.5071428571428571
Q980U8,AlkalineMPNN,4,Archaea,Top,349,113.48939426934098,4.0500284194946286,-86.62280581287081,0.332378223495702,0.0945558739255014,-0.6942693409742121,0.0487106017191977,66.80633237822346,0.0372492836676217,0.1891117478510028,0.833810888252149,0.5243553008595988,0.0321707341171821,25.697473526000977,0.3008595988538682,0.424812030075188,0.10902255639097744,-0.3308270676691729,0.5338345864661654
Q980U8,AlkalineMPNN,5,Archaea,Top,349,113.18534441260744,4.0500284194946286,-88.71156533845348,0.3381088825214899,0.0916905444126074,-0.5982808022922637,0.0487106017191977,62.661060171919736,0.0401146131805157,0.2034383954154728,0.825214899713467,0.5616045845272206,0.0424251362436091,27.61033821105957,0.3008595988538682,0.4312267657992565,0.10037174721189591,-0.3345724907063197,0.5315985130111525
Q980U8,AlkalineMPNN,6,Archaea,Top,349,112.67903954154728,4.095101737976075,-71.75649177785911,0.3008595988538682,0.1031518624641834,-0.6140401146131805,0.0487106017191977,58.683954154727765,0.0458452722063037,0.2005730659025787,0.8309455587392549,0.4297994269340974,0.0236409418488084,26.420766830444336,0.3008595988538682,0.34576271186440677,0.11864406779661017,-0.23728813559322035,0.46440677966101696
Q980U8,AlkalineMPNN,7,Archaea,Top,349,113.1579670487106,4.0500284194946286,-79.73667678430579,0.32378223495702,0.1031518624641833,-0.6034383954154727,0.0487106017191977,54.41461318051574,0.0401146131805157,0.1862464183381088,0.8395415472779371,0.3524355300859599,0.0529515296774852,26.203022003173828,0.3008595988538682,0.44129554655870445,0.12955465587044535,-0.32388663967611336,0.5708502024291497
O58832,AlkalineMPNN,0,Archaea,Top,342,112.69347660818713,4.396916770935059,-43.98459893003397,0.239766081871345,0.1228070175438596,-0.3885964912280702,0.0701754385964912,50.31669590643274,0.0614035087719298,0.2046783625730994,0.9005847953216375,-0.1578947368421053,0.0862595084201732,21.319692611694336,0.3011695906432748,0.39267015706806285,0.193717277486911,-0.21465968586387435,0.5863874345549739
O58832,AlkalineMPNN,1,Archaea,Top,342,112.75165467836258,4.188658714294434,-56.14670824543539,0.2573099415204678,0.0994152046783625,-0.3526315789473684,0.0701754385964912,60.957660818713435,0.0614035087719298,0.1900584795321637,0.8450292397660819,-0.1608187134502923,0.1011877037727061,23.564115524291992,0.3011695906432748,0.417910447761194,0.14427860696517414,-0.2835820895522388,0.5621890547263682
O58832,AlkalineMPNN,2,Archaea,Top,342,113.26610643274856,4.33399600982666,-50.0478832409512,0.2573099415204678,0.1198830409356725,-0.5058479532163743,0.0701754385964912,50.781608187134495,0.0643274853801169,0.2017543859649122,0.8596491228070176,-0.1228070175438596,0.0822657817564439,22.022729873657227,0.3011695906432748,0.42328042328042326,0.1693121693121693,-0.26455026455026454,0.5925925925925926
O58832,AlkalineMPNN,3,Archaea,Top,342,114.06605409356727,4.406977272033691,-47.66408605357977,0.2573099415204679,0.1286549707602339,-0.4853801169590643,0.0701754385964912,61.13891812865496,0.0614035087719298,0.1871345029239766,0.9035087719298244,-0.1666666666666666,0.0781781604094553,23.974454879760746,0.3011695906432748,0.3698630136986301,0.1735159817351598,-0.2100456621004566,0.54337899543379
O58832,AlkalineMPNN,4,Archaea,Top,342,112.74637953216371,4.430622291564942,-40.07340091879178,0.2251461988304093,0.1169590643274853,-0.3616959064327485,0.0701754385964912,52.0336549707602,0.0614035087719298,0.2046783625730994,0.9005847953216375,-0.1695906432748538,0.0682020922877301,23.15399742126465,0.3011695906432748,0.37948717948717947,0.16923076923076924,-0.2205128205128205,0.5487179487179488
O58832,AlkalineMPNN,5,Archaea,Top,342,113.61570906432748,4.343658638000489,-48.14830906678074,0.2514619883040935,0.1169590643274853,-0.4184210526315789,0.0701754385964912,52.30529239766081,0.0614035087719298,0.1871345029239766,0.8830409356725146,-0.1578947368421053,0.0720753283102102,21.948421478271484,0.3011695906432748,0.3872549019607843,0.16666666666666666,-0.23039215686274508,0.553921568627451
O58832,AlkalineMPNN,6,Archaea,Top,342,113.07718830409358,4.427894020080567,-43.976588850229014,0.239766081871345,0.1228070175438596,-0.3891812865497076,0.0701754385964912,58.93950292397659,0.0614035087719298,0.2017543859649122,0.8801169590643275,-0.1315789473684211,0.081564831619278,21.36186790466309,0.3011695906432748,0.3954802259887006,0.1977401129943503,-0.20903954802259886,0.5932203389830508
O58832,AlkalineMPNN,7,Archaea,Top,342,112.92099941520466,4.214065742492676,-58.146223270444466,0.2690058479532163,0.1052631578947368,-0.4239766081871345,0.0643274853801169,53.57576023391813,0.0614035087719298,0.1900584795321637,0.8918128654970761,-0.1491228070175438,0.0876971469076732,22.88643455505371,0.3011695906432748,0.4497354497354497,0.14285714285714285,-0.31216931216931215,0.5925925925925926
Q9Z9J6,AlkalineMPNN,0,Bacteria,Top,62,118.1640193548387,4.2075292587280275,-16.436228593254015,0.4032258064516129,0.1451612903225806,-0.7258064516129032,0.0,58.695161290322574,0.0161290322580645,0.064516129032258,0.9516129032258064,-0.0806451612903225,0.4468141828845641,10.740741729736328,0.3064516129032258,0.575,0.175,-0.4,0.75
Q9Z9J6,AlkalineMPNN,1,Bacteria,Top,62,119.00440967741936,4.390834999084473,-12.44397927903928,0.3548387096774194,0.1612903225806451,-0.8225806451612904,0.0161290322580645,69.66774193548387,0.0161290322580645,0.0806451612903225,0.8870967741935484,-0.0161290322580645,0.4561827956989248,10.747092247009276,0.3064516129032258,0.4523809523809524,0.21428571428571427,-0.23809523809523808,0.6666666666666666
Q9Z9J6,AlkalineMPNN,2,Bacteria,Top,62,118.77945806451616,4.390834999084473,-12.44595728123728,0.3548387096774194,0.1612903225806451,-0.8032258064516129,0.0161290322580645,73.5758064516129,0.0161290322580645,0.0806451612903225,0.935483870967742,-0.064516129032258,0.4455809074219774,10.726178169250488,0.3064516129032258,0.5128205128205128,0.1794871794871795,-0.3333333333333333,0.6923076923076923
Q9Z9J6,AlkalineMPNN,3,Bacteria,Top,62,115.64323870967742,4.131478691101075,-15.442661977175645,0.3548387096774194,0.1129032258064516,-0.6387096774193549,0.0,64.98548387096774,0.0161290322580645,0.1290322580645161,0.967741935483871,-0.064516129032258,0.4513548387096774,10.697924613952637,0.3064516129032258,0.5,0.1,-0.4,0.6
Q9Z9J6,AlkalineMPNN,4,Bacteria,Top,62,117.31038225806452,4.51536922454834,-9.453399666057914,0.3064516129032257,0.1612903225806451,-0.6129032258064516,0.0161290322580645,53.858064516129026,0.0161290322580645,0.0967741935483871,0.9516129032258064,-0.0806451612903225,0.4543444328824141,10.761924743652344,0.3064516129032258,0.43902439024390244,0.1951219512195122,-0.24390243902439024,0.6341463414634146
Q9Z9J6,AlkalineMPNN,5,Bacteria,Top,62,118.21102903225804,4.125908470153808,-18.430729429248437,0.4193548387096774,0.1290322580645161,-0.8112903225806452,0.0,83.78548387096774,0.0161290322580645,0.0806451612903225,0.8870967741935484,0.0161290322580645,0.4333333333333333,10.679396629333496,0.3064516129032258,0.575,0.15,-0.425,0.725
Q9Z9J6,AlkalineMPNN,6,Bacteria,Top,62,117.80916774193548,4.3475236892700195,-12.446779741112492,0.3387096774193548,0.1451612903225806,-0.7306451612903225,0.0161290322580645,55.22741935483871,0.0161290322580645,0.0967741935483871,0.9516129032258064,-0.0483870967741935,0.4490114464099896,10.715715408325195,0.3064516129032258,0.45,0.175,-0.275,0.625
Q9Z9J6,AlkalineMPNN,7,Bacteria,Top,62,118.1013935483871,4.407773017883301,-12.445256581302916,0.3548387096774193,0.1612903225806451,-0.7887096774193548,0.0161290322580645,63.48064516129032,0.0161290322580645,0.0806451612903225,0.8548387096774194,-0.1129032258064516,0.4551824431517716,10.78436279296875,0.3064516129032258,0.475,0.2,-0.275,0.675
P02819,AlkalineMPNN,0,Eukaryota,Bottom,49,108.57236530612244,4.601650810241699,-3.2416450727887707,0.163265306122449,0.1020408163265306,-0.0693877551020408,0.1020408163265306,79.05918367346939,0.1428571428571428,0.2653061224489796,0.7755102040816326,0.3673469387755101,0.1525423728813559,14.662482261657717,0.3061224489795918,0.1891891891891892,0.13513513513513514,-0.05405405405405406,0.32432432432432434
P02819,AlkalineMPNN,1,Eukaryota,Bottom,49,109.49240204081632,4.546573829650879,-3.242755833828615,0.1428571428571428,0.0816326530612245,0.0591836734693877,0.1224489795918367,71.28979591836735,0.1428571428571428,0.2448979591836735,0.8163265306122449,0.4081632653061224,0.1525423728813559,14.587733268737791,0.3061224489795918,0.18421052631578946,0.10526315789473684,-0.07894736842105263,0.2894736842105263
P02819,AlkalineMPNN,2,Eukaryota,Bottom,49,103.81041020408162,4.3813997268676745,-4.24262407398777,0.163265306122449,0.0816326530612245,-0.0142857142857143,0.0816326530612245,54.33061224489796,0.1428571428571428,0.326530612244898,0.7551020408163265,0.346938775510204,0.1569086651053864,14.748783111572266,0.3061224489795918,0.18421052631578946,0.10526315789473684,-0.07894736842105263,0.2894736842105263
P02819,AlkalineMPNN,3,Eukaryota,Bottom,49,113.23123265306124,4.484846687316894,-4.239823611914563,0.1836734693877551,0.1020408163265306,-0.0510204081632653,0.163265306122449,46.82857142857142,0.1428571428571428,0.2040816326530612,0.8367346938775511,0.3469387755102041,0.151360544217687,13.424142837524414,0.3061224489795918,0.2,0.125,-0.075,0.325
P02819,AlkalineMPNN,4,Eukaryota,Bottom,49,103.2362081632653,4.294038200378417,-5.238824610915562,0.1836734693877551,0.0816326530612245,-0.2081632653061224,0.0816326530612245,50.400000000000006,0.1428571428571428,0.3469387755102041,0.7346938775510203,0.4081632653061224,0.1537649542575651,15.237215995788574,0.3061224489795918,0.20512820512820512,0.10256410256410256,-0.10256410256410256,0.3076923076923077
P02819,AlkalineMPNN,5,Eukaryota,Bottom,49,105.85412857142856,4.3813997268676745,-4.24262407398777,0.163265306122449,0.0816326530612245,-0.163265306122449,0.0816326530612245,61.21020408163263,0.1428571428571428,0.2857142857142857,0.8163265306122449,0.3265306122448979,0.1530612244897959,15.092866897583008,0.3061224489795918,0.18421052631578946,0.10526315789473684,-0.07894736842105263,0.2894736842105263
P02819,AlkalineMPNN,6,Eukaryota,Bottom,49,116.84060408163263,5.762530326843262,-5.45244545565007,0.2040816326530612,0.2653061224489796,-1.126530612244898,0.0816326530612245,45.434897959183665,0.1428571428571428,0.163265306122449,0.693877551020408,0.4081632653061224,0.1672152732060566,14.450050354003906,0.3061224489795918,0.24324324324324326,0.35135135135135137,-0.13513513513513514,0.5945945945945946
P02819,AlkalineMPNN,7,Eukaryota,Bottom,49,107.24075918367348,4.223046302795409,-6.23601414894235,0.2040816326530612,0.0816326530612245,-0.336734693877551,0.1020408163265306,74.24081632653059,0.1428571428571428,0.3061224489795918,0.8367346938775511,0.3469387755102041,0.1576695194206714,14.667094230651855,0.3061224489795918,0.21621621621621623,0.10810810810810811,-0.10810810810810811,0.32432432432432434
Q4R312,AlkalineMPNN,0,Eukaryota,Bottom,82,119.03974756097564,4.0500284194946286,-30.462701021015896,0.426829268292683,0.0609756097560975,-1.1219512195121952,0.0975609756097561,94.97926829268296,0.0365853658536585,0.1097560975609756,0.7560975609756098,-0.097560975609756,0.1987451396253093,14.822965621948242,0.3048780487804878,0.559322033898305,0.0847457627118644,-0.4745762711864407,0.6440677966101694
Q4R312,AlkalineMPNN,1,Eukaryota,Bottom,82,119.90707926829268,4.0500284194946286,-28.45620410112052,0.4146341463414634,0.073170731707317,-1.2646341463414634,0.0975609756097561,93.8926829268293,0.048780487804878,0.1219512195121951,0.7195121951219512,-0.2317073170731707,0.2106509914020003,16.418062210083008,0.3048780487804878,0.5161290322580645,0.08064516129032258,-0.43548387096774194,0.5967741935483871
Q4R312,AlkalineMPNN,2,Eukaryota,Bottom,82,120.172756097561,4.0500284194946286,-33.445774713202894,0.4512195121951219,0.048780487804878,-1.4390243902439024,0.0975609756097561,114.53902439024394,0.048780487804878,0.1341463414634146,0.7804878048780488,-0.1951219512195122,0.1947467166979362,15.953109741210938,0.3048780487804878,0.5901639344262295,0.06557377049180328,-0.5245901639344263,0.6557377049180327
Q4R312,AlkalineMPNN,3,Eukaryota,Bottom,82,117.61276463414636,4.0500284194946286,-25.483633894956267,0.3536585365853658,0.048780487804878,-0.8829268292682928,0.1097560975609756,56.43780487804878,0.0609756097560975,0.1219512195121951,0.6341463414634146,-0.4390243902439025,0.2059384941675503,16.15213394165039,0.3048780487804878,0.42857142857142855,0.06349206349206349,-0.36507936507936506,0.49206349206349204
Q4R312,AlkalineMPNN,4,Eukaryota,Bottom,82,119.10978658536584,4.0500284194946286,-34.45310245742987,0.4634146341463415,0.048780487804878,-1.4597560975609756,0.0975609756097561,84.7768292682927,0.0609756097560975,0.1219512195121951,0.5487804878048781,-0.3536585365853658,0.2070243902439024,15.921123504638672,0.3048780487804878,0.5901639344262295,0.06557377049180328,-0.5245901639344263,0.6557377049180327
Q4R312,AlkalineMPNN,5,Eukaryota,Bottom,82,119.29311097560976,4.0500284194946286,-35.1201306882808,0.4634146341463415,0.0365853658536585,-1.2134146341463414,0.1097560975609756,88.03658536585367,0.048780487804878,0.1097560975609756,0.7317073170731707,-0.5365853658536586,0.2146931549960661,15.28206729888916,0.3048780487804878,0.5806451612903226,0.04838709677419355,-0.532258064516129,0.6290322580645161
Q4R312,AlkalineMPNN,6,Eukaryota,Bottom,82,119.07323048780488,4.0500284194946286,-33.45603467934393,0.4390243902439025,0.0365853658536585,-1.4121951219512194,0.0975609756097561,74.75121951219514,0.048780487804878,0.1097560975609756,0.7682926829268293,-0.0853658536585365,0.1915149433184472,14.367270469665527,0.3048780487804878,0.5666666666666667,0.05,-0.5166666666666667,0.6166666666666667
Q4R312,AlkalineMPNN,7,Eukaryota,Bottom,82,117.4641768292683,4.0500284194946286,-27.467706588142256,0.3780487804878049,0.048780487804878,-1.1926829268292682,0.0975609756097561,81.3841463414634,0.0609756097560975,0.1463414634146341,0.7195121951219513,-0.4024390243902439,0.2034503271861987,16.650306701660156,0.3048780487804878,0.47540983606557374,0.06557377049180328,-0.4098360655737705,0.540983606557377
Q54FJ9,AlkalineMPNN,0,Eukaryota,Bottom,306,107.6192820261438,4.119371986389159,-46.28691100947256,0.2352941176470588,0.088235294117647,-0.1761437908496732,0.0457516339869281,35.86633986928105,0.0490196078431372,0.2679738562091503,0.8954248366013072,0.3267973856209151,0.0749448715656475,22.64505195617676,0.3006535947712418,0.3502824858757062,0.12994350282485875,-0.22033898305084745,0.480225988700565
Q54FJ9,AlkalineMPNN,1,Eukaryota,Bottom,306,108.2175683006536,4.079584693908691,-51.2708806974085,0.2516339869281045,0.088235294117647,-0.2284313725490196,0.0424836601307189,45.340849673202605,0.0522875816993464,0.2549019607843137,0.8725490196078431,0.2647058823529412,0.1447197311310398,17.367534637451172,0.3006535947712418,0.48120300751879697,0.12781954887218044,-0.3533834586466165,0.6090225563909775
Q54FJ9,AlkalineMPNN,2,Eukaryota,Bottom,306,107.39042483660133,4.142107582092284,-45.193467394512126,0.2254901960784314,0.0849673202614379,-0.1245098039215686,0.0392156862745098,43.19967320261438,0.0522875816993464,0.2745098039215686,0.9281045751633988,0.326797385620915,0.0713681718247928,22.207475662231445,0.3006535947712418,0.3508771929824561,0.12280701754385964,-0.23391812865497075,0.47368421052631576
Q54FJ9,AlkalineMPNN,3,Eukaryota,Bottom,306,107.6363202614379,4.2014474868774405,-42.290171532151234,0.2287581699346405,0.0947712418300653,-0.1297385620915032,0.0457516339869281,43.97908496732026,0.0555555555555555,0.2712418300653595,0.8986928104575164,0.2581699346405229,0.0868214551289577,18.62281036376953,0.3006535947712418,0.35714285714285715,0.14285714285714285,-0.21428571428571427,0.5
Q54FJ9,AlkalineMPNN,4,Eukaryota,Bottom,306,108.1192591503268,4.072479820251465,-52.180160565863375,0.2483660130718954,0.0849673202614379,-0.2117647058823529,0.0457516339869281,50.04313725490197,0.0522875816993464,0.2647058823529412,0.8986928104575164,0.1993464052287582,0.0864544319600499,18.726987838745117,0.3006535947712418,0.4583333333333333,0.125,-0.3333333333333333,0.5833333333333333
Q54FJ9,AlkalineMPNN,5,Eukaryota,Bottom,306,107.09940196078432,4.222875785827637,-43.84560205979352,0.2320261437908496,0.0980392156862745,-0.1215686274509804,0.0359477124183006,48.68169934640523,0.0522875816993464,0.2745098039215686,0.8888888888888888,0.130718954248366,0.1322016855416656,17.353164672851562,0.3006535947712418,0.4461538461538462,0.16153846153846155,-0.2923076923076923,0.6076923076923078
Q54FJ9,AlkalineMPNN,6,Eukaryota,Bottom,306,107.44866045751634,4.0500284194946286,-52.18276682467706,0.2450980392156863,0.0816993464052287,-0.138235294117647,0.0359477124183006,41.23464052287582,0.0555555555555555,0.2679738562091504,0.9052287581699346,0.1666666666666666,0.082223505878074,18.888843536376953,0.3006535947712418,0.4,0.12,-0.2857142857142857,0.52
Q54FJ9,AlkalineMPNN,7,Eukaryota,Bottom,306,106.76165098039216,4.084359169006347,-48.18598022840855,0.2287581699346405,0.0784313725490196,-0.1009803921568627,0.0392156862745098,45.8516339869281,0.0555555555555555,0.2875816993464052,0.8954248366013072,0.1503267973856209,0.0736477436377735,20.636537551879883,0.3006535947712418,0.3559322033898305,0.11299435028248588,-0.24858757062146894,0.4689265536723164
Q54JL0,AlkalineMPNN,0,Eukaryota,Bottom,633,115.70202985781992,4.109368324279784,-123.79564985192312,0.2985781990521327,0.1090047393364928,-0.6472353870458135,0.0900473933649289,58.60982622432875,0.0537124802527646,0.1658767772511848,0.8214849921011058,0.018957345971564,0.034960811857531,34.1188850402832,0.3001579778830964,0.3677685950413223,0.13016528925619836,-0.24586776859504134,0.49793388429752067
Q54JL0,AlkalineMPNN,1,Eukaryota,Bottom,633,115.90225734597158,4.1267610549926745,-120.71109246527077,0.2906793048973144,0.1074249605055292,-0.7225908372827805,0.0868878357030015,64.7316429699843,0.0537124802527646,0.1706161137440758,0.8278041074249605,-0.0347551342812006,0.0461470535634445,34.51156997680664,0.3001579778830964,0.39101123595505616,0.1348314606741573,-0.26292134831460673,0.5258426966292135
Q54JL0,AlkalineMPNN,2,Eukaryota,Bottom,633,116.58793823064772,4.157624626159667,-118.7894375440645,0.2985781990521327,0.1169036334913112,-0.6862559241706162,0.0884676145339652,63.02167456556089,0.0584518167456556,0.1548183254344391,0.7914691943127963,-0.0742496050552922,0.0260007219167358,34.19092559814453,0.3001579778830964,0.34709193245778613,0.13883677298311445,-0.21575984990619138,0.4859287054409006
Q54JL0,AlkalineMPNN,3,Eukaryota,Bottom,633,116.38909320695105,4.060998344421387,-127.79079894433322,0.2985781990521327,0.1026856240126382,-0.6985781990521327,0.0932069510268562,60.58249605055298,0.0568720379146919,0.1658767772511848,0.8246445497630333,0.1200631911532385,0.0380954626551287,33.17902755737305,0.3001579778830964,0.38247863247863245,0.1282051282051282,-0.2606837606837607,0.5106837606837606
Q54JL0,AlkalineMPNN,4,Eukaryota,Bottom,633,116.34249431279622,4.225149345397949,-111.5486796572309,0.2890995260663507,0.1232227488151658,-0.739178515007899,0.0868878357030015,65.85484992101118,0.0568720379146919,0.1674565560821485,0.8420221169036335,0.0078988941548183,0.0331640064643823,34.27935028076172,0.3001579778830964,0.34468937875751504,0.14428857715430862,-0.21042084168336672,0.4889779559118237
Q54JL0,AlkalineMPNN,5,Eukaryota,Bottom,633,116.36685608214852,4.070206260681153,-133.5095460269098,0.3048973143759874,0.1042654028436019,-0.7157977883096367,0.0884676145339652,65.78914691943143,0.0552922590837282,0.1595576619273301,0.8246445497630333,-0.1200631911532385,0.0344208089937176,34.07770538330078,0.3001579778830964,0.38253638253638256,0.13305613305613306,-0.26403326403326405,0.5155925155925156
Q54JL0,AlkalineMPNN,6,Eukaryota,Bottom,633,115.51576192733016,4.0500284194946286,-134.86484738040207,0.3048973143759873,0.0963665086887835,-0.628436018957346,0.0900473933649289,64.25785150078997,0.0552922590837282,0.1832543443917851,0.8104265402843602,-0.1879936808846761,0.0380769096060507,33.15858459472656,0.3001579778830964,0.38381742738589214,0.12240663900414937,-0.2676348547717842,0.5062240663900415
Q54JL0,AlkalineMPNN,7,Eukaryota,Bottom,633,116.29463791469196,4.103741264343261,-123.881492639609,0.2985781990521327,0.1074249605055292,-0.7007898894154818,0.0963665086887835,60.14473933649297,0.0537124802527646,0.1721958925750395,0.886255924170616,-0.1658767772511848,0.0351794393868791,32.83847427368164,0.3001579778830964,0.36929460580912865,0.13485477178423236,-0.24066390041493776,0.504149377593361
Q69NP0,AlkalineMPNN,0,Eukaryota,Bottom,93,117.1044752688172,4.0500284194946286,-27.34080667955078,0.3440860215053763,0.064516129032258,-0.624731182795699,0.1182795698924731,48.852688172042996,0.032258064516129,0.1612903225806451,0.7096774193548387,-0.1935483870967742,0.2173138826107801,13.27621841430664,0.3010752688172043,0.453125,0.09375,-0.375,0.546875
Q69NP0,AlkalineMPNN,1,Eukaryota,Bottom,93,117.79386666666666,4.0500284194946286,-26.16914700507398,0.3440860215053763,0.0967741935483871,-0.6451612903225806,0.1182795698924731,60.81720430107526,0.043010752688172,0.1290322580645161,0.7741935483870968,-0.3010752688172042,0.2981583161747884,13.0097074508667,0.3010752688172043,0.5087719298245614,0.15789473684210525,-0.40350877192982454,0.6666666666666667
Q69NP0,AlkalineMPNN,2,Eukaryota,Bottom,93,117.2129064516129,4.0500284194946286,-25.35323282435722,0.3333333333333333,0.075268817204301,-0.5720430107526882,0.1182795698924731,36.67741935483871,0.032258064516129,0.1397849462365591,0.7419354838709677,-0.2473118279569892,0.2349320882852291,13.604104042053224,0.3010752688172043,0.49206349206349204,0.1111111111111111,-0.3968253968253968,0.6031746031746031
Q69NP0,AlkalineMPNN,3,Eukaryota,Bottom,93,113.00480107526882,4.0500284194946286,-21.35952732909081,0.2795698924731182,0.064516129032258,-0.3021505376344086,0.1182795698924731,47.44516129032257,0.043010752688172,0.2150537634408602,0.8279569892473118,-0.2043010752688172,0.3282837283906611,13.620182991027832,0.3010752688172043,0.39344262295081966,0.09836065573770492,-0.3114754098360656,0.4918032786885246
Q69NP0,AlkalineMPNN,4,Eukaryota,Bottom,93,115.6931247311828,4.0500284194946286,-27.34574565825364,0.3440860215053763,0.064516129032258,-0.6623655913978495,0.1075268817204301,54.52365591397847,0.043010752688172,0.1612903225806451,0.6881720430107526,-0.2365591397849462,0.2258064516129032,13.228459358215332,0.3010752688172043,0.5079365079365079,0.09523809523809523,-0.42857142857142855,0.6031746031746031
Q69NP0,AlkalineMPNN,5,Eukaryota,Bottom,93,115.81518709677418,4.0500284194946286,-20.27049526313546,0.2795698924731182,0.086021505376344,-0.3720430107526882,0.1182795698924731,41.131182795698905,0.043010752688172,0.1612903225806451,0.8279569892473118,-0.2688172043010752,0.235101148168398,13.070975303649902,0.3010752688172043,0.3793103448275862,0.13793103448275862,-0.27586206896551724,0.5172413793103448
Q69NP0,AlkalineMPNN,6,Eukaryota,Bottom,93,118.01888064516127,4.250499534606934,-22.571683289062424,0.3118279569892473,0.1397849462365591,-0.7344086021505376,0.1182795698924731,43.52043010752687,0.032258064516129,0.1397849462365591,0.7526881720430108,-0.1720430107526881,0.3681515616999488,14.050332069396973,0.3010752688172043,0.45161290322580644,0.20967741935483872,-0.3548387096774194,0.6612903225806451
Q69NP0,AlkalineMPNN,7,Eukaryota,Bottom,93,115.51160215053764,4.0500284194946286,-25.34630584355636,0.3333333333333333,0.075268817204301,-0.5236559139784946,0.1182795698924731,26.212903225806443,0.032258064516129,0.1720430107526881,0.7311827956989247,-0.064516129032258,0.3179055633473586,13.225356101989746,0.3010752688172043,0.46875,0.109375,-0.375,0.578125
P0A7R6,AlkalineMPNN,0,Bacteria,Neutral,103,113.5795281553398,4.0500284194946286,-29.057438176930106,0.3689320388349514,0.0970873786407767,-0.7135922330097088,0.0097087378640776,52.8135922330097,0.029126213592233,0.1844660194174757,0.8834951456310679,-0.2815533980582524,0.4241729593671341,16.449556350708008,0.3009708737864077,0.5070422535211268,0.1267605633802817,-0.39436619718309857,0.6338028169014085
P0A7R6,AlkalineMPNN,1,Bacteria,Neutral,103,113.40330291262136,4.0500284194946286,-35.39194190181701,0.3980582524271844,0.058252427184466,-0.5563106796116505,0.0194174757281553,58.22621359223301,0.029126213592233,0.1844660194174757,0.8252427184466019,-0.2233009708737864,0.4231610251027726,15.976289749145508,0.3009708737864077,0.5507246376811594,0.07246376811594203,-0.4782608695652174,0.6231884057971014
P0A7R6,AlkalineMPNN,2,Bacteria,Neutral,103,115.21115436893204,4.0500284194946286,-32.396926906912014,0.3980582524271844,0.087378640776699,-0.9815533980582524,0.0194174757281553,73.02718446601942,0.0485436893203883,0.1650485436893204,0.8834951456310679,-0.3009708737864077,0.4599454780238175,16.23473358154297,0.3009708737864077,0.5492957746478874,0.11267605633802817,-0.43661971830985913,0.6619718309859155
P0A7R6,AlkalineMPNN,3,Bacteria,Neutral,103,115.11726699029126,4.064749717712403,-29.39892490891002,0.3980582524271844,0.116504854368932,-0.7466019417475729,0.0097087378640776,76.06504854368931,0.0388349514563106,0.1359223300970873,0.8252427184466019,-0.2233009708737864,0.4470787101248266,16.03737449645996,0.3009708737864077,0.5373134328358209,0.14925373134328357,-0.3880597014925373,0.6865671641791045
P0A7R6,AlkalineMPNN,4,Bacteria,Neutral,103,116.05950485436892,4.105730628967284,-27.404854133821075,0.3786407766990291,0.116504854368932,-0.8213592233009708,0.029126213592233,76.05922330097088,0.0388349514563106,0.145631067961165,0.9126213592233008,-0.3106796116504854,0.434119278779473,15.83608341217041,0.3009708737864077,0.5072463768115942,0.15942028985507245,-0.34782608695652173,0.6666666666666667
P0A7R6,AlkalineMPNN,5,Bacteria,Neutral,103,114.60979320388348,4.0500284194946286,-31.39342574490444,0.4077669902912621,0.1067961165048543,-0.8563106796116505,0.0097087378640776,67.96504854368932,0.029126213592233,0.1650485436893204,0.8058252427184466,-0.2038834951456311,0.4336126257924369,15.984068870544434,0.3009708737864077,0.5555555555555556,0.1388888888888889,-0.4166666666666667,0.6944444444444444
P0A7R6,AlkalineMPNN,6,Bacteria,Neutral,103,114.08677961165048,4.1737668991088865,-23.41509698071492,0.3398058252427184,0.116504854368932,-0.7669902912621359,0.0194174757281553,49.46116504854368,0.0388349514563106,0.1941747572815534,0.8155339805825242,-0.2135922330097087,0.4322462866152187,16.10957908630371,0.3009708737864077,0.4696969696969697,0.16666666666666666,-0.30303030303030304,0.6363636363636364
P0A7R6,AlkalineMPNN,7,Bacteria,Neutral,103,115.46528058252429,4.126817893981933,-29.311498836317348,0.4077669902912621,0.1359223300970873,-1.007766990291262,0.0,77.99514563106797,0.029126213592233,0.1553398058252427,0.8543689320388349,-0.2524271844660194,0.4359506079743613,16.40964698791504,0.3009708737864077,0.5694444444444444,0.1527777777777778,-0.4166666666666667,0.7222222222222222
P60724,AlkalineMPNN,0,Bacteria,Neutral,201,113.44134626865672,4.08327922821045,-51.24271127016384,0.3681592039800995,0.1194029850746268,-0.826865671641791,0.0248756218905472,63.2965174129353,0.0248756218905472,0.1840796019900497,0.8308457711442786,-0.0646766169154229,0.1328112799232536,27.60746955871582,0.2985074626865671,0.445859872611465,0.14012738853503184,-0.31210191082802546,0.5859872611464968
P60724,AlkalineMPNN,1,Bacteria,Neutral,201,111.51543084577114,4.150860786437988,-40.27485121061408,0.3084577114427861,0.1144278606965174,-0.5975124378109452,0.0199004975124378,64.28208955223877,0.0497512437810945,0.1990049751243781,0.7810945273631841,-0.1044776119402984,0.1795549003951436,24.060937881469727,0.2985074626865671,0.3973509933774834,0.1456953642384106,-0.2582781456953642,0.543046357615894
P60724,AlkalineMPNN,2,Bacteria,Neutral,201,113.76095223880596,4.135684776306152,-47.252141657082475,0.3532338308457711,0.1243781094527363,-0.864676616915423,0.0248756218905472,62.94975124378107,0.0398009950248756,0.1691542288557214,0.8855721393034826,0.3980099502487562,0.0889522238055951,24.227136611938477,0.2985074626865671,0.4049079754601227,0.13496932515337423,-0.27607361963190186,0.5398773006134969
P60724,AlkalineMPNN,3,Bacteria,Neutral,201,112.8985606965174,4.06509075164795,-49.25109623935691,0.3482587064676616,0.1094527363184079,-0.7611940298507462,0.0298507462686567,59.68208955223878,0.0348258706467661,0.1791044776119403,0.7910447761194029,0.3830845771144279,0.0359163088666257,25.25908851623535,0.2985074626865671,0.372972972972973,0.11891891891891893,-0.2594594594594595,0.4918918918918919
P60724,AlkalineMPNN,4,Bacteria,Neutral,201,113.03694378109452,4.0500284194946286,-53.24636131125945,0.373134328358209,0.1144278606965174,-0.8552238805970149,0.0248756218905472,59.9412935323383,0.0248756218905472,0.1840796019900497,0.7263681592039801,0.0,0.130873410724157,22.51377296447754,0.2985074626865671,0.46153846153846156,0.1346153846153846,-0.3333333333333333,0.5961538461538461
P60724,AlkalineMPNN,5,Bacteria,Neutral,201,113.81516368159204,4.0500284194946286,-49.334602724380126,0.3482587064676617,0.1044776119402985,-0.7925373134328358,0.0298507462686567,62.12139303482586,0.0398009950248756,0.1741293532338308,0.7064676616915423,0.3283582089552238,0.03518407960199,24.443517684936523,0.2985074626865671,0.3825136612021858,0.11475409836065574,-0.2677595628415301,0.4972677595628415
P60724,AlkalineMPNN,6,Bacteria,Neutral,201,113.4709213930348,4.0500284194946286,-53.2422464278754,0.36318407960199,0.1044776119402985,-0.746268656716418,0.0298507462686567,70.87412935323377,0.0398009950248756,0.1791044776119403,0.7462686567164178,0.1592039800995024,0.0519539706049903,25.110496520996097,0.2985074626865671,0.3989071038251366,0.11475409836065574,-0.2896174863387978,0.5136612021857924
P60724,AlkalineMPNN,7,Bacteria,Neutral,201,111.56368358208957,4.0500284194946286,-50.24879993629427,0.3482587064676617,0.1044776119402985,-0.6696517412935323,0.0199004975124378,63.617910447761176,0.0398009950248756,0.1990049751243781,0.736318407960199,0.208955223880597,0.0223383084577114,26.371904373168945,0.2985074626865671,0.35353535353535354,0.10606060606060606,-0.25252525252525254,0.4595959595959596
Q07938,AlkalineMPNN,0,Eukaryota,Neutral,337,111.30042670623143,4.181269645690917,-54.74710430601525,0.2403560830860533,0.0979228486646884,-0.5415430267062314,0.0682492581602373,55.7,0.0830860534124629,0.2314540059347181,0.8456973293768546,-0.2047477744807121,0.0635280818558877,27.110782623291016,0.2997032640949555,0.27303754266211605,0.10921501706484642,-0.18430034129692832,0.3822525597269625
Q07938,AlkalineMPNN,1,Eukaryota,Neutral,337,110.117053115727,4.193546867370605,-44.79672416290893,0.1988130563798219,0.086053412462908,-0.2014836795252225,0.0682492581602373,47.37418397626111,0.0830860534124629,0.2462908011869436,0.8783382789317506,-0.0534124629080118,0.0517756011309226,26.392189025878903,0.2997032640949555,0.2271186440677966,0.09491525423728814,-0.15593220338983052,0.3220338983050848
Q07938,AlkalineMPNN,2,Eukaryota,Neutral,337,112.35977062314538,4.183372688293456,-58.407068994985075,0.2611275964391691,0.1068249258160237,-0.7293768545994066,0.0652818991097922,63.82878338278934,0.0801186943620178,0.2255192878338278,0.6617210682492582,-0.1038575667655786,0.0500646732100738,26.70363426208496,0.2997032640949555,0.3,0.12413793103448276,-0.2,0.4241379310344827
Q07938,AlkalineMPNN,3,Eukaryota,Neutral,337,109.53123827893177,4.313818168640138,-39.889460937796784,0.1988130563798219,0.0979228486646884,-0.3376854599406528,0.0682492581602373,53.721068249258145,0.0890207715133531,0.2551928783382789,0.8130563798219584,0.0415430267062314,0.0390401238549864,26.084320068359375,0.2997032640949555,0.2392857142857143,0.11071428571428571,-0.14642857142857144,0.35
Q07938,AlkalineMPNN,4,Eukaryota,Neutral,337,110.27217032640948,4.195365715026855,-42.96883389809122,0.1958456973293768,0.0830860534124629,-0.1807121661721068,0.0682492581602373,52.67863501483679,0.0890207715133531,0.2314540059347181,0.857566765578635,-0.1038575667655786,0.0491118247225722,26.12529563903809,0.2997032640949555,0.22996515679442509,0.09407665505226481,-0.14982578397212543,0.3240418118466899
Q07938,AlkalineMPNN,5,Eukaryota,Neutral,337,110.20310652818988,4.3724760055542,-37.72781059023214,0.1928783382789317,0.1038575667655786,-0.256973293768546,0.0682492581602373,47.38456973293768,0.086053412462908,0.2492581602373887,0.8011869436201781,-0.1068249258160237,0.0562504313021875,25.89434242248535,0.2997032640949555,0.23049645390070922,0.11702127659574468,-0.13829787234042554,0.3475177304964539
Q07938,AlkalineMPNN,6,Eukaryota,Neutral,337,111.00250356083086,4.4774576187133786,-30.86161262560656,0.1988130563798219,0.115727002967359,-0.4462908011869436,0.0712166172106825,48.06439169139464,0.086053412462908,0.2433234421364985,0.8635014836795252,-0.1216617210682493,0.0529303519410059,26.203536987304688,0.2997032640949555,0.2529182879377432,0.14785992217898833,-0.11284046692607004,0.40077821011673154
Q07938,AlkalineMPNN,7,Eukaryota,Neutral,337,109.72205637982196,4.420391273498535,-34.85434478624332,0.1899109792284866,0.1068249258160237,-0.3350148367952522,0.0712166172106825,35.82640949554895,0.0890207715133531,0.2551928783382789,0.857566765578635,-0.0979228486646884,0.0491195830634593,25.87407875061035,0.2997032640949555,0.22627737226277372,0.12043795620437957,-0.12408759124087591,0.3467153284671533
B1X495,AlkalineMPNN,0,Eukaryota,Top,103,119.7059213592233,4.0500284194946286,-45.36151166220014,0.5145631067961165,0.0776699029126213,-1.5660194174757285,0.058252427184466,102.58446601941748,0.0097087378640776,0.1359223300970873,0.8349514563106796,0.6796116504854369,0.0392036377043136,19.357955932617188,0.3009708737864077,0.5196078431372549,0.0784313725490196,-0.4411764705882353,0.5980392156862746
B1X495,AlkalineMPNN,1,Eukaryota,Top,103,112.64404563106795,4.0500284194946286,-33.397406284439654,0.3689320388349514,0.0485436893203883,-0.5067961165048543,0.058252427184466,61.5242718446602,0.0194174757281553,0.2427184466019417,0.941747572815534,0.7475728155339806,0.090828853406082,19.227937698364254,0.3009708737864077,0.4470588235294118,0.058823529411764705,-0.38823529411764707,0.5058823529411764
B1X495,AlkalineMPNN,2,Eukaryota,Top,103,120.67427475728154,4.0500284194946286,-51.254209397744646,0.5728155339805825,0.087378640776699,-1.8233009708737864,0.058252427184466,101.4233009708738,0.0097087378640776,0.1553398058252427,0.9611650485436892,0.7475728155339806,0.0388349514563106,40.00893020629883,0.3009708737864077,0.5728155339805825,0.08737864077669903,-0.49514563106796117,0.6601941747572815
B1X495,AlkalineMPNN,3,Eukaryota,Top,103,116.80171844660194,4.0500284194946286,-42.291864919227024,0.4563106796116504,0.058252427184466,-1.007766990291262,0.058252427184466,88.70679611650488,0.0097087378640776,0.2135922330097087,0.970873786407767,0.854368932038835,0.041444827226224,26.36302947998047,0.3009708737864077,0.4791666666666667,0.0625,-0.4270833333333333,0.5416666666666667
B1X495,AlkalineMPNN,4,Eukaryota,Top,103,119.04471941747572,4.0500284194946286,-51.3551523763836,0.5436893203883495,0.0485436893203883,-1.358252427184466,0.058252427184466,88.44660194174759,0.0097087378640776,0.145631067961165,0.9029126213592232,0.8446601941747572,0.0393569266102933,34.1500244140625,0.3009708737864077,0.5490196078431373,0.049019607843137254,-0.5,0.5980392156862746
B1X495,AlkalineMPNN,5,Eukaryota,Top,103,112.48504077669902,4.0500284194946286,-42.378040106482615,0.4563106796116504,0.0485436893203883,-0.9019417475728156,0.029126213592233,91.60776699029128,0.0097087378640776,0.2718446601941747,0.7669902912621359,0.6893203883495146,0.0980423364634728,26.13033103942871,0.3009708737864077,0.5053763440860215,0.053763440860215055,-0.45161290322580644,0.5591397849462365
B1X495,AlkalineMPNN,6,Eukaryota,Top,103,120.82460873786408,4.0500284194946286,-40.37182929007692,0.4951456310679611,0.1067961165048543,-1.6553398058252426,0.0679611650485437,97.80000000000004,0.0097087378640776,0.1359223300970873,0.9029126213592232,0.7087378640776699,0.1314773657737747,17.272829055786133,0.3009708737864077,0.6538461538461539,0.11538461538461539,-0.5384615384615384,0.7692307692307693
B1X495,AlkalineMPNN,7,Eukaryota,Top,103,119.2101417475728,4.0500284194946286,-50.2710421698839,0.5145631067961165,0.0388349514563106,-1.28252427184466,0.0679611650485437,91.53495145631072,0.0097087378640776,0.174757281553398,0.7087378640776699,0.7087378640776699,0.0484466019417475,28.20536994934082,0.3009708737864077,0.5578947368421052,0.042105263157894736,-0.5263157894736842,0.6
A9CIG1,AlkalineMPNN,0,Bacteria,Bottom,101,116.73689009900988,4.0500284194946286,-42.40989462620258,0.4752475247524753,0.0594059405940594,-1.1455445544554457,0.0099009900990099,109.61089108910892,0.0396039603960396,0.099009900990099,0.9108910891089108,0.5544554455445545,0.0867382512899177,16.280250549316406,0.297029702970297,0.5875,0.0625,-0.525,0.65
A9CIG1,AlkalineMPNN,1,Bacteria,Bottom,101,116.8859782178218,4.0500284194946286,-41.415141905870065,0.4752475247524753,0.0693069306930693,-1.1455445544554457,0.0099009900990099,130.60396039603964,0.0396039603960396,0.1188118811881188,0.8811881188118812,0.4455445544554456,0.0839961045284856,16.420751571655273,0.297029702970297,0.5647058823529412,0.08235294117647059,-0.4823529411764706,0.6470588235294118
A9CIG1,AlkalineMPNN,2,Bacteria,Bottom,101,117.57937920792078,4.0500284194946286,-37.41665631088885,0.4455445544554456,0.0792079207920792,-1.293069306930693,0.0099009900990099,125.23168316831683,0.0396039603960396,0.1188118811881188,0.900990099009901,0.3465346534653465,0.0829207920792079,17.628978729248047,0.297029702970297,0.5180722891566265,0.08433734939759036,-0.43373493975903615,0.6024096385542168
A9CIG1,AlkalineMPNN,3,Bacteria,Bottom,101,112.49780792079208,4.0500284194946286,-30.44535628764102,0.3663366336633663,0.0693069306930693,-0.7386138613861386,0.0099009900990099,86.03960396039604,0.0495049504950495,0.1782178217821782,0.8415841584158416,0.3267326732673267,0.0954686709546867,19.437217712402344,0.297029702970297,0.43529411764705883,0.07058823529411765,-0.36470588235294116,0.5058823529411764
A9CIG1,AlkalineMPNN,4,Bacteria,Bottom,101,118.08695643564356,4.0500284194946286,-31.42738399987112,0.4158415841584159,0.1089108910891089,-1.3425742574257424,0.0099009900990099,126.58217821782176,0.0396039603960396,0.099009900990099,0.8514851485148516,0.2574257425742575,0.1152807588451152,17.84678077697754,0.297029702970297,0.5,0.10714285714285714,-0.39285714285714285,0.6071428571428571
A9CIG1,AlkalineMPNN,5,Bacteria,Bottom,101,119.55954554455444,4.0500284194946286,-44.39500507487837,0.5148514851485149,0.0792079207920792,-1.4811881188118812,0.0099009900990099,133.3,0.0297029702970297,0.099009900990099,0.801980198019802,0.4455445544554455,0.0900318845443866,19.75042152404785,0.297029702970297,0.5795454545454546,0.09090909090909091,-0.48863636363636365,0.6704545454545455
A9CIG1,AlkalineMPNN,6,Bacteria,Bottom,101,116.37972772277227,4.0500284194946286,-42.41059532613694,0.4752475247524752,0.0594059405940594,-1.1297029702970298,0.0198019801980198,116.77524752475249,0.0396039603960396,0.1386138613861386,0.8217821782178218,0.4851485148514851,0.0863776032775691,17.6220703125,0.297029702970297,0.5454545454545454,0.056818181818181816,-0.48863636363636365,0.6022727272727272
A9CIG1,AlkalineMPNN,7,Bacteria,Bottom,101,113.29108514851484,4.0500284194946286,-26.45001821018844,0.3465346534653465,0.0891089108910891,-0.7623762376237624,0.0198019801980198,94.34554455445544,0.0495049504950495,0.198019801980198,0.8415841584158416,0.3267326732673267,0.0826090242612047,18.2825984954834,0.297029702970297,0.4166666666666667,0.09523809523809523,-0.32142857142857145,0.5119047619047619
Q6L047,AlkalineMPNN,0,Archaea,Bottom,359,113.06993203342616,4.331495094299317,-47.79474927356531,0.2395543175487465,0.1142061281337047,-0.433983286908078,0.0835654596100278,45.45601671309193,0.0445682451253481,0.181058495821727,0.8662952646239555,-0.1420612813370474,0.051897125240014,23.16461753845215,0.3008356545961003,0.28825622775800713,0.13523131672597866,-0.16370106761565836,0.4234875444839858
Q6L047,AlkalineMPNN,1,Archaea,Bottom,359,113.67900612813372,4.437272453308106,-43.20765596374444,0.2479108635097492,0.1337047353760445,-0.4192200557103064,0.0863509749303621,51.783593314763245,0.0417827298050139,0.1727019498607242,0.8690807799442897,-0.2172701949860724,0.0491953469863685,26.300926208496097,0.3008356545961003,0.25748502994011974,0.1437125748502994,-0.11976047904191617,0.4011976047904191
Q6L047,AlkalineMPNN,2,Archaea,Bottom,359,112.7909373259053,4.345079612731935,-45.86709345178057,0.233983286908078,0.1142061281337047,-0.4052924791086351,0.0919220055710306,43.73540389972145,0.0417827298050139,0.1977715877437326,0.7938718662952646,-0.1420612813370473,0.0630824425031719,24.431455612182617,0.3008356545961003,0.28135593220338984,0.13559322033898305,-0.15593220338983052,0.41694915254237286
Q6L047,AlkalineMPNN,3,Archaea,Bottom,359,113.31528635097492,4.298983192443848,-47.93929630172684,0.2395543175487465,0.1114206128133704,-0.4434540389972145,0.0807799442896936,50.45935933147632,0.0473537604456824,0.1838440111420612,0.8885793871866295,-0.2590529247910863,0.0390938219524369,25.198287963867188,0.3008356545961003,0.259375,0.11875,-0.146875,0.37812500000000004
Q6L047,AlkalineMPNN,4,Archaea,Bottom,359,112.2615894150418,4.311771965026856,-49.19650807376737,0.2423398328690807,0.1114206128133704,-0.3576601671309192,0.075208913649025,48.05016713091923,0.0417827298050139,0.192200557103064,0.8607242339832869,-0.403899721448468,0.0563501347517272,25.29979705810547,0.3008356545961003,0.2912280701754386,0.12982456140350876,-0.16842105263157894,0.42105263157894735
Q6L047,AlkalineMPNN,5,Archaea,Bottom,359,112.56305320334263,4.308645820617676,-50.10873494571926,0.2395543175487465,0.1086350974930362,-0.3364902506963788,0.0807799442896936,48.60281337047355,0.0501392757660167,0.1866295264623955,0.8217270194986073,-0.2813370473537604,0.054160748215241,25.691104888916016,0.3008356545961003,0.2842465753424658,0.13013698630136986,-0.1643835616438356,0.4143835616438356
Q6L047,AlkalineMPNN,6,Archaea,Bottom,359,112.40120696378828,4.402884864807128,-43.62113978002013,0.2200557103064067,0.1142061281337047,-0.3064066852367688,0.0863509749303621,47.46855153203344,0.0501392757660167,0.1977715877437326,0.8523676880222841,-0.2005571030640668,0.0534106367817581,25.983125686645508,0.3008356545961003,0.240625,0.125,-0.13125,0.365625
Q6L047,AlkalineMPNN,7,Archaea,Bottom,359,111.8759426183844,4.230549049377441,-53.09625168905725,0.2423398328690807,0.1030640668523676,-0.328133704735376,0.0779944289693593,53.97885793871866,0.0473537604456824,0.2033426183844011,0.8356545961002785,-0.3175487465181058,0.0568108506068173,26.63612365722656,0.3008356545961003,0.2750809061488673,0.11974110032362459,-0.1650485436893204,0.3948220064724919
A9A498,AlkalineMPNN,0,Archaea,Neutral,287,107.9541337979094,4.091520881652832,-41.36461467842446,0.2229965156794425,0.0801393728222996,0.0815331010452961,0.0383275261324041,37.6233449477352,0.0592334494773519,0.2578397212543554,0.8013937282229966,0.1672473867595819,0.1197701944304066,17.716636657714844,0.2996515679442508,0.410958904109589,0.14383561643835616,-0.2671232876712329,0.5547945205479452
A9A498,AlkalineMPNN,1,Archaea,Neutral,287,106.33597177700346,4.152452278137207,-38.36838538690585,0.2125435540069686,0.0801393728222996,0.1341463414634146,0.0348432055749129,38.6801393728223,0.0592334494773519,0.2787456445993031,0.8292682926829269,0.0975609756097561,0.1284315470891935,17.17263412475586,0.2996515679442508,0.43410852713178294,0.15503875968992248,-0.27906976744186046,0.5891472868217054
A9A498,AlkalineMPNN,2,Archaea,Neutral,287,107.44867421602784,4.290116310119629,-30.38332891083791,0.1986062717770034,0.0940766550522648,0.0473867595818815,0.0348432055749128,43.19233449477352,0.0592334494773519,0.2752613240418118,0.8954703832752613,0.1498257839721254,0.1058638190000667,17.6660213470459,0.2996515679442508,0.3602941176470588,0.18382352941176472,-0.17647058823529413,0.5441176470588236
A9A498,AlkalineMPNN,3,Archaea,Neutral,287,108.49928710801392,4.253114128112793,-34.37989731159624,0.2160278745644599,0.0975609756097561,0.0564459930313588,0.0418118466898954,35.902787456445985,0.0592334494773519,0.2473867595818815,0.8710801393728222,0.1393728222996515,0.1034779318173999,17.55450439453125,0.2996515679442508,0.40476190476190477,0.1984126984126984,-0.20634920634920634,0.6031746031746031
A9A498,AlkalineMPNN,4,Archaea,Neutral,287,107.55293205574914,4.16069393157959,-40.35475711115315,0.2264808362369338,0.0871080139372822,0.0529616724738675,0.0313588850174216,46.72961672473866,0.0592334494773519,0.264808362369338,0.9128919860627176,0.1533101045296167,0.1343492860042064,17.174543380737305,0.2996515679442508,0.4307692307692308,0.14615384615384616,-0.2846153846153846,0.576923076923077
A9A498,AlkalineMPNN,5,Archaea,Neutral,287,106.44764494773518,4.227422904968263,-33.38533169451887,0.2055749128919861,0.0905923344947735,0.067595818815331,0.0313588850174216,36.798606271777,0.0592334494773519,0.2787456445993031,0.8885017421602788,0.2613240418118467,0.1663688614908127,17.24601173400879,0.2996515679442508,0.3870967741935484,0.1693548387096774,-0.21774193548387097,0.5564516129032258
A9A498,AlkalineMPNN,6,Archaea,Neutral,287,107.5053857142857,4.36338176727295,-29.385928296648125,0.205574912891986,0.1045296167247386,0.024390243902439,0.0313588850174216,30.956794425087104,0.0592334494773519,0.2543554006968641,0.8954703832752613,0.1637630662020905,0.1669297934723072,16.754440307617188,0.2996515679442508,0.42592592592592593,0.23148148148148148,-0.19444444444444445,0.6574074074074074
A9A498,AlkalineMPNN,7,Archaea,Neutral,287,107.04679721254354,4.167571449279785,-38.36276843606729,0.2195121951219512,0.0871080139372822,0.0341463414634146,0.0278745644599303,36.40383275261324,0.0592334494773519,0.2717770034843205,0.8745644599303135,0.2195121951219512,0.1639043882946322,17.01119041442871,0.2996515679442508,0.4344262295081967,0.1721311475409836,-0.26229508196721313,0.6065573770491803
A0A1D8PCG7,AlkalineMPNN,0,Eukaryota,Bottom,87,112.79669540229884,4.0500284194946286,-32.45189349237939,0.4137931034482759,0.0459770114942528,-0.8321839080459771,0.0344827586206896,66.89310344827585,0.0344827586206896,0.1494252873563218,0.6091954022988506,0.0114942528735632,0.1399744572158365,14.639391899108888,0.2988505747126437,0.46153846153846156,0.05128205128205128,-0.41025641025641024,0.5128205128205129
A0A1D8PCG7,AlkalineMPNN,1,Eukaryota,Bottom,87,113.44241149425288,4.0500284194946286,-28.46603400635609,0.3908045977011494,0.0689655172413793,-0.8137931034482758,0.057471264367816,71.95287356321839,0.0229885057471264,0.1494252873563218,0.7816091954022988,-0.1149425287356322,0.1896551724137931,13.230721473693848,0.2988505747126437,0.49206349206349204,0.09523809523809523,-0.3968253968253968,0.5873015873015872
A0A1D8PCG7,AlkalineMPNN,2,Eukaryota,Bottom,87,111.09216436781608,4.0500284194946286,-38.18611900390722,0.4597701149425287,0.0229885057471264,-0.764367816091954,0.0229885057471264,86.46206896551725,0.0344827586206896,0.160919540229885,0.632183908045977,-0.1724137931034483,0.1339214113873295,17.3863468170166,0.2988505747126437,0.4878048780487805,0.024390243902439025,-0.4634146341463415,0.5121951219512195
A0A1D8PCG7,AlkalineMPNN,3,Eukaryota,Bottom,87,112.53374942528735,4.0500284194946286,-27.469666928204507,0.367816091954023,0.057471264367816,-0.6517241379310346,0.0459770114942528,65.98275862068964,0.0344827586206896,0.160919540229885,0.7126436781609196,-0.2298850574712643,0.1857642607267794,13.812108993530272,0.2988505747126437,0.453125,0.078125,-0.375,0.53125
A0A1D8PCG7,AlkalineMPNN,4,Eukaryota,Bottom,87,112.20977701149424,4.0500284194946286,-33.45555983715551,0.4022988505747126,0.0229885057471264,-0.6114942528735633,0.0459770114942528,75.5632183908046,0.0344827586206896,0.1724137931034483,0.6091954022988506,-0.3103448275862068,0.1886479440692025,16.35563087463379,0.2988505747126437,0.42168674698795183,0.024096385542168676,-0.39759036144578314,0.44578313253012053
A0A1D8PCG7,AlkalineMPNN,5,Eukaryota,Bottom,87,111.4298287356322,4.0500284194946286,-27.47316809021208,0.3563218390804598,0.0459770114942528,-0.5287356321839081,0.0344827586206896,55.76666666666666,0.0344827586206896,0.160919540229885,0.6781609195402298,-0.264367816091954,0.1828093306288032,15.111334800720217,0.2988505747126437,0.4057971014492754,0.057971014492753624,-0.34782608695652173,0.463768115942029
A0A1D8PCG7,AlkalineMPNN,6,Eukaryota,Bottom,87,112.0374632183908,4.0500284194946286,-28.43220615277502,0.367816091954023,0.0459770114942528,-0.8183908045977012,0.0344827586206896,62.941379310344814,0.0344827586206896,0.1954022988505747,0.6091954022988506,-0.1724137931034483,0.1205001894657067,21.552894592285156,0.2988505747126437,0.40789473684210525,0.05263157894736842,-0.35526315789473684,0.4605263157894737
A0A1D8PCG7,AlkalineMPNN,7,Eukaryota,Bottom,87,112.33936666666668,4.0500284194946286,-24.45735075565482,0.3448275862068966,0.0689655172413793,-0.5793103448275861,0.0344827586206896,53.53448275862068,0.0344827586206896,0.1724137931034483,0.7011494252873564,-0.264367816091954,0.1337020169160702,13.92892837524414,0.2988505747126437,0.4027777777777778,0.08333333333333333,-0.3194444444444444,0.4861111111111111
O28542,AlkalineMPNN,0,Archaea,Top,340,109.46976,4.227422904968263,-44.170715510921504,0.2117647058823529,0.088235294117647,-0.0379411764705882,0.0558823529411764,52.19352941176469,0.0529411764705882,0.2676470588235294,0.8647058823529412,0.0117647058823529,0.0625673346261581,25.15834617614746,0.3,0.30869565217391304,0.12173913043478261,-0.1956521739130435,0.43043478260869567
O28542,AlkalineMPNN,1,Archaea,Top,340,110.42547588235294,4.241746330261231,-48.08014782168144,0.2352941176470588,0.1029411764705882,-0.2091176470588235,0.0558823529411764,48.80117647058821,0.0529411764705882,0.2529411764705882,0.888235294117647,-0.0117647058823529,0.0890444585871442,23.17144775390625,0.3,0.3756345177664975,0.15228426395939088,-0.2233502538071066,0.5279187817258884
O28542,AlkalineMPNN,2,Archaea,Top,340,110.7026344117647,4.432384300231934,-41.74061081655283,0.2235294117647058,0.1205882352941176,-0.2520588235294118,0.0558823529411764,48.10764705882352,0.0558823529411764,0.2529411764705882,0.8735294117647059,-0.2205882352941177,0.0755171616780307,25.387361526489254,0.3,0.29098360655737704,0.15163934426229508,-0.1598360655737705,0.4426229508196721
O28542,AlkalineMPNN,3,Archaea,Top,340,110.6264711764706,4.342123985290528,-44.826485365079535,0.2205882352941176,0.1058823529411764,-0.2091176470588235,0.0529411764705882,54.13499999999997,0.0529411764705882,0.2411764705882353,0.8764705882352941,0.0999999999999999,0.0613890261987147,24.16930770874023,0.3,0.2936170212765957,0.15319148936170213,-0.16595744680851063,0.44680851063829785
O28542,AlkalineMPNN,4,Archaea,Top,340,109.70527970588236,4.322400856018067,-42.09379773267775,0.2205882352941176,0.1058823529411764,-0.1044117647058823,0.0529411764705882,46.13823529411763,0.0529411764705882,0.2617647058823529,0.7970588235294118,-0.0499999999999999,0.0753240279162512,23.52863121032715,0.3,0.2845849802371542,0.1383399209486166,-0.15810276679841898,0.42292490118577075
O28542,AlkalineMPNN,5,Archaea,Top,340,110.17016911764703,4.299381065368652,-46.89810861879771,0.2264705882352941,0.1029411764705882,-0.1329411764705882,0.0470588235294117,53.07147058823527,0.0529411764705882,0.2529411764705882,0.7911764705882353,-0.0970588235294117,0.0903660886319845,23.04600524902344,0.3,0.28793774319066145,0.13229571984435798,-0.17509727626459143,0.4202334630350194
O28542,AlkalineMPNN,6,Archaea,Top,340,109.65841117647058,4.342123985290528,-41.9202346969966,0.2088235294117647,0.1,-0.0252941176470588,0.0529411764705882,47.10323529411764,0.0529411764705882,0.2558823529411764,0.8794117647058823,-0.1852941176470588,0.0784037169169501,23.38054084777832,0.3,0.3155339805825243,0.13106796116504854,-0.1941747572815534,0.44660194174757284
O28542,AlkalineMPNN,7,Archaea,Top,340,110.82393617647058,4.4162988662719735,-41.904671564885234,0.2294117647058823,0.1205882352941176,-0.2252941176470588,0.0499999999999999,53.02617647058823,0.0529411764705882,0.2529411764705883,0.8852941176470588,0.1147058823529411,0.0649429926344465,23.413799285888672,0.3,0.3112033195020747,0.14522821576763487,-0.1825726141078838,0.4564315352697096
Q8TY15,AlkalineMPNN,0,Archaea,Top,361,107.90690692520776,4.20565357208252,-45.94249253482269,0.1994459833795013,0.0858725761772853,-0.1263157894736842,0.0526315789473684,35.230193905817174,0.0692520775623268,0.2631578947368421,0.8393351800554016,-0.3407202216066482,0.0459857830442071,26.564674377441406,0.299168975069252,0.24482758620689654,0.10344827586206896,-0.15517241379310345,0.3482758620689655
Q8TY15,AlkalineMPNN,1,Archaea,Top,361,107.6076972299169,4.262378883361817,-46.845485560779736,0.2077562326869806,0.0941828254847645,-0.1293628808864266,0.0415512465373961,34.28642659279778,0.0664819944598337,0.260387811634349,0.8864265927977839,-0.1994459833795014,0.06317507354678,24.610883712768555,0.299168975069252,0.28,0.112,-0.184,0.392
Q8TY15,AlkalineMPNN,2,Archaea,Top,361,107.23556149584488,4.18797664642334,-48.8503557852918,0.2022160664819944,0.0831024930747922,-0.16398891966759,0.0470914127423822,33.240443213296395,0.0692520775623268,0.2631578947368421,0.7839335180055402,-0.2409972299168974,0.058249022148776,26.88067054748535,0.299168975069252,0.24381625441696114,0.10600706713780919,-0.15901060070671377,0.34982332155477036
Q8TY15,AlkalineMPNN,3,Archaea,Top,361,108.29478060941828,4.123634910583495,-54.746686442684734,0.2132963988919667,0.0803324099722991,-0.1296398891966759,0.0470914127423822,34.122714681440435,0.0692520775623268,0.2465373961218836,0.8698060941828255,-0.4044321329639889,0.0568052414421381,26.72987937927246,0.299168975069252,0.26811594202898553,0.09420289855072464,-0.1956521739130435,0.3623188405797102
Q8TY15,AlkalineMPNN,4,Archaea,Top,361,108.47033961218835,4.331779289245606,-39.86262087299167,0.185595567867036,0.0914127423822714,-0.1894736842105263,0.0526315789473684,37.57506925207754,0.0664819944598337,0.2437673130193905,0.8559556786703602,-0.3518005540166205,0.0498931901595491,27.266149520874023,0.299168975069252,0.2271186440677966,0.10847457627118644,-0.13898305084745763,0.33559322033898303
Q8TY15,AlkalineMPNN,5,Archaea,Top,361,108.25047977839334,4.145404243469237,-54.75438591050403,0.2188365650969529,0.0858725761772853,-0.1224376731301939,0.0470914127423822,38.67562326869806,0.0692520775623268,0.2493074792243767,0.8670360110803323,-0.2354570637119113,0.0567832837454259,27.8924503326416,0.299168975069252,0.2698961937716263,0.10726643598615918,-0.18685121107266436,0.3771626297577855
Q8TY15,AlkalineMPNN,6,Archaea,Top,361,107.48265872576177,4.140572929382324,-45.12809754080764,0.1939058171745152,0.077562326869806,-0.1277008310249307,0.0526315789473684,32.38421052631578,0.0692520775623268,0.2659279778393352,0.8337950138504155,-0.3074792243767313,0.0472490597482152,26.93214988708496,0.299168975069252,0.24305555555555555,0.09027777777777778,-0.1597222222222222,0.3333333333333333
Q8TY15,AlkalineMPNN,7,Archaea,Top,361,108.49845346260386,4.346557426452637,-43.76284919746747,0.2022160664819944,0.0997229916897507,-0.0905817174515235,0.0554016620498615,32.43573407202216,0.0692520775623268,0.2465373961218836,0.8947368421052632,-0.4127423822714681,0.0511971891223245,27.22375106811523,0.299168975069252,0.2315112540192926,0.11254019292604502,-0.1414790996784566,0.3440514469453376
B1YC30,AlkalineMPNN,0,Archaea,Neutral,262,112.68655419847326,4.0500284194946286,-59.952892311683726,0.316793893129771,0.0916030534351145,-0.6603053435114504,0.049618320610687,57.93854961832055,0.0458015267175572,0.2251908396946564,0.7977099236641222,0.0343511450381679,0.0924078725946881,24.537046432495117,0.3015267175572519,0.37327188940092165,0.11059907834101383,-0.2672811059907834,0.4838709677419355
B1YC30,AlkalineMPNN,1,Archaea,Neutral,262,113.538477480916,4.0500284194946286,-68.02714136813864,0.3358778625954198,0.0763358778625954,-0.6778625954198473,0.049618320610687,69.91832061068695,0.0458015267175572,0.2061068702290076,0.8931297709923665,-0.0305343511450381,0.0765077240331391,24.93744468688965,0.3015267175572519,0.4321608040201005,0.09547738693467336,-0.33668341708542715,0.5276381909547738
B1YC30,AlkalineMPNN,2,Archaea,Neutral,262,112.76599160305344,4.0500284194946286,-63.91932029599216,0.3358778625954198,0.0954198473282442,-0.7194656488549618,0.0419847328244274,64.1839694656488,0.049618320610687,0.2213740458015267,0.8549618320610687,0.1679389312977098,0.1087182630337475,21.6208438873291,0.3015267175572519,0.4648648648648649,0.11351351351351352,-0.35135135135135137,0.5783783783783785
B1YC30,AlkalineMPNN,3,Archaea,Neutral,262,113.33171030534352,4.0500284194946286,-67.92299842845239,0.3396946564885496,0.0839694656488549,-0.7080152671755725,0.0381679389312977,78.58206106870223,0.0534351145038167,0.2061068702290076,0.8587786259541985,0.0190839694656488,0.1974408016113471,21.866470336914062,0.3015267175572519,0.44385026737967914,0.10695187165775401,-0.3422459893048128,0.5508021390374331
B1YC30,AlkalineMPNN,4,Archaea,Neutral,262,113.78467748091605,4.0500284194946286,-84.90436061300358,0.3893129770992366,0.0687022900763358,-0.8240458015267176,0.0419847328244274,84.13778625954191,0.0534351145038167,0.1908396946564885,0.8244274809160306,0.0458015267175572,0.0707045426104367,26.811378479003903,0.3015267175572519,0.45248868778280543,0.07692307692307693,-0.38009049773755654,0.5294117647058824
B1YC30,AlkalineMPNN,5,Archaea,Neutral,262,114.40072328244273,4.0500284194946286,-76.90645873916068,0.3702290076335878,0.0801526717557251,-0.8240458015267176,0.0458015267175572,71.8431297709923,0.049618320610687,0.1908396946564885,0.8015267175572519,0.0916030534351145,0.1204565294106721,24.044538497924805,0.3015267175572519,0.48223350253807107,0.09644670050761421,-0.39086294416243655,0.5786802030456852
B1YC30,AlkalineMPNN,6,Archaea,Neutral,262,108.90510076335876,4.0500284194946286,-51.08879333542544,0.2824427480916031,0.0877862595419847,-0.4229007633587786,0.0419847328244274,44.08931297709923,0.049618320610687,0.2633587786259542,0.8396946564885496,0.1297709923664122,0.0596545664231973,25.4757137298584,0.3015267175572519,0.3141592920353982,0.10176991150442478,-0.21238938053097345,0.415929203539823
B1YC30,AlkalineMPNN,7,Archaea,Neutral,262,110.7459992366412,4.0500284194946286,-53.98586936068965,0.2938931297709923,0.0916030534351145,-0.5301526717557252,0.0419847328244274,56.89122137404579,0.049618320610687,0.2480916030534351,0.9198473282442748,-0.0801526717557252,0.0871712774057515,25.89453887939453,0.3015267175572519,0.3564356435643564,0.1188118811881188,-0.24257425742574257,0.4752475247524752
P80505,AlkalineMPNN,0,Bacteria,Bottom,337,107.98248189910976,4.319274711608887,-43.9172531778032,0.2225519287833828,0.1068249258160237,-0.1833827893175074,0.0504451038575667,20.942136498516312,0.0385756676557863,0.2729970326409495,0.8545994065281899,-0.1424332344213649,0.0897063337767318,23.62067413330078,0.2997032640949555,0.3056768558951965,0.13100436681222707,-0.18777292576419213,0.4366812227074236
P80505,AlkalineMPNN,1,Bacteria,Bottom,337,109.18810178041542,4.307736396789552,-43.662024076297556,0.2166172106824926,0.1008902077151335,-0.2632047477744807,0.059347181008902,30.63412462908013,0.029673590504451,0.2789317507418397,0.8456973293768546,-0.2047477744807121,0.096044203417579,22.704774856567383,0.2997032640949555,0.34444444444444444,0.14444444444444443,-0.21666666666666667,0.4888888888888889
P80505,AlkalineMPNN,2,Bacteria,Bottom,337,108.58613353115727,4.282727241516113,-43.023505879528315,0.2166172106824925,0.1008902077151335,-0.1979228486646884,0.0563798219584569,30.925222551928787,0.0326409495548961,0.2611275964391691,0.7982195845697329,-0.0563798219584569,0.1226225801893457,22.110462188720703,0.2997032640949555,0.3404255319148936,0.15425531914893617,-0.20212765957446807,0.49468085106382975
P80505,AlkalineMPNN,3,Bacteria,Bottom,337,108.71006201780416,4.322173500061036,-43.91785113838769,0.2255192878338278,0.1097922848664688,-0.2991097922848664,0.0563798219584569,23.586646884272987,0.0356083086053412,0.2670623145400593,0.8397626112759644,-0.1216617210682492,0.1141847571450882,22.70034408569336,0.2997032640949555,0.3380952380952381,0.14761904761904762,-0.21428571428571427,0.48571428571428577
P80505,AlkalineMPNN,4,Bacteria,Bottom,337,108.56778724035608,4.3475236892700195,-40.92842104093697,0.2195845697329376,0.1127596439169139,-0.2789317507418398,0.0504451038575667,24.799999999999994,0.0356083086053412,0.2729970326409495,0.857566765578635,-0.0979228486646884,0.1039436428296373,21.78022193908691,0.2997032640949555,0.335,0.16,-0.195,0.495
P80505,AlkalineMPNN,5,Bacteria,Bottom,337,108.77255192878336,4.312056159973145,-44.00730027144968,0.2225519287833827,0.1038575667655786,-0.2824925816023739,0.0534124629080118,26.420474777448067,0.0326409495548961,0.2729970326409495,0.8427299703264095,-0.1008902077151335,0.0822596390840816,22.867841720581055,0.2997032640949555,0.3108108108108108,0.13963963963963963,-0.1891891891891892,0.4504504504504504
P80505,AlkalineMPNN,6,Bacteria,Bottom,337,108.24064569732938,4.322230339050294,-40.66902939421155,0.2106824925816023,0.1038575667655786,-0.2548961424332344,0.0534124629080118,23.070623145400592,0.0385756676557863,0.2789317507418397,0.857566765578635,-0.1394658753709198,0.0855627467931493,24.306516647338867,0.2997032640949555,0.2785388127853881,0.1461187214611872,-0.1552511415525114,0.4246575342465753
P80505,AlkalineMPNN,7,Bacteria,Bottom,337,108.63539258160236,4.22122745513916,-45.92247066140441,0.2255192878338279,0.0949554896142433,-0.3089020771513353,0.059347181008902,27.466468842729963,0.0356083086053412,0.2700296735905044,0.8724035608308605,-0.231454005934718,0.0915654932177827,23.302003860473633,0.2997032640949555,0.3333333333333333,0.14215686274509803,-0.20098039215686275,0.47549019607843135
Q9N2D5,AlkalineMPNN,0,Eukaryota,Neutral,333,108.54334414414416,4.441933250427247,-37.01181467336431,0.2162162162162162,0.1171171171171171,-0.342942942942943,0.063063063063063,33.912012012012006,0.039039039039039,0.2792792792792793,0.8768768768768769,-0.03003003003003,0.0750563063063063,22.381858825683594,0.3003003003003003,0.30917874396135264,0.16908212560386474,-0.15458937198067632,0.4782608695652174
Q9N2D5,AlkalineMPNN,1,Eukaryota,Neutral,333,108.09228948948947,4.42806453704834,-35.94363753457057,0.2072072072072072,0.1141141141141141,-0.2762762762762762,0.06006006006006,30.01351351351351,0.039039039039039,0.2912912912912913,0.8348348348348349,-0.036036036036036,0.0957034382448747,23.749650955200195,0.3003003003003003,0.2727272727272727,0.13852813852813853,-0.15151515151515152,0.4112554112554112
Q9N2D5,AlkalineMPNN,2,Eukaryota,Neutral,333,107.82980210210212,4.337690544128418,-41.01542335640467,0.2162162162162162,0.1051051051051051,-0.3666666666666666,0.054054054054054,30.634234234234235,0.036036036036036,0.2852852852852853,0.7927927927927928,0.0720720720720721,0.0631501066283675,22.53032684326172,0.3003003003003003,0.2857142857142857,0.12987012987012986,-0.17316017316017315,0.41558441558441556
Q9N2D5,AlkalineMPNN,3,Eukaryota,Neutral,333,107.41770840840842,4.212815284729005,-46.01613281112984,0.2222222222222222,0.0960960960960961,-0.2702702702702703,0.057057057057057,33.59039039039039,0.039039039039039,0.2942942942942943,0.8168168168168168,-0.1321321321321321,0.0860126593659527,22.785926818847656,0.3003003003003003,0.2995169082125604,0.13526570048309178,-0.178743961352657,0.43478260869565216
Q9N2D5,AlkalineMPNN,4,Eukaryota,Neutral,333,108.28410630630631,4.215088844299316,-47.09745255545632,0.2342342342342342,0.1021021021021021,-0.2723723723723724,0.06006006006006,31.822222222222223,0.039039039039039,0.2732732732732733,0.8948948948948949,-0.102102102102102,0.0839816077204801,22.12162971496582,0.3003003003003003,0.34285714285714286,0.13333333333333333,-0.21904761904761905,0.47619047619047616
Q9N2D5,AlkalineMPNN,5,Eukaryota,Neutral,333,107.6492897897898,4.162740135192871,-48.02135845555373,0.2252252252252252,0.093093093093093,-0.2345345345345345,0.069069069069069,28.33333333333333,0.036036036036036,0.2852852852852853,0.8798798798798799,-0.063063063063063,0.0755165504761627,22.78334617614746,0.3003003003003003,0.3094170403587444,0.12556053811659193,-0.19730941704035873,0.43497757847533636
Q9N2D5,AlkalineMPNN,6,Eukaryota,Neutral,333,107.6830843843844,4.369918251037597,-39.02692528119506,0.2192192192192192,0.1141141141141141,-0.3309309309309309,0.054054054054054,30.69819819819819,0.039039039039039,0.2822822822822823,0.8018018018018018,-0.063063063063063,0.0679870153554364,24.4586181640625,0.3003003003003003,0.2749003984063745,0.13545816733067728,-0.14741035856573706,0.41035856573705176
Q9N2D5,AlkalineMPNN,7,Eukaryota,Neutral,333,108.07963933933934,4.2984716415405275,-46.66617478254001,0.2222222222222222,0.1051051051051051,-0.2684684684684685,0.063063063063063,26.133933933933925,0.039039039039039,0.2882882882882883,0.8768768768768769,-0.1141141141141141,0.0781500062937188,23.69703483581543,0.3003003003003003,0.3417085427135678,0.1407035175879397,-0.23115577889447236,0.4824120603015075
Q6DIY2,AlkalineMPNN,0,Eukaryota,Bottom,179,116.58507318435754,4.318535804748536,-30.79862205267933,0.2681564245810055,0.1340782122905028,-0.8240223463687151,0.0782122905027932,47.633519553072624,0.0502793296089385,0.2011173184357542,0.8379888268156425,-0.2681564245810056,0.1803218018081525,16.159793853759766,0.3016759776536313,0.3619047619047619,0.1619047619047619,-0.24761904761904763,0.5238095238095238
Q6DIY2,AlkalineMPNN,1,Eukaryota,Bottom,179,115.56137932960894,4.164502143859862,-35.79309288897375,0.2737430167597765,0.1117318435754189,-0.6575418994413408,0.0837988826815642,38.6754748603352,0.0446927374301675,0.2067039106145251,0.8324022346368716,-0.2513966480446927,0.1805882748872585,17.309541702270508,0.3016759776536313,0.37719298245614036,0.14912280701754385,-0.2807017543859649,0.5263157894736842
Q6DIY2,AlkalineMPNN,2,Eukaryota,Bottom,179,117.35086983240224,4.247373390197754,-31.888492605202035,0.2625698324022346,0.1173184357541899,-0.8033519553072627,0.111731843575419,40.96927374301677,0.0446927374301675,0.2011173184357542,0.8659217877094972,-0.0502793296089385,0.2117904683081591,15.71034049987793,0.3016759776536313,0.3958333333333333,0.15625,-0.28125,0.5520833333333333
Q6DIY2,AlkalineMPNN,3,Eukaryota,Bottom,179,116.55058268156424,4.166264152526855,-35.87590703851901,0.2793296089385475,0.1117318435754189,-0.764804469273743,0.106145251396648,42.312849162011176,0.0502793296089385,0.2067039106145251,0.8044692737430168,-0.2234636871508379,0.1827133274789335,16.72829818725586,0.3016759776536313,0.35714285714285715,0.14285714285714285,-0.25396825396825395,0.5
Q6DIY2,AlkalineMPNN,4,Eukaryota,Bottom,179,115.5164430167598,4.2352098464965815,-31.805211977924753,0.2569832402234636,0.1173184357541899,-0.6301675977653631,0.1005586592178771,40.90620111731844,0.0446927374301675,0.2290502793296089,0.8715083798882681,-0.2122905027932961,0.1435596821150365,16.55055809020996,0.3016759776536313,0.3333333333333333,0.14166666666666666,-0.23333333333333334,0.475
Q6DIY2,AlkalineMPNN,5,Eukaryota,Bottom,179,116.34975810055866,4.421698570251466,-27.71790891038212,0.2458100558659217,0.1340782122905028,-0.8748603351955307,0.0893854748603352,38.87039106145251,0.0446927374301675,0.217877094972067,0.8379888268156425,-0.0670391061452514,0.1452714202759256,17.376070022583008,0.3016759776536313,0.3064516129032258,0.1532258064516129,-0.20967741935483872,0.45967741935483875
Q6DIY2,AlkalineMPNN,6,Eukaryota,Bottom,179,115.61106759776536,4.47950382232666,-23.736207863473066,0.2234636871508379,0.1340782122905028,-0.8329608938547486,0.0949720670391061,31.521787709497193,0.0446927374301675,0.2346368715083798,0.8715083798882681,-0.2346368715083799,0.2317747750227041,15.317689895629885,0.3016759776536313,0.35294117647058826,0.12941176470588237,-0.24705882352941178,0.48235294117647065
Q6DIY2,AlkalineMPNN,7,Eukaryota,Bottom,179,115.38212402234636,4.24203052520752,-29.888954320593907,0.2513966480446927,0.1173184357541899,-0.5731843575418994,0.1005586592178771,41.70446927374303,0.0446927374301675,0.2402234636871508,0.8212290502793296,-0.2178770949720669,0.2401345052129666,16.877965927124023,0.3016759776536313,0.3157894736842105,0.14912280701754385,-0.21929824561403508,0.4649122807017544
G0HQ35,AlkalineMPNN,0,Archaea,Bottom,358,111.1993248603352,4.0500284194946286,-68.89052460702025,0.2569832402234637,0.0782122905027933,-0.4438547486033519,0.0865921787709497,50.34553072625696,0.0502793296089385,0.2458100558659218,0.8296089385474861,-0.2653631284916201,0.0549662791282903,27.300247192382812,0.3016759776536313,0.30067567567567566,0.09121621621621621,-0.22635135135135134,0.3918918918918919
G0HQ35,AlkalineMPNN,1,Archaea,Bottom,358,111.91988519553074,4.1286935806274405,-65.70917048326825,0.2597765363128491,0.0949720670391061,-0.629050279329609,0.0810055865921787,41.93882681564245,0.0418994413407821,0.2625698324022346,0.8798882681564246,-0.3212290502793296,0.0606635677427608,27.244243621826172,0.3016759776536313,0.3120567375886525,0.11702127659574468,-0.21631205673758866,0.42907801418439717
G0HQ35,AlkalineMPNN,2,Archaea,Bottom,358,111.08152625698324,4.067534828186036,-67.45697883517428,0.2625698324022346,0.0893854748603351,-0.467877094972067,0.0754189944134078,47.753351955307245,0.047486033519553,0.2541899441340782,0.840782122905028,-0.3156424581005587,0.0662531787509261,24.171411514282227,0.3016759776536313,0.35294117647058826,0.10980392156862745,-0.25882352941176473,0.4627450980392157
G0HQ35,AlkalineMPNN,3,Archaea,Bottom,358,110.91112541899442,4.128864097595215,-61.882300874035934,0.2541899441340782,0.0949720670391061,-0.4547486033519553,0.0754189944134078,49.40586592178769,0.0502793296089385,0.2625698324022346,0.8268156424581006,-0.3519553072625698,0.0696763221063282,26.398712158203125,0.3016759776536313,0.3142857142857143,0.11785714285714285,-0.21071428571428572,0.43214285714285716
G0HQ35,AlkalineMPNN,4,Archaea,Bottom,358,110.9747801675978,4.069581031799316,-65.80531499783598,0.2541899441340782,0.0865921787709497,-0.5662011173184358,0.0865921787709497,42.470391061452496,0.047486033519553,0.276536312849162,0.8128491620111732,-0.4106145251396648,0.0913827539294294,25.92621803283691,0.3016759776536313,0.32575757575757575,0.10984848484848485,-0.23484848484848486,0.4356060606060606
G0HQ35,AlkalineMPNN,5,Archaea,Bottom,358,112.096280726257,4.0500284194946286,-69.8466997640913,0.2597765363128491,0.0782122905027933,-0.541340782122905,0.0810055865921787,47.07094972067038,0.053072625698324,0.2458100558659217,0.8407821229050279,-0.2262569832402234,0.0674062534109965,23.533933639526367,0.3016759776536313,0.3603238866396761,0.11336032388663968,-0.26720647773279355,0.4736842105263158
G0HQ35,AlkalineMPNN,6,Archaea,Bottom,358,110.8202030726257,4.0500284194946286,-74.70374253681496,0.2709497206703911,0.0810055865921787,-0.5377094972067039,0.0865921787709497,44.24974860335193,0.0446927374301675,0.2709497206703911,0.8184357541899441,-0.38268156424581,0.0436539606531625,25.501596450805664,0.3016759776536313,0.3141891891891892,0.0945945945945946,-0.23986486486486486,0.40878378378378377
G0HQ35,AlkalineMPNN,7,Archaea,Bottom,358,111.73846117318436,4.114654350280761,-65.68322795565243,0.2569832402234636,0.0921787709497206,-0.5472067039106145,0.0865921787709497,48.521787709497175,0.047486033519553,0.2653631284916201,0.8407821229050279,-0.3491620111731843,0.0499999999999999,27.56484031677246,0.3016759776536313,0.3,0.10666666666666667,-0.21666666666666667,0.4066666666666667
Q8DLT5,AlkalineMPNN,0,Bacteria,Neutral,449,104.18997461024496,4.0744123458862305,-46.039534150259264,0.1447661469933184,0.0512249443207127,-0.031403118040089,0.0356347438752783,26.34342984409799,0.0467706013363029,0.3741648106904232,0.9175946547884188,-0.4276169265033408,0.0493234940154019,29.65029525756836,0.3006681514476614,0.22614840989399293,0.0706713780918728,-0.1625441696113074,0.2968197879858657
Q8DLT5,AlkalineMPNN,1,Bacteria,Neutral,449,105.75901269487753,4.102775001525878,-52.02985380677593,0.1714922048997773,0.0645879732739421,-0.2501113585746102,0.0311804008908686,23.492650334075723,0.0489977728285077,0.3251670378619153,0.8685968819599109,-0.4187082405345211,0.051999991291607,31.62374687194824,0.3006681514476614,0.25252525252525254,0.09090909090909091,-0.1750841750841751,0.3434343434343434
Q8DLT5,AlkalineMPNN,2,Bacteria,Neutral,449,106.54861336302892,4.152224922180175,-49.10588736460366,0.1692650334075723,0.066815144766147,-0.2619153674832962,0.0334075723830734,23.174164810690417,0.0467706013363029,0.3251670378619153,0.8975501113585745,-0.4075723830734966,0.0523010636304976,31.74728202819824,0.3006681514476614,0.25177304964539005,0.10283687943262411,-0.1595744680851064,0.35460992907801414
Q8DLT5,AlkalineMPNN,3,Bacteria,Neutral,449,104.47748574610245,4.0500284194946286,-51.03776692767945,0.1603563474387527,0.0556792873051225,-0.0396436525612472,0.0356347438752783,19.61425389755011,0.0467706013363029,0.3608017817371937,0.9020044543429844,-0.3674832962138085,0.052453728592274,29.330808639526367,0.3006681514476614,0.25555555555555554,0.08518518518518518,-0.18518518518518517,0.34074074074074073
Q8DLT5,AlkalineMPNN,4,Bacteria,Neutral,449,104.81395233853004,4.111130332946778,-48.94255663302779,0.1603563474387527,0.0623608017817371,-0.1412026726057906,0.0289532293986637,21.51648106904231,0.0512249443207126,0.354120267260579,0.9042316258351892,-0.4587973273942093,0.046229260131499,31.648834228515625,0.3006681514476614,0.22847682119205298,0.09271523178807947,-0.152317880794702,0.3211920529801324
Q8DLT5,AlkalineMPNN,5,Bacteria,Neutral,449,103.65463830734969,4.0500284194946286,-49.112893244749,0.155902004454343,0.0534521158129175,-0.0701559020044543,0.0334075723830735,19.807126948775043,0.0512249443207126,0.3808463251670378,0.9086859688195992,-0.4543429844097996,0.0399084435867064,33.258522033691406,0.3006681514476614,0.205607476635514,0.07165109034267912,-0.14330218068535824,0.2772585669781931
Q8DLT5,AlkalineMPNN,6,Bacteria,Neutral,449,106.59041425389756,4.11260814666748,-56.828605126804725,0.1826280623608017,0.0690423162583518,-0.2973273942093541,0.0311804008908685,31.605345211581284,0.0512249443207126,0.3296213808463252,0.8775055679287305,-0.3652561247216035,0.0555492485618334,32.04692459106445,0.3006681514476614,0.275,0.1,-0.19285714285714287,0.375
Q8DLT5,AlkalineMPNN,7,Bacteria,Neutral,449,105.1417438752784,4.0500284194946286,-52.200744577007754,0.1648106904231625,0.0534521158129175,-0.1256124721603563,0.0378619153674833,25.016035634743865,0.0489977728285077,0.3452115812917594,0.8953229398663697,-0.4454342984409799,0.0477141206400089,32.46980667114258,0.3006681514476614,0.23841059602649006,0.07947019867549669,-0.16556291390728478,0.31788079470198677
O67786,AcidophileMPNN,0,Bacteria,Top,223,110.44063901345292,5.994149208068847,-2.194448839360689,0.1255605381165919,0.1300448430493273,0.0771300448430493,0.085201793721973,32.71928251121076,0.0582959641255605,0.2869955156950672,0.8161434977578476,0.4304932735426009,0.0559701492537313,21.174680709838867,0.3004484304932735,0.16883116883116883,0.17532467532467533,-0.006493506493506494,0.34415584415584416
O67786,AcidophileMPNN,1,Bacteria,Top,223,113.17979775784754,8.991744041442871,3.701828255315231,0.1390134529147982,0.1659192825112107,-0.2026905829596412,0.085201793721973,29.614798206278017,0.0582959641255605,0.242152466367713,0.8251121076233184,0.4125560538116591,0.1838984116340472,19.166454315185547,0.3004484304932735,0.19402985074626866,0.2462686567164179,0.03731343283582089,0.44029850746268656
O67786,AcidophileMPNN,2,Bacteria,Top,223,111.33775156950672,6.7766515731811525,-0.2768745630440783,0.1300448430493273,0.1390134529147982,-0.0210762331838565,0.0896860986547085,34.17219730941704,0.0538116591928251,0.2869955156950672,0.8744394618834082,0.0493273542600896,0.1186150198443379,18.89977264404297,0.3004484304932735,0.17266187050359713,0.19424460431654678,0.014388489208633094,0.36690647482014394
O67786,AcidophileMPNN,3,Bacteria,Top,223,112.74211300448432,4.83730525970459,-11.270496502980292,0.1704035874439461,0.1300448430493273,-0.1708520179372197,0.0896860986547085,34.358744394618846,0.0582959641255605,0.2466367713004484,0.8430493273542601,0.3408071748878924,0.1198969192242735,19.37187385559082,0.3004484304932735,0.25547445255474455,0.1897810218978102,-0.072992700729927,0.44525547445255476
O67786,AcidophileMPNN,4,Bacteria,Top,223,113.45858026905827,8.738318824768069,2.880277712834509,0.1390134529147982,0.1704035874439461,-0.2349775784753363,0.0986547085201793,26.39103139013452,0.0538116591928251,0.2197309417040358,0.852017937219731,0.1973094170403587,0.1400656361951048,19.187070846557617,0.3004484304932735,0.1984126984126984,0.2698412698412698,0.047619047619047616,0.46825396825396826
O67786,AcidophileMPNN,5,Bacteria,Top,223,111.1436789237668,4.883856391906738,-10.18179792936338,0.147982062780269,0.116591928251121,-0.0457399103139013,0.085201793721973,34.78206278026906,0.0582959641255605,0.273542600896861,0.8878923766816145,0.2152466367713004,0.1037665879345953,18.815092086791992,0.3004484304932735,0.248,0.176,-0.08,0.424
O67786,AcidophileMPNN,6,Bacteria,Top,223,113.5203520179372,6.775571632385254,-0.2905428188403434,0.147982062780269,0.1569506726457399,-0.231390134529148,0.085201793721973,33.99730941704036,0.0582959641255605,0.2286995515695067,0.8878923766816144,0.2869955156950673,0.1822943007743574,19.386409759521484,0.3004484304932735,0.21739130434782608,0.2782608695652174,0.043478260869565216,0.4956521739130435
O67786,AcidophileMPNN,7,Bacteria,Top,223,111.4278802690583,5.513234519958496,-4.207784012709386,0.1345291479820627,0.1300448430493273,0.0031390134529147,0.0941704035874439,36.25695067264574,0.0582959641255605,0.2645739910313901,0.8251121076233183,0.3677130044843049,0.1163594087360903,19.662267684936523,0.3004484304932735,0.15384615384615385,0.1794871794871795,0.00641025641025641,0.33333333333333337
Q980U8,AcidophileMPNN,0,Archaea,Top,349,105.81921232091692,5.5792245864868155,-4.827521688176724,0.1289398280802292,0.1260744985673352,0.0959885386819484,0.0458452722063037,31.714928366762184,0.0515759312320916,0.335243553008596,0.8252148997134671,0.349570200573066,0.0392846058908865,25.0992488861084,0.3008595988538682,0.15845070422535212,0.15140845070422534,-0.02112676056338028,0.3098591549295775
Q980U8,AcidophileMPNN,1,Archaea,Top,349,107.05285902578797,6.3147779464721685,-1.724797248263549,0.1404011461318051,0.1489971346704871,-0.0094555873925501,0.0429799426934097,33.561031518624645,0.0515759312320916,0.326647564469914,0.8911174785100286,0.4498567335243553,0.031739549580912,24.2447509765625,0.3008595988538682,0.16140350877192983,0.17894736842105263,0.0,0.34035087719298246
Q980U8,AcidophileMPNN,2,Archaea,Top,349,106.78258137535818,5.445880317687987,-6.7359030973075065,0.1375358166189111,0.1318051575931232,0.028080229226361,0.0458452722063037,34.1091977077364,0.0515759312320916,0.335243553008596,0.8853868194842407,0.4383954154727794,0.0319724711604245,28.800914764404297,0.3008595988538682,0.15753424657534246,0.15753424657534246,-0.017123287671232876,0.3150684931506849
Q980U8,AcidophileMPNN,3,Archaea,Top,349,105.75636790830946,6.301022911071779,-1.7559076751676628,0.1260744985673352,0.1346704871060172,0.1472779369627507,0.0458452722063037,26.36733524355302,0.0515759312320916,0.3467048710601719,0.8624641833810889,0.5358166189111748,0.0202483285577841,27.16044235229492,0.3008595988538682,0.13793103448275862,0.14733542319749215,-0.006269592476489028,0.2852664576802508
Q980U8,AcidophileMPNN,4,Archaea,Top,349,106.33282378223495,6.539405632019044,-0.8297932097564029,0.1232091690544412,0.1318051575931232,0.0693409742120343,0.0458452722063037,29.66249283667622,0.0487106017191977,0.332378223495702,0.9169054441260744,0.5329512893982808,0.0371483917833649,24.904253005981445,0.3008595988538682,0.148014440433213,0.16606498194945848,0.0036101083032490976,0.3140794223826715
Q980U8,AcidophileMPNN,5,Archaea,Top,349,108.93498510028654,9.3163423538208,5.2604880794491535,0.1318051575931232,0.160458452722063,-0.0893982808022922,0.0458452722063037,41.53441260744986,0.0515759312320916,0.3008595988538682,0.822349570200573,0.4498567335243553,0.0672755491881566,24.851430892944336,0.3008595988538682,0.1618705035971223,0.19784172661870503,0.02158273381294964,0.3597122302158273
Q980U8,AcidophileMPNN,6,Archaea,Top,349,108.44730458452725,6.231167793273925,-1.8285795764642288,0.1432664756446991,0.1489971346704871,-0.1234957020057306,0.0487106017191977,27.395988538681955,0.0487106017191977,0.2893982808022922,0.8710601719197708,0.3553008595988539,0.0274015223871957,26.67645263671875,0.3008595988538682,0.1701388888888889,0.18055555555555555,-0.003472222222222222,0.3506944444444444
Q980U8,AcidophileMPNN,7,Archaea,Top,349,103.7340547277937,6.05280704498291,-1.948326126479728,0.1088825214899713,0.1117478510028653,0.2676217765042979,0.0458452722063037,28.25644699140401,0.0515759312320916,0.3782234957020057,0.8767908309455588,0.4985673352435529,0.0347177789523465,28.54888153076172,0.3008595988538682,0.12323943661971831,0.13028169014084506,-0.0035211267605633804,0.2535211267605634
O58832,AcidophileMPNN,0,Archaea,Top,342,108.51130701754386,8.674301719665529,3.184341977573652,0.1169590643274853,0.1374269005847953,-0.0225146198830409,0.0614035087719298,36.9924269005848,0.0730994152046783,0.2719298245614035,0.871345029239766,-0.1111111111111111,0.0782366171839856,24.606107711791992,0.3011695906432748,0.1796116504854369,0.21359223300970873,0.019417475728155338,0.3932038834951456
O58832,AcidophileMPNN,1,Archaea,Top,342,107.79314356725143,7.841885948181153,1.1545767500103636,0.1023391812865497,0.1257309941520468,0.0792397660818713,0.0614035087719298,40.07195906432747,0.0701754385964912,0.3070175438596491,0.8625730994152047,-0.1140350877192982,0.0837464030446486,22.331052780151367,0.3011695906432748,0.14423076923076922,0.1971153846153846,0.028846153846153848,0.34134615384615385
O58832,AcidophileMPNN,2,Archaea,Top,342,108.2588,6.647399711608887,-0.697590407266496,0.1228070175438596,0.1345029239766082,-0.0078947368421052,0.0643274853801169,43.92020467836257,0.0789473684210526,0.2865497076023392,0.8421052631578947,-0.0818713450292397,0.1005279919544083,25.290019989013672,0.3011695906432748,0.16,0.20444444444444446,0.022222222222222223,0.36444444444444446
O58832,AcidophileMPNN,3,Archaea,Top,342,108.26532660818712,9.04480152130127,5.269289425531504,0.1052631578947368,0.1345029239766081,0.1029239766081871,0.0760233918128654,40.99038011695906,0.0730994152046783,0.2894736842105263,0.847953216374269,-0.1286549707602339,0.0754238537520271,25.89604949951172,0.3011695906432748,0.14027149321266968,0.20361990950226244,0.04072398190045249,0.3438914027149321
O58832,AcidophileMPNN,4,Archaea,Top,342,109.90437280701752,8.966279029846195,4.203324074817644,0.1257309941520468,0.1491228070175438,-0.047953216374269,0.0643274853801169,37.111432748538,0.0701754385964912,0.2660818713450292,0.8391812865497076,-0.0847953216374268,0.0822341742433943,25.838050842285156,0.3011695906432748,0.17180616740088106,0.22466960352422907,0.03524229074889868,0.3964757709251101
O58832,AcidophileMPNN,5,Archaea,Top,342,109.35317602339182,5.877004051208496,-3.996040628149487,0.1257309941520468,0.1286549707602339,0.0345029239766081,0.067251461988304,39.60061403508772,0.0730994152046783,0.283625730994152,0.8801169590643274,-0.0964912280701754,0.0794968743698326,22.68016815185547,0.3011695906432748,0.17535545023696683,0.1895734597156398,-0.009478672985781991,0.36492890995260663
O58832,AcidophileMPNN,6,Archaea,Top,342,110.61238625730996,6.647570228576661,-0.7101231205399756,0.131578947368421,0.1432748538011695,-0.1228070175438596,0.0730994152046783,42.93628654970758,0.0760233918128654,0.2543859649122807,0.8918128654970761,-0.1140350877192982,0.0707104248528787,26.24628448486328,0.3011695906432748,0.19704433497536947,0.22167487684729065,0.0,0.41871921182266014
O58832,AcidophileMPNN,7,Archaea,Top,342,108.17730467836256,8.716206169128416,3.271962366771916,0.1111111111111111,0.1345029239766081,0.0999999999999999,0.067251461988304,43.55880116959064,0.0701754385964912,0.2923976608187134,0.8625730994152048,-0.1549707602339181,0.0656147706793188,24.83323097229004,0.3011695906432748,0.14107883817427386,0.1825726141078838,0.024896265560165973,0.32365145228215764
Q9Z9J6,AcidophileMPNN,0,Bacteria,Top,62,112.50196774193547,9.222669792175292,1.5979204617885063,0.1290322580645161,0.1774193548387097,-0.1564516129032258,0.0,17.450000000000006,0.0161290322580645,0.1612903225806451,0.9032258064516128,-0.032258064516129,0.4341508930951746,10.5765380859375,0.3064516129032258,0.175,0.225,0.025,0.4
Q9Z9J6,AcidophileMPNN,1,Bacteria,Top,62,114.24695967741935,5.503060340881347,-1.4740619009693834,0.1935483870967742,0.1774193548387097,-0.3983870967741935,0.0,37.87741935483871,0.0483870967741935,0.1129032258064516,0.9032258064516128,0.0,0.4295830055074744,10.621084213256836,0.3064516129032258,0.2682926829268293,0.24390243902439024,-0.024390243902439025,0.5121951219512195
Q9Z9J6,AcidophileMPNN,2,Bacteria,Top,62,113.79742741935485,9.850914192199706,5.5085617305121275,0.1451612903225806,0.2419354838709677,-0.3370967741935484,0.0,26.28548387096774,0.032258064516129,0.1451612903225806,0.9032258064516128,0.0,0.4447004608294931,10.59894847869873,0.3064516129032258,0.18604651162790697,0.32558139534883723,0.13953488372093023,0.5116279069767442
Q9Z9J6,AcidophileMPNN,3,Bacteria,Top,62,110.02867741935484,8.34216060638428,0.5164483955898351,0.1129032258064516,0.1290322580645161,-0.1483870967741935,0.0,40.674193548387095,0.032258064516129,0.2419354838709677,0.9032258064516128,-0.032258064516129,0.4365681756573597,10.59824275970459,0.3064516129032258,0.14634146341463414,0.17073170731707318,0.024390243902439025,0.3170731707317073
Q9Z9J6,AcidophileMPNN,4,Bacteria,Top,62,109.80615483870967,11.999967765808105,6.59429232162303,0.064516129032258,0.1935483870967742,0.1241935483870967,0.0,62.585483870967735,0.0483870967741935,0.2741935483870967,0.9193548387096776,-0.0483870967741935,0.4439386056191467,10.676753044128418,0.3064516129032258,0.07317073170731707,0.2926829268292683,0.1951219512195122,0.36585365853658536
Q9Z9J6,AcidophileMPNN,5,Bacteria,Top,62,108.96464032258064,9.9476167678833,1.6017547062436632,0.1129032258064516,0.1612903225806451,0.0903225806451613,0.0,51.129032258064505,0.0483870967741935,0.2580645161290322,0.9193548387096776,-0.0483870967741935,0.4273548387096774,10.62128448486328,0.3064516129032258,0.14285714285714285,0.21428571428571427,0.047619047619047616,0.3571428571428571
Q9Z9J6,AcidophileMPNN,6,Bacteria,Top,62,114.47119032258064,8.362145805358889,0.6154033721307801,0.1612903225806451,0.1935483870967742,-0.2161290322580645,0.0,38.44193548387096,0.0483870967741935,0.1774193548387097,0.935483870967742,-0.064516129032258,0.4454620010934937,10.70395851135254,0.3064516129032258,0.21951219512195122,0.24390243902439024,0.0,0.46341463414634143
Q9Z9J6,AcidophileMPNN,7,Bacteria,Top,62,111.1652,9.85201015472412,5.512688249239773,0.1290322580645161,0.2258064516129032,-0.214516129032258,0.0,10.55,0.0483870967741935,0.1774193548387097,0.967741935483871,-0.064516129032258,0.4485721840296139,10.627114295959473,0.3064516129032258,0.16666666666666666,0.2857142857142857,0.11904761904761904,0.45238095238095233
P02819,AcidophileMPNN,0,Eukaryota,Bottom,49,111.63566530612243,9.677300834655764,3.3573123973004924,0.0816326530612245,0.2857142857142857,-0.6204081632653061,0.0816326530612245,84.99795918367346,0.1428571428571428,0.2653061224489796,0.7142857142857142,0.4285714285714285,0.1585814653730344,14.797990798950195,0.3061224489795918,0.07692307692307693,0.358974358974359,0.10256410256410256,0.4358974358974359
P02819,AcidophileMPNN,1,Eukaryota,Bottom,49,107.40895714285712,4.782853507995605,-1.2528669208816123,0.0816326530612245,0.0612244897959183,0.1877551020408162,0.1224489795918367,64.43265306122449,0.1428571428571428,0.2653061224489796,0.7346938775510203,0.4081632653061224,0.1380333951762523,14.592302322387695,0.3061224489795918,0.10256410256410256,0.07692307692307693,-0.02564102564102564,0.1794871794871795
P02819,AcidophileMPNN,2,Eukaryota,Bottom,49,111.8421081632653,9.493952751159668,3.181965019792317,0.0816326530612245,0.2448979591836735,-0.3775510204081633,0.0816326530612245,95.38795918367347,0.1428571428571428,0.2448979591836734,0.7551020408163265,0.346938775510204,0.1568027210884353,15.042991638183594,0.3061224489795918,0.08108108108108109,0.32432432432432434,0.10810810810810811,0.40540540540540543
P02819,AcidophileMPNN,3,Eukaryota,Bottom,49,110.90582040816328,11.467007637023926,5.8314368059997586,0.0612244897959183,0.2040816326530612,-0.0571428571428571,0.1020408163265306,79.99999999999999,0.1428571428571428,0.2653061224489796,0.7142857142857142,0.4285714285714285,0.1742543171114599,14.084463119506836,0.3061224489795918,0.05128205128205128,0.2564102564102564,0.1794871794871795,0.30769230769230765
P02819,AcidophileMPNN,4,Eukaryota,Bottom,49,108.06395918367345,8.06823444366455,0.837087729646182,0.1020408163265306,0.1428571428571428,0.1122448979591836,0.1020408163265306,71.05714285714285,0.1428571428571428,0.2857142857142857,0.7346938775510203,0.4489795918367347,0.1525423728813559,14.348567962646484,0.3061224489795918,0.10526315789473684,0.18421052631578946,0.05263157894736842,0.2894736842105263
P02819,AcidophileMPNN,5,Eukaryota,Bottom,49,100.29967346938774,11.53276538848877,5.741462155671962,0.0408163265306122,0.163265306122449,0.0591836734693877,0.0612244897959183,90.05918367346939,0.1428571428571428,0.4285714285714286,0.7959183673469388,0.4285714285714286,0.1420722135007849,15.129862785339355,0.3061224489795918,0.046511627906976744,0.18604651162790697,0.13953488372093023,0.23255813953488372
P02819,AcidophileMPNN,6,Eukaryota,Bottom,49,116.19229591836734,10.06230602264404,4.443477584656076,0.0816326530612245,0.326530612244898,-0.8489795918367348,0.0816326530612245,72.56142857142856,0.1428571428571428,0.2040816326530612,0.7142857142857142,0.4285714285714285,0.1661807580174927,14.948810577392578,0.3061224489795918,0.08108108108108109,0.43243243243243246,0.13513513513513514,0.5135135135135136
P02819,AcidophileMPNN,7,Eukaryota,Bottom,49,107.73724081632652,11.190373802185055,4.918620994154346,0.0612244897959183,0.2040816326530612,-0.0530612244897959,0.0816326530612245,100.80816326530612,0.1428571428571428,0.3061224489795918,0.8163265306122449,0.4081632653061224,0.1534013605442176,14.474103927612305,0.3061224489795918,0.02631578947368421,0.2631578947368421,0.18421052631578946,0.2894736842105263
Q4R312,AcidophileMPNN,0,Eukaryota,Bottom,82,104.4599756097561,4.324219703674317,-4.446854361848471,0.0853658536585365,0.048780487804878,0.4548780487804877,0.0975609756097561,29.310975609756085,0.073170731707317,0.3536585365853659,0.6219512195121951,-0.2317073170731707,0.2212138400453772,16.71428871154785,0.3048780487804878,0.08064516129032258,0.06451612903225806,-0.03225806451612903,0.14516129032258063
Q4R312,AcidophileMPNN,1,Eukaryota,Bottom,82,108.71134512195124,8.747408866882324,2.457035222088881,0.0609756097560975,0.0975609756097561,0.1207317073170731,0.1097560975609756,32.94524390243901,0.1097560975609756,0.2926829268292683,0.5,-0.3292682926829268,0.2282538312108784,14.62327480316162,0.3048780487804878,0.08064516129032258,0.12903225806451613,0.04838709677419355,0.2096774193548387
Q4R312,AcidophileMPNN,2,Eukaryota,Bottom,82,104.6069963414634,8.395347023010256,1.4569234620480378,0.048780487804878,0.073170731707317,0.2158536585365853,0.0975609756097561,19.267073170731702,0.073170731707317,0.3902439024390244,0.6219512195121951,-0.3048780487804878,0.2205602134146341,15.275761604309082,0.3048780487804878,0.03225806451612903,0.0967741935483871,0.06451612903225806,0.12903225806451613
Q4R312,AcidophileMPNN,3,Eukaryota,Bottom,82,106.12193170731707,6.003811836242675,-0.5397242550324277,0.0853658536585365,0.0853658536585365,0.3121951219512195,0.1097560975609756,22.041463414634144,0.0853658536585365,0.3170731707317073,0.6341463414634146,-0.4390243902439025,0.2211247732312034,16.344409942626953,0.3048780487804878,0.08196721311475409,0.11475409836065574,0.03278688524590164,0.19672131147540983
Q4R312,AcidophileMPNN,4,Eukaryota,Bottom,82,106.13235000000002,5.0862031936645495,-1.536213093124852,0.0975609756097561,0.0853658536585365,-0.0365853658536585,0.0975609756097561,18.18048780487804,0.0975609756097561,0.3292682926829268,0.6707317073170732,-0.3536585365853658,0.2295497185741088,15.556755065917969,0.3048780487804878,0.0967741935483871,0.11290322580645161,0.016129032258064516,0.2096774193548387
Q4R312,AcidophileMPNN,5,Eukaryota,Bottom,82,111.89661341463416,7.634408760070801,0.5475616932630007,0.0975609756097561,0.1219512195121951,-0.0390243902439024,0.1097560975609756,21.852439024390243,0.073170731707317,0.2439024390243902,0.5609756097560976,-0.3658536585365853,0.2179749948759992,16.83637237548828,0.3048780487804878,0.11475409836065574,0.16393442622950818,0.03278688524590164,0.2786885245901639
Q4R312,AcidophileMPNN,6,Eukaryota,Bottom,82,105.51141951219512,6.038881492614746,-0.540022556097064,0.0853658536585365,0.0853658536585365,0.3329268292682927,0.1097560975609756,18.20012195121952,0.0609756097560975,0.3414634146341463,0.7560975609756098,-0.2682926829268293,0.2008985879332477,14.158207893371582,0.3048780487804878,0.08196721311475409,0.11475409836065574,0.03278688524590164,0.19672131147540983
Q4R312,AcidophileMPNN,7,Eukaryota,Bottom,82,104.71683292682928,6.015804862976074,-0.5391453150389074,0.073170731707317,0.073170731707317,0.1939024390243902,0.0975609756097561,18.23414634146342,0.0853658536585365,0.3414634146341463,0.6341463414634146,-0.3170731707317072,0.221987896570695,16.351882934570312,0.3048780487804878,0.0967741935483871,0.0967741935483871,0.0,0.1935483870967742
Q54FJ9,AcidophileMPNN,0,Eukaryota,Bottom,306,102.34054379084968,9.42941989898682,6.301364052087081,0.0915032679738562,0.130718954248366,0.3160130718954248,0.0326797385620915,30.195751633986927,0.0718954248366013,0.349673202614379,0.8594771241830065,0.284313725490196,0.0734727119028473,23.6294002532959,0.3006535947712418,0.11538461538461539,0.1813186813186813,0.04945054945054945,0.2967032967032967
Q54FJ9,AcidophileMPNN,1,Eukaryota,Bottom,306,103.3870996732026,8.393090629577639,2.148982872713624,0.1078431372549019,0.1274509803921568,0.2607843137254902,0.0392156862745098,33.58954248366014,0.0718954248366013,0.3300653594771242,0.8823529411764706,0.2352941176470588,0.080752376708259,20.775545120239254,0.3006535947712418,0.12738853503184713,0.22929936305732485,0.08280254777070063,0.356687898089172
Q54FJ9,AcidophileMPNN,2,Eukaryota,Bottom,306,102.6018320261438,9.360954475402831,5.242871330162469,0.0947712418300653,0.1274509803921568,0.3558823529411764,0.0326797385620915,36.1173202614379,0.0718954248366013,0.3660130718954248,0.8562091503267973,0.2352941176470587,0.0752567693744164,22.642475128173828,0.3006535947712418,0.125,0.225,0.08125,0.35
Q54FJ9,AcidophileMPNN,3,Eukaryota,Bottom,306,105.17067614379086,9.375782203674316,8.127255089354044,0.1078431372549019,0.1470588235294117,0.0745098039215686,0.0359477124183006,30.33529411764706,0.0718954248366013,0.3202614379084967,0.8823529411764706,0.2418300653594771,0.077284965417511,20.244220733642575,0.3006535947712418,0.12727272727272726,0.2545454545454545,0.10909090909090909,0.3818181818181818
Q54FJ9,AcidophileMPNN,4,Eukaryota,Bottom,306,103.6987816993464,9.131704902648927,7.051170311698918,0.1045751633986928,0.1372549019607843,0.1408496732026143,0.0359477124183006,29.31797385620915,0.0718954248366013,0.3169934640522875,0.8398692810457516,0.1993464052287582,0.0730283224400871,24.004987716674805,0.3006535947712418,0.11822660098522167,0.1921182266009852,0.06403940886699508,0.31034482758620685
Q54FJ9,AcidophileMPNN,5,Eukaryota,Bottom,306,103.53125163398694,9.65551052093506,7.070893354821024,0.0947712418300653,0.1274509803921568,0.292156862745098,0.0359477124183006,33.54607843137254,0.0751633986928104,0.3431372549019608,0.8137254901960784,0.2124183006535947,0.065895760013407,22.27350425720215,0.3006535947712418,0.10989010989010989,0.1978021978021978,0.08241758241758242,0.3076923076923077
Q54FJ9,AcidophileMPNN,6,Eukaryota,Bottom,306,101.89226699346403,9.297453117370605,5.190007282893799,0.0751633986928104,0.1078431372549019,0.4232026143790849,0.0359477124183006,34.37189542483659,0.0718954248366013,0.3725490196078431,0.8725490196078431,0.173202614379085,0.0801010600318558,22.276012420654297,0.3006535947712418,0.09473684210526316,0.15789473684210525,0.042105263157894736,0.25263157894736843
Q54FJ9,AcidophileMPNN,7,Eukaryota,Bottom,306,102.83163921568628,9.5385648727417,7.592614671088494,0.0849673202614379,0.1143790849673202,0.3441176470588235,0.0392156862745098,31.935947712418297,0.0718954248366013,0.3366013071895425,0.8627450980392157,0.1830065359477124,0.0745899809199042,24.858083724975582,0.3006535947712418,0.10734463276836158,0.1864406779661017,0.07909604519774012,0.2937853107344633
Q54JL0,AcidophileMPNN,0,Eukaryota,Bottom,633,111.37560442338076,8.931014823913575,8.971664570694799,0.1263823064770932,0.1484992101105845,-0.1699842022116904,0.0884676145339652,24.99606635071088,0.0647709320695102,0.2496050552922591,0.8246445497630333,-0.0252764612954186,0.0373525108807892,33.48343276977539,0.3001579778830964,0.16371681415929204,0.2013274336283186,0.02654867256637168,0.36504424778761063
Q54JL0,AcidophileMPNN,1,Eukaryota,Bottom,633,111.54120157977884,9.07871189117432,11.242368784278426,0.1248025276461295,0.1548183254344391,-0.2513428120063191,0.0837282780410742,30.870173775671397,0.0663507109004739,0.2527646129541864,0.8420221169036335,-0.1153238546603475,0.0308047035307958,35.97368240356445,0.3001579778830964,0.14143426294820718,0.1892430278884462,0.03386454183266932,0.3306772908366534
Q54JL0,AcidophileMPNN,2,Eukaryota,Bottom,633,111.88769115323856,8.810394477844238,6.245074309226851,0.1169036334913112,0.1390205371248025,-0.1328593996840442,0.0900473933649289,35.55279620853081,0.0726698262243285,0.2480252764612954,0.8404423380726698,-0.1232227488151658,0.0350108538761407,35.59567642211914,0.3001579778830964,0.1411042944785276,0.1738241308793456,0.018404907975460124,0.3149284253578732
Q54JL0,AcidophileMPNN,3,Eukaryota,Bottom,633,112.05575466034756,8.719300651550292,6.073673669079923,0.1263823064770932,0.1453396524486572,-0.1774091627172196,0.0916271721958925,27.91360189573459,0.0663507109004739,0.2369668246445497,0.7977883096366509,-0.042654028436019,0.0302052150276217,36.10023498535156,0.3001579778830964,0.14747474747474748,0.18383838383838383,0.026262626262626262,0.33131313131313134
Q54JL0,AcidophileMPNN,4,Eukaryota,Bottom,633,110.76360015797788,9.279853248596194,15.135626142894324,0.1105845181674565,0.1453396524486572,-0.1442338072669826,0.0837282780410742,28.6734913112164,0.0679304897314376,0.25434439178515,0.8846761453396524,-0.0947867298578198,0.0348322384540784,33.39748764038086,0.3001579778830964,0.13291139240506328,0.1877637130801688,0.04219409282700422,0.32067510548523204
Q54JL0,AcidophileMPNN,5,Eukaryota,Bottom,633,111.53368483412324,9.18553600311279,15.053423692948884,0.1248025276461295,0.1579778830963665,-0.2781990521327014,0.0868878357030015,24.772211690363346,0.0647709320695102,0.2496050552922591,0.8325434439178515,-0.0963665086887836,0.0349998649761683,33.5809440612793,0.3001579778830964,0.14343434343434344,0.19393939393939394,0.03838383838383838,0.3373737373737374
Q54JL0,AcidophileMPNN,6,Eukaryota,Bottom,633,111.12631248025278,8.87002773284912,6.149969880821558,0.1137440758293839,0.1342812006319115,-0.1473933649289099,0.0853080568720379,30.573791469194305,0.0695102685624012,0.2638230647709321,0.8451816745655608,-0.1026856240126382,0.0331753554502369,35.47211456298828,0.3001579778830964,0.1315240083507307,0.16910229645093947,0.022964509394572025,0.3006263048016702
Q54JL0,AcidophileMPNN,7,Eukaryota,Bottom,633,112.36255560821486,9.125000190734864,12.9904176832963,0.1342812006319115,0.1627172195892575,-0.2993680884676145,0.0900473933649289,31.96559241706159,0.0695102685624012,0.2385466034755134,0.8293838862559242,-0.0015797788309636,0.0421617675347119,33.6938591003418,0.3001579778830964,0.17511520737327188,0.22350230414746544,0.03917050691244239,0.3986175115207373
Q69NP0,AcidophileMPNN,0,Eukaryota,Bottom,93,116.92154623655914,9.601937294006348,6.5850752085423405,0.0967741935483871,0.1827956989247312,-0.3731182795698925,0.1182795698924731,33.86989247311827,0.053763440860215,0.1505376344086021,0.8924731182795699,-0.3333333333333333,0.317654832702589,12.846010208129885,0.3010752688172043,0.14035087719298245,0.2982456140350877,0.14035087719298245,0.43859649122807015
Q69NP0,AcidophileMPNN,1,Eukaryota,Bottom,93,115.01670860215052,9.854008674621582,10.836300145229316,0.075268817204301,0.2365591397849462,-0.4258064516129032,0.0967741935483871,22.97311827956989,0.043010752688172,0.1935483870967742,0.8387096774193548,-0.2150537634408602,0.3243056753493186,12.9037446975708,0.3010752688172043,0.11864406779661017,0.3728813559322034,0.1864406779661017,0.4915254237288136
Q69NP0,AcidophileMPNN,2,Eukaryota,Bottom,93,114.3151247311828,9.496144676208496,6.104096058727174,0.1075268817204301,0.2150537634408602,-0.3946236559139785,0.1075268817204301,33.61935483870968,0.043010752688172,0.2043010752688172,0.7096774193548387,-0.2365591397849462,0.2175152221790387,12.973064422607422,0.3010752688172043,0.12903225806451613,0.3225806451612903,0.12903225806451613,0.45161290322580644
Q69NP0,AcidophileMPNN,3,Eukaryota,Bottom,93,113.16402258064517,9.632301902770994,6.577652823521712,0.064516129032258,0.1505376344086021,-0.1204301075268817,0.1075268817204301,32.743010752688164,0.043010752688172,0.2150537634408602,0.7311827956989247,-0.3655913978494623,0.3007798652959943,13.928275108337402,0.3010752688172043,0.07936507936507936,0.2222222222222222,0.12698412698412698,0.30158730158730157
Q69NP0,AcidophileMPNN,4,Eukaryota,Bottom,93,114.19296559139784,8.003250312805175,0.76501519217579,0.0967741935483871,0.1397849462365591,-0.4559139784946236,0.1075268817204301,38.87311827956988,0.053763440860215,0.2150537634408602,0.7419354838709677,-0.2903225806451612,0.2890531660692951,13.868125915527344,0.3010752688172043,0.12121212121212122,0.19696969696969696,0.030303030303030304,0.3181818181818182
Q69NP0,AcidophileMPNN,5,Eukaryota,Bottom,93,112.7095064516129,7.985070228576661,0.6784199439147258,0.086021505376344,0.1182795698924731,-0.0462365591397849,0.1075268817204301,41.34193548387094,0.053763440860215,0.2473118279569892,0.6881720430107527,-0.3010752688172043,0.3289865019446351,13.54207706451416,0.3010752688172043,0.125,0.17857142857142858,0.017857142857142856,0.3035714285714286
Q69NP0,AcidophileMPNN,6,Eukaryota,Bottom,93,114.95036129032258,9.301772499084471,4.584329727325027,0.1182795698924731,0.1827956989247311,-0.4516129032258064,0.1290322580645161,19.317204301075268,0.064516129032258,0.1935483870967742,0.7741935483870968,-0.2365591397849462,0.3243063852382848,13.14254665374756,0.3010752688172043,0.1724137931034483,0.29310344827586204,0.10344827586206896,0.46551724137931033
Q69NP0,AcidophileMPNN,7,Eukaryota,Bottom,93,114.41448064516128,9.93253116607666,12.48447462937312,0.064516129032258,0.2043010752688172,-0.3032258064516129,0.1290322580645161,23.123655913978492,0.043010752688172,0.2258064516129032,0.6666666666666667,-0.3225806451612903,0.2267281105990783,13.52437686920166,0.3010752688172043,0.09375,0.296875,0.203125,0.390625
P0A7R6,AcidophileMPNN,0,Bacteria,Neutral,103,104.33441747572816,9.691999626159667,2.8972198253734582,0.087378640776699,0.1262135922330097,0.2621359223300971,0.0,33.202912621359204,0.0485436893203883,0.3883495145631068,0.8834951456310679,-0.2815533980582524,0.4103504312679695,16.424880981445312,0.3009708737864077,0.11267605633802817,0.16901408450704225,0.056338028169014086,0.28169014084507044
P0A7R6,AcidophileMPNN,1,Bacteria,Neutral,103,93.44616699029125,11.711407279968263,2.883140536349514,0.0097087378640776,0.0485436893203883,0.929126213592233,0.0,18.7252427184466,0.029126213592233,0.6796116504854369,0.9320388349514565,-0.2135922330097087,0.3940306100818247,16.88072395324707,0.3009708737864077,0.014084507042253521,0.04225352112676056,0.028169014084507043,0.056338028169014086
P0A7R6,AcidophileMPNN,2,Bacteria,Neutral,103,113.84435339805825,9.52354373931885,6.955599535061211,0.1553398058252427,0.2427184466019417,-0.4067961165048543,0.0194174757281553,32.58252427184465,0.0485436893203883,0.174757281553398,0.9320388349514565,-0.3300970873786408,0.4167125959214821,16.440757751464844,0.3009708737864077,0.21428571428571427,0.34285714285714286,0.1,0.5571428571428572
P0A7R6,AcidophileMPNN,3,Bacteria,Neutral,103,109.64162621359225,11.3386510848999,4.5811661294589285,0.1262135922330097,0.1844660194174757,0.0757281553398058,0.0,43.8135922330097,0.058252427184466,0.3203883495145631,0.8640776699029126,-0.2621359223300971,0.428647426519484,16.16313362121582,0.3009708737864077,0.15151515151515152,0.25757575757575757,0.10606060606060606,0.40909090909090906
P0A7R6,AcidophileMPNN,4,Bacteria,Neutral,103,104.60581262135922,8.030778312683104,0.5970532206303503,0.087378640776699,0.1067961165048543,0.1961165048543689,0.0097087378640776,32.8621359223301,0.0485436893203883,0.3786407766990291,0.9320388349514565,-0.233009708737864,0.4076840096257572,16.261253356933594,0.3009708737864077,0.09090909090909091,0.13636363636363635,0.045454545454545456,0.22727272727272727
P0A7R6,AcidophileMPNN,5,Bacteria,Neutral,103,104.71342524271844,11.8579439163208,8.068762521592362,0.058252427184466,0.1650485436893204,0.2650485436893204,0.0,39.54271844660194,0.0485436893203883,0.4271844660194174,0.9805825242718448,-0.3786407766990292,0.4265061262559885,16.31526756286621,0.3009708737864077,0.07042253521126761,0.19718309859154928,0.09859154929577464,0.2676056338028169
P0A7R6,AcidophileMPNN,6,Bacteria,Neutral,103,106.46295922330096,9.302868461608885,1.9011310484865105,0.1067961165048543,0.1359223300970873,0.2106796116504854,0.0097087378640776,37.440776699029115,0.0485436893203883,0.3592233009708738,0.9320388349514565,-0.233009708737864,0.4121529552035428,16.543292999267578,0.3009708737864077,0.14492753623188406,0.18840579710144928,0.028985507246376812,0.33333333333333337
P0A7R6,AcidophileMPNN,7,Bacteria,Neutral,103,105.36222233009708,10.188406181335449,2.9993099818787954,0.116504854368932,0.1650485436893204,-0.0242718446601941,0.0,41.377669902912615,0.0485436893203883,0.3980582524271844,0.8737864077669902,-0.2718446601941747,0.4299029126213592,16.251277923583984,0.3009708737864077,0.15714285714285714,0.21428571428571427,0.04285714285714286,0.37142857142857144
P60724,AcidophileMPNN,0,Bacteria,Neutral,201,106.04904527363183,9.754791831970213,12.60392515961244,0.1144278606965174,0.1840796019900497,-0.1079601990049751,0.0298507462686567,30.695024875621883,0.0547263681592039,0.3034825870646766,0.7562189054726368,0.0,0.1381426202321724,23.952299118041992,0.2985074626865671,0.13245033112582782,0.23841059602649006,0.09933774834437085,0.3708609271523179
P60724,AcidophileMPNN,1,Bacteria,Neutral,201,104.43885721393036,9.388675880432128,2.707796507704092,0.1094527363184079,0.1343283582089552,0.1915422885572139,0.0149253731343283,37.07462686567163,0.0845771144278606,0.3134328358208955,0.8159203980099503,0.208955223880597,0.1968952704830278,21.49468994140625,0.2985074626865671,0.12307692307692308,0.18461538461538463,0.046153846153846156,0.3076923076923077
P60724,AcidophileMPNN,2,Bacteria,Neutral,201,106.86469850746268,9.39550952911377,5.623119015897284,0.1343283582089552,0.1691542288557214,-0.1477611940298507,0.0248756218905472,40.394029850746264,0.0746268656716418,0.2835820895522388,0.7611940298507462,0.0348258706467661,0.1338453364246727,26.562456130981445,0.2985074626865671,0.16233766233766234,0.2012987012987013,0.032467532467532464,0.36363636363636365
P60724,AcidophileMPNN,3,Bacteria,Neutral,201,107.64112139303482,9.668404197692867,8.610177467071075,0.1144278606965174,0.1641791044776119,-0.2044776119402985,0.0348258706467661,44.14776119402985,0.0746268656716418,0.2786069651741293,0.7960199004975124,0.0895522388059701,0.1684975124378109,24.52075958251953,0.2985074626865671,0.14685314685314685,0.2097902097902098,0.055944055944055944,0.35664335664335667
P60724,AcidophileMPNN,4,Bacteria,Neutral,201,107.7709422885572,9.433610343933104,6.6212527737401246,0.1393034825870646,0.1791044776119403,-0.2835820895522388,0.0248756218905472,31.08258706467662,0.0696517412935323,0.263681592039801,0.8059701492537313,0.0597014925373133,0.2002355712603062,25.734634399414062,0.2985074626865671,0.18840579710144928,0.2463768115942029,0.050724637681159424,0.4347826086956522
P60724,AcidophileMPNN,5,Bacteria,Neutral,201,102.59587064676616,7.972821235656737,0.7916136313562063,0.1044776119402985,0.1243781094527363,0.2482587064676616,0.0149253731343283,34.57960199004974,0.0746268656716418,0.3482587064676616,0.8258706467661692,0.0398009950248756,0.1484538093844503,23.72042655944824,0.2985074626865671,0.12582781456953643,0.15894039735099338,0.013245033112582781,0.2847682119205298
P60724,AcidophileMPNN,6,Bacteria,Neutral,201,103.08430845771144,9.430129051208496,3.702709742468251,0.1044776119402985,0.1343283582089552,0.2611940298507462,0.0199004975124378,34.1144278606965,0.0746268656716418,0.3482587064676617,0.791044776119403,0.1741293532338308,0.1179148898365316,24.319671630859375,0.2985074626865671,0.13071895424836602,0.16339869281045752,0.0196078431372549,0.29411764705882354
P60724,AcidophileMPNN,7,Bacteria,Neutral,201,104.68241243781094,9.80249843597412,4.7083354480976105,0.1044776119402985,0.1393034825870646,0.1915422885572139,0.0248756218905472,44.798009950248755,0.0646766169154228,0.3383084577114428,0.8507462686567164,0.0746268656716417,0.1302903763729827,18.9824161529541,0.2985074626865671,0.13846153846153847,0.2,0.046153846153846156,0.3384615384615385
Q07938,AcidophileMPNN,0,Eukaryota,Neutral,337,106.89041572700296,8.778482627868652,3.0410875020677572,0.0919881305637982,0.1186943620178041,-0.0513353115727003,0.0741839762611275,37.66261127596439,0.0979228486646884,0.3175074183976261,0.8367952522255193,0.0,0.053481650036131,28.029443740844727,0.2997032640949555,0.10526315789473684,0.14035087719298245,0.014035087719298246,0.24561403508771928
Q07938,AcidophileMPNN,1,Eukaryota,Neutral,337,107.35126023738871,5.807489967346191,-4.901269520533841,0.0949554896142433,0.1008902077151335,0.0557863501483679,0.0741839762611275,35.77774480712168,0.0979228486646884,0.2878338278931751,0.8427299703264095,0.0,0.0689579672150039,24.493318557739254,0.2997032640949555,0.12931034482758622,0.12931034482758622,-0.021551724137931036,0.25862068965517243
Q07938,AcidophileMPNN,2,Eukaryota,Neutral,337,106.94610148367951,6.193597221374512,-2.5786222334603544,0.0949554896142433,0.1068249258160237,-0.0364985163204747,0.0741839762611275,43.59347181008903,0.0979228486646884,0.3056379821958457,0.7032640949554896,-0.0741839762611276,0.0475564545962581,25.593660354614254,0.2997032640949555,0.10526315789473684,0.11578947368421053,-0.014035087719298246,0.22105263157894736
Q07938,AcidophileMPNN,3,Eukaryota,Neutral,337,108.03996854599404,9.503558540344237,5.225628972314503,0.086053412462908,0.1246290801186943,-0.0029673590504451,0.0682492581602373,48.636498516320465,0.0979228486646884,0.3056379821958457,0.8071216617210683,0.0474777448071216,0.0470570559290838,25.66522789001465,0.2997032640949555,0.09608540925266904,0.1387900355871886,0.021352313167259787,0.23487544483985764
Q07938,AcidophileMPNN,4,Eukaryota,Neutral,337,106.76614065281898,6.302955436706544,-1.958392874460877,0.0830860534124629,0.0949554896142433,0.1801186943620177,0.0741839762611276,44.395845697329385,0.1008902077151335,0.2967359050445103,0.8545994065281899,-0.0652818991097922,0.0613678979082849,23.972375869750977,0.2997032640949555,0.11203319502074689,0.12448132780082988,-0.008298755186721992,0.23651452282157676
Q07938,AcidophileMPNN,5,Eukaryota,Neutral,337,106.6348896142433,6.32461109161377,-2.4183567091921283,0.0919881305637982,0.1097922848664688,0.0551928783382789,0.0682492581602373,46.9673590504451,0.1008902077151335,0.3175074183976261,0.8783382789317508,-0.1246290801186943,0.0611536694684826,25.075620651245117,0.2997032640949555,0.116,0.136,-0.008,0.252
Q07938,AcidophileMPNN,6,Eukaryota,Neutral,337,107.33300148367952,8.671078300476076,2.428368978543297,0.086053412462908,0.1127596439169139,0.0486646884272996,0.0712166172106824,49.93353115727002,0.1038575667655786,0.314540059347181,0.8545994065281899,0.0652818991097922,0.0561799480327793,26.890090942382812,0.2997032640949555,0.1037037037037037,0.13333333333333333,0.003703703703703704,0.23703703703703705
Q07938,AcidophileMPNN,7,Eukaryota,Neutral,337,106.2131649851632,8.766491508483888,3.322661091663335,0.086053412462908,0.1127596439169139,0.0620178041543026,0.0712166172106824,38.732937685459945,0.0979228486646884,0.3264094955489614,0.7596439169139466,-0.0890207715133531,0.0505980605096515,26.132360458374023,0.2997032640949555,0.09824561403508772,0.12982456140350876,0.014035087719298246,0.22807017543859648
B1X495,AcidophileMPNN,0,Eukaryota,Top,103,108.2487427184466,11.492537117004396,5.908846516354718,0.116504854368932,0.1844660194174757,-0.1970873786407767,0.0388349514563106,38.0631067961165,0.0194174757281553,0.4077669902912621,0.9611650485436892,0.9223300970873788,0.0389340202100257,39.17519760131836,0.3009708737864077,0.11764705882352941,0.18627450980392157,0.058823529411764705,0.303921568627451
B1X495,AcidophileMPNN,1,Eukaryota,Top,103,105.84840291262134,10.94816608428955,4.90797927519656,0.1262135922330097,0.1844660194174757,-0.0543689320388349,0.029126213592233,38.36699029126213,0.0194174757281553,0.4271844660194175,0.9223300970873788,0.8640776699029127,0.1405427535384255,15.797947883605955,0.3009708737864077,0.14473684210526316,0.25,0.09210526315789473,0.39473684210526316
B1X495,AcidophileMPNN,2,Eukaryota,Top,103,116.63326116504854,9.908291053771972,17.501170177110733,0.145631067961165,0.3203883495145631,-1.1718446601941748,0.0679611650485436,24.83592233009708,0.0097087378640776,0.1844660194174757,0.9126213592233008,0.7184466019417476,0.1284809022731236,17.531497955322266,0.3009708737864077,0.1794871794871795,0.4230769230769231,0.24358974358974358,0.6025641025641025
B1X495,AcidophileMPNN,3,Eukaryota,Top,103,101.62886893203884,11.560680198669434,4.607034991861189,0.0970873786407767,0.1553398058252427,0.0679611650485436,0.0194174757281553,28.204854368932025,0.0194174757281553,0.4951456310679612,0.9126213592233008,0.8155339805825242,0.117828773168579,21.223173141479492,0.3009708737864077,0.1,0.17777777777777778,0.06666666666666667,0.2777777777777778
B1X495,AcidophileMPNN,4,Eukaryota,Top,103,111.76052330097087,9.330074119567872,3.607583685810969,0.145631067961165,0.1941747572815534,-0.3990291262135922,0.058252427184466,23.512621359223303,0.0194174757281553,0.2912621359223301,0.9126213592233008,0.8349514563106796,0.1010251884038291,17.37651252746582,0.3009708737864077,0.1625,0.2375,0.0625,0.4
B1X495,AcidophileMPNN,5,Eukaryota,Top,103,101.00674757281551,9.906614875793458,1.906187814022351,0.116504854368932,0.145631067961165,0.2223300970873786,0.0194174757281553,36.516504854368925,0.0194174757281553,0.5048543689320388,0.9902912621359224,0.9902912621359224,0.0394174757281553,35.128997802734375,0.3009708737864077,0.11764705882352941,0.14705882352941177,0.0196078431372549,0.2647058823529412
B1X495,AcidophileMPNN,6,Eukaryota,Top,103,106.28515825242718,6.867537117004395,-0.0853708001580173,0.145631067961165,0.1553398058252427,-0.0388349514563107,0.0388349514563106,36.86601941747571,0.0194174757281553,0.4077669902912621,0.9514563106796116,0.8932038834951457,0.1287306724199928,15.10348129272461,0.3009708737864077,0.18055555555555555,0.20833333333333334,0.013888888888888888,0.3888888888888889
B1X495,AcidophileMPNN,7,Eukaryota,Top,103,101.90254563106794,11.313057136535647,3.8132909416805023,0.087378640776699,0.1262135922330097,0.3029126213592233,0.0194174757281553,34.90679611650485,0.0194174757281553,0.4563106796116505,0.9514563106796116,0.912621359223301,0.0393406148867313,37.68627166748047,0.3009708737864077,0.0891089108910891,0.12871287128712872,0.039603960396039604,0.21782178217821782
A9CIG1,AcidophileMPNN,0,Bacteria,Bottom,101,98.50059405940594,8.797694206237793,2.5528073374868896,0.0693069306930693,0.1089108910891089,0.4306930693069307,0.0198019801980198,39.5188118811881,0.0792079207920792,0.4158415841584158,0.8316831683168316,0.396039603960396,0.0629626069403056,24.5351505279541,0.297029702970297,0.07608695652173914,0.11956521739130435,0.03260869565217391,0.1956521739130435
A9CIG1,AcidophileMPNN,1,Bacteria,Bottom,101,98.19432673267325,7.640774726867675,0.4703198532626711,0.0693069306930693,0.0792079207920792,0.696039603960396,0.0099009900990099,34.50495049504949,0.0693069306930693,0.4059405940594059,0.7920792079207921,0.5346534653465347,0.1263279612632796,18.733898162841797,0.297029702970297,0.07407407407407407,0.09876543209876543,0.024691358024691357,0.1728395061728395
A9CIG1,AcidophileMPNN,2,Bacteria,Bottom,101,105.1519425742574,10.070880317687989,6.564023967362671,0.0891089108910891,0.1683168316831683,0.0594059405940594,0.0099009900990099,55.579207920792065,0.0792079207920792,0.3366336633663366,0.792079207920792,0.3564356435643564,0.0834104993233136,19.583860397338867,0.297029702970297,0.09876543209876543,0.19753086419753085,0.09876543209876543,0.2962962962962963
A9CIG1,AcidophileMPNN,3,Bacteria,Bottom,101,103.24902376237624,9.266443824768068,4.466323849266669,0.0693069306930693,0.1188118811881188,0.0544554455445544,0.0099009900990099,40.846534653465326,0.0792079207920792,0.3267326732673267,0.7425742574257426,0.4257425742574257,0.0845805510783636,20.497631072998047,0.297029702970297,0.07228915662650602,0.14457831325301204,0.07228915662650602,0.21686746987951805
A9CIG1,AcidophileMPNN,4,Bacteria,Bottom,101,103.30865445544552,9.942008018493652,6.554633580044041,0.0594059405940594,0.1386138613861386,0.2089108910891089,0.0099009900990099,39.29504950495048,0.0693069306930693,0.3564356435643565,0.8316831683168316,0.5544554455445544,0.0716937765205091,16.4166202545166,0.297029702970297,0.07317073170731707,0.14634146341463414,0.07317073170731707,0.2195121951219512
A9CIG1,AcidophileMPNN,5,Bacteria,Bottom,101,105.73594455445544,10.10298557281494,5.478837781206087,0.0891089108910891,0.1485148514851485,-0.0326732673267326,0.0099009900990099,53.265346534653446,0.0792079207920792,0.3168316831683168,0.8118811881188119,0.4752475247524752,0.091362239672243,18.442684173583984,0.297029702970297,0.10526315789473684,0.17105263157894737,0.06578947368421052,0.2763157894736842
A9CIG1,AcidophileMPNN,6,Bacteria,Bottom,101,104.291100990099,10.611576652526852,10.466552151031296,0.0693069306930693,0.1782178217821782,0.0475247524752475,0.0198019801980198,53.14752475247522,0.0792079207920792,0.3465346534653465,0.8514851485148515,0.3564356435643564,0.111769627666992,18.40742874145508,0.297029702970297,0.06329113924050633,0.21518987341772153,0.1518987341772152,0.2784810126582279
A9CIG1,AcidophileMPNN,7,Bacteria,Bottom,101,104.6879702970297,11.864713096618653,14.467545933813238,0.0495049504950495,0.198019801980198,0.1752475247524752,0.0099009900990099,66.74752475247526,0.0693069306930693,0.3663366336633663,0.8514851485148515,0.5544554455445544,0.0871113427132186,14.507562637329102,0.297029702970297,0.058823529411764705,0.23529411764705882,0.17647058823529413,0.29411764705882354
Q6L047,AcidophileMPNN,0,Archaea,Bottom,359,110.77043704735377,8.793568229675294,5.380434875112854,0.1253481894150417,0.1587743732590529,-0.1557103064066852,0.0807799442896936,23.55654596100278,0.0557103064066852,0.2506963788300835,0.8245125348189415,-0.3064066852367688,0.0612974382919799,25.53719711303711,0.3008356545961003,0.13125,0.171875,0.01875,0.303125
Q6L047,AcidophileMPNN,1,Archaea,Bottom,359,110.77369610027851,8.89065761566162,7.014605344093752,0.128133704735376,0.1643454038997214,-0.1668523676880222,0.0835654596100278,24.905877437325906,0.0584958217270195,0.233983286908078,0.743732590529248,0.0473537604456824,0.063017476773637,22.85805320739746,0.3008356545961003,0.14855072463768115,0.2028985507246377,0.03260869565217391,0.35144927536231885
Q6L047,AcidophileMPNN,2,Archaea,Bottom,359,110.51689025069636,8.913092613220215,7.371440442894155,0.128133704735376,0.1671309192200557,-0.1381615598885794,0.0863509749303621,22.67075208913648,0.0529247910863509,0.2367688022284122,0.8272980501392757,0.1532033426183843,0.0645984815341931,21.912248611450195,0.3008356545961003,0.1532258064516129,0.22983870967741934,0.05241935483870968,0.38306451612903225
Q6L047,AcidophileMPNN,3,Archaea,Bottom,359,111.26169303621168,8.38193759918213,3.2929901184654184,0.1337047353760445,0.1671309192200557,-0.184958217270195,0.0779944289693593,25.33370473537604,0.0557103064066852,0.2284122562674094,0.8356545961002786,0.2395543175487465,0.0293360600825076,24.01712417602539,0.3008356545961003,0.1501597444089457,0.18849840255591055,0.009584664536741214,0.33865814696485624
Q6L047,AcidophileMPNN,4,Archaea,Bottom,359,111.07678746518104,6.486488533020019,-1.7932556107650726,0.1448467966573816,0.1615598885793872,-0.1927576601671309,0.075208913649025,36.40779944289694,0.0557103064066852,0.2200557103064067,0.7910863509749304,-0.1727019498607242,0.0538193264941005,24.273366928100582,0.3008356545961003,0.17777777777777778,0.2111111111111111,0.003703703703703704,0.3888888888888889
Q6L047,AcidophileMPNN,5,Archaea,Bottom,359,110.99348997214484,8.860808753967284,6.198520086813993,0.1225626740947075,0.1615598885793872,-0.1629526462395543,0.0835654596100278,34.14181058495821,0.0584958217270195,0.2395543175487465,0.8105849582172702,-0.2367688022284122,0.0388661314107815,27.721508026123047,0.3008356545961003,0.13707165109034267,0.17445482866043613,0.012461059190031152,0.3115264797507788
Q6L047,AcidophileMPNN,6,Archaea,Bottom,359,111.43938746518104,6.879530143737793,-0.3558926655820542,0.1420612813370473,0.1671309192200557,-0.2323119777158774,0.075208913649025,30.395543175487447,0.0557103064066852,0.2228412256267409,0.8161559888579387,0.1030640668523676,0.0800732741468501,22.872806549072266,0.3008356545961003,0.1744186046511628,0.21705426356589147,0.007751937984496124,0.3914728682170543
Q6L047,AcidophileMPNN,7,Archaea,Bottom,359,111.37424401114208,6.157561302185058,-2.952293149391799,0.1420612813370473,0.1504178272980501,-0.2155988857938718,0.0835654596100278,31.557103064066855,0.0557103064066852,0.2395543175487465,0.8384401114206128,0.0027855153203342,0.035969480440838,26.143320083618164,0.3008356545961003,0.15644171779141106,0.16257668711656442,-0.012269938650306749,0.3190184049079755
A9A498,AcidophileMPNN,0,Archaea,Neutral,287,105.55009651567944,6.053432273864746,-1.1282206459523678,0.1184668989547038,0.1184668989547038,0.3198606271777003,0.0418118466898954,25.749477351916365,0.0592334494773519,0.3240418118466899,0.8606271777003485,0.2195121951219512,0.0525557745884646,21.557172775268555,0.2996515679442508,0.14795918367346939,0.16326530612244897,0.015306122448979591,0.3112244897959183
A9A498,AcidophileMPNN,1,Archaea,Neutral,287,103.67793728222996,8.665662956237792,1.618328214061819,0.0940766550522648,0.1045296167247386,0.4498257839721254,0.0383275261324041,24.338327526132396,0.0696864111498257,0.3310104529616725,0.9233449477351916,0.1777003484320558,0.0780238924838228,21.620574951171875,0.2996515679442508,0.1411764705882353,0.17647058823529413,0.029411764705882353,0.3176470588235294
A9A498,AcidophileMPNN,2,Archaea,Neutral,287,104.53208327526131,7.98926067352295,0.6358000319490387,0.1114982578397212,0.1184668989547038,0.4153310104529616,0.0313588850174216,29.221602787456444,0.0627177700348432,0.3275261324041812,0.9094076655052266,0.1707317073170731,0.1046789447486311,18.284778594970703,0.2996515679442508,0.15483870967741936,0.2129032258064516,0.05806451612903226,0.36774193548387096
A9A498,AcidophileMPNN,3,Archaea,Neutral,287,104.90945783972126,9.043963432312012,2.6224259781986596,0.0975609756097561,0.1114982578397212,0.3944250871080139,0.0383275261324041,26.00452961672473,0.0627177700348432,0.3170731707317073,0.8954703832752613,0.3310104529616724,0.0956873315363881,18.34029006958008,0.2996515679442508,0.16551724137931034,0.2,0.027586206896551724,0.36551724137931035
A9A498,AcidophileMPNN,4,Archaea,Neutral,287,104.2817275261324,9.071298027038573,2.85928020369116,0.1045296167247386,0.1184668989547038,0.4240418118466899,0.0313588850174216,32.98675958188152,0.0662020905923344,0.3275261324041811,0.8989547038327526,0.2090592334494773,0.0801393728222996,20.60918617248535,0.2996515679442508,0.16265060240963855,0.1927710843373494,0.030120481927710843,0.35542168674698793
A9A498,AcidophileMPNN,5,Archaea,Neutral,287,105.0733613240418,9.217834663391113,3.714192089700667,0.1045296167247386,0.1254355400696864,0.3668989547038327,0.0348432055749129,27.773519163763055,0.0662020905923344,0.3170731707317073,0.8850174216027875,0.2160278745644599,0.0829812717770034,19.786605834960938,0.2996515679442508,0.1527777777777778,0.24305555555555555,0.0763888888888889,0.39583333333333337
A9A498,AcidophileMPNN,6,Archaea,Neutral,287,103.06743101045296,5.9887495040893555,-1.3765798024852778,0.1045296167247386,0.1045296167247386,0.4588850174216027,0.0313588850174216,25.829965156794415,0.0627177700348432,0.3310104529616725,0.8885017421602788,0.2961672473867596,0.0819096324603799,20.579713821411133,0.2996515679442508,0.18238993710691823,0.18238993710691823,-0.006289308176100629,0.36477987421383645
A9A498,AcidophileMPNN,7,Archaea,Neutral,287,104.13452961672472,9.1507230758667,2.7164037518696595,0.0905923344947735,0.1080139372822299,0.3825783972125435,0.0313588850174216,33.32125435540068,0.0662020905923344,0.3275261324041812,0.8885017421602788,0.2195121951219512,0.0784806693233741,19.812908172607425,0.2996515679442508,0.14666666666666667,0.2,0.04,0.3466666666666667
A0A1D8PCG7,AcidophileMPNN,0,Eukaryota,Bottom,87,107.48043333333332,8.522865486145019,1.6452348322011137,0.0804597701149425,0.1264367816091954,0.1402298850574712,0.0114942528735632,35.649425287356316,0.0459770114942528,0.2873563218390804,0.8275862068965518,-0.1379310344827586,0.1960153256704981,12.846268653869627,0.2988505747126437,0.10344827586206896,0.1724137931034483,0.05172413793103448,0.27586206896551724
A0A1D8PCG7,AcidophileMPNN,1,Eukaryota,Bottom,87,107.56170574712642,8.692417335510253,2.633011399101276,0.1149425287356321,0.1724137931034483,-0.1333333333333333,0.0344827586206896,15.365517241379312,0.0459770114942528,0.2528735632183908,0.8160919540229885,0.0114942528735632,0.1645659928656361,15.233116149902344,0.2988505747126437,0.12903225806451613,0.24193548387096775,0.08064516129032258,0.3709677419354839
A0A1D8PCG7,AcidophileMPNN,2,Eukaryota,Bottom,87,104.48832873563218,8.490631294250488,1.6443675910429576,0.0919540229885057,0.1379310344827586,0.2022988505747126,0.0114942528735632,30.349425287356325,0.0459770114942528,0.3333333333333333,0.7701149425287357,-0.103448275862069,0.178743961352657,13.798221588134766,0.2988505747126437,0.07692307692307693,0.16923076923076924,0.07692307692307693,0.24615384615384617
A0A1D8PCG7,AcidophileMPNN,3,Eukaryota,Bottom,87,106.84875977011494,9.232920265197755,5.460613362754353,0.1034482758620689,0.1724137931034483,-0.264367816091954,0.0344827586206896,18.09540229885057,0.0459770114942528,0.264367816091954,0.6781609195402298,-0.1494252873563218,0.1888807369364963,14.456427574157717,0.2988505747126437,0.109375,0.234375,0.125,0.34375
A0A1D8PCG7,AcidophileMPNN,4,Eukaryota,Bottom,87,112.17260459770114,6.080544471740722,-1.339510336652154,0.160919540229885,0.1724137931034483,-0.406896551724138,0.0344827586206896,42.74137931034482,0.057471264367816,0.2298850574712643,0.8160919540229885,-0.2873563218390804,0.1845841784989858,14.46230125427246,0.2988505747126437,0.16417910447761194,0.208955223880597,0.029850746268656716,0.3731343283582089
A0A1D8PCG7,AcidophileMPNN,5,Eukaryota,Bottom,87,105.36238390804596,6.023080253601075,-1.3532220081893112,0.0919540229885057,0.1034482758620689,0.2045977011494252,0.0229885057471264,27.8206896551724,0.057471264367816,0.2988505747126437,0.7816091954022988,-0.160919540229885,0.1804842259721203,13.738335609436035,0.2988505747126437,0.12903225806451613,0.12903225806451613,-0.016129032258064516,0.25806451612903225
A0A1D8PCG7,AcidophileMPNN,6,Eukaryota,Bottom,87,107.8952816091954,9.196366691589354,4.468702891879156,0.0919540229885057,0.1494252873563218,-0.2804597701149425,0.0344827586206896,17.99195402298849,0.0459770114942528,0.2298850574712643,0.7471264367816092,-0.1724137931034483,0.1719176383031506,14.83842945098877,0.2988505747126437,0.08955223880597014,0.19402985074626866,0.1044776119402985,0.2835820895522388
A0A1D8PCG7,AcidophileMPNN,7,Eukaryota,Bottom,87,109.30943793103448,7.7133581161499025,0.6536462183207412,0.1149425287356321,0.1494252873563218,0.0183908045977011,0.0344827586206896,44.155172413793096,0.057471264367816,0.264367816091954,0.7471264367816092,-0.1034482758620689,0.2090565455527269,13.372241020202637,0.2988505747126437,0.13114754098360656,0.19672131147540983,0.04918032786885246,0.3278688524590164
O28542,AcidophileMPNN,0,Archaea,Top,340,107.04420147058823,7.735070610046387,0.9736158644477726,0.1176470588235294,0.1352941176470588,0.1202941176470588,0.0558823529411764,20.716176470588223,0.0588235294117647,0.3029411764705882,0.8029411764705883,-0.1088235294117647,0.0837234893957583,24.636917114257812,0.3,0.15813953488372093,0.19069767441860466,0.023255813953488372,0.3488372093023256
O28542,AcidophileMPNN,1,Archaea,Top,340,107.1488744117647,6.477735328674316,-1.1127291809048645,0.1235294117647058,0.1323529411764706,0.0952941176470588,0.05,28.319705882352935,0.0529411764705882,0.3205882352941176,0.888235294117647,-0.1,0.1175992779783393,23.49069595336914,0.3,0.15948275862068967,0.1853448275862069,0.01293103448275862,0.3448275862068966
O28542,AcidophileMPNN,2,Archaea,Top,340,108.20019294117648,5.964308738708497,-3.923470274062474,0.1352941176470588,0.1411764705882353,-0.0014705882352941,0.0558823529411764,30.64294117647058,0.0558823529411764,0.2911764705882353,0.8088235294117647,-0.1441176470588235,0.0829241406954604,23.856632232666016,0.3,0.1875,0.20535714285714285,-0.004464285714285714,0.39285714285714285
O28542,AcidophileMPNN,3,Archaea,Top,340,107.0637155882353,5.855064201354979,-4.028387898442169,0.1235294117647058,0.1264705882352941,0.1164705882352941,0.0617647058823529,31.176176470588235,0.0558823529411764,0.3117647058823529,0.8705882352941177,0.0529411764705882,0.0771058423369347,23.99801254272461,0.3,0.16071428571428573,0.18303571428571427,0.004464285714285714,0.34375
O28542,AcidophileMPNN,4,Archaea,Top,340,107.58495617647058,6.477507972717285,-1.7572984052359928,0.1294117647058823,0.1470588235294117,0.0552941176470588,0.0470588235294117,35.91499999999999,0.05,0.3,0.8764705882352941,0.1294117647058823,0.0755724125093075,21.679460525512695,0.3,0.19158878504672897,0.21495327102803738,-0.004672897196261682,0.40654205607476634
O28542,AcidophileMPNN,5,Archaea,Top,340,107.28176970588235,5.5380163192749015,-6.920006091112789,0.1294117647058823,0.1264705882352941,0.1264705882352941,0.05,31.917058823529395,0.0558823529411764,0.3,0.888235294117647,0.0941176470588235,0.0873018668545262,24.44713592529297,0.3,0.15748031496062992,0.15748031496062992,-0.01968503937007874,0.31496062992125984
O28542,AcidophileMPNN,6,Archaea,Top,340,107.91249147058824,6.070597648620605,-3.001917655885599,0.1352941176470588,0.1411764705882353,0.1217647058823529,0.0529411764705882,26.62882352941175,0.0558823529411764,0.2941176470588235,0.9029411764705882,-0.1029411764705882,0.0970931945399194,25.02582740783691,0.3,0.17857142857142858,0.19196428571428573,0.0,0.3705357142857143
O28542,AcidophileMPNN,7,Archaea,Top,340,108.15011205882352,5.51567859649658,-7.862311353073537,0.1352941176470588,0.1323529411764706,0.0608823529411764,0.0588235294117647,34.998529411764686,0.0558823529411764,0.2911764705882353,0.9176470588235296,0.0705882352941176,0.0654700384826827,24.324542999267575,0.3,0.1810344827586207,0.1853448275862069,-0.021551724137931036,0.3663793103448276
Q8TY15,AcidophileMPNN,0,Archaea,Top,361,105.72708670360107,5.855064201354979,-4.8607335449835105,0.110803324099723,0.1163434903047091,0.0512465373961218,0.0498614958448753,28.755678670360115,0.0692520775623268,0.3047091412742382,0.8725761772853186,-0.2963988919667589,0.0582647703311696,25.38262939453125,0.299168975069252,0.1282051282051282,0.14285714285714285,-0.003663003663003663,0.27106227106227104
Q8TY15,AcidophileMPNN,1,Archaea,Top,361,106.4066301939058,5.535629081726074,-6.025773294514892,0.1163434903047091,0.113573407202216,0.0401662049861495,0.0498614958448753,28.358725761772853,0.0692520775623268,0.2880886426592798,0.8227146814404431,-0.2742382271468144,0.0754570637119113,27.283716201782227,0.299168975069252,0.15450643776824036,0.1630901287553648,-0.004291845493562232,0.31759656652360513
Q8TY15,AcidophileMPNN,2,Archaea,Top,361,106.80261828254848,5.798566246032714,-5.781740646094569,0.110803324099723,0.1163434903047091,-0.0664819944598338,0.0498614958448753,28.487534626038784,0.0692520775623268,0.2825484764542936,0.894736842105263,-0.3462603878116343,0.0572145768492047,26.492250442504883,0.299168975069252,0.11824324324324324,0.13513513513513514,-0.006756756756756757,0.2533783783783784
Q8TY15,AcidophileMPNN,3,Archaea,Top,361,106.39533905817171,5.593775367736816,-6.84350290931372,0.1163434903047091,0.1163434903047091,0.0662049861495844,0.0443213296398892,30.82216066481994,0.0692520775623268,0.3047091412742382,0.8282548476454293,-0.2963988919667589,0.0561985352711266,27.62286376953125,0.299168975069252,0.1357142857142857,0.14285714285714285,-0.017857142857142856,0.2785714285714286
Q8TY15,AcidophileMPNN,4,Archaea,Top,361,107.3919135734072,8.308572578430176,2.040087275515994,0.1024930747922437,0.1246537396121883,-0.0432132963988919,0.0526315789473684,22.559002770083108,0.0692520775623268,0.2714681440443213,0.8116343490304709,-0.2853185595567867,0.055508419816489,25.231428146362305,0.299168975069252,0.1103202846975089,0.1494661921708185,0.021352313167259787,0.2597864768683274
Q8TY15,AcidophileMPNN,5,Archaea,Top,361,105.59750415512464,6.9812719345092775,-0.0343352218094352,0.1191135734072022,0.1329639889196676,0.0880886426592797,0.0415512465373961,23.62631578947369,0.0692520775623268,0.3102493074792244,0.8642659279778393,-0.3324099722991689,0.0467507073340542,25.527523040771484,0.299168975069252,0.12852664576802508,0.15047021943573669,0.006269592476489028,0.27899686520376177
Q8TY15,AcidophileMPNN,6,Archaea,Top,361,106.67858504155124,5.662891578674317,-5.027428214165312,0.110803324099723,0.110803324099723,0.0764542936288088,0.0498614958448753,30.656232686980605,0.0692520775623268,0.2825484764542936,0.8227146814404432,-0.407202216066482,0.0793894029586845,26.67391014099121,0.299168975069252,0.1282051282051282,0.1391941391941392,-0.007326007326007326,0.2673992673992674
Q8TY15,AcidophileMPNN,7,Archaea,Top,361,106.56229612188363,6.3393892288208,-1.9388578442590616,0.1052631578947368,0.1163434903047091,0.1362880886426592,0.0526315789473684,28.07368421052632,0.0692520775623268,0.296398891966759,0.8698060941828255,-0.2160664819944598,0.0615755387739621,25.668914794921875,0.299168975069252,0.12639405204460966,0.1449814126394052,0.0037174721189591076,0.27137546468401486
B1YC30,AcidophileMPNN,0,Archaea,Neutral,262,106.91166145038169,5.791518211364747,-1.2304131346902665,0.1183206106870229,0.1145038167938931,0.0599236641221374,0.0419847328244274,44.25419847328246,0.0687022900763358,0.3282442748091603,0.8549618320610688,0.0916030534351144,0.1505919925221997,20.8657169342041,0.3015267175572519,0.15584415584415584,0.14935064935064934,-0.006493506493506494,0.3051948051948052
B1YC30,AcidophileMPNN,1,Archaea,Neutral,262,107.1866790076336,8.1722864151001,1.8547726722200792,0.1221374045801526,0.1335877862595419,-0.199618320610687,0.0419847328244274,22.619465648854945,0.0610687022900763,0.3091603053435114,0.8358778625954199,0.0114503816793892,0.0757100057457112,25.34029769897461,0.3015267175572519,0.14492753623188406,0.1642512077294686,0.014492753623188406,0.3091787439613527
B1YC30,AcidophileMPNN,2,Archaea,Neutral,262,103.86981335877864,9.09856815338135,4.86546515037211,0.0839694656488549,0.1068702290076335,0.1469465648854961,0.0381679389312977,30.825190839694656,0.0610687022900763,0.3893129770992366,0.8702290076335878,-0.0229007633587786,0.0738001228393436,23.84534072875977,0.3015267175572519,0.08839779005524862,0.143646408839779,0.049723756906077346,0.23204419889502761
B1YC30,AcidophileMPNN,3,Archaea,Neutral,262,105.55791030534353,5.216591835021972,-3.227093428391914,0.1145038167938931,0.1030534351145038,-0.0179389312977099,0.0458015267175572,31.129770992366407,0.0687022900763358,0.3549618320610687,0.8167938931297709,-0.1068702290076336,0.0926191574021893,22.391523361206055,0.3015267175572519,0.13186813186813187,0.12637362637362637,-0.005494505494505495,0.2582417582417582
B1YC30,AcidophileMPNN,4,Archaea,Neutral,262,106.63948854961832,5.1998811721801745,-5.121843947117391,0.1450381679389313,0.1297709923664122,-0.099236641221374,0.0419847328244274,31.40114503816793,0.0687022900763358,0.3244274809160305,0.83206106870229,0.0229007633587786,0.0802867511664908,23.926410675048828,0.3015267175572519,0.18085106382978725,0.16489361702127658,-0.02127659574468085,0.3457446808510638
B1YC30,AcidophileMPNN,5,Archaea,Neutral,262,107.85111870229008,5.716661262512207,-2.137262742566733,0.1374045801526717,0.1335877862595419,-0.082442748091603,0.0419847328244274,32.323282442748095,0.0610687022900763,0.3091603053435114,0.8816793893129771,-0.0267175572519083,0.1155640373197625,24.001420974731445,0.3015267175572519,0.1853932584269663,0.1853932584269663,0.0,0.3707865168539326
B1YC30,AcidophileMPNN,6,Archaea,Neutral,262,105.73522366412212,7.660327339172364,0.7529850291441704,0.1297709923664122,0.1335877862595419,0.0202290076335877,0.0458015267175572,24.73244274809159,0.0610687022900763,0.3358778625954198,0.8702290076335878,-0.0152671755725191,0.0848786547601901,23.299081802368164,0.3015267175572519,0.15873015873015872,0.164021164021164,0.005291005291005291,0.32275132275132273
B1YC30,AcidophileMPNN,7,Archaea,Neutral,262,106.1928992366412,6.206158638000488,-1.0741919518311818,0.1068702290076335,0.1106870229007633,0.0404580152671755,0.0458015267175572,33.822900763358774,0.0687022900763358,0.3282442748091603,0.8129770992366412,-0.0038167938931297,0.0625489332550401,24.788021087646484,0.3015267175572519,0.12844036697247707,0.12844036697247707,-0.009174311926605505,0.25688073394495414
P80505,AcidophileMPNN,0,Bacteria,Bottom,337,106.69998664688428,7.726374244689941,0.7895931448178217,0.115727002967359,0.1275964391691394,0.0531157270029673,0.0534124629080118,24.446290801186937,0.059347181008902,0.3115727002967359,0.8249258160237389,-0.172106824925816,0.0993568652769328,24.052074432373047,0.2997032640949555,0.13306451612903225,0.15725806451612903,0.012096774193548387,0.29032258064516125
P80505,AcidophileMPNN,1,Bacteria,Bottom,337,105.83041988130564,9.449405097961428,10.780061294089506,0.1097922848664688,0.1513353115727002,-0.0658753709198813,0.0445103857566765,17.237091988130558,0.0563798219584569,0.3234421364985163,0.8456973293768546,-0.0326409495548961,0.0799153842802581,23.540855407714844,0.2997032640949555,0.12946428571428573,0.20982142857142858,0.06696428571428571,0.3392857142857143
P80505,AcidophileMPNN,2,Bacteria,Bottom,337,105.54194302670624,9.442120170593263,9.950573228468585,0.0979228486646884,0.142433234421365,-0.0489614243323442,0.0445103857566765,15.63234421364984,0.0534124629080118,0.3264094955489614,0.7893175074183977,-0.3323442136498516,0.0962224519054446,26.265607833862305,0.2997032640949555,0.10931174089068826,0.1862348178137652,0.05668016194331984,0.29554655870445345
P80505,AcidophileMPNN,3,Bacteria,Bottom,337,105.82989703264091,9.602581977844238,13.118291680132335,0.0919881305637982,0.1513353115727003,-0.0821958456973293,0.0504451038575667,16.56557863501482,0.059347181008902,0.3234421364985163,0.7596439169139466,-0.1483679525222552,0.0999641527094577,23.57100296020508,0.2997032640949555,0.10909090909090909,0.21818181818181817,0.08181818181818182,0.32727272727272727
P80505,AcidophileMPNN,4,Bacteria,Bottom,337,106.52815222551928,9.450307655334472,11.119824839841904,0.0949554896142433,0.1483679525222551,-0.0801186943620178,0.0534124629080118,12.051632047477735,0.0563798219584569,0.3115727002967359,0.8605341246290801,-0.1483679525222551,0.0998482979361851,21.635896682739254,0.2997032640949555,0.1065989847715736,0.233502538071066,0.09137055837563451,0.3401015228426396
P80505,AcidophileMPNN,5,Bacteria,Bottom,337,105.3868471810089,6.849632835388183,-0.2241709702380276,0.1008902077151335,0.1097922848664688,0.101186943620178,0.0563798219584569,17.508902077151323,0.0534124629080118,0.3323442136498516,0.8813056379821959,0.0326409495548961,0.0984289511957338,23.17751693725586,0.2997032640949555,0.11739130434782609,0.1391304347826087,0.008695652173913044,0.2565217391304348
P80505,AcidophileMPNN,6,Bacteria,Bottom,337,106.01604391691394,8.516934394836426,2.0546156531232285,0.1038575667655786,0.1275964391691394,-0.0370919881305637,0.0474777448071216,27.859940652818985,0.0623145400593471,0.3293768545994065,0.7893175074183976,-0.1839762611275964,0.0879788446188436,26.833213806152344,0.2997032640949555,0.124,0.148,0.004,0.272
P80505,AcidophileMPNN,7,Bacteria,Bottom,337,107.73129732937684,9.47596607208252,11.303877727792738,0.1068249258160237,0.1572700296735905,-0.1418397626112759,0.0534124629080118,18.400593471810073,0.0563798219584569,0.2937685459940652,0.8397626112759644,-0.0801186943620178,0.0895126580586521,24.682344436645508,0.2997032640949555,0.13692946058091288,0.21161825726141079,0.05394190871369295,0.34854771784232363
Q9N2D5,AcidophileMPNN,0,Eukaryota,Neutral,333,105.73507837837838,8.400504493713385,2.042377001906331,0.1081081081081081,0.1321321321321321,0.0048048048048048,0.069069069069069,20.542942942942936,0.051051051051051,0.3303303303303303,0.8738738738738738,0.087087087087087,0.0762900633775813,23.537797927856445,0.3003003003003003,0.15048543689320387,0.20388349514563106,0.02912621359223301,0.3543689320388349
Q9N2D5,AcidophileMPNN,1,Eukaryota,Neutral,333,106.50964504504506,6.807003593444825,-0.5865342031760434,0.1291291291291291,0.1561561561561561,-0.1393393393393393,0.06006006006006,21.26936936936936,0.051051051051051,0.3393393393393393,0.8108108108108107,0.006006006006006,0.0693318318318318,24.000263214111328,0.3003003003003003,0.16736401673640167,0.200836820083682,-0.0041841004184100415,0.36820083682008364
Q9N2D5,AcidophileMPNN,2,Eukaryota,Neutral,333,104.6352105105105,9.287267112731932,7.857378055062092,0.09009009009009,0.1261261261261261,-0.0144144144144144,0.063063063063063,20.08468468468468,0.054054054054054,0.3483483483483484,0.8018018018018018,-0.1231231231231231,0.0810321190755973,24.54718017578125,0.3003003003003003,0.10714285714285714,0.18303571428571427,0.05803571428571429,0.2901785714285714
Q9N2D5,AcidophileMPNN,3,Eukaryota,Neutral,333,105.20555645645646,5.85739459991455,-4.864587789238662,0.1231231231231231,0.1291291291291291,-0.0132132132132132,0.066066066066066,16.46936936936936,0.054054054054054,0.3303303303303303,0.8378378378378378,-0.0930930930930931,0.0830551481714272,23.882802963256836,0.3003003003003003,0.16279069767441862,0.1813953488372093,-0.009302325581395349,0.34418604651162793
Q9N2D5,AcidophileMPNN,4,Eukaryota,Neutral,333,105.81852192192194,5.942482566833497,-3.9370437686322433,0.1201201201201201,0.1261261261261261,-0.0960960960960961,0.066066066066066,20.602702702702697,0.051051051051051,0.3213213213213213,0.8198198198198199,-0.1651651651651651,0.0827816359731253,24.027742385864254,0.3003003003003003,0.15813953488372093,0.18604651162790697,0.009302325581395349,0.3441860465116279
Q9N2D5,AcidophileMPNN,5,Eukaryota,Neutral,333,106.04470360360362,8.629625129699708,2.950912747599155,0.1141141141141141,0.1381381381381381,-0.0852852852852852,0.066066066066066,23.167867867867862,0.048048048048048,0.3273273273273273,0.8558558558558559,-0.063063063063063,0.0658317553222011,21.956464767456055,0.3003003003003003,0.1588785046728972,0.20093457943925233,0.02336448598130841,0.3598130841121495
Q9N2D5,AcidophileMPNN,6,Eukaryota,Neutral,333,105.83490510510512,9.029909324645995,5.9427272192254605,0.1081081081081081,0.1411411411411411,-0.1279279279279279,0.06006006006006,17.133033033033023,0.054054054054054,0.3153153153153153,0.8798798798798799,-0.045045045045045,0.0609370432379281,24.476533889770508,0.3003003003003003,0.14107883817427386,0.1908713692946058,0.029045643153526972,0.33195020746887965
Q9N2D5,AcidophileMPNN,7,Eukaryota,Neutral,333,104.16615855855856,9.120680809020996,6.11202005575155,0.087087087087087,0.1261261261261261,0.0429429429429429,0.063063063063063,16.19939939939939,0.048048048048048,0.3573573573573573,0.7807807807807807,0.0240240240240239,0.0585756859521118,25.042282104492188,0.3003003003003003,0.09504132231404959,0.16115702479338842,0.0371900826446281,0.256198347107438
Q6DIY2,AcidophileMPNN,0,Eukaryota,Bottom,179,109.56561340782125,7.0669282913208,0.1248295554925711,0.106145251396648,0.1452513966480447,-0.1592178770949721,0.0558659217877094,34.17430167597764,0.0670391061452514,0.3016759776536313,0.8603351955307263,-0.2681564245810056,0.154957058283999,16.91434097290039,0.3016759776536313,0.11016949152542373,0.211864406779661,0.0423728813559322,0.3220338983050847
Q6DIY2,AcidophileMPNN,1,Eukaryota,Bottom,179,110.10643519553074,5.937537574768067,-3.864582177601754,0.1117318435754189,0.1284916201117318,-0.2631284916201117,0.0726256983240223,26.850279329608924,0.0726256983240223,0.3016759776536313,0.8603351955307263,-0.3463687150837989,0.2426134496459833,16.145748138427734,0.3016759776536313,0.11320754716981132,0.16981132075471697,0.018867924528301886,0.2830188679245283
Q6DIY2,AcidophileMPNN,2,Eukaryota,Bottom,179,112.72484022346369,6.973996543884279,-0.0427030380252446,0.1229050279329608,0.1508379888268156,-0.3910614525139664,0.0782122905027933,24.911173184357526,0.0670391061452514,0.2625698324022346,0.8324022346368716,-0.3184357541899441,0.2367925674034491,15.909113883972168,0.3016759776536313,0.1320754716981132,0.20754716981132076,0.04716981132075472,0.339622641509434
Q6DIY2,AcidophileMPNN,3,Eukaryota,Bottom,179,112.99267094972066,5.880698585510253,-5.6022742720099785,0.1340782122905028,0.1564245810055866,-0.358659217877095,0.0837988826815642,25.6312849162011,0.0726256983240223,0.2569832402234637,0.8659217877094972,-0.2402234636871508,0.2371612941773967,15.719708442687988,0.3016759776536313,0.17647058823529413,0.19607843137254902,-0.029411764705882353,0.37254901960784315
Q6DIY2,AcidophileMPNN,4,Eukaryota,Bottom,179,113.63588659217878,8.001767539978026,1.1326343395829284,0.1229050279329608,0.1675977653631284,-0.5162011173184358,0.0893854748603351,37.86480446927375,0.0670391061452514,0.2681564245810056,0.8603351955307262,-0.2122905027932961,0.1822029858714511,16.25308609008789,0.3016759776536313,0.13333333333333333,0.225,0.041666666666666664,0.35833333333333334
Q6DIY2,AcidophileMPNN,5,Eukaryota,Bottom,179,109.8664273743017,8.001122856140139,1.1231321922234585,0.100558659217877,0.1452513966480447,-0.311731843575419,0.0726256983240223,25.096648044692724,0.0614525139664804,0.329608938547486,0.8603351955307262,-0.0893854748603352,0.1885041118706409,16.247661590576172,0.3016759776536313,0.10476190476190476,0.20952380952380953,0.047619047619047616,0.3142857142857143
Q6DIY2,AcidophileMPNN,6,Eukaryota,Bottom,179,109.45194134078211,6.19570026397705,-2.039117095134717,0.1173184357541899,0.1340782122905028,-0.2664804469273743,0.0726256983240223,29.983240223463667,0.0670391061452514,0.3072625698324022,0.8044692737430167,-0.3128491620111732,0.236633147113594,15.912829399108888,0.3016759776536313,0.13725490196078433,0.17647058823529413,0.0196078431372549,0.3137254901960784
Q6DIY2,AcidophileMPNN,7,Eukaryota,Bottom,179,110.71614357541898,6.036266899108886,-3.78099969312964,0.1284916201117318,0.1508379888268156,-0.2156424581005586,0.0782122905027933,46.94189944134078,0.0670391061452514,0.3184357541899441,0.8547486033519553,-0.2067039106145252,0.1746403532372165,15.91465187072754,0.3016759776536313,0.16346153846153846,0.21153846153846154,-0.019230769230769232,0.375
G0HQ35,AcidophileMPNN,0,Archaea,Bottom,358,106.85911452513967,8.480509757995605,2.2343955320022246,0.0977653631284916,0.1256983240223463,0.0533519553072625,0.0782122905027933,30.51229050279329,0.0698324022346368,0.3268156424581006,0.7793296089385475,-0.1312849162011173,0.0597640290169265,23.03803062438965,0.3016759776536313,0.1308016877637131,0.18565400843881857,0.02531645569620253,0.31645569620253167
G0HQ35,AcidophileMPNN,1,Archaea,Bottom,358,105.00987597765364,8.466713523864748,2.1324254540080716,0.0977653631284916,0.1229050279329608,0.0958100558659217,0.0670391061452514,28.48100558659217,0.0586592178770949,0.3687150837988827,0.7932960893854748,-0.2737430167597765,0.0507482771275945,26.56640625,0.3016759776536313,0.10509554140127389,0.13694267515923567,0.009554140127388535,0.24203821656050956
G0HQ35,AcidophileMPNN,2,Archaea,Bottom,358,105.72274525139665,6.614148902893067,-0.9339911758772032,0.1005586592178771,0.1145251396648044,0.0617318435754189,0.0754189944134078,26.629888268156417,0.0642458100558659,0.3687150837988827,0.8044692737430168,-0.2905027932960893,0.039581234545288,27.07609748840332,0.3016759776536313,0.11073825503355705,0.13758389261744966,0.006711409395973154,0.2483221476510067
G0HQ35,AcidophileMPNN,3,Archaea,Bottom,358,106.63739441340782,5.946916007995605,-3.924072390739944,0.1173184357541899,0.1229050279329609,0.0603351955307262,0.0698324022346368,34.701396648044685,0.0614525139664804,0.3491620111731843,0.8575418994413407,-0.2094972067039106,0.0365500158111099,26.465003967285156,0.3016759776536313,0.12666666666666668,0.14666666666666667,0.0,0.2733333333333333
G0HQ35,AcidophileMPNN,4,Archaea,Bottom,358,105.66738575418997,8.68313388824463,3.2112775723651836,0.0949720670391061,0.1256983240223463,0.0156424581005586,0.0754189944134078,20.94357541899441,0.0614525139664804,0.3631284916201117,0.7960893854748603,-0.3435754189944133,0.051149010185581,30.808866500854492,0.3016759776536313,0.10457516339869281,0.14705882352941177,0.016339869281045753,0.25163398692810457
G0HQ35,AcidophileMPNN,5,Archaea,Bottom,358,107.26441368715084,9.15059413909912,4.158210757422239,0.1033519553072625,0.1340782122905028,-0.0184357541899441,0.0726256983240223,33.443575418994406,0.0614525139664804,0.3379888268156424,0.835195530726257,-0.1536312849162011,0.094392829650857,22.75895881652832,0.3016759776536313,0.13302752293577982,0.20642201834862386,0.05045871559633028,0.3394495412844037
G0HQ35,AcidophileMPNN,6,Archaea,Bottom,358,105.35406284916202,8.684810066223147,3.512537276012374,0.0949720670391061,0.1256983240223463,0.0187150837988826,0.0754189944134078,27.00139664804469,0.0670391061452514,0.3659217877094972,0.8379888268156426,-0.1731843575418994,0.0435349897089091,26.617128372192383,0.3016759776536313,0.10299003322259136,0.1461794019933555,0.019933554817275746,0.24916943521594687
G0HQ35,AcidophileMPNN,7,Archaea,Bottom,358,104.89058659217878,8.829412651062015,2.239391762549978,0.0810055865921787,0.1089385474860335,0.2139664804469273,0.0642458100558659,26.503072625698316,0.0642458100558659,0.3687150837988827,0.8659217877094971,-0.3016759776536312,0.0411440558224463,28.78565788269043,0.3016759776536313,0.09375,0.13541666666666666,0.013888888888888888,0.22916666666666666
Q8DLT5,AcidophileMPNN,0,Bacteria,Neutral,449,103.02851425389754,8.36014728546143,2.034886552564366,0.066815144766147,0.0846325167037861,0.032293986636971,0.0334075723830735,14.969487750556793,0.0556792873051224,0.3942093541202672,0.8997772828507795,-0.423162583518931,0.0523595015497925,32.36174392700195,0.3006681514476614,0.10320284697508897,0.12455516014234876,0.0071174377224199285,0.2277580071174377
Q8DLT5,AcidophileMPNN,1,Bacteria,Neutral,449,102.99924899777284,6.656607627868653,-0.890297629005687,0.0601336302895322,0.0734966592427616,0.0688195991091314,0.0356347438752784,14.09510022271714,0.0579064587973273,0.3942093541202672,0.8997772828507795,-0.4944320712694878,0.0393393240634047,29.696304321289062,0.3006681514476614,0.08503401360544217,0.1054421768707483,-0.003401360544217687,0.19047619047619047
Q8DLT5,AcidophileMPNN,2,Bacteria,Neutral,449,103.25791069042316,9.266443824768068,6.906154496758138,0.0690423162583519,0.0957683741648106,-0.0371937639198218,0.0356347438752783,17.94521158129175,0.0534521158129175,0.4008908685968819,0.8930957683741647,-0.3496659242761692,0.0410979026568363,32.82270431518555,0.3006681514476614,0.09731543624161074,0.14093959731543623,0.026845637583892617,0.23825503355704697
Q8DLT5,AcidophileMPNN,3,Bacteria,Neutral,449,102.7590086859688,8.430675697326663,2.0339299951840566,0.0645879732739421,0.0824053452115813,0.1345211581291759,0.0356347438752783,17.37015590200445,0.0534521158129175,0.4008908685968819,0.8351893095768375,-0.3674832962138084,0.0458014098126813,33.33993911743164,0.3006681514476614,0.0945945945945946,0.12162162162162163,0.010135135135135136,0.21621621621621623
Q8DLT5,AcidophileMPNN,4,Bacteria,Neutral,449,102.49120846325168,7.062892723083496,0.1274258073194261,0.0690423162583519,0.0846325167037862,0.0988864142538975,0.0311804008908685,14.214476614699324,0.0579064587973273,0.4075723830734967,0.8708240534521158,-0.4342984409799554,0.0536026278589661,30.60110092163086,0.3006681514476614,0.1,0.12857142857142856,0.007142857142857143,0.22857142857142856
Q8DLT5,AcidophileMPNN,5,Bacteria,Neutral,449,103.06180979955457,6.237022209167479,-2.052482275270229,0.0757238307349666,0.0824053452115813,0.0443207126948775,0.0356347438752783,16.715812917594643,0.0556792873051224,0.3919821826280623,0.9309576837416482,-0.3518930957683742,0.0494800506702213,29.42780876159668,0.3006681514476614,0.11029411764705882,0.12867647058823528,0.0,0.2389705882352941
Q8DLT5,AcidophileMPNN,6,Bacteria,Neutral,449,102.228140311804,8.309539604187016,1.9809655335051453,0.066815144766147,0.0846325167037861,0.1184855233853006,0.0334075723830735,16.557683741648102,0.0556792873051224,0.4164810690423163,0.8975501113585747,-0.3407572383073496,0.0463854190202597,32.290771484375,0.3006681514476614,0.1,0.12142857142857143,0.007142857142857143,0.22142857142857142
Q8DLT5,AcidophileMPNN,7,Bacteria,Neutral,449,102.63165033407572,5.782253456115721,-4.042384744247418,0.0734966592427616,0.0757238307349666,0.1356347438752783,0.0356347438752784,12.20311804008908,0.0534521158129175,0.3964365256124721,0.8819599109131403,-0.3474387527839643,0.0420529686987448,30.509611129760746,0.3006681514476614,0.10416666666666667,0.11458333333333333,-0.006944444444444444,0.21875
O67786,AlkalineMPNN_020,0,Bacteria,Top,223,113.35940941704035,4.091861915588378,-37.224292047788566,0.2556053811659193,0.0986547085201793,-0.1721973094170404,0.0896860986547085,37.8744394618834,0.0269058295964125,0.2152466367713004,0.8654708520179373,0.3632286995515695,0.1077736302828368,19.09576416015625,0.3004484304932735,0.4297520661157025,0.14049586776859505,-0.2892561983471074,0.5702479338842975
O67786,AlkalineMPNN_020,1,Bacteria,Top,223,114.69714439461885,4.165127372741699,-36.30081387093239,0.2600896860986547,0.1031390134529148,-0.2955156950672646,0.1076233183856502,38.78255605381165,0.0269058295964125,0.210762331838565,0.8430493273542601,0.4484304932735425,0.1974560428147261,19.02157211303711,0.3004484304932735,0.4166666666666667,0.16666666666666666,-0.25833333333333336,0.5833333333333334
O67786,AlkalineMPNN_020,2,Bacteria,Top,223,113.59717264573992,4.063726615905763,-38.21934470462931,0.2511210762331838,0.0896860986547085,-0.2147982062780269,0.0941704035874439,33.50627802690582,0.0224215246636771,0.2376681614349775,0.8654708520179373,0.2825112107623318,0.1797092862906933,18.11196517944336,0.3004484304932735,0.4396551724137931,0.14655172413793102,-0.3017241379310345,0.5862068965517241
O67786,AlkalineMPNN_020,3,Bacteria,Top,223,113.91707578475337,4.313022422790529,-29.319878305040632,0.2511210762331838,0.1255605381165919,-0.3650224215246637,0.085201793721973,33.04349775784752,0.0224215246636771,0.2152466367713004,0.8878923766816145,0.3766816143497758,0.1060101525847652,19.124767303466797,0.3004484304932735,0.34265734265734266,0.16783216783216784,-0.17482517482517482,0.5104895104895105
O67786,AlkalineMPNN_020,4,Bacteria,Top,223,114.61953497757848,4.129034614562988,-39.20914951957123,0.2645739910313901,0.0986547085201793,-0.4076233183856502,0.1031390134529148,48.95609865470852,0.0269058295964125,0.2152466367713004,0.9013452914798208,0.3542600896860987,0.1806896885160697,20.724220275878903,0.3004484304932735,0.4375,0.1484375,-0.296875,0.5859375
O67786,AlkalineMPNN_020,5,Bacteria,Top,223,112.66568295964126,4.0500284194946286,-44.29274722194674,0.2780269058295964,0.0852017937219731,-0.3143497757847533,0.0807174887892376,37.49865470852017,0.0224215246636771,0.2242152466367713,0.8654708520179373,0.3901345291479821,0.181287245304564,19.454954147338867,0.3004484304932735,0.4198473282442748,0.12213740458015267,-0.3053435114503817,0.5419847328244275
O67786,AlkalineMPNN_020,6,Bacteria,Top,223,113.75893766816144,4.143073844909667,-37.21672078367989,0.2600896860986547,0.1031390134529147,-0.2035874439461883,0.0941704035874439,35.43991031390134,0.0269058295964125,0.210762331838565,0.9237668161434978,0.242152466367713,0.1681666131587941,18.544687271118164,0.3004484304932735,0.47368421052631576,0.16666666666666666,-0.3157894736842105,0.6403508771929824
O67786,AlkalineMPNN_020,7,Bacteria,Top,223,114.26237892376682,4.118292045593261,-37.30518227409812,0.2600896860986547,0.0986547085201793,-0.2116591928251121,0.0941704035874439,38.03094170403586,0.0269058295964125,0.2062780269058296,0.8609865470852018,0.4394618834080717,0.0897532289680728,19.927305221557617,0.3004484304932735,0.4330708661417323,0.13385826771653545,-0.30708661417322836,0.5669291338582677
Q980U8,AlkalineMPNN_020,0,Archaea,Top,349,111.12771031518623,4.092373466491699,-68.93032293082761,0.2865329512893982,0.1002865329512894,-0.3659025787965616,0.0372492836676217,33.01604584527221,0.0229226361031518,0.2435530085959885,0.8739255014326648,0.6045845272206303,0.0386219764110081,25.049829483032227,0.3008595988538682,0.3786008230452675,0.12757201646090535,-0.25925925925925924,0.5061728395061729
Q980U8,AlkalineMPNN_020,1,Archaea,Top,349,111.21132550143268,4.160125541687012,-61.039671951671885,0.2750716332378223,0.1088825214899713,-0.3965616045845272,0.0401146131805157,33.569627507163325,0.0229226361031518,0.2406876790830945,0.9083094555873926,0.501432664756447,0.0314306861401593,26.945676803588867,0.3008595988538682,0.31958762886597936,0.12371134020618557,-0.20618556701030927,0.44329896907216493
Q980U8,AlkalineMPNN_020,2,Archaea,Top,349,110.37575787965618,4.0500284194946286,-75.00428205067429,0.3037249283667622,0.0974212034383954,-0.3796561604584527,0.0286532951289398,33.48452722063036,0.0229226361031518,0.2349570200573066,0.8595988538681949,0.5616045845272206,0.0270119898739811,25.679489135742188,0.3008595988538682,0.3649122807017544,0.11228070175438597,-0.2631578947368421,0.4771929824561404
Q980U8,AlkalineMPNN_020,3,Archaea,Top,349,110.86689455587394,4.0500284194946286,-75.09795440393346,0.3008595988538682,0.0916905444126074,-0.3074498567335244,0.0429799426934097,35.68681948424068,0.0257879656160458,0.2320916905444126,0.8681948424068768,0.4212034383954155,0.0628197669676984,25.58060073852539,0.3008595988538682,0.4199134199134199,0.11255411255411256,-0.31601731601731603,0.5324675324675324
Q980U8,AlkalineMPNN_020,4,Archaea,Top,349,112.44956275071634,4.108117866516112,-71.08970243969044,0.3037249283667622,0.1060171919770773,-0.5767908309455587,0.0487106017191977,45.51862464183379,0.0286532951289398,0.2292263610315186,0.845272206303725,0.5587392550143266,0.027283890894206,26.773839950561523,0.3008595988538682,0.3617021276595745,0.12056737588652482,-0.24468085106382978,0.4822695035460993
Q980U8,AlkalineMPNN_020,5,Archaea,Top,349,112.0449787965616,4.0500284194946286,-78.09231445939605,0.3065902578796561,0.0888252148997134,-0.3919770773638968,0.0429799426934097,51.03352435530083,0.0286532951289398,0.2234957020057306,0.8595988538681948,0.4126074498567335,0.0403710185060543,27.908281326293945,0.3008595988538682,0.37777777777777777,0.10740740740740741,-0.2777777777777778,0.48518518518518516
Q980U8,AlkalineMPNN_020,6,Archaea,Top,349,111.84859799426934,4.185930442810059,-61.12576716637076,0.2836676217765043,0.1146131805157593,-0.4257879656160458,0.0372492836676217,35.40057306590257,0.0257879656160458,0.2234957020057306,0.8624641833810888,0.4899713467048711,0.0290050491356378,27.02277374267578,0.3008595988538682,0.354014598540146,0.145985401459854,-0.21532846715328466,0.5
Q980U8,AlkalineMPNN_020,7,Archaea,Top,349,111.8854401146132,4.169447135925293,-63.11928666350192,0.2836676217765043,0.1088825214899713,-0.4484240687679083,0.0458452722063037,37.76303724928366,0.0229226361031518,0.2320916905444126,0.8939828080229226,0.498567335243553,0.0727577684737514,26.16209602355957,0.3008595988538682,0.367816091954023,0.13793103448275862,-0.23754789272030652,0.5057471264367817
O58832,AlkalineMPNN_020,0,Archaea,Top,342,112.28312982456144,4.2611284255981445,-52.06856313778476,0.2573099415204678,0.1140350877192982,-0.3652046783625731,0.0643274853801169,45.39502923976606,0.0526315789473684,0.1988304093567251,0.8801169590643274,-0.0497076023391813,0.114943386835884,21.98967170715332,0.3011695906432748,0.43646408839779005,0.16574585635359115,-0.287292817679558,0.6022099447513812
O58832,AlkalineMPNN_020,1,Archaea,Top,342,111.73974883040934,4.118576240539549,-59.04830207619027,0.2602339181286549,0.0964912280701754,-0.339766081871345,0.0701754385964912,49.05204678362571,0.0467836257309941,0.2309941520467836,0.912280701754386,-0.0584795321637426,0.0967716606093238,21.381933212280273,0.3011695906432748,0.4876543209876543,0.15432098765432098,-0.345679012345679,0.6419753086419753
O58832,AlkalineMPNN_020,2,Archaea,Top,342,111.27178918128656,4.161432838439941,-55.97917962502544,0.2485380116959064,0.0964912280701754,-0.252046783625731,0.0760233918128654,47.86754385964911,0.0497076023391812,0.2368421052631578,0.8976608187134503,-0.0555555555555555,0.0967173284894192,21.101394653320312,0.3011695906432748,0.44751381215469616,0.143646408839779,-0.32044198895027626,0.5911602209944752
O58832,AlkalineMPNN_020,3,Archaea,Top,342,112.0269961988304,4.11545009613037,-58.05818730549733,0.2543859649122807,0.0935672514619883,-0.285672514619883,0.0789473684210526,45.89473684210525,0.0467836257309941,0.2222222222222222,0.91812865497076,0.0175438596491228,0.0870086094866796,21.10152053833008,0.3011695906432748,0.4695121951219512,0.1524390243902439,-0.3353658536585366,0.6219512195121951
O58832,AlkalineMPNN_020,4,Archaea,Top,342,110.7263625730994,4.0500284194946286,-65.12631651655511,0.2719298245614034,0.087719298245614,-0.3040935672514619,0.067251461988304,35.550584795321626,0.0467836257309941,0.239766081871345,0.9064327485380116,-0.0526315789473684,0.0944374334991215,21.45576858520508,0.3011695906432748,0.46111111111111114,0.12222222222222222,-0.35,0.5833333333333334
O58832,AlkalineMPNN_020,5,Archaea,Top,342,110.6244365497076,4.122498130798339,-57.07089875756955,0.2514619883040935,0.0935672514619883,-0.2944444444444444,0.0730994152046783,40.31666666666665,0.0467836257309941,0.2456140350877192,0.8654970760233918,0.0292397660818713,0.0845559317396806,21.986955642700195,0.3011695906432748,0.4340659340659341,0.12637362637362637,-0.3241758241758242,0.5604395604395604
O58832,AlkalineMPNN_020,6,Archaea,Top,342,111.16489327485382,4.341271400451661,-42.09015616938458,0.2280701754385964,0.1140350877192982,-0.283625730994152,0.0701754385964912,39.39590643274852,0.043859649122807,0.2280701754385964,0.9005847953216375,-0.0058479532163742,0.1232287066873532,20.987865447998047,0.3011695906432748,0.4329268292682927,0.18902439024390244,-0.2621951219512195,0.6219512195121951
O58832,AlkalineMPNN_020,7,Archaea,Top,342,110.62598596491226,4.293071937561035,-46.07830771946248,0.239766081871345,0.1140350877192982,-0.2812865497076023,0.0614035087719298,39.862280701754365,0.0467836257309941,0.2309941520467836,0.9152046783625732,-0.0964912280701755,0.1366931686269356,20.691858291625977,0.3011695906432748,0.4506172839506173,0.19753086419753085,-0.2716049382716049,0.6481481481481481
Q9Z9J6,AlkalineMPNN_020,0,Bacteria,Top,62,114.25480806451613,4.068842124938965,-13.453353639665764,0.3064516129032258,0.0967741935483871,-0.3983870967741935,0.0,55.81612903225805,0.0,0.1935483870967742,0.8870967741935484,-0.0161290322580645,0.4545698924731183,10.7160005569458,0.3064516129032258,0.3902439024390244,0.12195121951219512,-0.2682926829268293,0.5121951219512195
Q9Z9J6,AlkalineMPNN_020,1,Bacteria,Top,62,113.28847096774194,4.189624977111817,-12.4566289439274,0.3064516129032257,0.1129032258064516,-0.2451612903225806,0.0161290322580645,52.39516129032258,0.0,0.1935483870967742,0.9193548387096774,-0.0161290322580645,0.4583898075359175,10.733165740966797,0.3064516129032258,0.43902439024390244,0.14634146341463414,-0.2926829268292683,0.5853658536585366
Q9Z9J6,AlkalineMPNN_020,2,Bacteria,Top,62,116.4349387096774,4.0500284194946286,-20.434342351296856,0.3870967741935484,0.064516129032258,-0.3596774193548387,0.0161290322580645,76.8451612903226,0.0,0.1451612903225806,0.8548387096774193,0.0806451612903225,0.2660121552127162,14.424859046936035,0.3064516129032258,0.4067796610169492,0.06779661016949153,-0.3389830508474576,0.4745762711864407
Q9Z9J6,AlkalineMPNN_020,3,Bacteria,Top,62,114.95137096774194,4.1912733078002935,-13.450270903220066,0.3225806451612903,0.1129032258064516,-0.4161290322580645,0.0161290322580645,58.504838709677415,0.0,0.1612903225806451,0.9516129032258064,-0.0483870967741935,0.4573924731182796,10.69175148010254,0.3064516129032258,0.48717948717948717,0.15384615384615385,-0.3333333333333333,0.641025641025641
Q9Z9J6,AlkalineMPNN_020,4,Bacteria,Top,62,115.5625935483871,4.0500284194946286,-17.439973275143277,0.3548387096774194,0.0806451612903225,-0.4629032258064516,0.0161290322580645,74.0483870967742,0.0161290322580645,0.1612903225806451,0.935483870967742,-0.064516129032258,0.4368986983588002,10.735469818115234,0.3064516129032258,0.525,0.1,-0.425,0.625
Q9Z9J6,AlkalineMPNN_020,5,Bacteria,Top,62,117.31212258064518,4.598069953918457,-8.45682548485119,0.3225806451612902,0.1935483870967742,-0.6854838709677419,0.0,58.435483870967744,0.0,0.1129032258064516,0.8870967741935484,-0.0161290322580645,0.4460087479496993,10.72755241394043,0.3064516129032258,0.425,0.275,-0.15,0.7
Q9Z9J6,AlkalineMPNN_020,6,Bacteria,Top,62,113.96402741935484,4.150519752502441,-15.442960278240278,0.3548387096774194,0.1129032258064516,-0.5096774193548387,0.0161290322580645,73.96129032258064,0.0,0.1774193548387097,0.935483870967742,-0.064516129032258,0.4560117302052786,10.688530921936035,0.3064516129032258,0.5384615384615384,0.10256410256410256,-0.4358974358974359,0.641025641025641
Q9Z9J6,AlkalineMPNN_020,7,Bacteria,Top,62,114.33836451612903,4.426245689392091,-10.454378667256911,0.3064516129032257,0.1451612903225806,-0.5580645161290323,0.0161290322580645,66.68548387096774,0.0161290322580645,0.1612903225806451,0.967741935483871,-0.096774193548387,0.4559756742464304,10.699662208557127,0.3064516129032258,0.45,0.175,-0.275,0.625
P02819,AlkalineMPNN_020,0,Eukaryota,Bottom,49,117.7849693877551,11.324210166931152,4.6062048697502345,0.163265306122449,0.2857142857142857,-1.4653061224489796,0.0816326530612245,57.9,0.1428571428571428,0.2040816326530612,0.7346938775510203,0.4489795918367347,0.1646974579305406,13.731420516967772,0.3061224489795918,0.21621621621621623,0.35135135135135137,0.13513513513513514,0.5675675675675675
P02819,AlkalineMPNN_020,1,Eukaryota,Bottom,49,120.59631224489796,10.301096916198729,18.48855473137422,0.1224489795918367,0.5102040816326531,-2.144897959183673,0.0816326530612245,-0.6857142857142874,0.0408163265306122,0.1020408163265306,0.6122448979591837,0.6122448979591837,0.1693877551020408,13.368099212646484,0.3061224489795918,0.15,0.625,0.475,0.775
P02819,AlkalineMPNN_020,2,Eukaryota,Bottom,49,121.5252551020408,11.999967765808105,12.59702278439623,0.1020408163265306,0.3877551020408163,-1.7714285714285714,0.0816326530612245,103.64489795918364,0.1224489795918367,0.2244897959183673,0.673469387755102,0.5102040816326531,0.0920983778126635,16.702838897705078,0.3061224489795918,0.10416666666666667,0.3958333333333333,0.2708333333333333,0.5
P02819,AlkalineMPNN_020,3,Eukaryota,Bottom,49,129.12779591836735,11.999967765808105,19.506399194774904,0.1020408163265306,0.5102040816326531,-2.3020408163265307,0.0612244897959183,182.91632653061225,0.0816326530612245,0.163265306122449,0.8775510204081632,0.3061224489795918,0.0912698412698412,19.425132751464844,0.3061224489795918,0.10638297872340426,0.5319148936170213,0.425531914893617,0.6382978723404256
P02819,AlkalineMPNN_020,4,Eukaryota,Bottom,49,119.4119693877551,10.279822349548336,17.46992829329899,0.1020408163265306,0.4693877551020408,-1.853061224489796,0.0816326530612245,19.183673469387763,0.0816326530612245,0.1020408163265306,0.653061224489796,0.2857142857142857,0.1399416909620991,14.567267417907717,0.3061224489795918,0.11363636363636363,0.5227272727272727,0.4090909090909091,0.6363636363636364
P02819,AlkalineMPNN_020,5,Eukaryota,Bottom,49,121.3229,11.999967765808105,12.510549296076013,0.1020408163265306,0.3673469387755102,-1.56734693877551,0.0816326530612245,111.83673469387752,0.1224489795918367,0.2040816326530612,0.673469387755102,0.5510204081632654,0.0937803692905733,17.237977981567383,0.3061224489795918,0.10869565217391304,0.391304347826087,0.2826086956521739,0.5
P02819,AlkalineMPNN_020,6,Eukaryota,Bottom,49,118.8534,9.99525890350342,7.597107318935441,0.1836734693877551,0.3673469387755102,-1.510204081632653,0.0612244897959183,29.359183673469392,0.0612244897959183,0.1428571428571428,0.7959183673469388,0.6326530612244898,0.1363783608681568,13.469711303710938,0.3061224489795918,0.225,0.425,0.2,0.65
P02819,AlkalineMPNN_020,7,Eukaryota,Bottom,49,119.61679183673468,10.455949974060058,20.485744269401007,0.1020408163265306,0.5306122448979592,-2.0795918367346937,0.0612244897959183,8.893877551020404,0.0204081632653061,0.1020408163265306,0.979591836734694,0.8571428571428572,0.0842379504993486,18.9416561126709,0.3061224489795918,0.10204081632653061,0.5306122448979592,0.42857142857142855,0.6326530612244898
Q4R312,AlkalineMPNN_020,0,Eukaryota,Bottom,82,118.6455256097561,4.0500284194946286,-33.450031356327784,0.4634146341463415,0.0609756097560975,-1.526829268292683,0.0975609756097561,107.19756097560978,0.0121951219512195,0.1829268292682927,0.7804878048780488,-0.1951219512195122,0.1889333818711321,14.70685863494873,0.3048780487804878,0.55,0.08333333333333333,-0.4666666666666667,0.6333333333333334
Q4R312,AlkalineMPNN_020,1,Eukaryota,Bottom,82,116.19624878048782,4.194342613220214,-18.39438885170778,0.3292682926829268,0.1219512195121951,-1.25,0.0975609756097561,76.54268292682926,0.0121951219512195,0.2317073170731707,0.6951219512195123,-0.3780487804878049,0.2119428090832632,16.287137985229492,0.3048780487804878,0.4032258064516129,0.16129032258064516,-0.25806451612903225,0.564516129032258
Q4R312,AlkalineMPNN_020,2,Eukaryota,Bottom,82,117.89049878048782,4.0500284194946286,-26.46440196705847,0.4024390243902439,0.0853658536585365,-1.404878048780488,0.0975609756097561,97.66707317073174,0.0121951219512195,0.2073170731707317,0.7073170731707317,-0.4390243902439024,0.2190467324520573,15.50181007385254,0.3048780487804878,0.4838709677419355,0.11290322580645161,-0.3709677419354839,0.5967741935483871
Q4R312,AlkalineMPNN_020,3,Eukaryota,Bottom,82,114.9277304878049,4.288752174377441,-13.49991840967986,0.2926829268292683,0.1341463414634146,-1.2597560975609756,0.1097560975609756,46.9609756097561,0.0121951219512195,0.2560975609756097,0.7073170731707317,-0.5121951219512195,0.2103141794129805,15.46330738067627,0.3048780487804878,0.38333333333333336,0.16666666666666666,-0.21666666666666667,0.55
Q4R312,AlkalineMPNN_020,4,Eukaryota,Bottom,82,118.55871219512196,4.0500284194946286,-37.36125156504493,0.4634146341463415,0.024390243902439,-1.2951219512195122,0.0975609756097561,115.90121951219515,0.0121951219512195,0.1829268292682926,0.7804878048780488,-0.2195121951219512,0.195630081300813,14.26215362548828,0.3048780487804878,0.5964912280701754,0.03508771929824561,-0.5789473684210527,0.631578947368421
Q4R312,AlkalineMPNN_020,5,Eukaryota,Bottom,82,116.82756341463416,4.0500284194946286,-29.376042236781092,0.3902439024390244,0.048780487804878,-1.0890243902439023,0.1219512195121951,91.67073170731712,0.0121951219512195,0.2073170731707317,0.7926829268292683,-0.4756097560975609,0.2059959349593496,15.852201461791992,0.3048780487804878,0.49206349206349204,0.06349206349206349,-0.4444444444444444,0.5555555555555556
Q4R312,AlkalineMPNN_020,6,Eukaryota,Bottom,82,116.97751463414636,4.1699018478393555,-19.395835032859463,0.3536585365853658,0.1341463414634146,-1.3841463414634143,0.0975609756097561,59.01219512195122,0.0,0.2195121951219512,0.7926829268292683,-0.4756097560975609,0.2166314576531592,16.771568298339844,0.3048780487804878,0.45,0.18333333333333332,-0.2833333333333333,0.6333333333333333
Q4R312,AlkalineMPNN_020,7,Eukaryota,Bottom,82,117.28111097560976,4.0500284194946286,-23.47495311491695,0.3536585365853659,0.073170731707317,-1.1768292682926829,0.1219512195121951,88.83414634146342,0.0121951219512195,0.2195121951219512,0.8048780487804879,-0.4878048780487805,0.2233121244255921,15.319952011108398,0.3048780487804878,0.4666666666666667,0.1,-0.36666666666666664,0.5666666666666667
Q54FJ9,AlkalineMPNN_020,0,Eukaryota,Bottom,306,108.29747320261438,4.0500284194946286,-58.26520004695385,0.261437908496732,0.0751633986928104,-0.2176470588235294,0.0588235294117647,25.29444444444444,0.0326797385620915,0.2712418300653594,0.892156862745098,0.3104575163398692,0.0723810680102794,21.741838455200195,0.3006535947712418,0.4093567251461988,0.12280701754385964,-0.29239766081871343,0.5321637426900585
Q54FJ9,AlkalineMPNN_020,1,Eukaryota,Bottom,306,107.15645130718954,4.10635585784912,-46.35942710161214,0.2418300653594771,0.0915032679738562,-0.2326797385620915,0.0490196078431372,33.10588235294118,0.0294117647058823,0.2941176470588235,0.8562091503267975,0.2745098039215686,0.1456900386681723,17.341033935546875,0.3006535947712418,0.4621212121212121,0.15151515151515152,-0.3106060606060606,0.6136363636363636
Q54FJ9,AlkalineMPNN_020,2,Eukaryota,Bottom,306,107.58162516339868,4.0500284194946286,-51.17403795347313,0.2450980392156863,0.0849673202614379,-0.1398692810457516,0.0522875816993464,46.929738562091494,0.0359477124183006,0.2908496732026144,0.937908496732026,0.2843137254901961,0.0779630647690021,22.747779846191406,0.3006535947712418,0.38953488372093026,0.13953488372093023,-0.2616279069767442,0.5290697674418605
Q54FJ9,AlkalineMPNN_020,3,Eukaryota,Bottom,306,107.90414019607844,4.4111833572387695,-34.11708127388603,0.218954248366013,0.1176470588235294,-0.2356209150326797,0.0457516339869281,24.184313725490195,0.0294117647058823,0.2679738562091503,0.8725490196078431,0.238562091503268,0.1703770299968604,18.718948364257812,0.3006535947712418,0.40714285714285714,0.19285714285714287,-0.22142857142857142,0.6
Q54FJ9,AlkalineMPNN_020,4,Eukaryota,Bottom,306,107.00158398692813,4.356163215637207,-32.30325043828157,0.2091503267973856,0.1078431372549019,-0.1218954248366013,0.0555555555555555,26.785294117647062,0.0294117647058823,0.2941176470588235,0.892156862745098,0.2843137254901961,0.1126808027598194,17.5146427154541,0.3006535947712418,0.37681159420289856,0.21014492753623187,-0.17391304347826086,0.5869565217391304
Q54FJ9,AlkalineMPNN_020,5,Eukaryota,Bottom,306,106.92896209150328,4.250556373596192,-37.37590747438168,0.2222222222222222,0.1013071895424836,-0.10359477124183,0.0490196078431372,29.027777777777775,0.0294117647058823,0.2875816993464052,0.8823529411764706,0.215686274509804,0.0813044423840756,20.93231201171875,0.3006535947712418,0.3248730964467005,0.15228426395939088,-0.17258883248730963,0.47715736040609136
Q54FJ9,AlkalineMPNN_020,6,Eukaryota,Bottom,306,106.9249431372549,4.111130332946778,-44.370415429723295,0.2352941176470588,0.0915032679738562,-0.1503267973856209,0.0522875816993464,30.980065359477123,0.0294117647058823,0.2908496732026143,0.9150326797385622,0.2026143790849673,0.0821046367264854,20.26909637451172,0.3006535947712418,0.3872832369942196,0.14450867052023122,-0.24277456647398843,0.5317919075144508
Q54FJ9,AlkalineMPNN_020,7,Eukaryota,Bottom,306,107.9892866013072,4.0500284194946286,-58.08108108173127,0.2549019607843137,0.0751633986928104,-0.2098039215686274,0.0588235294117647,36.12679738562092,0.0261437908496732,0.2941176470588235,0.892156862745098,0.1993464052287581,0.0736481991827425,18.86940574645996,0.3006535947712418,0.40718562874251496,0.1317365269461078,-0.2934131736526946,0.5389221556886228
Q54JL0,AlkalineMPNN_020,0,Eukaryota,Bottom,633,115.59737551342812,4.44704875946045,-73.72247974509706,0.249605055292259,0.1421800947867298,-0.6274881516587677,0.0947867298578199,48.53652448657206,0.0426540284360189,0.2006319115323854,0.8293838862559242,0.0679304897314375,0.0426001934347287,36.741886138916016,0.3001579778830964,0.31343283582089554,0.18336886993603413,-0.13646055437100213,0.49680170575692967
Q54JL0,AlkalineMPNN_020,1,Eukaryota,Bottom,633,115.20215639810428,4.190932273864747,-103.67375918653352,0.268562401263823,0.1137440758293839,-0.6056872037914692,0.0979462875197472,50.82315955766209,0.0489731437598736,0.2006319115323854,0.8641390205371249,-0.0616113744075829,0.0312103646604909,33.343841552734375,0.3001579778830964,0.31952662721893493,0.14003944773175542,-0.1913214990138067,0.45956607495069035
Q54JL0,AlkalineMPNN_020,2,Eukaryota,Bottom,633,115.22080600315957,4.1598413467407225,-108.82911627447378,0.2764612954186414,0.1105845181674565,-0.6022116903633491,0.0979462875197472,45.123570300158065,0.0394944707740916,0.1974723538704581,0.8120063191153238,0.0821484992101105,0.0364947279473896,33.47603988647461,0.3001579778830964,0.3416149068322981,0.13871635610766045,-0.2111801242236025,0.48033126293995854
Q54JL0,AlkalineMPNN_020,3,Eukaryota,Bottom,633,115.47950979462875,4.068614768981934,-128.4509570573711,0.2985781990521327,0.1074249605055292,-0.6290679304897314,0.0916271721958925,51.32881516587685,0.0379146919431279,0.1879936808846761,0.8262243285939969,-0.014218009478673,0.0410635857170931,30.012222290039062,0.3001579778830964,0.41509433962264153,0.13443396226415094,-0.29009433962264153,0.5495283018867925
Q54JL0,AlkalineMPNN_020,4,Eukaryota,Bottom,633,115.2952048973144,4.098909950256346,-113.92052586094404,0.2812006319115324,0.1058451816745655,-0.6162717219589258,0.0995260663507109,45.94886255924179,0.0458135860979462,0.1943127962085308,0.8420221169036335,-0.0205371248025276,0.0489294477496554,32.277626037597656,0.3001579778830964,0.36644591611479027,0.13024282560706402,-0.24282560706401765,0.4966887417218543
Q54JL0,AlkalineMPNN_020,5,Eukaryota,Bottom,633,115.92304960505533,4.368895149230957,-86.6118176418407,0.2654028436018957,0.1390205371248025,-0.6562401263823066,0.0947867298578199,47.25342812006335,0.0442338072669826,0.1832543443917851,0.8815165876777251,-0.0347551342812005,0.0348573171008625,31.077880859375,0.3001579778830964,0.351288056206089,0.18969555035128804,-0.17096018735362997,0.540983606557377
Q54JL0,AlkalineMPNN_020,6,Eukaryota,Bottom,633,114.75184060031596,4.232708930969238,-94.85451850314564,0.2622432859399684,0.1184834123222748,-0.4973143759873618,0.0995260663507109,37.88026856240129,0.0410742496050552,0.2164296998420221,0.8578199052132702,0.0710900473933649,0.0416159359770311,33.181453704833984,0.3001579778830964,0.3340857787810384,0.15124153498871332,-0.19187358916478556,0.4853273137697517
Q54JL0,AlkalineMPNN_020,7,Eukaryota,Bottom,633,114.339309478673,4.0500284194946286,-124.81656299895528,0.2906793048973143,0.0995260663507109,-0.5582938388625593,0.0916271721958925,52.6494944707742,0.0410742496050552,0.2085308056872038,0.8278041074249605,0.0568720379146919,0.0370273946400867,32.216796875,0.3001579778830964,0.3851508120649652,0.13225058004640372,-0.26218097447795824,0.5174013921113689
Q69NP0,AlkalineMPNN_020,0,Eukaryota,Bottom,93,118.55658602150535,9.592718315124513,9.511832522778713,0.1720430107526881,0.2795698924731182,-1.0204301075268816,0.1397849462365591,13.349462365591398,0.021505376344086,0.1612903225806451,0.7741935483870968,-0.1075268817204301,0.29408024049023,13.085023880004885,0.3010752688172043,0.23333333333333334,0.43333333333333335,0.2,0.6666666666666667
Q69NP0,AlkalineMPNN_020,1,Eukaryota,Bottom,93,116.06571075268818,4.882890129089356,-6.382589012304262,0.2365591397849462,0.1827956989247311,-0.6526881720430108,0.1290322580645161,12.500000000000002,0.032258064516129,0.1827956989247312,0.8387096774193549,-0.1505376344086021,0.3070613014078262,12.78891658782959,0.3010752688172043,0.34545454545454546,0.2909090909090909,-0.05454545454545454,0.6363636363636364
Q69NP0,AlkalineMPNN_020,2,Eukaryota,Bottom,93,114.55578602150536,4.270563697814942,-14.370833958066598,0.2580645161290322,0.1182795698924731,-0.5129032258064516,0.1182795698924731,20.61397849462365,0.021505376344086,0.2365591397849462,0.6774193548387097,-0.1827956989247312,0.2768534238822863,13.02829360961914,0.3010752688172043,0.4074074074074074,0.2037037037037037,-0.2222222222222222,0.611111111111111
Q69NP0,AlkalineMPNN_020,3,Eukaryota,Bottom,93,117.43355161290322,5.319925117492676,-2.477997483323346,0.2365591397849462,0.2150537634408602,-0.8709677419354839,0.1290322580645161,7.8688172043010765,0.010752688172043,0.1827956989247312,0.7311827956989247,-0.1935483870967742,0.2790168970814132,13.539498329162598,0.3010752688172043,0.3225806451612903,0.3225806451612903,0.0,0.6451612903225806
Q69NP0,AlkalineMPNN_020,4,Eukaryota,Bottom,93,116.17076129032256,4.298698997497559,-13.460883389377337,0.2688172043010752,0.1290322580645161,-0.6193548387096774,0.1182795698924731,22.688172043010745,0.021505376344086,0.1827956989247312,0.8709677419354839,-0.1827956989247311,0.3106096721224641,12.685494422912598,0.3010752688172043,0.4423076923076923,0.21153846153846154,-0.23076923076923078,0.6538461538461539
Q69NP0,AlkalineMPNN_020,5,Eukaryota,Bottom,93,117.17215913978497,4.543731880187988,-12.366847001404848,0.2903225806451612,0.1720430107526881,-0.8752688172043012,0.1182795698924731,24.76344086021504,0.021505376344086,0.1612903225806451,0.7096774193548387,-0.1935483870967742,0.431505376344086,13.43356227874756,0.3010752688172043,0.43636363636363634,0.2545454545454545,-0.2,0.6909090909090909
Q69NP0,AlkalineMPNN_020,6,Eukaryota,Bottom,93,119.5208946236559,5.697563362121582,-1.4739457455786464,0.2473118279569892,0.2365591397849462,-1.2043010752688172,0.1505376344086021,16.192473118279572,0.021505376344086,0.1720430107526881,0.8279569892473119,-0.1397849462365591,0.2883624551971326,13.070968627929688,0.3010752688172043,0.3275862068965517,0.3448275862068966,0.017241379310344827,0.6724137931034483
Q69NP0,AlkalineMPNN_020,7,Eukaryota,Bottom,93,117.50825913978494,4.920915412902831,-5.46895074058364,0.2473118279569892,0.1935483870967742,-0.9010752688172042,0.1290322580645161,9.678494623655912,0.032258064516129,0.1612903225806451,0.8817204301075269,-0.1505376344086021,0.2913702784670526,12.66700553894043,0.3010752688172043,0.39285714285714285,0.30357142857142855,-0.08928571428571429,0.6964285714285714
P0A7R6,AlkalineMPNN_020,0,Bacteria,Neutral,103,113.3356932038835,4.1022066116333,-25.41029851664371,0.3495145631067961,0.1067961165048543,-0.933009708737864,0.0194174757281553,67.81650485436894,0.029126213592233,0.2524271844660194,0.9029126213592232,-0.3203883495145631,0.4299948901379662,16.50239372253418,0.3009708737864077,0.4666666666666667,0.14666666666666667,-0.32,0.6133333333333333
P0A7R6,AlkalineMPNN_020,1,Bacteria,Neutral,103,113.1611582524272,4.083563423156738,-27.40623553388981,0.3786407766990291,0.116504854368932,-0.8572815533980582,0.0097087378640776,69.02912621359224,0.0097087378640776,0.233009708737864,0.9611650485436892,-0.3786407766990292,0.4285891344763479,16.151569366455078,0.3009708737864077,0.5147058823529411,0.14705882352941177,-0.36764705882352944,0.6617647058823529
P0A7R6,AlkalineMPNN_020,2,Bacteria,Neutral,103,113.62929708737865,4.214520454406738,-22.416786681748285,0.3398058252427184,0.1262135922330097,-0.8941747572815534,0.0097087378640776,66.60679611650485,0.0388349514563106,0.2135922330097087,0.941747572815534,-0.3592233009708738,0.4268078339471041,16.367664337158203,0.3009708737864077,0.4782608695652174,0.18840579710144928,-0.2898550724637681,0.6666666666666667
P0A7R6,AlkalineMPNN_020,3,Bacteria,Neutral,103,114.32980291262136,4.333484458923341,-20.41866292380545,0.3495145631067961,0.1553398058252427,-0.9563106796116504,0.0097087378640776,65.62621359223301,0.029126213592233,0.1941747572815534,0.9514563106796116,-0.3689320388349515,0.4178034492646757,15.91188907623291,0.3009708737864077,0.47058823529411764,0.19117647058823528,-0.27941176470588236,0.6617647058823529
P0A7R6,AlkalineMPNN_020,4,Bacteria,Neutral,103,113.57935728155338,4.216396141052246,-22.41922349944257,0.3495145631067961,0.1359223300970873,-1.0300970873786408,0.0097087378640776,61.7252427184466,0.0194174757281553,0.2427184466019417,0.8349514563106796,-0.2524271844660194,0.4538270489952585,16.3244686126709,0.3009708737864077,0.4927536231884058,0.2028985507246377,-0.2898550724637681,0.6956521739130435
P0A7R6,AlkalineMPNN_020,5,Bacteria,Neutral,103,113.14773883495144,4.0500284194946286,-36.39111944194181,0.4077669902912621,0.058252427184466,-0.9320388349514565,0.0194174757281553,75.45436893203885,0.0194174757281553,0.2524271844660194,0.9223300970873786,-0.3203883495145631,0.4263343921972171,16.593881607055664,0.3009708737864077,0.5694444444444444,0.08333333333333333,-0.4861111111111111,0.6527777777777778
P0A7R6,AlkalineMPNN_020,6,Bacteria,Neutral,103,114.54086213592232,4.064749717712403,-29.39892490891002,0.3980582524271844,0.116504854368932,-1.0029126213592232,0.0097087378640776,73.85436893203884,0.0194174757281553,0.2038834951456311,0.970873786407767,-0.3883495145631068,0.4284302775152505,16.606700897216797,0.3009708737864077,0.5652173913043478,0.17391304347826086,-0.391304347826087,0.7391304347826086
P0A7R6,AlkalineMPNN_020,7,Bacteria,Neutral,103,114.33691941747573,4.147564125061035,-24.414435035271357,0.3592233009708737,0.1262135922330097,-0.933980582524272,0.0194174757281553,74.99611650485438,0.0097087378640776,0.2427184466019417,0.9126213592233008,-0.3106796116504854,0.4286541373474659,16.56960105895996,0.3009708737864077,0.4520547945205479,0.1780821917808219,-0.273972602739726,0.6301369863013698
P60724,AlkalineMPNN_020,0,Bacteria,Neutral,201,113.50110597014924,4.105901145935058,-43.35151425061021,0.3283582089552239,0.1144278606965174,-0.7268656716417911,0.0398009950248756,58.48109452736317,0.0248756218905472,0.2139303482587064,0.8706467661691543,-0.1940298507462686,0.140086370179559,28.448871612548828,0.2985074626865671,0.40384615384615385,0.1346153846153846,-0.2692307692307692,0.5384615384615384
P60724,AlkalineMPNN_020,1,Bacteria,Neutral,201,113.98529004975124,4.372817039489747,-30.37763867046935,0.3034825870646766,0.154228855721393,-0.8706467661691543,0.0348258706467661,52.59900497512438,0.0248756218905472,0.2139303482587064,0.7114427860696517,0.0845771144278607,0.0655860482533568,27.22104835510254,0.2985074626865671,0.3488372093023256,0.18023255813953487,-0.1686046511627907,0.5290697674418605
P60724,AlkalineMPNN_020,2,Bacteria,Neutral,201,113.05912686567164,4.197980308532714,-37.3664238017344,0.308457711442786,0.1243781094527363,-0.6656716417910449,0.0348258706467661,54.45820895522389,0.0248756218905472,0.2238805970149253,0.7860696517412935,0.0895522388059701,0.2030739771930724,23.8850040435791,0.2985074626865671,0.4307692307692308,0.15384615384615385,-0.27692307692307694,0.5846153846153846
P60724,AlkalineMPNN_020,3,Bacteria,Neutral,201,113.96127064676617,4.395723152160645,-29.382295374799725,0.3034825870646766,0.1592039800995024,-0.8522388059701493,0.0348258706467661,47.15621890547263,0.0248756218905472,0.1940298507462686,0.7960199004975124,-0.0696517412935323,0.0752053685063056,28.69803047180176,0.2985074626865671,0.36585365853658536,0.1951219512195122,-0.17073170731707318,0.5609756097560976
P60724,AlkalineMPNN_020,4,Bacteria,Neutral,201,112.41224079601989,4.270677375793458,-34.38001385332002,0.3134328358208955,0.1442786069651741,-0.7049751243781094,0.0298507462686567,48.21741293532338,0.0248756218905472,0.208955223880597,0.8208955223880597,-0.0248756218905472,0.1337123904288083,25.18345832824707,0.2985074626865671,0.375,0.18125,-0.19375,0.55625
P60724,AlkalineMPNN_020,5,Bacteria,Neutral,201,113.28482338308456,4.496441841125488,-26.302737774825296,0.2885572139303483,0.1641791044776119,-0.7935323383084577,0.0348258706467661,41.48258706467661,0.0149253731343283,0.2039800995024875,0.8407960199004976,0.054726368159204,0.201294850252051,23.525835037231445,0.2985074626865671,0.40601503759398494,0.21804511278195488,-0.19548872180451127,0.6240601503759398
P60724,AlkalineMPNN_020,6,Bacteria,Neutral,201,112.51907761194028,4.0500284194946286,-52.25716309834681,0.3582089552238806,0.1044776119402985,-0.7208955223880598,0.0298507462686567,59.96268656716417,0.0149253731343283,0.2189054726368159,0.8457711442786069,-0.0199004975124377,0.1319257371678194,27.533628463745117,0.2985074626865671,0.45454545454545453,0.11688311688311688,-0.34415584415584416,0.5714285714285714
P60724,AlkalineMPNN_020,7,Bacteria,Neutral,201,113.61913582089552,4.52395191192627,-24.309059398706076,0.2786069651741293,0.1641791044776119,-0.7139303482587065,0.0398009950248756,42.04577114427859,0.0199004975124378,0.2039800995024875,0.8308457711442787,0.2736318407960199,0.1833846639816789,23.46967315673828,0.2985074626865671,0.3798449612403101,0.2248062015503876,-0.16279069767441862,0.6046511627906976
Q07938,AlkalineMPNN_020,0,Eukaryota,Neutral,337,108.99746112759644,4.153077507019043,-41.301174212516464,0.2047477744807121,0.086053412462908,-0.0910979228486646,0.0682492581602373,37.27982195845696,0.0534124629080118,0.2640949554896142,0.7626112759643917,0.002967359050445,0.0484302304282521,27.585458755493164,0.2997032640949555,0.2708333333333333,0.11666666666666667,-0.15833333333333333,0.38749999999999996
Q07938,AlkalineMPNN_020,1,Eukaryota,Neutral,337,110.33055519287836,4.384639549255371,-36.04273343163266,0.2106824925816023,0.115727002967359,-0.2902077151335311,0.0771513353115727,31.29439169139465,0.0474777448071216,0.258160237388724,0.7685459940652819,-0.0385756676557863,0.0391760004116567,26.399967193603516,0.2997032640949555,0.2422145328719723,0.12802768166089964,-0.1245674740484429,0.370242214532872
Q07938,AlkalineMPNN_020,2,Eukaryota,Neutral,337,110.58319050445104,4.30415554046631,-41.02904640158915,0.2166172106824925,0.1068249258160237,-0.2801186943620178,0.0712166172106824,43.24836795252224,0.0534124629080118,0.2611275964391691,0.7774480712166172,0.1305637982195845,0.0542384288292697,27.579174041748047,0.2997032640949555,0.24054982817869416,0.12371134020618557,-0.13058419243986255,0.36426116838487976
Q07938,AlkalineMPNN_020,3,Eukaryota,Neutral,337,109.38277418397624,4.222477912902832,-40.21220856308767,0.2077151335311572,0.0949554896142433,-0.1973293768545994,0.0712166172106825,34.87599406528189,0.0445103857566765,0.2700296735905044,0.8516320474777448,-0.1691394658753708,0.0495838459868278,26.79643821716309,0.2997032640949555,0.2536764705882353,0.11397058823529412,-0.14705882352941177,0.3676470588235294
Q07938,AlkalineMPNN_020,4,Eukaryota,Neutral,337,109.8133762611276,4.204232597351075,-43.11714480985978,0.2106824925816023,0.0919881305637982,-0.2068249258160237,0.0830860534124629,38.4727002967359,0.0563798219584569,0.258160237388724,0.8189910979228486,-0.1127596439169139,0.0691461928858127,26.350440979003903,0.2997032640949555,0.2537313432835821,0.10820895522388059,-0.15671641791044777,0.3619402985074627
Q07938,AlkalineMPNN_020,5,Eukaryota,Neutral,337,110.01536261127596,4.236687660217284,-39.213629962756414,0.2077151335311572,0.0979228486646884,-0.2347181008902077,0.0712166172106825,40.26175074183976,0.0474777448071216,0.2611275964391691,0.8249258160237389,-0.1127596439169139,0.0535530609677586,25.79898452758789,0.2997032640949555,0.2536231884057971,0.11594202898550725,-0.14492753623188406,0.3695652173913044
Q07938,AlkalineMPNN_020,6,Eukaryota,Neutral,337,110.26829732937684,4.23134479522705,-43.196466552188255,0.2225519287833827,0.1008902077151335,-0.2456973293768546,0.0712166172106825,43.13596439169138,0.0474777448071216,0.258160237388724,0.7210682492581602,0.0623145400593471,0.0552226165771287,25.515268325805664,0.2997032640949555,0.29957805907172996,0.1308016877637131,-0.1729957805907173,0.43037974683544306
Q07938,AlkalineMPNN_020,7,Eukaryota,Neutral,337,110.5234590504451,4.339566230773926,-39.02394485477036,0.2136498516320474,0.1097922848664688,-0.2249258160237389,0.0712166172106825,36.17596439169139,0.0445103857566765,0.2551928783382789,0.7952522255192878,-0.0949554896142433,0.0628784087625196,22.33266830444336,0.2997032640949555,0.27307692307692305,0.1346153846153846,-0.15,0.4076923076923077
B1X495,AlkalineMPNN_020,0,Eukaryota,Top,103,113.06830582524272,10.172160148620604,12.50056972252012,0.087378640776699,0.2135922330097087,0.074757281553398,0.029126213592233,30.286407766990283,0.0097087378640776,0.2135922330097087,0.970873786407767,0.912621359223301,0.0630272162979468,18.56963157653809,0.3009708737864077,0.10344827586206896,0.25287356321839083,0.14942528735632185,0.3563218390804598
B1X495,AlkalineMPNN_020,1,Eukaryota,Top,103,113.32518640776698,10.357055473327634,16.48523011049043,0.0388349514563106,0.203883495145631,0.7601941747572816,0.0679611650485436,19.28640776699029,0.0097087378640776,0.1941747572815534,0.9902912621359224,0.912621359223301,0.0946764840033883,17.58594512939453,0.3009708737864077,0.04938271604938271,0.25925925925925924,0.20987654320987653,0.30864197530864196
B1X495,AlkalineMPNN_020,2,Eukaryota,Top,103,117.68070970873784,10.649355125427244,23.483025567668633,0.0485436893203883,0.2815533980582524,0.1300970873786407,0.0776699029126213,7.771844660194173,0.0097087378640776,0.145631067961165,0.9805825242718448,0.9611650485436892,0.067883495145631,17.384220123291016,0.3009708737864077,0.060240963855421686,0.3493975903614458,0.2891566265060241,0.40963855421686746
B1X495,AlkalineMPNN_020,3,Eukaryota,Top,103,98.85403203883494,10.577666282653803,5.503273889013286,0.0485436893203883,0.1067961165048543,1.0,0.0388349514563106,29.754368932038822,0.0097087378640776,0.4951456310679611,0.9611650485436892,0.941747572815534,0.0875125544024104,16.837278366088867,0.3009708737864077,0.05063291139240506,0.13924050632911392,0.08860759493670886,0.18987341772151897
B1X495,AlkalineMPNN_020,4,Eukaryota,Top,103,112.68285048543687,10.59197826385498,16.486527412554068,0.0388349514563106,0.203883495145631,0.6611650485436893,0.0679611650485436,22.893203883495143,0.0097087378640776,0.233009708737864,0.941747572815534,0.8640776699029127,0.1070358384274241,17.15375328063965,0.3009708737864077,0.05405405405405406,0.28378378378378377,0.22972972972972974,0.33783783783783783
B1X495,AlkalineMPNN_020,5,Eukaryota,Top,103,107.64965533980582,7.944003868103028,0.5108132522918147,0.1067961165048543,0.116504854368932,0.5145631067961165,0.0776699029126213,24.562233009708734,0.0097087378640776,0.3495145631067961,0.9223300970873788,0.883495145631068,0.0994174757281553,17.47092628479004,0.3009708737864077,0.13157894736842105,0.15789473684210525,0.02631578947368421,0.2894736842105263
B1X495,AlkalineMPNN_020,6,Eukaryota,Top,103,115.81079708737865,10.37878131866455,24.48717264842763,0.0776699029126213,0.3203883495145631,-0.6388349514563106,0.0485436893203883,13.43019417475728,0.0097087378640776,0.1844660194174757,0.9514563106796116,0.912621359223301,0.0927723840345199,17.85544776916504,0.3009708737864077,0.08333333333333333,0.39285714285714285,0.30952380952380953,0.47619047619047616
B1X495,AlkalineMPNN_020,7,Eukaryota,Top,103,103.97899029126214,10.092283821105958,5.500326885516289,0.0485436893203883,0.1067961165048543,1.050485436893204,0.0485436893203883,18.08252427184466,0.0194174757281553,0.3689320388349514,0.9514563106796116,0.854368932038835,0.1280982295830953,16.97066879272461,0.3009708737864077,0.06329113924050633,0.13924050632911392,0.0759493670886076,0.20253164556962025
A9CIG1,AlkalineMPNN_020,0,Bacteria,Bottom,101,115.76031287128713,4.206108283996582,-23.36512032519649,0.3465346534653465,0.1287128712871287,-1.0247524752475248,0.0,107.61881188118812,0.0198019801980198,0.1584158415841584,0.7722772277227723,0.396039603960396,0.0788960785842363,20.147602081298828,0.297029702970297,0.4069767441860465,0.13953488372093023,-0.27906976744186046,0.5465116279069767
A9CIG1,AlkalineMPNN_020,1,Bacteria,Bottom,101,111.28765544554454,4.0500284194946286,-30.441388647901412,0.3762376237623762,0.0792079207920792,-0.7920792079207921,0.0,89.0920792079208,0.0297029702970297,0.2277227722772277,0.7920792079207921,0.3168316831683169,0.0854447649489358,16.653268814086914,0.297029702970297,0.4567901234567901,0.08641975308641975,-0.37037037037037035,0.5432098765432098
A9CIG1,AlkalineMPNN_020,2,Bacteria,Bottom,101,112.09900594059404,4.0500284194946286,-33.44136028364502,0.3663366336633663,0.0396039603960396,-0.8445544554455445,0.0,122.30495049504952,0.0297029702970297,0.2277227722772277,0.8712871287128713,0.5742574257425742,0.0856650882479552,17.463151931762695,0.297029702970297,0.41379310344827586,0.022988505747126436,-0.39080459770114945,0.4367816091954023
A9CIG1,AlkalineMPNN_020,3,Bacteria,Bottom,101,114.7932405940594,5.081656074523924,-5.458172376523979,0.2673267326732673,0.2178217821782178,-1.1524752475247526,0.0198019801980198,74.6871287128713,0.0198019801980198,0.2079207920792079,0.7227722772277227,0.504950495049505,0.0815528921313183,17.573652267456055,0.297029702970297,0.2976190476190476,0.23809523809523808,-0.05952380952380952,0.5357142857142857
A9CIG1,AlkalineMPNN_020,4,Bacteria,Bottom,101,115.07495841584158,4.158988761901855,-24.44144930353602,0.3663366336633663,0.1287128712871287,-1.18019801980198,0.0099009900990099,105.6722772277228,0.0198019801980198,0.1881188118811881,0.7227722772277227,0.4455445544554455,0.0829869246466631,20.47303771972656,0.297029702970297,0.44047619047619047,0.14285714285714285,-0.2976190476190476,0.5833333333333333
A9CIG1,AlkalineMPNN_020,5,Bacteria,Bottom,101,113.648400990099,4.0500284194946286,-27.459533920664924,0.3762376237623762,0.1089108910891089,-0.8336633663366337,0.0099009900990099,87.96534653465349,0.0297029702970297,0.198019801980198,0.7524752475247525,0.495049504950495,0.0884488448844884,18.9013671875,0.297029702970297,0.4444444444444444,0.12345679012345678,-0.32098765432098764,0.5679012345679012
A9CIG1,AlkalineMPNN_020,6,Bacteria,Bottom,101,114.70478514851484,4.816559028625488,-8.48363745838693,0.2772277227722772,0.198019801980198,-1.005940594059406,0.0099009900990099,70.4,0.0297029702970297,0.1782178217821782,0.7425742574257426,0.4257425742574257,0.0829300975210303,19.4774227142334,0.297029702970297,0.3176470588235294,0.2235294117647059,-0.09411764705882353,0.5411764705882353
A9CIG1,AlkalineMPNN_020,7,Bacteria,Bottom,101,114.18414752475246,4.170413398742675,-24.449660592601656,0.3663366336633663,0.1287128712871287,-1.0168316831683168,0.0099009900990099,101.26930693069308,0.0297029702970297,0.1881188118811881,0.8019801980198019,0.3267326732673267,0.0835643564356435,20.56798934936523,0.297029702970297,0.43529411764705883,0.12941176470588237,-0.3058823529411765,0.5647058823529412
Q6L047,AlkalineMPNN_020,0,Archaea,Bottom,359,111.25399498607244,4.25680866241455,-45.373288342202024,0.2311977715877437,0.1058495821727019,-0.3406685236768802,0.0779944289693593,30.614233983286905,0.0278551532033426,0.2367688022284122,0.8189415041782729,-0.1615598885793872,0.0702412437275625,23.784969329833984,0.3008356545961003,0.30120481927710846,0.14457831325301204,-0.1566265060240964,0.4457831325301205
Q6L047,AlkalineMPNN_020,1,Archaea,Bottom,359,110.63130696378832,4.196445655822754,-51.17941302696042,0.2367688022284122,0.1002785515320334,-0.2818941504178273,0.0724233983286908,32.27743732590529,0.0334261838440111,0.245125348189415,0.8133704735376045,-0.5515320334261838,0.0473318846709154,27.53672218322754,0.3008356545961003,0.25157232704402516,0.11320754716981132,-0.14465408805031446,0.3647798742138365
Q6L047,AlkalineMPNN_020,2,Archaea,Bottom,359,111.53579052924792,4.337576866149903,-45.10938303870629,0.2284122562674094,0.1114206128133704,-0.3250696378830083,0.0863509749303621,27.65183844011142,0.0250696378830083,0.2311977715877437,0.8217270194986073,-0.3704735376044568,0.0363430913964366,29.93208122253418,0.3008356545961003,0.2433234421364985,0.11869436201780416,-0.13353115727002968,0.3620178041543027
Q6L047,AlkalineMPNN_020,3,Archaea,Bottom,359,111.44101002785516,4.203891563415527,-47.36943409794688,0.2284122562674094,0.0974930362116991,-0.277158774373259,0.0807799442896936,27.569665738161554,0.0306406685236768,0.2367688022284122,0.8746518105849582,-0.4512534818941504,0.0521115486824832,26.5793514251709,0.3008356545961003,0.2653061224489796,0.11564625850340136,-0.14965986394557823,0.380952380952381
Q6L047,AlkalineMPNN_020,4,Archaea,Bottom,359,109.8265086350975,4.304496574401856,-42.27880996565065,0.2172701949860724,0.1030640668523676,-0.2520891364902507,0.0807799442896936,33.01225626740947,0.0389972144846796,0.2534818941504178,0.8467966573816156,-0.3286908077994429,0.0663784833389197,25.547157287597656,0.3008356545961003,0.25886524822695034,0.11702127659574468,-0.14184397163120568,0.375886524822695
Q6L047,AlkalineMPNN_020,5,Archaea,Bottom,359,109.2450791086351,4.143414878845214,-52.25181200085283,0.233983286908078,0.0919220055710306,-0.298050139275766,0.0724233983286908,32.015348189415036,0.0306406685236768,0.2701949860724234,0.8802228412256268,-0.1615598885793872,0.0621837718163605,22.912561416625977,0.3008356545961003,0.2717391304347826,0.10507246376811594,-0.17028985507246377,0.37681159420289856
Q6L047,AlkalineMPNN_020,6,Archaea,Bottom,359,110.95213760445682,4.169617652893066,-54.00744271385474,0.233983286908078,0.0947075208913649,-0.2434540389972145,0.0863509749303621,27.70615598885794,0.0334261838440111,0.2534818941504178,0.8802228412256268,-0.373259052924791,0.0451352084206374,26.060400009155273,0.3008356545961003,0.28027681660899656,0.11764705882352941,-0.17647058823529413,0.39792387543252594
Q6L047,AlkalineMPNN_020,7,Archaea,Bottom,359,110.91946852367688,4.302223014831544,-46.18550645543102,0.2311977715877437,0.1086350974930362,-0.3459610027855153,0.0668523676880222,33.10473537604456,0.0334261838440111,0.2423398328690807,0.83008356545961,-0.245125348189415,0.0645968896958487,24.73653030395508,0.3008356545961003,0.29545454545454547,0.13636363636363635,-0.16287878787878787,0.4318181818181818
A9A498,AlkalineMPNN_020,0,Archaea,Neutral,287,108.58487665505226,4.120054054260252,-41.369887441795534,0.2369337979094076,0.0940766550522648,-0.0341463414634146,0.0348432055749128,33.83519163763066,0.0418118466898954,0.2508710801393728,0.8815331010452961,0.1567944250871079,0.1622354344556397,16.88910484313965,0.2996515679442508,0.425,0.18333333333333332,-0.24166666666666667,0.6083333333333333
A9A498,AlkalineMPNN_020,1,Archaea,Neutral,287,106.14878780487804,4.0500284194946286,-53.36009809817767,0.2508710801393728,0.0662020905923344,0.1801393728222996,0.0313588850174216,31.333101045296168,0.0383275261324041,0.2857142857142857,0.8745644599303135,0.0871080139372822,0.1851467564932871,17.31993865966797,0.2996515679442508,0.45384615384615384,0.11538461538461539,-0.3384615384615385,0.5692307692307692
A9A498,AlkalineMPNN_020,2,Archaea,Neutral,287,106.7952675958188,4.0500284194946286,-42.38009963275478,0.2264808362369338,0.0801393728222996,0.1655052264808362,0.0313588850174216,29.369686411149836,0.0452961672473867,0.2752613240418118,0.8641114982578397,0.1463414634146341,0.1918116115805461,16.85293960571289,0.2996515679442508,0.46153846153846156,0.15384615384615385,-0.3076923076923077,0.6153846153846154
A9A498,AlkalineMPNN_020,3,Archaea,Neutral,287,107.64555435540068,4.0500284194946286,-48.28514709667917,0.2404181184668989,0.0766550522648083,0.1128919860627177,0.0348432055749128,35.172125435540075,0.0418118466898954,0.2682926829268293,0.8745644599303136,0.1986062717770035,0.1709319008374762,16.84612464904785,0.2996515679442508,0.5087719298245614,0.14912280701754385,-0.35964912280701755,0.6578947368421053
A9A498,AlkalineMPNN_020,4,Archaea,Neutral,287,106.51522334494771,4.0500284194946286,-53.25951942015224,0.2508710801393728,0.0696864111498257,0.1188153310104529,0.0348432055749128,32.64355400696865,0.0418118466898954,0.2752613240418118,0.89198606271777,0.1602787456445993,0.1569895851183336,16.782882690429688,0.2996515679442508,0.5294117647058824,0.1092436974789916,-0.42016806722689076,0.6386554621848739
A9A498,AlkalineMPNN_020,5,Archaea,Neutral,287,106.5024550522648,4.0500284194946286,-41.37171946480108,0.2195121951219512,0.0766550522648083,0.1850174216027874,0.0313588850174216,26.478048780487793,0.0418118466898954,0.2752613240418118,0.8815331010452961,0.1289198606271776,0.1545238010953611,17.357240676879883,0.2996515679442508,0.4032258064516129,0.14516129032258066,-0.25806451612903225,0.5483870967741935
A9A498,AlkalineMPNN_020,6,Archaea,Neutral,287,106.980287456446,4.0500284194946286,-47.37320385056343,0.2369337979094077,0.073170731707317,0.135191637630662,0.0313588850174216,33.94494773519164,0.0418118466898954,0.2578397212543554,0.8885017421602788,0.1846689895470383,0.1450538865654624,17.01365089416504,0.2996515679442508,0.45901639344262296,0.13934426229508196,-0.319672131147541,0.5983606557377049
A9A498,AlkalineMPNN_020,7,Archaea,Neutral,287,106.6792818815331,4.0500284194946286,-49.35821609522856,0.2404181184668989,0.0696864111498258,0.1146341463414634,0.0278745644599303,34.18536585365853,0.0383275261324041,0.2787456445993031,0.8501742160278746,0.132404181184669,0.1160752049304142,17.366487503051758,0.2996515679442508,0.42857142857142855,0.12781954887218044,-0.3007518796992481,0.556390977443609
A0A1D8PCG7,AlkalineMPNN_020,0,Eukaryota,Bottom,87,112.1838551724138,4.830768775939941,-5.472125237270177,0.2413793103448276,0.1839080459770115,-0.8413793103448276,0.0229885057471264,34.87471264367816,0.0229885057471264,0.1954022988505747,0.6206896551724138,-0.2528735632183908,0.2326787994891443,13.406192779541016,0.2988505747126437,0.296875,0.234375,-0.0625,0.53125
A0A1D8PCG7,AlkalineMPNN_020,1,Eukaryota,Bottom,87,112.5208908045977,4.0500284194946286,-24.43602860954607,0.3563218390804598,0.0804597701149425,-0.9942528735632185,0.057471264367816,62.042643678160914,0.0229885057471264,0.2183908045977011,0.7241379310344828,-0.2413793103448276,0.1536159003831417,17.547561645507812,0.2988505747126437,0.4246575342465753,0.0821917808219178,-0.3424657534246575,0.5068493150684932
A0A1D8PCG7,AlkalineMPNN_020,2,Eukaryota,Bottom,87,110.84985632183908,4.0500284194946286,-33.41694487785848,0.4022988505747126,0.0229885057471264,-0.7436781609195403,0.0459770114942528,73.3644827586207,0.0229885057471264,0.2298850574712643,0.6436781609195403,-0.1379310344827586,0.1267010173074382,17.65195083618164,0.2988505747126437,0.44871794871794873,0.02564102564102564,-0.4230769230769231,0.4743589743589744
A0A1D8PCG7,AlkalineMPNN_020,3,Eukaryota,Bottom,87,112.42813448275862,4.0500284194946286,-31.33175869170189,0.4022988505747126,0.057471264367816,-0.828735632183908,0.0229885057471264,75.42068965517241,0.0229885057471264,0.1954022988505747,0.7126436781609196,-0.3218390804597701,0.1292748687384702,18.34717559814453,0.2988505747126437,0.40963855421686746,0.060240963855421686,-0.3614457831325301,0.4698795180722891
A0A1D8PCG7,AlkalineMPNN_020,4,Eukaryota,Bottom,87,112.28912873563218,4.0500284194946286,-28.42728892266181,0.3908045977011494,0.0689655172413793,-1.0620689655172415,0.0344827586206896,58.61839080459771,0.0114942528735632,0.2183908045977011,0.7126436781609196,-0.1839080459770115,0.1305337430294753,19.017499923706055,0.2988505747126437,0.44594594594594594,0.08108108108108109,-0.36486486486486486,0.527027027027027
A0A1D8PCG7,AlkalineMPNN_020,5,Eukaryota,Bottom,87,111.8223448275862,4.09049777984619,-17.446701517345392,0.2988505747126436,0.1034482758620689,-0.7551724137931035,0.0344827586206896,45.580459770114935,0.0114942528735632,0.2068965517241379,0.896551724137931,0.0,0.2542133841054932,12.841862678527832,0.2988505747126437,0.4074074074074074,0.14814814814814814,-0.25925925925925924,0.5555555555555556
A0A1D8PCG7,AlkalineMPNN_020,6,Eukaryota,Bottom,87,112.6224172413793,4.0500284194946286,-35.3255411656262,0.425287356321839,0.0344827586206896,-0.6919540229885058,0.0344827586206896,68.09195402298853,0.0229885057471264,0.1724137931034483,0.8275862068965517,-0.32183908045977,0.1986863711001641,12.986997604370115,0.2988505747126437,0.5614035087719298,0.05263157894736842,-0.5263157894736842,0.6140350877192982
A0A1D8PCG7,AlkalineMPNN_020,7,Eukaryota,Bottom,87,110.93984137931037,4.352525520324707,-12.371768177982648,0.2528735632183908,0.1264367816091954,-0.460919540229885,0.0229885057471264,44.91609195402298,0.0229885057471264,0.2068965517241379,0.8390804597701149,-0.1034482758620689,0.1000676132521974,13.496308326721191,0.2988505747126437,0.28,0.14666666666666667,-0.14666666666666667,0.4266666666666667
O28542,AlkalineMPNN_020,0,Archaea,Top,340,109.37012470588236,4.0500284194946286,-59.06113884433351,0.2441176470588235,0.0794117647058823,-0.133235294117647,0.0588235294117647,48.3820588235294,0.0441176470588235,0.2617647058823529,0.8352941176470589,0.0058823529411764,0.0991374849059858,22.976356506347656,0.3,0.37055837563451777,0.12690355329949238,-0.25380710659898476,0.49746192893401014
O28542,AlkalineMPNN_020,1,Archaea,Top,340,109.02037764705884,4.223671531677247,-44.09497683093075,0.2117647058823529,0.0911764705882353,-0.1714705882352941,0.0647058823529411,39.95676470588233,0.0441176470588235,0.2823529411764706,0.9058823529411764,-0.1529411764705882,0.0729083863275039,25.340167999267575,0.3,0.2907488986784141,0.11894273127753303,-0.18502202643171806,0.4096916299559471
O28542,AlkalineMPNN_020,2,Archaea,Top,340,110.2781688235294,4.324333381652833,-38.208072461437695,0.2147058823529412,0.1088235294117647,-0.2073529411764706,0.0705882352941176,39.06558823529411,0.0352941176470588,0.2588235294117647,0.8823529411764706,0.0588235294117647,0.0954582385440363,22.377613067626953,0.3,0.32160804020100503,0.1658291457286432,-0.15577889447236182,0.48743718592964824
O28542,AlkalineMPNN_020,3,Archaea,Top,340,109.35252823529412,4.081346702575684,-52.245400005831065,0.2352941176470588,0.0852941176470588,-0.1294117647058823,0.0529411764705882,39.36411764705882,0.0411764705882352,0.2764705882352941,0.8794117647058823,-0.0264705882352941,0.0842331453129196,23.86364364624023,0.3,0.37566137566137564,0.14285714285714285,-0.2328042328042328,0.5185185185185185
O28542,AlkalineMPNN_020,4,Archaea,Top,340,108.77876882352942,4.079300498962403,-50.18570272336781,0.2205882352941176,0.0794117647058823,-0.1164705882352941,0.0588235294117647,39.868235294117646,0.038235294117647,0.2794117647058823,0.9029411764705882,-0.038235294117647,0.077466133284844,24.684656143188477,0.3,0.33962264150943394,0.12264150943396226,-0.22641509433962265,0.46226415094339623
O28542,AlkalineMPNN_020,5,Archaea,Top,340,108.843235,4.0500284194946286,-56.15196595423653,0.238235294117647,0.0794117647058823,-0.1517647058823529,0.0470588235294117,45.918529411764695,0.0411764705882352,0.2764705882352941,0.8764705882352941,-0.0823529411764706,0.0909982174688057,24.702186584472656,0.3,0.3378995433789954,0.1187214611872146,-0.2237442922374429,0.45662100456621
O28542,AlkalineMPNN_020,6,Archaea,Top,340,109.33704235294118,4.05207462310791,-57.90134707669027,0.2441176470588235,0.088235294117647,-0.1635294117647058,0.0588235294117647,47.18323529411764,0.0411764705882352,0.2647058823529412,0.8764705882352941,0.0117647058823529,0.0780999917498556,22.910898208618164,0.3,0.40512820512820513,0.1282051282051282,-0.28717948717948716,0.5333333333333333
O28542,AlkalineMPNN_020,7,Archaea,Top,340,108.083525,4.0500284194946286,-51.176502433203154,0.2205882352941176,0.0764705882352941,-0.0570588235294117,0.0588235294117647,51.56823529411763,0.0323529411764705,0.2970588235294117,0.888235294117647,-0.0176470588235294,0.0707187729460716,22.92640686035156,0.3,0.33497536945812806,0.12315270935960591,-0.22167487684729065,0.458128078817734
Q8TY15,AlkalineMPNN_020,0,Archaea,Top,361,108.7684925207756,4.0500284194946286,-59.076634997686995,0.2188365650969529,0.0637119113573407,-0.0722991689750692,0.0637119113573407,34.32160664819944,0.0443213296398892,0.2853185595567867,0.894736842105263,-0.2299168975069251,0.05220137664736,24.61448860168457,0.299168975069252,0.2815884476534296,0.07942238267148015,-0.21299638989169675,0.36101083032490977
Q8TY15,AlkalineMPNN_020,1,Archaea,Top,361,108.12042908587256,4.258741188049316,-42.093811288707954,0.1966759002770083,0.0886426592797784,-0.1285318559556786,0.0470914127423822,30.573684210526324,0.0443213296398892,0.3019390581717451,0.8670360110803323,-0.1578947368421052,0.048867767148256,24.254777908325195,0.299168975069252,0.24817518248175183,0.10948905109489052,-0.145985401459854,0.35766423357664234
Q8TY15,AlkalineMPNN_020,2,Archaea,Top,361,108.36381745152354,4.0500284194946286,-56.98743802595146,0.2132963988919667,0.0664819944598337,-0.0407202216066482,0.0526315789473684,29.956786703601107,0.0470914127423822,0.296398891966759,0.8642659279778393,-0.1828254847645429,0.0797021525324658,23.409048080444336,0.299168975069252,0.28286852589641437,0.0796812749003984,-0.2151394422310757,0.36254980079681276
Q8TY15,AlkalineMPNN_020,3,Archaea,Top,361,108.12886814404432,4.0500284194946286,-56.07687851756867,0.2132963988919667,0.0664819944598337,0.0448753462603878,0.0526315789473684,31.343213296398897,0.0443213296398892,0.2825484764542936,0.889196675900277,-0.1301939058171745,0.0654998740871317,24.497398376464844,0.299168975069252,0.30973451327433627,0.09292035398230089,-0.22566371681415928,0.40265486725663713
Q8TY15,AlkalineMPNN_020,4,Archaea,Top,361,107.30990581717452,4.0500284194946286,-54.83082308566741,0.2022160664819944,0.0664819944598338,0.0166204986149584,0.0498614958448753,38.683379501385026,0.0443213296398892,0.3047091412742382,0.8116343490304709,-0.2742382271468144,0.0390416529009631,27.86396217346191,0.299168975069252,0.24092409240924093,0.07920792079207921,-0.18151815181518152,0.3201320132013201
Q8TY15,AlkalineMPNN_020,5,Archaea,Top,361,108.03901024930748,4.097602653503418,-53.98889186933887,0.2160664819944598,0.077562326869806,-0.1290858725761773,0.0498614958448753,30.511357340720227,0.0415512465373961,0.2908587257617728,0.853185595567867,-0.3379501385041551,0.0427425557631029,26.366230010986328,0.299168975069252,0.2560553633217993,0.09688581314878893,-0.17301038062283736,0.3529411764705882
Q8TY15,AlkalineMPNN_020,6,Archaea,Top,361,108.52429335180057,4.0500284194946286,-57.98214252221687,0.2271468144044321,0.077562326869806,-0.095567867036011,0.0554016620498615,36.2775623268698,0.0443213296398892,0.2880886426592798,0.7867036011080333,-0.1939058171745152,0.0417173328904363,24.429052352905273,0.299168975069252,0.2915129151291513,0.09225092250922509,-0.2066420664206642,0.3837638376383764
Q8TY15,AlkalineMPNN_020,7,Archaea,Top,361,108.64654265927976,4.054746055603027,-55.07664499758699,0.2188365650969529,0.074792243767313,-0.1121883656509695,0.0581717451523545,32.16260387811634,0.0415512465373961,0.2908587257617728,0.8504155124653741,-0.2077562326869806,0.0568918966303166,24.17158317565918,0.299168975069252,0.28185328185328185,0.10424710424710425,-0.1891891891891892,0.3861003861003861
B1YC30,AlkalineMPNN_020,0,Archaea,Neutral,262,109.49301717557252,4.0500284194946286,-82.1785446702732,0.3473282442748091,0.0419847328244274,-0.5080152671755725,0.0267175572519084,61.99236641221371,0.0305343511450381,0.2709923664122137,0.8282442748091603,-0.1183206106870229,0.0752714761853564,26.511022567749023,0.3015267175572519,0.4063926940639269,0.0502283105022831,-0.365296803652968,0.45662100456621
B1YC30,AlkalineMPNN_020,1,Archaea,Neutral,262,108.5168503816794,4.0500284194946286,-70.39306689595477,0.3206106870229007,0.0534351145038168,-0.3583969465648854,0.0305343511450381,35.169465648854974,0.0267175572519083,0.2748091603053435,0.8549618320610687,0.1679389312977098,0.107435046041146,21.841901779174805,0.3015267175572519,0.44508670520231214,0.07514450867052024,-0.3699421965317919,0.5202312138728323
B1YC30,AlkalineMPNN_020,2,Archaea,Neutral,262,107.62238931297708,4.0500284194946286,-68.34568034894333,0.3129770992366412,0.0534351145038167,-0.3358778625954198,0.0229007633587786,45.90267175572518,0.0305343511450381,0.2938931297709923,0.8282442748091603,-0.1259541984732824,0.0600446844163098,29.325925827026367,0.3015267175572519,0.3508771929824561,0.06140350877192982,-0.2894736842105263,0.4122807017543859
B1YC30,AlkalineMPNN_020,3,Archaea,Neutral,262,110.22301488549616,4.0500284194946286,-89.31563005717223,0.3740458015267175,0.0343511450381679,-0.5080152671755725,0.0229007633587786,61.57633587786253,0.0305343511450381,0.2442748091603053,0.7709923664122138,-0.0076335877862594,0.0526988038708901,26.86138916015625,0.3015267175572519,0.41379310344827586,0.03879310344827586,-0.375,0.4525862068965517
B1YC30,AlkalineMPNN_020,4,Archaea,Neutral,262,108.83772328244272,4.0500284194946286,-72.25757400554514,0.3206106870229008,0.049618320610687,-0.3194656488549618,0.0229007633587786,56.81908396946563,0.0343511450381679,0.2824427480916031,0.7938931297709924,0.099236641221374,0.0580075823556534,27.82216453552246,0.3015267175572519,0.37168141592920356,0.05309734513274336,-0.3230088495575221,0.4247787610619469
B1YC30,AlkalineMPNN_020,5,Archaea,Neutral,262,109.97174465648854,4.0500284194946286,-79.28938508288097,0.3511450381679389,0.0534351145038168,-0.5427480916030534,0.0229007633587786,61.77786259541981,0.0305343511450381,0.2442748091603053,0.8893129770992366,-0.0267175572519083,0.2256445154545634,24.499086380004883,0.3015267175572519,0.4504950495049505,0.06930693069306931,-0.38613861386138615,0.5198019801980198
B1YC30,AlkalineMPNN_020,6,Archaea,Neutral,262,111.42686641221374,4.110164070129394,-48.41180947328186,0.2977099236641221,0.1145038167938931,-0.6412213740458015,0.0267175572519084,49.934732824427456,0.0267175572519083,0.2404580152671755,0.8091603053435115,-0.1755725190839694,0.1286267379343856,26.31750106811523,0.3015267175572519,0.4222222222222222,0.16111111111111112,-0.2611111111111111,0.5833333333333334
B1YC30,AlkalineMPNN_020,7,Archaea,Neutral,262,109.40749007633588,4.0500284194946286,-64.30346040600233,0.3015267175572519,0.0610687022900763,-0.4045801526717557,0.0267175572519084,50.10419847328243,0.0267175572519083,0.2748091603053435,0.8740458015267176,-0.0877862595419847,0.2207423006054224,24.46646499633789,0.3015267175572519,0.3939393939393939,0.07575757575757576,-0.32323232323232326,0.46969696969696967
P80505,AlkalineMPNN_020,0,Bacteria,Bottom,337,108.6773359050445,4.130967140197753,-52.02161689700766,0.2403560830860533,0.0979228486646884,-0.201780415430267,0.0563798219584569,33.58753709198813,0.0267062314540059,0.28486646884273,0.8100890207715133,-0.1216617210682492,0.1041498902408083,22.97693252563477,0.2997032640949555,0.3287671232876712,0.1324200913242009,-0.2146118721461187,0.4611872146118721
P80505,AlkalineMPNN_020,1,Bacteria,Bottom,337,109.62713382789318,4.2653913497924805,-47.8349807122052,0.2373887240356083,0.1127596439169139,-0.3462908011869436,0.059347181008902,25.568842729970328,0.0267062314540059,0.2759643916913946,0.8011869436201781,-0.1246290801186943,0.0772007912957467,22.595603942871097,0.2997032640949555,0.3244444444444444,0.1288888888888889,-0.21777777777777776,0.4533333333333333
P80505,AlkalineMPNN_020,2,Bacteria,Bottom,337,109.284446884273,4.436249351501465,-36.93837338899124,0.2225519287833827,0.1275964391691394,-0.2735905044510386,0.0474777448071216,31.222848664688424,0.0237388724035608,0.2789317507418397,0.8308605341246291,-0.1899109792284866,0.080250333210836,24.546875,0.2997032640949555,0.3034188034188034,0.17094017094017094,-0.14957264957264957,0.47435897435897434
P80505,AlkalineMPNN_020,3,Bacteria,Bottom,337,109.35157922848664,4.240268516540527,-44.02266303651032,0.2255192878338278,0.1068249258160237,-0.2400593471810089,0.0563798219584569,27.537982195845704,0.0237388724035608,0.2759643916913946,0.7566765578635015,-0.002967359050445,0.1065610499273096,22.90958595275879,0.2997032640949555,0.3364485981308411,0.14018691588785046,-0.2102803738317757,0.47663551401869153
P80505,AlkalineMPNN_020,4,Bacteria,Bottom,337,109.31923620178044,4.284205055236817,-44.92919364130148,0.2344213649851632,0.115727002967359,-0.2813056379821958,0.0504451038575667,26.38516320474776,0.0267062314540059,0.2700296735905044,0.8219584569732938,-0.0326409495548961,0.0856876442466205,24.34818458557129,0.2997032640949555,0.32272727272727275,0.16363636363636364,-0.18181818181818182,0.4863636363636364
P80505,AlkalineMPNN_020,5,Bacteria,Bottom,337,109.34839821958457,4.253909873962402,-47.00098468135265,0.2373887240356083,0.1097922848664688,-0.3023738872403561,0.0504451038575667,26.28902077151335,0.029673590504451,0.2729970326409495,0.8219584569732937,-0.1988130563798219,0.0874031858937963,23.71973419189453,0.2997032640949555,0.32051282051282054,0.1452991452991453,-0.18376068376068377,0.4658119658119658
P80505,AlkalineMPNN_020,6,Bacteria,Bottom,337,109.35986587537091,4.1905912399292,-50.00226307617134,0.2462908011869436,0.1097922848664688,-0.2973293768545994,0.0534124629080118,31.838278931750736,0.0267062314540059,0.2818991097922848,0.8160237388724035,-0.1216617210682492,0.1033255895673902,22.53460693359375,0.2997032640949555,0.352112676056338,0.15023474178403756,-0.215962441314554,0.5023474178403755
P80505,AlkalineMPNN_020,7,Bacteria,Bottom,337,109.54429762611277,4.246577644348145,-48.83056464720371,0.2403560830860534,0.1127596439169139,-0.298813056379822,0.0563798219584569,29.47596439169139,0.0267062314540059,0.2700296735905044,0.8783382789317506,-0.3026706231454005,0.0888940515539035,24.704185485839844,0.2997032640949555,0.3261802575107296,0.15021459227467812,-0.19742489270386265,0.4763948497854077
Q9N2D5,AlkalineMPNN_020,0,Eukaryota,Neutral,333,107.03882462462462,4.0500284194946286,-49.27848685645981,0.2192192192192192,0.075075075075075,-0.1273273273273273,0.075075075075075,29.943543543543537,0.018018018018018,0.3183183183183183,0.7897897897897899,-0.1051051051051051,0.0839754370868697,24.459732055664062,0.3003003003003003,0.3088235294117647,0.09803921568627451,-0.21568627450980393,0.4068627450980392
Q9N2D5,AlkalineMPNN_020,1,Eukaryota,Neutral,333,107.21346606606608,4.1640474319458,-44.20220923607553,0.2162162162162162,0.0900900900900901,-0.1867867867867867,0.066066066066066,32.65108108108109,0.018018018018018,0.3153153153153153,0.8018018018018018,-0.1951951951951951,0.0761326298049461,25.203594207763672,0.3003003003003003,0.2809917355371901,0.10330578512396695,-0.18181818181818182,0.384297520661157
Q9N2D5,AlkalineMPNN_020,2,Eukaryota,Neutral,333,106.80094984984984,4.0500284194946286,-50.1936854070372,0.2222222222222222,0.078078078078078,-0.142042042042042,0.063063063063063,26.222522522522517,0.018018018018018,0.3243243243243243,0.8048048048048049,-0.1321321321321321,0.0821417964275107,24.599029541015625,0.3003003003003003,0.3194444444444444,0.10648148148148148,-0.2222222222222222,0.42592592592592593
Q9N2D5,AlkalineMPNN_020,3,Eukaryota,Neutral,333,107.1564870870871,4.151542854309082,-46.94471541535762,0.2132132132132132,0.087087087087087,-0.0669669669669669,0.069069069069069,25.864564564564553,0.018018018018018,0.3123123123123123,0.7987987987987988,-0.06006006006006,0.0725030803033923,23.239688873291016,0.3003003003003003,0.31683168316831684,0.1188118811881188,-0.21287128712871287,0.43564356435643564
Q9N2D5,AlkalineMPNN_020,4,Eukaryota,Neutral,333,105.8630018018018,4.065033912658691,-45.20872671800225,0.2072072072072072,0.078078078078078,-0.1513513513513513,0.057057057057057,19.354654654654652,0.021021021021021,0.3273273273273273,0.8108108108108107,-0.2522522522522523,0.0610230724082716,24.815288543701172,0.3003003003003003,0.2674897119341564,0.102880658436214,-0.1728395061728395,0.37037037037037035
Q9N2D5,AlkalineMPNN_020,5,Eukaryota,Neutral,333,107.20957327327328,4.189738655090332,-47.83468624425911,0.2222222222222222,0.0960960960960961,-0.1471471471471471,0.066066066066066,26.17537537537537,0.018018018018018,0.3243243243243243,0.8348348348348349,-0.1681681681681682,0.0626630859188998,21.783050537109375,0.3003003003003003,0.2786885245901639,0.11475409836065574,-0.18032786885245902,0.39344262295081966
Q9N2D5,AlkalineMPNN_020,6,Eukaryota,Neutral,333,108.33719249249248,4.1749605178833,-45.277602636043746,0.2252252252252252,0.0930930930930931,-0.3369369369369369,0.066066066066066,26.77207207207207,0.024024024024024,0.2972972972972973,0.8648648648648649,-0.1381381381381381,0.097807166772684,22.12276840209961,0.3003003003003003,0.3148148148148148,0.13425925925925927,-0.18055555555555555,0.44907407407407407
Q9N2D5,AlkalineMPNN_020,7,Eukaryota,Neutral,333,106.67824324324326,4.146938896179199,-46.1926023080331,0.2222222222222222,0.0900900900900901,-0.1381381381381381,0.066066066066066,24.443543543543544,0.021021021021021,0.3243243243243243,0.7927927927927928,-0.1321321321321321,0.0957481086236451,22.206571578979492,0.3003003003003003,0.33163265306122447,0.12755102040816327,-0.21428571428571427,0.4591836734693877
Q6DIY2,AlkalineMPNN_020,0,Eukaryota,Bottom,179,118.53567877094972,4.051847267150879,-42.11227720526472,0.3240223463687151,0.106145251396648,-0.8396648044692738,0.0837988826815642,47.74972067039106,0.0167597765363128,0.1843575418994413,0.8659217877094972,-0.3407821229050279,0.2532754722000532,15.769972801208496,0.3016759776536313,0.5294117647058824,0.11764705882352941,-0.43137254901960786,0.6470588235294118
Q6DIY2,AlkalineMPNN_020,1,Eukaryota,Bottom,179,120.87339720670391,4.284375572204591,-32.22328661032023,0.3128491620111732,0.1452513966480447,-1.2005586592178772,0.1173184357541899,44.58888268156424,0.0167597765363128,0.1508379888268156,0.8994413407821229,-0.4413407821229049,0.2391442356526155,17.92619514465332,0.3016759776536313,0.3787878787878788,0.1590909090909091,-0.22727272727272727,0.5378787878787878
Q6DIY2,AlkalineMPNN_020,2,Eukaryota,Bottom,179,117.09321340782122,4.096693229675293,-39.95384613566955,0.3128491620111732,0.1173184357541899,-0.7743016759776536,0.0782122905027933,53.06648044692738,0.0167597765363128,0.2122905027932961,0.8491620111731844,-0.2905027932960893,0.2379152309905329,16.476415634155273,0.3016759776536313,0.41379310344827586,0.14655172413793102,-0.29310344827586204,0.5603448275862069
Q6DIY2,AlkalineMPNN_020,3,Eukaryota,Bottom,179,117.89237094972069,4.1926374435424805,-32.224550785787315,0.2960893854748603,0.1284916201117318,-0.8681564245810056,0.106145251396648,42.8050279329609,0.0223463687150837,0.2234636871508379,0.9385474860335196,-0.3575418994413407,0.1906802053450098,16.39274787902832,0.3016759776536313,0.36885245901639346,0.1721311475409836,-0.21311475409836064,0.5409836065573771
Q6DIY2,AlkalineMPNN_020,4,Eukaryota,Bottom,179,117.44757039106146,4.427211952209473,-24.234148256818287,0.2625698324022346,0.1396648044692737,-0.8206703910614526,0.0893854748603351,52.10782122905028,0.0223463687150837,0.2067039106145251,0.8938547486033519,-0.3016759776536312,0.2994587988826815,15.786495208740234,0.3016759776536313,0.3904761904761905,0.18095238095238095,-0.21904761904761905,0.5714285714285714
Q6DIY2,AlkalineMPNN_020,5,Eukaryota,Bottom,179,117.66396480446927,4.240836906433105,-32.054700234620455,0.2849162011173184,0.1284916201117318,-0.8513966480446927,0.0949720670391061,53.8558659217877,0.0167597765363128,0.217877094972067,0.8379888268156425,-0.1117318435754189,0.1358839794593984,17.105558395385742,0.3016759776536313,0.3533834586466165,0.15789473684210525,-0.21804511278195488,0.5112781954887218
Q6DIY2,AlkalineMPNN_020,6,Eukaryota,Bottom,179,117.13808547486032,4.223103141784668,-33.13952880319027,0.2960893854748603,0.1284916201117318,-0.8988826815642459,0.0893854748603352,43.714525139664815,0.0223463687150837,0.2122905027932961,0.8435754189944134,-0.2513966480446927,0.2312128311407461,16.310482025146484,0.3016759776536313,0.38392857142857145,0.16071428571428573,-0.23214285714285715,0.5446428571428572
Q6DIY2,AlkalineMPNN_020,7,Eukaryota,Bottom,179,114.51530446927374,4.106469535827636,-31.237293456025476,0.2625698324022346,0.1005586592178771,-0.547486033519553,0.0949720670391061,40.005586592178766,0.0167597765363128,0.2625698324022346,0.8882681564245809,-0.3519553072625698,0.0992049116250691,17.230199813842773,0.3016759776536313,0.3333333333333333,0.13636363636363635,-0.21212121212121213,0.46969696969696967
G0HQ35,AlkalineMPNN_020,0,Archaea,Bottom,358,109.47048324022349,4.0500284194946286,-74.86934657765941,0.2597765363128491,0.0642458100558659,-0.1720670391061452,0.0865921787709497,33.774888268156424,0.0335195530726257,0.2988826815642458,0.8659217877094971,-0.2234636871508379,0.0959106145251396,22.812963485717773,0.3016759776536313,0.37264150943396224,0.09905660377358491,-0.2971698113207547,0.4716981132075472
G0HQ35,AlkalineMPNN_020,1,Archaea,Bottom,358,109.92872597765364,4.0500284194946286,-80.93273976806466,0.2821229050279329,0.0670391061452514,-0.2209497206703911,0.0726256983240223,42.18407821229051,0.0307262569832402,0.2681564245810056,0.8603351955307261,-0.2290502793296089,0.0639873556134316,26.81427764892578,0.3016759776536313,0.3675889328063241,0.09090909090909091,-0.2885375494071146,0.45849802371541504
G0HQ35,AlkalineMPNN_020,2,Archaea,Bottom,358,107.78188240223464,4.0500284194946286,-66.88311824859657,0.2430167597765363,0.0698324022346368,-0.1134078212290502,0.0698324022346368,32.906424581005574,0.0279329608938547,0.3128491620111732,0.8435754189944135,-0.2905027932960894,0.0913111227191033,24.92149353027344,0.3016759776536313,0.33620689655172414,0.09482758620689655,-0.25862068965517243,0.43103448275862066
G0HQ35,AlkalineMPNN_020,3,Archaea,Bottom,358,109.60141592178772,4.0500284194946286,-86.9230535237001,0.2932960893854748,0.0614525139664804,-0.2349162011173184,0.0726256983240223,46.54832402234636,0.0363128491620111,0.2793296089385474,0.7960893854748604,-0.2653631284916201,0.1042003863624497,22.337751388549805,0.3016759776536313,0.4260089686098655,0.09417040358744394,-0.34977578475336324,0.5201793721973094
G0HQ35,AlkalineMPNN_020,4,Archaea,Bottom,358,109.8998594972067,4.0500284194946286,-84.09937512072433,0.2877094972067039,0.0586592178770949,-0.3106145251396648,0.0837988826815642,46.59273743016758,0.0307262569832402,0.2821229050279329,0.8212290502793297,-0.2402234636871508,0.0789155671777804,26.689632415771484,0.3016759776536313,0.3712121212121212,0.07196969696969698,-0.3068181818181818,0.4431818181818182
G0HQ35,AlkalineMPNN_020,5,Archaea,Bottom,358,109.19619106145252,4.0500284194946286,-70.94698149950733,0.2625698324022346,0.0754189944134078,-0.2687150837988827,0.0698324022346368,38.13491620111731,0.0363128491620111,0.2988826815642458,0.8575418994413407,-0.3324022346368714,0.101054988688305,23.156579971313477,0.3016759776536313,0.3607305936073059,0.1187214611872146,-0.2602739726027397,0.4794520547945205
G0HQ35,AlkalineMPNN_020,6,Archaea,Bottom,358,108.40781620111731,4.0500284194946286,-67.7127529956306,0.2513966480446927,0.0810055865921787,-0.2519553072625698,0.0754189944134078,31.46368715083797,0.0363128491620111,0.3016759776536313,0.8715083798882681,-0.3016759776536313,0.1043196188894199,24.602245330810547,0.3016759776536313,0.36764705882352944,0.12745098039215685,-0.2696078431372549,0.4950980392156863
G0HQ35,AlkalineMPNN_020,7,Archaea,Bottom,358,110.2171310055866,4.0500284194946286,-70.04279839618829,0.2625698324022346,0.0754189944134078,-0.3215083798882682,0.0865921787709497,38.6994413407821,0.0363128491620111,0.2905027932960894,0.8659217877094971,-0.3016759776536312,0.1044813203029709,24.284120559692383,0.3016759776536313,0.391304347826087,0.11594202898550725,-0.2898550724637681,0.5072463768115942
Q8DLT5,AlkalineMPNN_020,0,Bacteria,Neutral,449,104.49802249443206,4.0500284194946286,-50.29158290527669,0.1492204899777283,0.0400890868596882,-0.1648106904231625,0.0356347438752784,29.00824053452115,0.0267260579064587,0.3674832962138085,0.935412026726058,-0.4008908685968819,0.0443004291673109,30.648054122924805,0.3006681514476614,0.23507462686567165,0.055970149253731345,-0.1828358208955224,0.291044776119403
Q8DLT5,AlkalineMPNN_020,1,Bacteria,Neutral,449,105.25014409799554,4.0500284194946286,-52.269104427708065,0.1625835189309576,0.0489977728285077,-0.1454342984409799,0.0356347438752783,29.79398663697104,0.0356347438752784,0.3608017817371938,0.8930957683741647,-0.3719376391982182,0.0463287819239628,30.205013275146484,0.3006681514476614,0.23880597014925373,0.05970149253731343,-0.1791044776119403,0.29850746268656714
Q8DLT5,AlkalineMPNN_020,2,Bacteria,Neutral,449,104.95392048997772,4.207927131652832,-43.19877847605355,0.1581291759465478,0.066815144766147,-0.2187082405345211,0.0289532293986637,30.16592427616925,0.0267260579064587,0.3608017817371938,0.8997772828507795,-0.3697104677060134,0.0524662531631423,31.2230281829834,0.3006681514476614,0.24812030075187969,0.09022556390977443,-0.16541353383458646,0.3383458646616541
Q8DLT5,AlkalineMPNN_020,3,Bacteria,Neutral,449,104.37150668151448,4.125453758239746,-43.20870535974699,0.1514476614699332,0.0601336302895322,-0.1510022271714922,0.0311804008908685,24.30913140311803,0.0244988864142538,0.376391982182628,0.8596881959910913,-0.4587973273942093,0.0512802422430362,27.398664474487305,0.3006681514476614,0.22745098039215686,0.09019607843137255,-0.1411764705882353,0.3176470588235294
Q8DLT5,AlkalineMPNN_020,4,Bacteria,Neutral,449,103.73203296213808,4.0500284194946286,-46.298575369381155,0.1581291759465478,0.0579064587973274,-0.07728285077951,0.0289532293986637,16.3380846325167,0.0289532293986636,0.3674832962138085,0.9220489977728286,-0.4097995545657016,0.0542530198470602,29.564096450805664,0.3006681514476614,0.2674897119341564,0.09465020576131687,-0.1728395061728395,0.36213991769547327
Q8DLT5,AlkalineMPNN_020,5,Bacteria,Neutral,449,104.99406013363028,4.12585163116455,-41.38577010032428,0.1492204899777283,0.0579064587973274,-0.1904231625835189,0.0378619153674833,25.508017817371925,0.0311804008908685,0.3585746102449889,0.9242761692650334,-0.3674832962138084,0.0601316953012679,33.44318389892578,0.3006681514476614,0.22262773722627738,0.0948905109489051,-0.12773722627737227,0.3175182481751825
Q8DLT5,AlkalineMPNN_020,6,Bacteria,Neutral,449,105.174865701559,4.181383323669433,-41.206166079691215,0.1469933184855233,0.0601336302895322,-0.120935412026726,0.0400890868596882,25.30734966592427,0.0311804008908685,0.354120267260579,0.9220489977728286,-0.3741648106904232,0.0536311552173262,34.18790817260742,0.3006681514476614,0.22745098039215686,0.09411764705882353,-0.13725490196078433,0.32156862745098036
Q8DLT5,AlkalineMPNN_020,7,Bacteria,Neutral,449,104.95783140311804,4.0500284194946286,-53.28386221919143,0.155902004454343,0.0400890868596882,-0.1006681514476614,0.0400890868596882,21.32449888641425,0.0289532293986636,0.354120267260579,0.8841870824053453,-0.4164810690423162,0.0452779225702506,32.87383270263672,0.3006681514476614,0.2302158273381295,0.0539568345323741,-0.17985611510791366,0.2841726618705036
O67786,AcidophileMPNN_020,0,Bacteria,Top,223,111.90215919282512,6.074746894836425,-2.95042852850462,0.1210762331838565,0.1345291479820627,-0.1829596412556054,0.0896860986547085,47.295964125560545,0.0627802690582959,0.2690582959641255,0.8295964125560538,0.1479820627802691,0.1788143411933829,17.45102882385254,0.3004484304932735,0.15517241379310345,0.20689655172413793,0.008620689655172414,0.3620689655172414
O67786,AcidophileMPNN_020,1,Bacteria,Top,223,111.06292152466368,8.72839069366455,1.8810980813892115,0.1210762331838565,0.147982062780269,-0.1488789237668161,0.0941704035874439,33.00179372197308,0.0582959641255605,0.2869955156950672,0.8834080717488789,0.1928251121076233,0.0801586139904991,18.94427490234375,0.3004484304932735,0.18248175182481752,0.22627737226277372,0.029197080291970802,0.40875912408759124
O67786,AcidophileMPNN_020,2,Bacteria,Top,223,112.49079596412555,6.329385566711426,-1.923145825972835,0.1434977578475336,0.1614349775784753,-0.1753363228699552,0.085201793721973,46.09058295964124,0.0538116591928251,0.2645739910313901,0.852017937219731,0.2242152466367712,0.1048467350574359,18.615337371826172,0.3004484304932735,0.2,0.272,0.032,0.47200000000000003
O67786,AcidophileMPNN_020,3,Bacteria,Top,223,110.69104529147982,9.064206504821776,2.86372772731168,0.0941704035874439,0.1255605381165919,-0.068609865470852,0.0807174887892376,47.059641255605385,0.0627802690582959,0.273542600896861,0.8923766816143498,0.1838565022421524,0.1912892376681614,18.35858154296875,0.3004484304932735,0.13114754098360656,0.22131147540983606,0.05737704918032787,0.3524590163934426
O67786,AcidophileMPNN_020,4,Bacteria,Top,223,113.75666143497756,7.852910041809082,0.949177433149952,0.1031390134529147,0.1300448430493273,-0.2403587443946188,0.1031390134529147,46.36726457399103,0.0627802690582959,0.2331838565022421,0.7982062780269058,0.4035874439461883,0.0992469752094085,18.622520446777344,0.3004484304932735,0.1267605633802817,0.18309859154929578,0.035211267605633804,0.3098591549295775
O67786,AcidophileMPNN_020,5,Bacteria,Top,223,111.31445829596412,5.607644081115722,-4.117852918111783,0.1210762331838565,0.1210762331838565,-0.1121076233183856,0.0941704035874439,31.67668161434978,0.0627802690582959,0.2690582959641255,0.8385650224215246,0.3542600896860985,0.0838474734402744,18.433820724487305,0.3004484304932735,0.16312056737588654,0.1702127659574468,0.0,0.33333333333333337
O67786,AcidophileMPNN_020,6,Bacteria,Top,223,111.05087533632287,9.044543647766112,2.871016994036218,0.1076233183856502,0.1390134529147982,-0.0022421524663677,0.0896860986547085,47.33452914798206,0.0582959641255605,0.2690582959641255,0.8744394618834082,0.1479820627802691,0.1090991655787024,18.222965240478516,0.3004484304932735,0.14960629921259844,0.23622047244094488,0.05511811023622047,0.3858267716535433
O67786,AcidophileMPNN_020,7,Bacteria,Top,223,110.7936,6.918635368347168,-0.1236056018990474,0.1076233183856502,0.1255605381165919,-0.1080717488789237,0.085201793721973,35.1201793721973,0.0538116591928251,0.2869955156950672,0.8699551569506727,0.2869955156950672,0.1226965163911044,18.985652923583984,0.3004484304932735,0.15966386554621848,0.20168067226890757,0.025210084033613446,0.36134453781512604
Q980U8,AcidophileMPNN_020,0,Archaea,Top,349,105.15164813753582,8.643034553527833,1.9820351591468963,0.1088825214899713,0.1289398280802292,0.2022922636103151,0.0401146131805157,24.507449856733523,0.0458452722063037,0.3638968481375358,0.8939828080229226,0.487106017191977,0.0266162909619562,32.90740203857422,0.3008595988538682,0.12025316455696203,0.14240506329113925,0.006329113924050633,0.2626582278481013
Q980U8,AcidophileMPNN_020,1,Archaea,Top,349,108.34735959885388,9.442378044128418,5.0864827230211205,0.1174785100286533,0.1489971346704871,0.0100286532951289,0.0429799426934097,32.431232091690546,0.0429799426934097,0.3123209169054441,0.8825214899713467,0.4126074498567336,0.0246328327757692,26.570362091064453,0.3008595988538682,0.13442622950819672,0.17049180327868851,0.01639344262295082,0.30491803278688523
Q980U8,AcidophileMPNN_020,2,Archaea,Top,349,107.51722435530084,8.728970909118651,1.9888016255161032,0.1117478510028653,0.1318051575931232,-0.0375358166189111,0.0429799426934097,39.31461318051576,0.0458452722063037,0.326647564469914,0.8882521489971347,0.5673352435530086,0.0184513696951255,26.659114837646484,0.3008595988538682,0.11280487804878049,0.1402439024390244,0.012195121951219513,0.2530487804878049
Q980U8,AcidophileMPNN_020,3,Archaea,Top,349,106.75795845272208,7.04407901763916,0.0807082782930237,0.1060171919770773,0.1232091690544412,0.0891117478510028,0.0372492836676217,31.83123209169054,0.0458452722063037,0.326647564469914,0.9111747851002864,0.4412607449856733,0.0578950061399918,25.64206314086914,0.3008595988538682,0.11787072243346007,0.1634980988593156,0.022813688212927757,0.2813688212927757
Q980U8,AcidophileMPNN_020,4,Archaea,Top,349,107.73491833810888,6.550205039978027,-1.00552402780977,0.1146131805157593,0.1260744985673352,-0.0610315186246418,0.0429799426934097,29.56217765042981,0.0458452722063037,0.32378223495702,0.7306590257879656,0.4212034383954154,0.1029222185687966,21.641681671142575,0.3008595988538682,0.15384615384615385,0.17094017094017094,0.008547008547008548,0.3247863247863248
Q980U8,AcidophileMPNN_020,5,Archaea,Top,349,107.66998681948424,10.456014442443848,10.98616824734158,0.0945558739255014,0.1404011461318051,0.019484240687679,0.0487106017191977,42.51776504297993,0.0515759312320916,0.335243553008596,0.853868194842407,0.332378223495702,0.0379002307374881,25.358482360839844,0.3008595988538682,0.12062256809338522,0.19066147859922178,0.05058365758754864,0.311284046692607
Q980U8,AcidophileMPNN_020,6,Archaea,Top,349,107.46923896848138,8.902004051208497,3.07421366941864,0.1146131805157593,0.1404011461318051,-1.4951427552258556e-17,0.0401146131805157,35.63295128939828,0.0487106017191977,0.3237822349570201,0.830945558739255,0.5214899713467048,0.0608048238800474,22.347816467285156,0.3008595988538682,0.14566929133858267,0.1732283464566929,0.011811023622047244,0.3188976377952756
Q980U8,AcidophileMPNN_020,7,Archaea,Top,349,106.67111805157596,6.253619194030762,-2.0038343267764063,0.1146131805157593,0.1232091690544412,0.0656160458452722,0.0429799426934097,35.8404011461318,0.0487106017191977,0.3381088825214899,0.8080229226361031,0.4641833810888252,0.0328519958012993,25.34485244750977,0.3008595988538682,0.13454545454545455,0.14909090909090908,0.0,0.28363636363636363
O58832,AcidophileMPNN_020,0,Archaea,Top,342,108.139568128655,9.335038185119632,8.877251928603428,0.1052631578947368,0.1432748538011696,0.0143274853801169,0.0643274853801169,30.073391812865488,0.0584795321637426,0.2894736842105263,0.9269005847953216,-0.1900584795321637,0.0873707690388665,22.490787506103516,0.3011695906432748,0.13966480446927373,0.25139664804469275,0.0893854748603352,0.3910614525139665
O58832,AcidophileMPNN_020,1,Archaea,Top,342,106.4642529239766,7.883081245422363,0.9100969214373648,0.1140350877192982,0.1286549707602339,0.1277777777777777,0.0584795321637426,33.15994152046781,0.0760233918128654,0.3099415204678362,0.868421052631579,-0.0847953216374269,0.0916884589670026,22.378801345825195,0.3011695906432748,0.16842105263157894,0.21578947368421053,0.02631578947368421,0.38421052631578945
O58832,AcidophileMPNN_020,2,Archaea,Top,342,107.12874678362572,9.184504508972168,4.981886716379314,0.1052631578947368,0.1345029239766082,0.071345029239766,0.067251461988304,36.56929824561402,0.0730994152046783,0.3128654970760234,0.8830409356725146,0.0,0.0965987576201229,22.57181930541992,0.3011695906432748,0.13114754098360656,0.22404371584699453,0.07103825136612021,0.3551912568306011
O58832,AcidophileMPNN_020,3,Archaea,Top,342,106.89189502923976,8.957898139953613,2.9889814835131645,0.1081871345029239,0.131578947368421,0.1619883040935672,0.0614035087719298,33.25321637426898,0.0701754385964912,0.3070175438596491,0.8567251461988303,-0.1491228070175438,0.0823240629984051,22.707584381103516,0.3011695906432748,0.16042780748663102,0.21390374331550802,0.03208556149732621,0.37433155080213903
O58832,AcidophileMPNN_020,4,Archaea,Top,342,107.62043333333337,9.316664695739746,4.996662169998423,0.1169590643274853,0.1461988304093567,-0.0023391812865497,0.0555555555555555,30.91315789473683,0.0730994152046783,0.2953216374269006,0.8654970760233918,-0.1578947368421052,0.0919559839631493,22.408456802368164,0.3011695906432748,0.17511520737327188,0.22119815668202766,0.02304147465437788,0.39631336405529954
O58832,AcidophileMPNN_020,5,Archaea,Top,342,107.88036286549703,6.563675880432128,-1.0094270194641195,0.1169590643274853,0.1286549707602339,0.023391812865497,0.067251461988304,35.76464912280701,0.067251461988304,0.3040935672514619,0.8771929824561403,-0.0701754385964912,0.0872437870711014,22.740921020507812,0.3011695906432748,0.1657754010695187,0.19786096256684493,0.0106951871657754,0.36363636363636365
O58832,AcidophileMPNN_020,6,Archaea,Top,342,107.01759736842104,6.494275474548339,-1.091268584936934,0.1228070175438596,0.131578947368421,0.0961988304093567,0.0584795321637426,33.26637426900584,0.067251461988304,0.3011695906432748,0.8538011695906433,-0.0526315789473684,0.0850226136267326,21.00044631958008,0.3011695906432748,0.1871345029239766,0.2222222222222222,0.017543859649122806,0.4093567251461988
O58832,AcidophileMPNN_020,7,Archaea,Top,342,107.46171315789474,6.490467262268066,-1.0892829205031802,0.1257309941520467,0.1345029239766081,-0.0040935672514619,0.0555555555555555,32.96081871345029,0.0701754385964912,0.3011695906432748,0.8771929824561404,-0.1929824561403508,0.0807609741653712,22.368865966796875,0.3011695906432748,0.20207253886010362,0.21761658031088082,0.0,0.41968911917098445
Q9Z9J6,AcidophileMPNN_020,0,Bacteria,Top,62,112.63199838709676,11.408083534240724,3.602723707542661,0.1129032258064516,0.1935483870967742,-0.0032258064516129,0.0,41.375806451612895,0.0483870967741935,0.2258064516129032,0.935483870967742,0.7419354838709677,0.0937152391546162,11.641439437866213,0.3064516129032258,0.14285714285714285,0.20408163265306123,0.04081632653061224,0.3469387755102041
Q9Z9J6,AcidophileMPNN_020,1,Bacteria,Top,62,108.1411129032258,6.527583122253417,-0.405814220200754,0.0806451612903225,0.0967741935483871,0.2209677419354838,0.0161290322580645,39.30322580645161,0.0483870967741935,0.2419354838709677,0.9516129032258064,-0.0806451612903225,0.4550691244239631,10.689736366271973,0.3064516129032258,0.09523809523809523,0.14285714285714285,0.023809523809523808,0.23809523809523808
Q9Z9J6,AcidophileMPNN_020,2,Bacteria,Top,62,112.24067903225806,9.94768123626709,1.684428731491674,0.0967741935483871,0.1612903225806451,-0.2290322580645161,0.0161290322580645,33.82741935483871,0.032258064516129,0.2258064516129032,0.9677419354838708,0.8709677419354839,0.1623801220575414,11.236871719360352,0.3064516129032258,0.1276595744680851,0.2127659574468085,0.0425531914893617,0.3404255319148936
Q9Z9J6,AcidophileMPNN_020,3,Bacteria,Top,62,113.64688548387096,11.324210166931152,2.5978798999571584,0.064516129032258,0.1290322580645161,-0.2193548387096774,0.0,53.01935483870966,0.0161290322580645,0.1935483870967742,0.7741935483870968,0.1290322580645161,0.2889969067609368,12.665696144104004,0.3064516129032258,0.08163265306122448,0.12244897959183673,0.02040816326530612,0.20408163265306123
Q9Z9J6,AcidophileMPNN_020,4,Bacteria,Top,62,112.4531112903226,11.531153678894045,3.5943123214230317,0.064516129032258,0.1451612903225806,0.1080645161290322,0.0161290322580645,44.440322580645166,0.032258064516129,0.2096774193548387,0.8548387096774194,-0.1129032258064516,0.4616935483870967,10.503989219665527,0.3064516129032258,0.09523809523809523,0.21428571428571427,0.09523809523809523,0.30952380952380953
Q9Z9J6,AcidophileMPNN_020,5,Bacteria,Top,62,110.82104677419356,11.999967765808105,4.592500860448823,0.0483870967741935,0.1451612903225806,-0.0741935483870967,0.0,39.51129032258064,0.032258064516129,0.2741935483870967,0.9516129032258064,0.7580645161290323,0.1174395161290322,11.34952449798584,0.3064516129032258,0.061224489795918366,0.16326530612244897,0.08163265306122448,0.22448979591836732
Q9Z9J6,AcidophileMPNN_020,6,Bacteria,Top,62,113.8255806451613,5.739567375183106,-1.3907664921091565,0.1451612903225806,0.1451612903225806,0.0419354838709677,0.0161290322580645,43.40483870967742,0.032258064516129,0.1935483870967742,0.9516129032258064,-0.0806451612903225,0.4362836576912823,10.733708381652832,0.3064516129032258,0.2,0.225,0.0,0.42500000000000004
Q9Z9J6,AcidophileMPNN_020,7,Bacteria,Top,62,109.6427306451613,5.22363986968994,-1.483819905774796,0.1129032258064516,0.0967741935483871,-0.0290322580645161,0.0,35.36774193548387,0.0483870967741935,0.2258064516129032,0.967741935483871,-0.096774193548387,0.4308755760368664,10.599028587341309,0.3064516129032258,0.17073170731707318,0.12195121951219512,-0.04878048780487805,0.29268292682926833
P02819,AcidophileMPNN_020,0,Eukaryota,Bottom,49,101.07551428571428,8.93842868804932,1.5689294168785963,0.0408163265306122,0.1020408163265306,0.3469387755102041,0.1020408163265306,68.28571428571428,0.1428571428571428,0.4081632653061224,0.7346938775510204,0.4897959183673469,0.1340007701193685,12.996664047241213,0.3061224489795918,0.05,0.125,0.05,0.175
P02819,AcidophileMPNN_020,1,Eukaryota,Bottom,49,108.77576326530613,7.8592924118042,0.5732707008971278,0.1020408163265306,0.1428571428571428,-0.2265306122448979,0.1224489795918367,39.51428571428571,0.1428571428571428,0.2857142857142857,0.7346938775510203,0.4081632653061224,0.1687722708130871,13.82268524169922,0.3061224489795918,0.10526315789473684,0.15789473684210525,0.05263157894736842,0.2631578947368421
P02819,AcidophileMPNN_020,2,Eukaryota,Bottom,49,105.60931428571428,7.82357692718506,0.4884769137102713,0.1020408163265306,0.1224489795918367,-0.1204081632653061,0.1020408163265306,55.68367346938775,0.1428571428571428,0.3469387755102041,0.7346938775510204,0.4897959183673469,0.1269016697588126,14.3388032913208,0.3061224489795918,0.1282051282051282,0.15384615384615385,0.02564102564102564,0.28205128205128205
P02819,AcidophileMPNN_020,3,Eukaryota,Bottom,49,109.79723469387754,5.595935249328612,-1.4198387351285646,0.1224489795918367,0.1224489795918367,-0.2142857142857143,0.1428571428571428,45.86326530612245,0.1428571428571428,0.2857142857142857,0.7551020408163265,0.4693877551020408,0.148391560013836,14.285497665405272,0.3061224489795918,0.10526315789473684,0.13157894736842105,0.02631578947368421,0.23684210526315788
P02819,AcidophileMPNN_020,4,Eukaryota,Bottom,49,109.02172244897956,8.936365699768071,1.4873561527704269,0.0816326530612245,0.1224489795918367,-0.1653061224489796,0.163265306122449,56.55714285714284,0.1428571428571428,0.326530612244898,0.8571428571428572,0.3673469387755102,0.1266846361185983,14.042558670043944,0.3061224489795918,0.10256410256410256,0.15384615384615385,0.05128205128205128,0.2564102564102564
P02819,AcidophileMPNN_020,5,Eukaryota,Bottom,49,105.22233061224487,8.883759498596195,1.4835566896982169,0.0612244897959183,0.1020408163265306,0.1285714285714285,0.1428571428571428,58.64510204081631,0.1428571428571428,0.3673469387755103,0.7346938775510204,0.4897959183673469,0.1342642320085929,13.234776496887209,0.3061224489795918,0.07692307692307693,0.1282051282051282,0.05128205128205128,0.20512820512820512
P02819,AcidophileMPNN_020,6,Eukaryota,Bottom,49,110.98522244897958,8.936365699768071,1.4856664517370612,0.0816326530612245,0.1224489795918367,-0.0020408163265306,0.1428571428571428,41.45102040816327,0.1428571428571428,0.2448979591836735,0.7346938775510203,0.3673469387755101,0.1688046647230321,10.72714900970459,0.3061224489795918,0.08333333333333333,0.1388888888888889,0.05555555555555555,0.2222222222222222
P02819,AcidophileMPNN_020,7,Eukaryota,Bottom,49,103.21860612244896,8.936945915222172,1.4828659896638523,0.0612244897959183,0.1020408163265306,0.0040816326530612,0.1224489795918367,44.87551020408163,0.1428571428571428,0.4285714285714286,0.7346938775510204,0.4897959183673469,0.1505102040816326,13.438416481018066,0.3061224489795918,0.025,0.125,0.1,0.15
Q4R312,AcidophileMPNN_020,0,Eukaryota,Bottom,82,103.89833048780488,7.675332832336427,0.5493709565622638,0.048780487804878,0.073170731707317,0.3560975609756097,0.0975609756097561,31.447560975609743,0.073170731707317,0.426829268292683,0.6097560975609756,-0.2926829268292683,0.2210624224886316,15.70900058746338,0.3048780487804878,0.05084745762711865,0.1016949152542373,0.03389830508474576,0.15254237288135594
Q4R312,AcidophileMPNN_020,1,Eukaryota,Bottom,82,105.24390975609758,6.510417747497558,-0.4489841236873175,0.073170731707317,0.0853658536585365,0.3585365853658536,0.0853658536585365,40.57451219512195,0.0975609756097561,0.3414634146341463,0.6585365853658537,-0.4634146341463415,0.2246361959417913,15.362285614013672,0.3048780487804878,0.05084745762711865,0.11864406779661017,0.05084745762711865,0.1694915254237288
Q4R312,AcidophileMPNN_020,2,Eukaryota,Bottom,82,101.75037439024392,6.492627143859862,-0.4506190435377357,0.048780487804878,0.0609756097560975,0.6,0.0853658536585365,42.85987804878047,0.073170731707317,0.4268292682926829,0.7804878048780488,-0.1219512195121951,0.2084827833572453,13.95333480834961,0.3048780487804878,0.03278688524590164,0.08196721311475409,0.03278688524590164,0.11475409836065573
Q4R312,AcidophileMPNN_020,3,Eukaryota,Bottom,82,102.1058280487805,7.658792686462403,0.5475047144051057,0.0609756097560975,0.0853658536585365,0.5182926829268293,0.0853658536585365,26.16829268292683,0.0853658536585365,0.4024390243902439,0.573170731707317,-0.2560975609756097,0.2626272325715383,14.319745063781738,0.3048780487804878,0.047619047619047616,0.1111111111111111,0.047619047619047616,0.15873015873015872
Q4R312,AcidophileMPNN_020,4,Eukaryota,Bottom,82,103.70291341463414,6.504506492614746,-0.4516828256196863,0.073170731707317,0.0853658536585365,0.1463414634146341,0.0853658536585365,27.58414634146341,0.0853658536585365,0.3902439024390244,0.5975609756097561,-0.3780487804878049,0.2115993297337553,14.3228759765625,0.3048780487804878,0.06896551724137931,0.1206896551724138,0.034482758620689655,0.1896551724137931
Q4R312,AcidophileMPNN_020,5,Eukaryota,Bottom,82,106.07097073170732,4.465578269958496,-4.444632839768784,0.1097560975609756,0.073170731707317,0.2097560975609756,0.0975609756097561,41.30731707317072,0.073170731707317,0.3658536585365853,0.6463414634146342,-0.3292682926829268,0.2292682926829268,13.766519546508787,0.3048780487804878,0.10909090909090909,0.07272727272727272,-0.05454545454545454,0.18181818181818182
Q4R312,AcidophileMPNN_020,6,Eukaryota,Bottom,82,102.59259512195122,5.515337562561034,-1.447575061582838,0.0853658536585365,0.0853658536585365,0.498780487804878,0.0853658536585365,42.00365853658535,0.073170731707317,0.4024390243902438,0.6707317073170732,-0.3292682926829268,0.2415836482308485,14.77938461303711,0.3048780487804878,0.08333333333333333,0.11666666666666667,0.016666666666666666,0.2
Q4R312,AcidophileMPNN_020,7,Eukaryota,Bottom,82,103.64236097560976,4.531056785583496,-3.448544062881836,0.0853658536585365,0.0609756097560975,0.3768292682926829,0.0975609756097561,39.01829268292682,0.1097560975609756,0.3536585365853658,0.6951219512195123,-0.3780487804878049,0.2309899569583931,15.95936393737793,0.3048780487804878,0.1,0.08333333333333333,-0.03333333333333333,0.18333333333333335
Q54FJ9,AcidophileMPNN_020,0,Eukaryota,Bottom,306,103.29848431372548,9.793214988708492,7.221757748801451,0.088235294117647,0.1372549019607843,0.2977124183006536,0.0326797385620915,29.07320261437908,0.0686274509803921,0.3627450980392157,0.8333333333333333,0.1862745098039215,0.0778659611992945,20.736366271972656,0.3006535947712418,0.10365853658536585,0.23780487804878048,0.0975609756097561,0.3414634146341463
Q54FJ9,AcidophileMPNN_020,1,Eukaryota,Bottom,306,103.61925620915034,9.468681144714356,4.9659778679249555,0.0980392156862745,0.130718954248366,0.3055555555555556,0.0359477124183006,31.85915032679738,0.0686274509803921,0.3496732026143791,0.8660130718954249,0.2581699346405229,0.080702170092609,22.524484634399418,0.3006535947712418,0.11320754716981132,0.22641509433962265,0.0880503144654088,0.339622641509434
Q54FJ9,AcidophileMPNN_020,2,Eukaryota,Bottom,306,103.39043790849674,9.680975532531736,7.043109306339691,0.0947712418300653,0.1372549019607843,0.3052287581699346,0.0294117647058823,31.360130718954245,0.0718954248366013,0.3529411764705882,0.8398692810457516,0.2254901960784313,0.0820486656922497,20.2087345123291,0.3006535947712418,0.11486486486486487,0.25675675675675674,0.10810810810810811,0.3716216216216216
Q54FJ9,AcidophileMPNN_020,3,Eukaryota,Bottom,306,102.63368267973856,9.062336921691896,2.874323516463793,0.0947712418300653,0.1176470588235294,0.2800653594771242,0.0359477124183006,21.93660130718954,0.0686274509803921,0.3660130718954248,0.8660130718954249,0.1797385620915033,0.0725524178475549,23.492918014526367,0.3006535947712418,0.11458333333333333,0.18229166666666666,0.046875,0.296875
Q54FJ9,AcidophileMPNN_020,4,Eukaryota,Bottom,306,103.25856928104577,9.387322044372556,6.126449250139125,0.0980392156862745,0.1405228758169934,0.168954248366013,0.0326797385620915,23.981699346405215,0.065359477124183,0.3627450980392157,0.8921568627450981,0.218954248366013,0.0929394812680115,18.663013458251953,0.3006535947712418,0.14838709677419354,0.23225806451612904,0.06451612903225806,0.38064516129032255
Q54FJ9,AcidophileMPNN_020,5,Eukaryota,Bottom,306,103.14111895424836,9.704442024230955,7.048800772261007,0.088235294117647,0.130718954248366,0.230392156862745,0.0359477124183006,29.833986928104576,0.0718954248366013,0.3627450980392157,0.8627450980392157,0.1699346405228758,0.0815779773624259,19.304624557495117,0.3006535947712418,0.1366906474820144,0.26618705035971224,0.10071942446043165,0.40287769784172667
Q54FJ9,AcidophileMPNN_020,6,Eukaryota,Bottom,306,102.96460620915032,9.35199337005615,4.945985790572951,0.088235294117647,0.1209150326797385,0.3032679738562091,0.0359477124183006,26.78627450980391,0.065359477124183,0.3594771241830066,0.911764705882353,0.1339869281045752,0.0757620695336958,22.34829330444336,0.3006535947712418,0.096045197740113,0.20903954802259886,0.0847457627118644,0.30508474576271183
Q54FJ9,AcidophileMPNN_020,7,Eukaryota,Bottom,306,103.81838202614378,10.127612495422362,8.954970898469046,0.088235294117647,0.1339869281045751,0.2068627450980392,0.0326797385620915,38.88660130718953,0.0718954248366013,0.3594771241830065,0.8823529411764706,0.196078431372549,0.0888404744613895,20.29118537902832,0.3006535947712418,0.10365853658536585,0.22560975609756098,0.10365853658536585,0.32926829268292684
Q54JL0,AcidophileMPNN_020,0,Eukaryota,Bottom,633,110.8363214849921,8.949581718444826,5.942274408323094,0.0963665086887835,0.1295418641390205,-0.0962085308056872,0.0868878357030015,39.06496050552928,0.0679304897314376,0.2922590837282781,0.7867298578199052,0.0695102685624012,0.0309619290661944,35.174415588378906,0.3001579778830964,0.10780669144981413,0.14869888475836432,0.011152416356877323,0.25650557620817843
Q54JL0,AcidophileMPNN_020,1,Eukaryota,Bottom,633,110.71151674565562,6.986955833435059,-0.0519664712066259,0.1121642969984202,0.1358609794628752,-0.1279620853080569,0.0726698262243286,40.61407582938395,0.0663507109004739,0.278041074249605,0.8815165876777251,0.0094786729857819,0.0287646446289499,34.88360595703125,0.3001579778830964,0.12598425196850394,0.1594488188976378,0.001968503937007874,0.2854330708661417
Q54JL0,AcidophileMPNN_020,2,Eukaryota,Bottom,633,110.82235197472356,8.349187660217286,2.864520607087144,0.1011058451816745,0.1279620853080569,-0.0862559241706161,0.0789889415481832,38.597187993680954,0.0695102685624012,0.2796208530805687,0.8593996840442337,-0.0252764612954186,0.0315837134490783,35.269691467285156,0.3001579778830964,0.11023622047244094,0.1515748031496063,0.011811023622047244,0.2618110236220472
Q54JL0,AcidophileMPNN_020,3,Eukaryota,Bottom,633,109.98305039494473,8.918701362609863,4.351005426944141,0.0995260663507109,0.1200631911532385,0.0033175355450236,0.0695102685624012,39.588783570300194,0.0695102685624012,0.2859399684044234,0.8688783570300158,0.0758293838862559,0.0331587698457124,34.8073844909668,0.3001579778830964,0.11359404096834265,0.13966480446927373,0.00931098696461825,0.2532588454376164
Q54JL0,AcidophileMPNN_020,4,Eukaryota,Bottom,633,111.11248404423382,9.26541233062744,12.574347792084223,0.1026856240126382,0.1406003159557662,-0.1690363349131121,0.0774091627172195,35.3342812006319,0.0679304897314376,0.2622432859399684,0.8199052132701421,-0.0900473933649289,0.0323793832779802,36.44186019897461,0.3001579778830964,0.1271186440677966,0.18008474576271186,0.02754237288135593,0.30720338983050843
Q54JL0,AcidophileMPNN_020,5,Eukaryota,Bottom,633,111.02841042654028,9.276694297790527,10.947335709198144,0.1042654028436019,0.1453396524486572,-0.1028436018957346,0.0837282780410742,40.97823064770937,0.0663507109004739,0.2796208530805687,0.8420221169036335,-0.004739336492891,0.0423855052352224,31.428194046020508,0.3001579778830964,0.1165644171779141,0.17995910020449898,0.032719836400818,0.2965235173824131
Q54JL0,AcidophileMPNN_020,6,Eukaryota,Bottom,633,111.49260695102686,9.02965145111084,6.776672698056089,0.1058451816745655,0.1374407582938388,-0.1881516587677725,0.0789889415481832,39.61802527646133,0.0647709320695102,0.2748815165876777,0.8846761453396524,0.0221169036334912,0.0316553075007569,34.50324630737305,0.3001579778830964,0.12065439672801637,0.17177914110429449,0.022494887525562373,0.29243353783231085
Q54JL0,AcidophileMPNN_020,7,Eukaryota,Bottom,633,110.93013870458138,8.267441749572757,3.0454863245337407,0.1153238546603475,0.1453396524486572,-0.1507109004739336,0.0726698262243286,31.386097946287492,0.0647709320695102,0.2701421800947867,0.8262243285939967,0.0110584518167456,0.0370018906735208,32.73988723754883,0.3001579778830964,0.14437367303609341,0.18895966029723993,0.008492569002123142,0.33333333333333337
Q69NP0,AcidophileMPNN_020,0,Eukaryota,Bottom,93,111.0636387096774,9.487312507629394,4.587913332551299,0.1182795698924731,0.1827956989247311,-0.164516129032258,0.0967741935483871,34.13763440860213,0.053763440860215,0.2150537634408602,0.7956989247311828,-0.1935483870967742,0.3227785473975856,13.223204612731934,0.3010752688172043,0.1746031746031746,0.23809523809523808,0.047619047619047616,0.4126984126984127
Q69NP0,AcidophileMPNN_020,1,Eukaryota,Bottom,93,110.63018924731182,6.81984920501709,-0.2300098026292065,0.0967741935483871,0.1290322580645161,-0.0526881720430107,0.0967741935483871,31.527956989247304,0.043010752688172,0.2688172043010752,0.7311827956989247,-0.1075268817204301,0.3873177198409191,13.099493980407717,0.3010752688172043,0.12121212121212122,0.16666666666666666,0.0,0.28787878787878785
Q69NP0,AcidophileMPNN_020,2,Eukaryota,Bottom,93,110.27536774193548,5.646806144714356,-1.4062244212955388,0.1075268817204301,0.1075268817204301,-0.0516129032258064,0.0967741935483871,38.33440860215052,0.064516129032258,0.2473118279569892,0.7956989247311828,-0.1935483870967742,0.3145318493366031,13.086395263671877,0.3010752688172043,0.16666666666666666,0.15,-0.03333333333333333,0.31666666666666665
Q69NP0,AcidophileMPNN_020,3,Eukaryota,Bottom,93,110.2760247311828,9.895784187316895,4.759008988606836,0.043010752688172,0.1290322580645161,-0.0516129032258064,0.0967741935483871,50.59354838709676,0.053763440860215,0.2795698924731182,0.8064516129032258,-0.2473118279569892,0.3149905123339658,13.021798133850098,0.3010752688172043,0.05084745762711865,0.2033898305084746,0.1016949152542373,0.2542372881355932
Q69NP0,AcidophileMPNN_020,4,Eukaryota,Bottom,93,110.30859462365592,9.52289905548096,4.666554374745415,0.075268817204301,0.1505376344086021,-0.2247311827956989,0.0967741935483871,37.63763440860215,0.043010752688172,0.2580645161290322,0.7634408602150538,-0.2688172043010752,0.2337232659813305,12.639365196228027,0.3010752688172043,0.08620689655172414,0.2413793103448276,0.1206896551724138,0.3275862068965517
Q69NP0,AcidophileMPNN_020,5,Eukaryota,Bottom,93,111.9687193548387,9.574280357360838,6.490722155148813,0.086021505376344,0.1612903225806451,-0.2021505376344086,0.1182795698924731,21.952688172043008,0.043010752688172,0.2258064516129032,0.7956989247311828,-0.2580645161290322,0.343469982078853,13.21913242340088,0.3010752688172043,0.11666666666666667,0.25,0.13333333333333333,0.3666666666666667
Q69NP0,AcidophileMPNN_020,6,Eukaryota,Bottom,93,112.48308602150536,7.9001653671264656,0.5928435564633556,0.1397849462365591,0.1612903225806451,-0.3838709677419355,0.0967741935483871,24.90322580645161,0.064516129032258,0.1935483870967742,0.6989247311827957,-0.053763440860215,0.3215837071850744,13.9395112991333,0.3010752688172043,0.17647058823529413,0.22058823529411764,0.029411764705882353,0.3970588235294118
Q69NP0,AcidophileMPNN_020,7,Eukaryota,Bottom,93,109.70499677419352,7.90596752166748,0.6734178195725224,0.1182795698924731,0.1505376344086021,-0.0956989247311827,0.1075268817204301,19.802150537634404,0.043010752688172,0.2365591397849462,0.6989247311827957,-0.2258064516129032,0.2991888322957932,12.64763069152832,0.3010752688172043,0.1724137931034483,0.2413793103448276,0.034482758620689655,0.4137931034482759
P0A7R6,AcidophileMPNN_020,0,Bacteria,Neutral,103,109.55229223300972,11.324210166931152,2.5043476709952364,0.029126213592233,0.058252427184466,-0.0019417475728155,0.029126213592233,53.46213592233009,0.058252427184466,0.3398058252427184,0.8543689320388349,-0.2524271844660194,0.421322586554314,16.624481201171875,0.3009708737864077,0.043478260869565216,0.08695652173913043,0.043478260869565216,0.13043478260869565
P0A7R6,AcidophileMPNN_020,1,Bacteria,Neutral,103,110.07749029126214,11.30106601715088,1.5953313222220349,0.0388349514563106,0.0679611650485436,0.0485436893203883,0.0194174757281553,63.04077669902912,0.058252427184466,0.3009708737864077,0.9805825242718448,-0.0679611650485436,0.2658541623631481,12.140419006347656,0.3009708737864077,0.037037037037037035,0.12962962962962962,0.07407407407407407,0.16666666666666666
P0A7R6,AcidophileMPNN_020,2,Bacteria,Neutral,103,114.70430194174756,10.915416145324706,3.53659057049582,0.1262135922330097,0.1650485436893204,-0.3563106796116505,0.029126213592233,55.525242718446584,0.058252427184466,0.2815533980582524,0.854368932038835,-0.0776699029126213,0.4351529584172925,15.935665130615234,0.3009708737864077,0.15384615384615385,0.24615384615384617,0.09230769230769231,0.4
P0A7R6,AcidophileMPNN_020,3,Bacteria,Neutral,103,110.4361563106796,11.703155326843262,4.59430232152303,0.0388349514563106,0.0970873786407767,-0.216504854368932,0.0194174757281553,54.20582524271844,0.058252427184466,0.3203883495145631,0.6990291262135921,-0.0970873786407767,0.4536163887211409,15.502359390258787,0.3009708737864077,0.04477611940298507,0.14925373134328357,0.08955223880597014,0.19402985074626863
P0A7R6,AcidophileMPNN_020,4,Bacteria,Neutral,103,107.67667572815532,11.579118156433108,4.691577596930613,0.0679611650485436,0.1359223300970874,0.0961165048543689,0.029126213592233,48.01650485436892,0.058252427184466,0.4271844660194175,0.970873786407767,-0.0776699029126213,0.2774358529819695,12.34835147857666,0.3009708737864077,0.07142857142857142,0.23214285714285715,0.125,0.3035714285714286
P0A7R6,AcidophileMPNN_020,5,Bacteria,Neutral,103,112.14808252427184,11.363213539123535,3.617715019007708,0.116504854368932,0.1650485436893204,-0.1621359223300971,0.029126213592233,63.77961165048542,0.058252427184466,0.3495145631067961,0.883495145631068,-0.029126213592233,0.4394728202241921,15.407079696655272,0.3009708737864077,0.15151515151515152,0.24242424242424243,0.09090909090909091,0.3939393939393939
P0A7R6,AcidophileMPNN_020,6,Bacteria,Neutral,103,110.14488252427184,8.362726020812989,0.5916636189906699,0.0388349514563106,0.058252427184466,-0.129126213592233,0.0194174757281553,47.683495145631056,0.058252427184466,0.3203883495145631,0.9611650485436892,-0.1844660194174757,0.2834787595756011,12.21829891204834,0.3009708737864077,0.0392156862745098,0.09803921568627451,0.0392156862745098,0.13725490196078433
P0A7R6,AcidophileMPNN_020,7,Bacteria,Neutral,103,108.80393883495144,8.485409355163576,0.5219175598954102,0.0776699029126213,0.087378640776699,0.0194174757281553,0.0194174757281553,57.033980582524265,0.058252427184466,0.3495145631067961,0.8932038834951457,-0.116504854368932,0.4267490966084722,16.349613189697266,0.3009708737864077,0.09090909090909091,0.13636363636363635,0.045454545454545456,0.22727272727272727
P60724,AcidophileMPNN_020,0,Bacteria,Neutral,201,105.47918258706468,10.301290321350097,3.7829711692735857,0.0746268656716417,0.1094527363184079,0.1955223880597014,0.0199004975124378,45.24328358208954,0.0696517412935323,0.3283582089552238,0.791044776119403,0.2139303482587065,0.1445281429841388,19.076133728027344,0.2985074626865671,0.0962962962962963,0.14814814814814814,0.02962962962962963,0.24444444444444444
P60724,AcidophileMPNN_020,1,Bacteria,Neutral,201,104.92160646766168,9.547912788391113,5.763750326744031,0.0945273631840796,0.1393034825870646,0.0845771144278607,0.0248756218905472,52.433830845771126,0.0796019900497512,0.3383084577114428,0.8208955223880597,0.0945273631840796,0.1353406129525532,22.80790328979492,0.2985074626865671,0.10625,0.1625,0.04375,0.26875
P60724,AcidophileMPNN_020,2,Bacteria,Neutral,201,106.46495472636816,9.638039588928224,4.700878281694035,0.099502487562189,0.1343283582089552,-0.035820895522388,0.0298507462686567,42.24328358208955,0.0746268656716418,0.3233830845771144,0.8109452736318408,0.0149253731343283,0.1891336965963831,22.908023834228516,0.2985074626865671,0.12244897959183673,0.17006802721088435,0.04081632653061224,0.2925170068027211
P60724,AcidophileMPNN_020,3,Bacteria,Neutral,201,104.76734029850743,8.885177803039554,2.7596654430599976,0.1044776119402985,0.1343283582089552,0.1223880597014925,0.0199004975124378,41.610945273631835,0.0597014925373134,0.3283582089552239,0.8258706467661692,0.0696517412935323,0.1687348697127389,22.081392288208008,0.2985074626865671,0.14583333333333334,0.18055555555555555,0.013888888888888888,0.3263888888888889
P60724,AcidophileMPNN_020,4,Bacteria,Neutral,201,103.98564328358208,9.803594398498536,3.93851656658374,0.0746268656716417,0.1194029850746268,0.3582089552238806,0.0149253731343283,49.303980099502475,0.0746268656716418,0.3482587064676616,0.8507462686567164,-0.0248756218905472,0.1427333031810643,19.09701156616211,0.2985074626865671,0.087248322147651,0.14093959731543623,0.03355704697986577,0.22818791946308725
P60724,AcidophileMPNN_020,5,Bacteria,Neutral,201,102.98359651741292,9.44792232513428,2.8680108140063787,0.0796019900497512,0.1144278606965174,0.226865671641791,0.0199004975124378,48.09004975124377,0.0796019900497512,0.373134328358209,0.8756218905472637,-0.0099502487562189,0.0664828722628893,27.27762222290039,0.2985074626865671,0.08522727272727272,0.125,0.022727272727272728,0.2102272727272727
P60724,AcidophileMPNN_020,6,Bacteria,Neutral,201,105.22017412935324,10.516034507751463,4.873545977860839,0.099502487562189,0.1442786069651741,0.1830845771144278,0.0149253731343283,45.607462686567146,0.0696517412935323,0.3432835820895522,0.7761194029850746,0.1691542288557214,0.1170518714444654,21.023136138916016,0.2985074626865671,0.12,0.17333333333333334,0.03333333333333333,0.29333333333333333
P60724,AcidophileMPNN_020,7,Bacteria,Neutral,201,105.23513681592038,10.25577564239502,8.869473974415946,0.0845771144278607,0.1492537313432835,0.0422885572139303,0.0199004975124378,47.06019900497512,0.0646766169154228,0.3582089552238806,0.7761194029850746,0.0497512437810945,0.2113637193008065,16.02406883239746,0.2985074626865671,0.10256410256410256,0.23076923076923078,0.1111111111111111,0.33333333333333337
Q07938,AcidophileMPNN_020,0,Eukaryota,Neutral,337,105.70522047477743,9.261157417297362,3.8710458745378986,0.0890207715133531,0.1127596439169139,0.1267062314540059,0.059347181008902,47.21750741839763,0.0919881305637982,0.3264094955489614,0.8753709198813056,-0.1038575667655786,0.0346391711376874,28.607955932617188,0.2997032640949555,0.09764309764309764,0.12794612794612795,0.016835016835016835,0.2255892255892256
Q07938,AcidophileMPNN_020,1,Eukaryota,Neutral,337,104.96239287833828,9.44792232513428,4.700279201911201,0.0801186943620178,0.1008902077151335,0.1261127596439168,0.059347181008902,39.27626112759644,0.0949554896142433,0.3471810089020771,0.8130563798219584,0.2136498516320474,0.0507494483755611,26.95453643798828,0.2997032640949555,0.0948905109489051,0.12408759124087591,0.021897810218978103,0.21897810218978103
Q07938,AcidophileMPNN_020,2,Eukaryota,Neutral,337,105.25615133531156,7.8970064163208,0.7036614845307447,0.0890207715133531,0.0979228486646884,0.1451038575667655,0.0682492581602374,41.12759643916914,0.086053412462908,0.3501483679525222,0.8249258160237389,-0.1364985163204747,0.0649089070503788,28.329057693481445,0.2997032640949555,0.10256410256410256,0.12087912087912088,0.01098901098901099,0.22344322344322343
Q07938,AcidophileMPNN_020,3,Eukaryota,Neutral,337,105.7703818991098,10.253583717346192,7.793645698224424,0.0801186943620178,0.1127596439169139,0.1465875370919881,0.0623145400593471,47.97804154302672,0.0890207715133531,0.3531157270029673,0.8724035608308606,-0.0771513353115727,0.0549738413609892,28.30212020874023,0.2997032640949555,0.08771929824561403,0.13333333333333333,0.03508771929824561,0.22105263157894736
Q07938,AcidophileMPNN_020,4,Eukaryota,Neutral,337,105.82759732937686,9.211001014709474,4.69226665144431,0.0919881305637982,0.1127596439169139,0.1400593471810089,0.0652818991097922,41.219287833827885,0.0919881305637982,0.3264094955489613,0.8397626112759644,-0.0860534124629079,0.0609392401467983,26.76140785217285,0.2997032640949555,0.11742424242424243,0.14393939393939395,0.01893939393939394,0.26136363636363635
Q07938,AcidophileMPNN_020,5,Eukaryota,Neutral,337,106.56335370919882,9.401376152038573,5.7812670822560435,0.0890207715133531,0.115727002967359,0.0252225519287833,0.0682492581602373,46.42700296735905,0.086053412462908,0.3323442136498516,0.8308605341246291,0.0,0.055296621482459,26.258935928344727,0.2997032640949555,0.10661764705882353,0.14338235294117646,0.025735294117647058,0.25
Q07938,AcidophileMPNN_020,6,Eukaryota,Neutral,337,105.21092106824923,6.931196784973144,-0.1037905019912912,0.0949554896142433,0.1068249258160237,0.1243323442136498,0.0534124629080118,42.860830860534136,0.086053412462908,0.3560830860534124,0.7655786350148368,0.0474777448071216,0.0542026378392918,26.94528007507324,0.2997032640949555,0.10661764705882353,0.12867647058823528,0.011029411764705883,0.23529411764705882
Q07938,AcidophileMPNN_020,7,Eukaryota,Neutral,337,106.2166474777448,9.132607460021976,4.04707493138946,0.0890207715133531,0.1186943620178041,0.1183976261127596,0.0682492581602373,40.533531157270026,0.086053412462908,0.3323442136498516,0.8664688427299703,0.0830860534124629,0.0475538309366202,25.752588272094727,0.2997032640949555,0.10071942446043165,0.14028776978417265,0.02158273381294964,0.24100719424460432
B1X495,AcidophileMPNN_020,0,Eukaryota,Top,103,114.98296116504854,8.405081748962406,0.8991043379656212,0.2038834951456311,0.2524271844660194,-0.7766990291262136,0.0388349514563106,44.811650485436886,0.0194174757281553,0.3009708737864078,0.9029126213592232,0.883495145631068,0.0808787230541385,17.364362716674805,0.3009708737864077,0.20512820512820512,0.32051282051282054,0.0641025641025641,0.5256410256410257
B1X495,AcidophileMPNN_020,1,Eukaryota,Top,103,116.42725533980582,8.174349403381349,0.8452989564453763,0.0194174757281553,0.0679611650485436,-1.3184466019417478,0.0485436893203883,66.67378640776698,0.0194174757281553,0.174757281553398,0.9223300970873786,0.7669902912621359,0.0388349514563106,22.578886032104492,0.3009708737864077,0.019417475728155338,0.06796116504854369,0.009708737864077669,0.08737864077669902
B1X495,AcidophileMPNN_020,2,Eukaryota,Top,103,111.68478252427182,6.23571491241455,-1.2262573185148922,0.0679611650485436,0.087378640776699,-0.8271844660194175,0.029126213592233,59.06019417475727,0.0194174757281553,0.2815533980582524,0.8640776699029126,0.7475728155339806,0.0391736283585459,23.14162254333496,0.3009708737864077,0.06796116504854369,0.08737864077669903,-0.009708737864077669,0.1553398058252427
B1X495,AcidophileMPNN_020,3,Eukaryota,Top,103,112.33746601941746,10.6991247177124,2.680497508578619,0.0388349514563106,0.087378640776699,-0.8456310679611652,0.029126213592233,51.02233009708738,0.0194174757281553,0.2718446601941747,0.9805825242718448,0.9029126213592232,0.1173990802248339,29.634675979614254,0.3009708737864077,0.0449438202247191,0.10112359550561797,0.033707865168539325,0.14606741573033707
B1X495,AcidophileMPNN_020,4,Eukaryota,Top,103,114.26200291262134,8.09466648101807,0.7684693752254699,0.0679611650485436,0.1067961165048543,-1.0233009708737864,0.0388349514563106,53.36796116504853,0.0194174757281553,0.2038834951456311,0.7961165048543689,0.7572815533980582,0.0995557018265591,19.116121292114254,0.3009708737864077,0.06818181818181818,0.125,0.022727272727272728,0.19318181818181818
B1X495,AcidophileMPNN_020,5,Eukaryota,Top,103,108.21544466019417,5.020667839050293,-5.210003486369155,0.1359223300970873,0.116504854368932,-0.5660194174757281,0.0097087378640776,46.36796116504853,0.0194174757281553,0.3398058252427184,0.941747572815534,0.9223300970873788,0.1116174625189881,16.888790130615234,0.3009708737864077,0.15584415584415584,0.12987012987012986,-0.06493506493506493,0.2857142857142857
B1X495,AcidophileMPNN_020,6,Eukaryota,Top,103,111.39429320388348,6.2177537918090815,-1.2334261837538325,0.058252427184466,0.0776699029126213,-0.7291262135922331,0.0388349514563106,47.34466019417475,0.0194174757281553,0.2718446601941747,0.941747572815534,0.7864077669902912,0.0926344988685305,17.446632385253906,0.3009708737864077,0.06818181818181818,0.09090909090909091,-0.011363636363636364,0.1590909090909091
B1X495,AcidophileMPNN_020,7,Eukaryota,Top,103,108.1566291262136,8.56006374359131,0.858086407966483,0.058252427184466,0.1067961165048543,-0.6504854368932039,0.029126213592233,40.44951456310678,0.0194174757281553,0.3592233009708738,0.883495145631068,0.5922330097087378,0.1087971540798932,22.185300827026367,0.3009708737864077,0.045454545454545456,0.125,0.03409090909090909,0.17045454545454547
A9CIG1,AcidophileMPNN_020,0,Bacteria,Bottom,101,103.822502970297,8.50500774383545,1.5576505828410463,0.0594059405940594,0.0891089108910891,0.1772277227722772,0.0099009900990099,61.319801980198,0.0792079207920792,0.3168316831683168,0.7821782178217822,0.3861386138613861,0.0822012433801519,18.712661743164062,0.297029702970297,0.07142857142857142,0.09523809523809523,0.011904761904761904,0.16666666666666666
A9CIG1,AcidophileMPNN_020,1,Bacteria,Bottom,101,96.28070990099008,8.933980369567873,2.465986231479885,0.0495049504950495,0.0792079207920792,0.7227722772277227,0.0,33.24059405940593,0.0693069306930693,0.4554455445544554,0.8811881188118812,0.6435643564356436,0.0754361150400754,16.53009033203125,0.297029702970297,0.05747126436781609,0.08045977011494253,0.022988505747126436,0.13793103448275862
A9CIG1,AcidophileMPNN_020,2,Bacteria,Bottom,101,103.44697524752472,11.040742683410643,8.469417394187452,0.0594059405940594,0.1485148514851485,0.1346534653465346,0.0099009900990099,58.143564356435625,0.0792079207920792,0.3663366336633664,0.8514851485148515,0.6930693069306931,0.0707341004370707,15.43496799468994,0.297029702970297,0.06896551724137931,0.1724137931034483,0.10344827586206896,0.2413793103448276
A9CIG1,AcidophileMPNN_020,3,Bacteria,Bottom,101,103.17988613861384,11.485510063171386,8.464104771205669,0.0396039603960396,0.1287128712871287,0.2178217821782178,0.0099009900990099,76.9871287128713,0.0792079207920792,0.3663366336633664,0.7425742574257426,0.5247524752475248,0.0860192402218945,17.761287689208984,0.297029702970297,0.0379746835443038,0.16455696202531644,0.12658227848101267,0.20253164556962025
A9CIG1,AcidophileMPNN_020,4,Bacteria,Bottom,101,101.14759504950491,9.464619636535648,3.7311664995750102,0.0495049504950495,0.1188118811881188,0.4732673267326732,0.0,58.409900990099,0.0693069306930693,0.3762376237623762,0.8811881188118812,0.6435643564356436,0.1229204553108372,17.519397735595703,0.297029702970297,0.04878048780487805,0.12195121951219512,0.036585365853658534,0.17073170731707316
A9CIG1,AcidophileMPNN_020,5,Bacteria,Bottom,101,101.35616633663366,11.27766399383545,7.468604934212244,0.0495049504950495,0.1287128712871287,0.3792079207920791,0.0099009900990099,61.44653465346533,0.0792079207920792,0.396039603960396,0.8019801980198019,0.3663366336633663,0.0855293221629855,18.997055053710938,0.297029702970297,0.060240963855421686,0.1566265060240964,0.0963855421686747,0.21686746987951808
A9CIG1,AcidophileMPNN_020,6,Bacteria,Bottom,101,98.5419237623762,10.16474628448486,8.547034653899622,0.0396039603960396,0.1386138613861386,0.4693069306930693,0.0099009900990099,43.27326732673265,0.0792079207920792,0.4356435643564356,0.7722772277227723,0.396039603960396,0.0834391131420834,19.752103805541992,0.297029702970297,0.0449438202247191,0.15730337078651685,0.10112359550561797,0.20224719101123595
A9CIG1,AcidophileMPNN_020,7,Bacteria,Bottom,101,104.5264594059406,9.69187068939209,5.461868467543039,0.0396039603960396,0.099009900990099,-0.0861386138613861,0.0099009900990099,58.552475247524754,0.0792079207920792,0.3267326732673267,0.7227722772277227,0.504950495049505,0.0758579617360232,19.122777938842773,0.297029702970297,0.04819277108433735,0.12048192771084337,0.07228915662650602,0.1686746987951807
Q6L047,AcidophileMPNN_020,0,Archaea,Bottom,359,108.98485125348188,7.683574485778809,1.3832185349186403,0.1253481894150417,0.1559888579387186,-0.0367688022284122,0.075208913649025,31.09055710306406,0.0557103064066852,0.2841225626740947,0.9108635097493036,-0.4874651810584958,0.0620174764957944,25.52092933654785,0.3008356545961003,0.15,0.18846153846153846,0.011538461538461539,0.3384615384615385
Q6L047,AcidophileMPNN_020,1,Archaea,Bottom,359,109.57165181058495,9.289394569396972,12.42633190903863,0.1058495821727019,0.16991643454039,-0.0724233983286908,0.0807799442896936,26.069387186629523,0.0557103064066852,0.2646239554317549,0.8635097493036212,-0.2841225626740947,0.0562967306846503,23.319469451904297,0.3008356545961003,0.12043795620437957,0.2116788321167883,0.051094890510948905,0.33211678832116787
Q6L047,AcidophileMPNN_020,2,Archaea,Bottom,359,109.63600222841228,8.97807674407959,8.441645494476163,0.1197771587743732,0.1727019498607242,-0.0364902506963788,0.0807799442896936,27.085543175487455,0.0557103064066852,0.2674094707520891,0.8523676880222841,-0.2395543175487465,0.0547268983892454,22.25448989868164,0.3008356545961003,0.13513513513513514,0.22393822393822393,0.05019305019305019,0.3590733590733591
Q6L047,AcidophileMPNN_020,3,Archaea,Bottom,359,110.65268384401116,8.869963264465333,7.5202259945953855,0.1197771587743732,0.1727019498607242,-0.2306406685236768,0.075208913649025,32.95573816155989,0.0529247910863509,0.2506963788300835,0.8022284122562674,-0.2172701949860723,0.0545564737007727,23.11131477355957,0.3008356545961003,0.13503649635036497,0.2116788321167883,0.0364963503649635,0.34671532846715325
Q6L047,AcidophileMPNN_020,4,Archaea,Bottom,359,109.40031086350972,8.438863182067873,3.378795350569966,0.1309192200557103,0.1671309192200557,-0.132033426183844,0.0807799442896936,22.232590529247897,0.0557103064066852,0.2701949860724234,0.8635097493036212,-0.2395543175487465,0.0659076677247306,23.537446975708008,0.3008356545961003,0.15272727272727274,0.20363636363636364,0.01818181818181818,0.3563636363636364
Q6L047,AcidophileMPNN_020,5,Archaea,Bottom,359,110.82065013927576,8.514613533020018,4.5275152613199126,0.128133704735376,0.1727019498607242,-0.2025069637883008,0.0863509749303621,24.659080779944286,0.0557103064066852,0.2506963788300835,0.8774373259052926,-0.2646239554317549,0.0563176305016847,24.6386661529541,0.3008356545961003,0.14184397163120568,0.19858156028368795,0.02127659574468085,0.34042553191489366
Q6L047,AcidophileMPNN_020,6,Archaea,Bottom,359,108.68674818941504,8.52086696624756,4.340173954589936,0.1114206128133704,0.1504178272980501,-0.0454038997214484,0.0724233983286908,26.044568245125344,0.0557103064066852,0.2896935933147632,0.9052924791086352,-0.2311977715877436,0.0548885260248241,25.66750144958496,0.3008356545961003,0.13186813186813187,0.19047619047619047,0.02197802197802198,0.3223443223443223
Q6L047,AcidophileMPNN_020,7,Archaea,Bottom,359,109.4145835654596,9.037581062316896,7.193454786187829,0.116991643454039,0.1587743732590529,-0.0172701949860724,0.0807799442896936,30.615626740947064,0.0557103064066852,0.2869080779944289,0.8161559888579387,-0.1977715877437326,0.0452082590892892,26.13789939880371,0.3008356545961003,0.12786885245901639,0.18688524590163935,0.03278688524590164,0.3147540983606557
A9A498,AcidophileMPNN_020,0,Archaea,Neutral,287,104.18072334494772,9.624049949645991,6.712949568819983,0.0975609756097561,0.1289198606271777,0.4160278745644599,0.0278745644599303,24.295121951219507,0.0592334494773519,0.3275261324041812,0.8850174216027875,0.1602787456445993,0.072551589680088,23.273237228393555,0.2996515679442508,0.14035087719298245,0.21637426900584794,0.06432748538011696,0.3567251461988304
A9A498,AcidophileMPNN_020,1,Archaea,Neutral,287,104.16564285714286,6.211046791076659,-1.2708159159564332,0.1149825783972125,0.1184668989547038,0.4442508710801394,0.024390243902439,34.13170731707316,0.0592334494773519,0.3310104529616725,0.9198606271777005,0.2299651567944251,0.0767446810894383,20.244367599487305,0.2996515679442508,0.16470588235294117,0.19411764705882353,0.01764705882352941,0.3588235294117647
A9A498,AcidophileMPNN_020,2,Archaea,Neutral,287,104.74529094076654,9.354443168640138,3.718568155102144,0.1080139372822299,0.1289198606271777,0.424390243902439,0.0313588850174216,26.97839721254355,0.0592334494773519,0.3170731707317072,0.902439024390244,0.1777003484320557,0.1195394744999814,18.20101547241211,0.2996515679442508,0.15976331360946747,0.20710059171597633,0.03550295857988166,0.3668639053254438
A9A498,AcidophileMPNN_020,3,Archaea,Neutral,287,103.6428400696864,9.466295814514162,3.706422086993254,0.0871080139372822,0.1080139372822299,0.513240418118467,0.0348432055749128,34.934494773519155,0.0592334494773519,0.3414634146341463,0.7979094076655052,0.0801393728222996,0.0706085375733584,21.709827423095703,0.2996515679442508,0.1270718232044199,0.16574585635359115,0.027624309392265192,0.2928176795580111
A9A498,AcidophileMPNN_020,4,Archaea,Neutral,287,104.03343414634146,10.047736167907717,4.717967017633672,0.0940766550522648,0.1184668989547038,0.4815331010452961,0.024390243902439,34.890940766550514,0.0627177700348432,0.3414634146341463,0.89198606271777,0.2857142857142857,0.0733418913136499,19.58508682250977,0.2996515679442508,0.13372093023255813,0.19186046511627908,0.046511627906976744,0.32558139534883723
A9A498,AcidophileMPNN_020,5,Archaea,Neutral,287,103.91805400696862,6.218151664733886,-1.2719914580792206,0.1184668989547038,0.1219512195121951,0.4327526132404181,0.0278745644599303,28.447735191637623,0.0557491289198606,0.337979094076655,0.9372822299651568,0.2961672473867596,0.0784494466259855,19.26013946533203,0.2996515679442508,0.16352201257861634,0.20754716981132076,0.031446540880503145,0.37106918238993714
A9A498,AcidophileMPNN_020,6,Archaea,Neutral,287,103.47928048780486,9.044672584533693,2.801284517614409,0.1010452961672473,0.1219512195121951,0.4616724738675958,0.0278745644599303,25.66167247386759,0.0592334494773519,0.3344947735191637,0.843205574912892,0.3344947735191638,0.0833603791724585,24.54522132873535,0.2996515679442508,0.16049382716049382,0.19753086419753085,0.024691358024691357,0.35802469135802467
A9A498,AcidophileMPNN_020,7,Archaea,Neutral,287,103.68552160278745,9.044350242614744,2.7933949526411084,0.0975609756097561,0.1184668989547038,0.4933797909407665,0.0278745644599303,23.664459930313583,0.0662020905923344,0.3275261324041812,0.8989547038327526,0.1881533101045295,0.0759178632860986,20.049854278564453,0.2996515679442508,0.12941176470588237,0.18823529411764706,0.041176470588235294,0.3176470588235294
A0A1D8PCG7,AcidophileMPNN_020,0,Eukaryota,Bottom,87,101.57555172413794,8.958156013488772,2.734676303027344,0.0804597701149425,0.1494252873563218,-7.656710514656252e-18,0.0229885057471264,11.886206896551723,0.057471264367816,0.4022988505747126,0.7931034482758621,-0.2873563218390804,0.1985108074893371,13.397255897521973,0.2988505747126437,0.07462686567164178,0.1791044776119403,0.07462686567164178,0.25373134328358204
A0A1D8PCG7,AcidophileMPNN_020,1,Eukaryota,Bottom,87,104.47394137931032,7.68721218109131,0.6345671426188515,0.0459770114942528,0.0804597701149425,-0.132183908045977,0.0344827586206896,36.18965517241379,0.057471264367816,0.3333333333333333,0.6436781609195402,-0.3218390804597701,0.1753080294385181,13.445208549499512,0.2988505747126437,0.028169014084507043,0.08450704225352113,0.04225352112676056,0.11267605633802817
A0A1D8PCG7,AcidophileMPNN_020,2,Eukaryota,Bottom,87,105.7070344827586,8.780674552917482,2.633923421542381,0.0804597701149425,0.1379310344827586,-0.1586206896551724,0.0459770114942528,20.67586206896551,0.057471264367816,0.3103448275862069,0.7586206896551724,-0.0919540229885057,0.1928160919540229,12.909255027770996,0.2988505747126437,0.06451612903225806,0.1774193548387097,0.0967741935483871,0.24193548387096775
A0A1D8PCG7,AcidophileMPNN_020,3,Eukaryota,Bottom,87,105.28498390804596,9.666728019714355,9.713816301639328,0.0804597701149425,0.2298850574712643,-0.2597701149425288,0.0344827586206896,16.203448275862062,0.0459770114942528,0.3103448275862069,0.7471264367816092,-0.1034482758620689,0.1858507366035292,14.692529678344728,0.2988505747126437,0.09090909090909091,0.2878787878787879,0.16666666666666666,0.3787878787878788
A0A1D8PCG7,AcidophileMPNN_020,4,Eukaryota,Bottom,87,104.55599425287356,9.85697422027588,4.63960390835469,0.057471264367816,0.1379310344827586,0.025287356321839,0.0229885057471264,42.90574712643677,0.057471264367816,0.367816091954023,0.7471264367816092,-0.0804597701149425,0.1871008939974457,14.376057624816896,0.2988505747126437,0.046153846153846156,0.15384615384615385,0.07692307692307693,0.2
A0A1D8PCG7,AcidophileMPNN_020,5,Eukaryota,Bottom,87,102.76216666666666,9.381004142761231,4.635759663999534,0.0689655172413793,0.1494252873563218,0.0712643678160919,0.0229885057471264,22.27701149425287,0.057471264367816,0.3793103448275862,0.7816091954022988,-0.1149425287356322,0.1954855905380643,13.863158226013184,0.2988505747126437,0.06153846153846154,0.16923076923076924,0.09230769230769231,0.23076923076923078
A0A1D8PCG7,AcidophileMPNN_020,6,Eukaryota,Bottom,87,102.9677356321839,7.673911857604981,0.4739961979387956,0.0919540229885057,0.1034482758620689,-0.0632183908045977,0.0229885057471264,32.97011494252872,0.0459770114942528,0.3563218390804598,0.5977011494252873,-0.160919540229885,0.1590505560228016,15.355639457702637,0.2988505747126437,0.09859154929577464,0.1267605633802817,0.028169014084507043,0.22535211267605632
A0A1D8PCG7,AcidophileMPNN_020,7,Eukaryota,Bottom,87,102.58762413793104,9.69187068939209,5.54735295476426,0.0459770114942528,0.1264367816091954,-0.1045977011494253,0.0229885057471264,33.95172413793102,0.0459770114942528,0.4022988505747126,0.7126436781609196,-0.0689655172413793,0.2000971345313258,14.584267616271973,0.2988505747126437,0.015873015873015872,0.1746031746031746,0.14285714285714285,0.19047619047619047
O28542,AcidophileMPNN_020,0,Archaea,Top,340,106.26282617647058,6.934152412414551,-0.1073083540124244,0.1205882352941176,0.1323529411764706,0.1361764705882353,0.05,27.549999999999994,0.0558823529411764,0.3176470588235294,0.8470588235294118,0.0294117647058823,0.0783776524308353,26.039012908935547,0.3,0.16216216216216217,0.19369369369369369,0.018018018018018018,0.3558558558558559
O28542,AcidophileMPNN_020,1,Archaea,Top,340,106.15992235294118,8.790086936950683,2.712444044267343,0.1147058823529411,0.1294117647058823,0.108235294117647,0.0470588235294117,23.89852941176471,0.0588235294117647,0.3235294117647059,0.8794117647058823,-0.2735294117647058,0.0821517027863777,26.038471221923828,0.3,0.14859437751004015,0.17269076305220885,0.01606425702811245,0.321285140562249
O28542,AcidophileMPNN_020,2,Archaea,Top,340,106.58946088235297,5.735645484924317,-4.108180376853525,0.1294117647058823,0.1294117647058823,0.0667647058823529,0.0470588235294117,20.546764705882342,0.0529411764705882,0.3029411764705882,0.861764705882353,-0.1970588235294118,0.0792641591952766,24.19189453125,0.3,0.17916666666666667,0.17916666666666667,-0.016666666666666666,0.35833333333333334
O28542,AcidophileMPNN_020,3,Archaea,Top,340,108.19132735294116,7.737685203552247,0.8830499365621947,0.1205882352941176,0.1352941176470588,-0.0220588235294117,0.0588235294117647,32.84617647058823,0.0558823529411764,0.2941176470588235,0.8264705882352941,-0.0911764705882352,0.0624212661471122,26.400562286376953,0.3,0.16455696202531644,0.189873417721519,0.012658227848101266,0.35443037974683544
O28542,AcidophileMPNN_020,4,Archaea,Top,340,106.651885,6.165461921691894,-2.113940722876542,0.1176470588235294,0.1235294117647058,0.1373529411764706,0.0529411764705882,28.904705882352935,0.0529411764705882,0.3058823529411765,0.8911764705882352,-0.026470588235294,0.1286242365798778,24.76580810546875,0.3,0.16666666666666666,0.21212121212121213,0.025252525252525252,0.3787878787878788
O28542,AcidophileMPNN_020,5,Archaea,Top,340,106.65805352941176,6.475973320007324,-1.1177759465407036,0.1205882352941176,0.1294117647058823,0.1420588235294117,0.0529411764705882,22.3385294117647,0.0558823529411764,0.3147058823529412,0.8352941176470587,0.0764705882352941,0.0670816676185037,23.72068214416504,0.3,0.1487603305785124,0.17355371900826447,0.008264462809917356,0.3223140495867769
O28542,AcidophileMPNN_020,6,Archaea,Top,340,106.43368588235296,6.860261726379394,-0.2105910585417163,0.1147058823529411,0.1235294117647058,0.123235294117647,0.0529411764705882,26.44970588235293,0.0558823529411764,0.3176470588235294,0.8794117647058823,0.0205882352941176,0.0829522404573114,22.692726135253903,0.3,0.14285714285714285,0.1875,0.03125,0.33035714285714285
O28542,AcidophileMPNN_020,7,Archaea,Top,340,106.03846294117648,6.016771125793456,-3.0247732079524496,0.1235294117647058,0.1294117647058823,0.1094117647058823,0.0499999999999999,30.130588235294113,0.0558823529411764,0.3147058823529411,0.8470588235294118,0.1294117647058823,0.0633096117466894,24.293285369873047,0.3,0.18811881188118812,0.19306930693069307,-0.01485148514851485,0.3811881188118812
Q8TY15,AcidophileMPNN_020,0,Archaea,Top,361,107.09950332409971,8.573795509338382,2.079814593565054,0.1163434903047091,0.1385041551246537,-0.0481994459833795,0.0498614958448753,32.60470914127423,0.0609418282548476,0.3268698060941828,0.8670360110803325,-0.2409972299168975,0.0487463337135408,27.09634780883789,0.299168975069252,0.1357142857142857,0.16785714285714284,0.017857142857142856,0.30357142857142855
Q8TY15,AcidophileMPNN_020,1,Archaea,Top,361,105.86470470914128,5.638507652282715,-5.924051411730936,0.1163434903047091,0.1163434903047091,-0.0285318559556786,0.0498614958448753,24.898891966759003,0.0637119113573407,0.3268698060941828,0.817174515235457,-0.3905817174515236,0.0515095199691433,26.347244262695312,0.299168975069252,0.15151515151515152,0.15151515151515152,-0.01893939393939394,0.30303030303030304
Q8TY15,AcidophileMPNN_020,2,Archaea,Top,361,104.78918033240996,6.932049369812011,-0.1071840100635981,0.0969529085872576,0.1080332409972299,0.1839335180055401,0.0554016620498615,29.383933518005534,0.0664819944598337,0.3518005540166205,0.8614958448753463,-0.2797783933518005,0.0363595184585097,25.55172348022461,0.299168975069252,0.11149825783972125,0.13240418118466898,0.010452961672473868,0.24390243902439024
Q8TY15,AcidophileMPNN_020,3,Archaea,Top,361,104.50653407202216,5.29355182647705,-8.011049058861744,0.113573407202216,0.1052631578947368,0.1759002770083102,0.0498614958448753,28.416066481994463,0.0664819944598337,0.3407202216066481,0.8116343490304709,-0.296398891966759,0.0411697067893168,26.169862747192383,0.299168975069252,0.13380281690140844,0.13028169014084506,-0.02112676056338028,0.2640845070422535
Q8TY15,AcidophileMPNN_020,4,Archaea,Top,361,106.32910415512464,8.412495613098148,2.139587636220263,0.0969529085872576,0.1218836565096952,0.0174515235457063,0.0581717451523545,30.03047091412742,0.0637119113573407,0.3157894736842105,0.8476454293628808,-0.2049861495844875,0.0580902721199283,24.91074562072754,0.299168975069252,0.11594202898550725,0.15579710144927536,0.018115942028985508,0.2717391304347826
Q8TY15,AcidophileMPNN_020,5,Archaea,Top,361,104.03778282548475,6.543554878234863,-1.0234240052586827,0.1024930747922437,0.113573407202216,0.1637119113573407,0.0443213296398892,26.854016620498612,0.0637119113573407,0.3518005540166204,0.8310249307479225,-0.2880886426592797,0.0400801603206412,26.264474868774418,0.299168975069252,0.12639405204460966,0.1524163568773234,0.007434944237918215,0.2788104089219331
Q8TY15,AcidophileMPNN_020,6,Archaea,Top,361,105.92929529085872,6.978316307067872,-0.0376205188842746,0.0886426592797784,0.1024930747922437,0.0606648199445983,0.0581717451523545,31.665927977839324,0.0664819944598337,0.3240997229916897,0.7839335180055402,-0.1966759002770082,0.0569542299216165,25.69045639038086,0.299168975069252,0.1111111111111111,0.14682539682539683,0.015873015873015872,0.2579365079365079
Q8TY15,AcidophileMPNN_020,7,Archaea,Top,361,105.49452520775624,9.075166130065917,4.1392448002164315,0.0858725761772853,0.1163434903047091,0.1202216066481994,0.0554016620498614,22.382271468144047,0.0664819944598337,0.3324099722991689,0.8642659279778393,-0.3268698060941828,0.0458349302142812,25.873260498046875,0.299168975069252,0.11029411764705882,0.15073529411764705,0.01838235294117647,0.26102941176470584
B1YC30,AcidophileMPNN_020,0,Archaea,Neutral,262,104.96983167938932,5.715865516662597,-1.5085684347306128,0.1068702290076335,0.1030534351145038,0.0477099236641221,0.0190839694656488,33.55916030534351,0.0687022900763358,0.366412213740458,0.8244274809160306,0.0305343511450381,0.1100228259242628,24.5108585357666,0.3015267175572519,0.1256544502617801,0.13612565445026178,0.010471204188481676,0.2617801047120419
B1YC30,AcidophileMPNN_020,1,Archaea,Neutral,262,106.46011755725188,5.4612836837768555,-2.502413731319841,0.1221374045801526,0.1145038167938931,-0.1866412213740458,0.0305343511450381,29.8209923664122,0.0610687022900763,0.3129770992366412,0.83206106870229,0.1068702290076336,0.1245797812076298,21.95592880249023,0.3015267175572519,0.15555555555555556,0.15555555555555556,0.0,0.3111111111111111
B1YC30,AcidophileMPNN_020,2,Archaea,Neutral,262,105.46659809160305,5.528865242004394,-3.321479964904458,0.1145038167938931,0.1106870229007633,0.0103053435114503,0.0229007633587786,36.2328244274809,0.0725190839694656,0.3244274809160306,0.8740458015267176,0.0725190839694656,0.0909020096588253,25.2474422454834,0.3015267175572519,0.12626262626262627,0.1414141414141414,0.005050505050505051,0.2676767676767677
B1YC30,AcidophileMPNN_020,3,Archaea,Neutral,262,105.25727213740456,5.6707353591918945,-1.5409043466680536,0.099236641221374,0.0954198473282442,0.0648854961832061,0.0229007633587786,36.77480916030535,0.0725190839694656,0.3282442748091603,0.9274809160305344,-0.1106870229007633,0.1988208713787248,22.59248161315918,0.3015267175572519,0.11515151515151516,0.14545454545454545,0.030303030303030304,0.2606060606060606
B1YC30,AcidophileMPNN_020,4,Archaea,Neutral,262,108.1373496183206,6.654390907287598,-0.3900451379626375,0.1335877862595419,0.1374045801526717,-0.1507633587786259,0.0267175572519084,34.355725190839685,0.0687022900763358,0.3129770992366412,0.8511450381679388,0.0801526717557252,0.0894866901546291,25.591222763061523,0.3015267175572519,0.15668202764976957,0.16589861751152074,0.004608294930875576,0.3225806451612903
B1YC30,AcidophileMPNN_020,5,Archaea,Neutral,262,107.90135229007632,5.838580894470215,-1.5014321531996728,0.1374045801526717,0.1335877862595419,-0.1610687022900763,0.0305343511450381,33.85114503816793,0.0687022900763358,0.2900763358778626,0.8625954198473282,-0.0458015267175572,0.11695479718605,24.474388122558594,0.3015267175572519,0.17010309278350516,0.17525773195876287,0.005154639175257732,0.34536082474226804
B1YC30,AcidophileMPNN_020,6,Archaea,Neutral,262,105.05381526717558,5.177543449401854,-4.427551773151709,0.099236641221374,0.0877862595419847,0.0729007633587786,0.0267175572519084,36.01908396946565,0.0725190839694656,0.3587786259541984,0.83206106870229,0.0610687022900763,0.1259628927646107,27.21692276000977,0.3015267175572519,0.1276595744680851,0.12234042553191489,-0.010638297872340425,0.25
B1YC30,AcidophileMPNN_020,7,Archaea,Neutral,262,103.84999083969466,4.921597480773924,-5.464648487224611,0.0916030534351145,0.0763358778625954,0.0431297709923664,0.0229007633587786,30.78664122137405,0.0725190839694656,0.3549618320610687,0.7709923664122138,-0.0763358778625953,0.1040776886655715,25.451152801513672,0.3015267175572519,0.1044776119402985,0.09950248756218906,-0.009950248756218905,0.20398009950248758
P80505,AcidophileMPNN_020,0,Bacteria,Bottom,337,104.31792640949554,9.415043449401855,9.85522117407605,0.0949554896142433,0.1364985163204747,0.0468842729970326,0.0474777448071216,15.26617210682491,0.0504451038575667,0.3531157270029674,0.8130563798219586,-0.0534124629080118,0.0942541138386835,24.537939071655273,0.2997032640949555,0.11607142857142858,0.1875,0.05357142857142857,0.3035714285714286
P80505,AcidophileMPNN_020,1,Bacteria,Bottom,337,104.13654836795251,9.51993350982666,9.7774038173099,0.0919881305637982,0.1305637982195845,0.1059347181008902,0.0504451038575667,20.00801186943619,0.0445103857566765,0.3768545994065281,0.8427299703264095,0.0534124629080118,0.1008307756311475,21.107643127441406,0.2997032640949555,0.12631578947368421,0.2,0.05789473684210526,0.3263157894736842
P80505,AcidophileMPNN_020,2,Bacteria,Bottom,337,104.47437982195846,8.596617317199708,1.7987174355335824,0.1068249258160237,0.1216617210682492,0.1071216617210682,0.0445103857566765,22.018397626112748,0.0445103857566765,0.3649851632047478,0.804154302670623,-0.2106824925816023,0.0893754359416931,23.84599876403809,0.2997032640949555,0.13278008298755187,0.16182572614107885,0.016597510373443983,0.2946058091286307
P80505,AcidophileMPNN_020,3,Bacteria,Bottom,337,105.73123412462908,9.793988609313963,9.801492679589735,0.1038575667655786,0.1424332344213649,0.0213649851632047,0.0415430267062314,33.06350148367952,0.0474777448071216,0.3590504451038575,0.8545994065281899,-0.0415430267062314,0.0800718413243792,24.49785614013672,0.2997032640949555,0.1277533039647577,0.20704845814977973,0.06607929515418502,0.33480176211453744
P80505,AcidophileMPNN_020,4,Bacteria,Bottom,337,105.70402611275964,9.179089164733888,5.972227887706744,0.115727002967359,0.1483679525222551,-0.1172106824925816,0.0445103857566765,18.41454005934717,0.0415430267062314,0.3412462908011869,0.7626112759643917,-0.0860534124629079,0.0806949328709064,23.3801326751709,0.2997032640949555,0.1276595744680851,0.2,0.05531914893617021,0.32765957446808514
P80505,AcidophileMPNN_020,5,Bacteria,Bottom,337,105.19344005934718,8.69196605682373,2.69774323164188,0.115727002967359,0.1305637982195845,-0.0068249258160237,0.0415430267062314,18.099999999999984,0.0474777448071216,0.3382789317507418,0.7922848664688427,0.0563798219584569,0.0872370529004696,23.78609085083008,0.2997032640949555,0.15246636771300448,0.17040358744394618,0.008968609865470852,0.32286995515695066
P80505,AcidophileMPNN_020,6,Bacteria,Bottom,337,102.92964035608308,7.887722969055175,0.8762753787236051,0.0949554896142433,0.1097922848664688,0.2495548961424332,0.0385756676557863,19.71097922848664,0.0534124629080118,0.373887240356083,0.8338278931750742,-0.1632047477744807,0.0945727834937186,24.88637351989746,0.2997032640949555,0.10526315789473684,0.15350877192982457,0.03508771929824561,0.25877192982456143
P80505,AcidophileMPNN_020,7,Bacteria,Bottom,337,105.81431454005934,8.95744686126709,2.9805129785463365,0.1097922848664688,0.1335311572700296,0.0560830860534124,0.0415430267062314,26.382492581602357,0.0474777448071216,0.3412462908011869,0.8605341246290801,-0.1186943620178041,0.0874684825303168,26.52159118652344,0.2997032640949555,0.1553398058252427,0.2087378640776699,0.03398058252427184,0.36407766990291257
Q9N2D5,AcidophileMPNN_020,0,Eukaryota,Neutral,333,105.9509168168168,9.0440279006958,4.1499881100013525,0.1141141141141141,0.1471471471471471,-0.0318318318318318,0.075075075075075,25.17387387387387,0.045045045045045,0.3543543543543543,0.8168168168168168,-0.1561561561561562,0.0640748856965073,23.634876251220703,0.3003003003003003,0.1581196581196581,0.20085470085470086,0.01282051282051282,0.358974358974359
Q9N2D5,AcidophileMPNN_020,1,Eukaryota,Neutral,333,106.17381351351352,9.625016975402833,10.14323642521508,0.1051051051051051,0.1561561561561561,-0.1351351351351351,0.06006006006006,23.63153153153152,0.048048048048048,0.3423423423423423,0.8678678678678678,-0.0210210210210209,0.0632046187601743,24.28926658630371,0.3003003003003003,0.13574660633484162,0.23076923076923078,0.06334841628959276,0.36651583710407243
Q9N2D5,AcidophileMPNN_020,2,Eukaryota,Neutral,333,104.43948048048048,9.249939918518066,5.959818299916172,0.093093093093093,0.1261261261261261,0.0384384384384384,0.057057057057057,16.74324324324323,0.045045045045045,0.3453453453453453,0.9009009009009008,-0.012012012012012,0.0573802502053623,25.906232833862305,0.3003003003003003,0.10687022900763359,0.16030534351145037,0.03435114503816794,0.26717557251908397
Q9N2D5,AcidophileMPNN_020,3,Eukaryota,Neutral,333,104.95114144144144,9.581371879577636,10.78695308361656,0.0960960960960961,0.1381381381381381,-0.0045045045045045,0.057057057057057,19.062762762762752,0.042042042042042,0.3393393393393393,0.8708708708708708,0.0900900900900901,0.0946596509854742,22.333087921142575,0.3003003003003003,0.1232876712328767,0.1917808219178082,0.0593607305936073,0.3150684931506849
Q9N2D5,AcidophileMPNN_020,4,Eukaryota,Neutral,333,105.09714954954956,8.647160530090332,1.8966610735112752,0.1201201201201201,0.1381381381381381,-0.0084084084084084,0.057057057057057,22.065765765765754,0.045045045045045,0.3573573573573573,0.8468468468468469,0.066066066066066,0.071360576262537,23.7792911529541,0.3003003003003003,0.1596244131455399,0.2112676056338028,0.03286384976525822,0.37089201877934275
Q9N2D5,AcidophileMPNN_020,5,Eukaryota,Neutral,333,103.89541621621622,9.606836891174318,11.686559045271142,0.084084084084084,0.1261261261261261,0.0303303303303303,0.066066066066066,13.137537537537524,0.051051051051051,0.3663663663663664,0.8708708708708709,0.0780780780780781,0.0752002002002002,24.778898239135746,0.3003003003003003,0.116751269035533,0.20304568527918782,0.07614213197969544,0.3197969543147208
Q9N2D5,AcidophileMPNN_020,6,Eukaryota,Neutral,333,104.59605045045046,9.328204536437989,6.875546333875633,0.0990990990990991,0.1321321321321321,0.0471471471471471,0.066066066066066,19.09729729729728,0.06006006006006,0.3483483483483484,0.8618618618618619,-0.039039039039039,0.080103016273229,24.47353172302246,0.3003003003003003,0.11574074074074074,0.18518518518518517,0.05555555555555555,0.30092592592592593
Q9N2D5,AcidophileMPNN_020,7,Eukaryota,Neutral,333,105.2331810810811,9.449598503112792,6.968495649736177,0.1051051051051051,0.1411411411411411,0.0678678678678678,0.063063063063063,19.837537537537532,0.042042042042042,0.3573573573573574,0.8798798798798798,0.1291291291291291,0.0676873534016391,22.92612648010254,0.3003003003003003,0.13636363636363635,0.20454545454545456,0.045454545454545456,0.34090909090909094
Q6DIY2,AcidophileMPNN_020,0,Eukaryota,Bottom,179,110.19158491620112,9.682909584045408,4.040629489882182,0.0893854748603352,0.1452513966480446,-0.1597765363128491,0.0670391061452514,40.02122905027933,0.0670391061452514,0.3351955307262569,0.8826815642458101,-0.223463687150838,0.2022291463632245,15.125859260559082,0.3016759776536313,0.1348314606741573,0.23595505617977527,0.06741573033707865,0.3707865168539326
Q6DIY2,AcidophileMPNN_020,1,Eukaryota,Bottom,179,106.49985474860335,9.217576789855958,2.297448371357683,0.0726256983240223,0.1340782122905028,-0.0262569832402234,0.0502793296089385,31.636871508379883,0.0726256983240223,0.3631284916201117,0.8603351955307263,-0.2458100558659218,0.1975567970204841,15.013440132141112,0.3016759776536313,0.08653846153846154,0.19230769230769232,0.028846153846153848,0.27884615384615385
Q6DIY2,AcidophileMPNN_020,2,Eukaryota,Bottom,179,108.6472279329609,9.447406578063966,3.1244542757700415,0.0893854748603351,0.1452513966480446,-0.1921787709497206,0.0558659217877094,20.424022346368705,0.0614525139664804,0.3575418994413408,0.8826815642458101,-0.223463687150838,0.2319807139866903,15.30429744720459,0.3016759776536313,0.09090909090909091,0.2222222222222222,0.0707070707070707,0.31313131313131315
Q6DIY2,AcidophileMPNN_020,3,Eukaryota,Bottom,179,108.23933519553071,6.702760887145996,-0.7782604489223743,0.106145251396648,0.1452513966480446,-0.0229050279329609,0.0614525139664804,28.404469273743008,0.0614525139664804,0.3575418994413408,0.7821229050279329,-0.2569832402234636,0.1365681166698052,16.30126190185547,0.3016759776536313,0.10655737704918032,0.1885245901639344,0.03278688524590164,0.29508196721311475
Q6DIY2,AcidophileMPNN_020,4,Eukaryota,Bottom,179,109.5537625698324,10.876477241516112,5.956710606089228,0.0893854748603351,0.1508379888268156,-0.1748603351955307,0.0502793296089385,32.347486033519544,0.0670391061452514,0.3407821229050279,0.8603351955307263,-0.1452513966480447,0.2455524217605901,15.594035148620604,0.3016759776536313,0.12244897959183673,0.24489795918367346,0.08163265306122448,0.36734693877551017
Q6DIY2,AcidophileMPNN_020,5,Eukaryota,Bottom,179,108.26678491620112,7.107056617736816,0.2105277028847858,0.0837988826815642,0.1284916201117318,-0.1463687150837989,0.0614525139664804,22.7972067039106,0.0614525139664804,0.3519553072625698,0.8603351955307262,-0.2346368715083798,0.1002247991275123,18.585494995117188,0.3016759776536313,0.07518796992481203,0.16541353383458646,0.03759398496240601,0.24060150375939848
Q6DIY2,AcidophileMPNN_020,6,Eukaryota,Bottom,179,109.82146145251396,7.066473579406738,0.1227745746366721,0.0893854748603352,0.1284916201117318,-0.2346368715083799,0.0614525139664804,22.62067039106144,0.0614525139664804,0.3184357541899441,0.8659217877094972,-0.3184357541899442,0.2452051382414689,17.034326553344727,0.3016759776536313,0.08,0.176,0.04,0.256
Q6DIY2,AcidophileMPNN_020,7,Eukaryota,Bottom,179,109.0329843575419,9.212225914001465,2.134833664187667,0.106145251396648,0.1564245810055866,-0.1843575418994413,0.0614525139664804,31.272625698324013,0.0614525139664804,0.3519553072625698,0.8715083798882681,-0.3240223463687151,0.2632589920673324,15.537450790405272,0.3016759776536313,0.13725490196078433,0.21568627450980393,0.0392156862745098,0.35294117647058826
G0HQ35,AcidophileMPNN_020,0,Archaea,Bottom,358,103.05783910614524,8.860164070129393,2.498543926146013,0.0810055865921787,0.1173184357541899,0.1715083798882681,0.0614525139664804,28.391340782122892,0.0698324022346368,0.4078212290502793,0.8491620111731844,-0.2346368715083799,0.0463435811312563,25.990982055664062,0.3016759776536313,0.08163265306122448,0.1326530612244898,0.017006802721088437,0.2142857142857143
G0HQ35,AcidophileMPNN_020,1,Archaea,Bottom,358,104.81486620111733,8.025943183898928,1.416635241926009,0.0949720670391061,0.1256983240223463,0.2614525139664804,0.0670391061452514,26.681005586592164,0.0586592178770949,0.3687150837988827,0.8575418994413408,-0.1536312849162011,0.0606140010691039,24.142578125,0.3016759776536313,0.10948905109489052,0.16423357664233576,0.01824817518248175,0.2737226277372263
G0HQ35,AcidophileMPNN_020,2,Archaea,Bottom,358,102.59934301675978,6.665133476257325,-0.8429662994976503,0.0865921787709497,0.1033519553072625,0.2896648044692737,0.0614525139664804,29.2899441340782,0.0726256983240223,0.4106145251396648,0.8519553072625698,-0.1759776536312849,0.0455622070536972,26.33183479309082,0.3016759776536313,0.09152542372881356,0.12542372881355932,0.010169491525423728,0.21694915254237288
G0HQ35,AcidophileMPNN_020,3,Archaea,Bottom,358,104.0667779329609,6.508655738830566,-1.6689881244832565,0.1005586592178771,0.1201117318435754,0.0986033519553072,0.0614525139664804,26.01005586592178,0.0614525139664804,0.3798882681564245,0.7849162011173184,-0.1759776536312849,0.067297925538149,24.9925479888916,0.3016759776536313,0.1171875,0.16015625,0.01171875,0.27734375
G0HQ35,AcidophileMPNN_020,4,Archaea,Bottom,358,103.51429608938548,9.320403861999512,5.223666188233558,0.0865921787709497,0.1229050279329609,0.1824022346368715,0.0614525139664804,22.042737430167595,0.0586592178770949,0.3910614525139664,0.8128491620111731,-0.2039106145251396,0.0363193001922407,27.178560256958008,0.3016759776536313,0.08571428571428572,0.13968253968253969,0.02857142857142857,0.2253968253968254
G0HQ35,AcidophileMPNN_020,5,Archaea,Bottom,358,103.81554692737431,8.15984401702881,1.7617638541788807,0.0837988826815642,0.1256983240223463,0.2516759776536312,0.0642458100558659,26.856424581005577,0.0614525139664804,0.3938547486033519,0.8379888268156425,-0.1396648044692737,0.0511403823484188,26.29977226257324,0.3016759776536313,0.09420289855072464,0.15579710144927536,0.014492753623188406,0.25
G0HQ35,AcidophileMPNN_020,6,Archaea,Bottom,358,104.63216340782122,8.75256633758545,2.2385791625854594,0.0949720670391061,0.1229050279329608,0.0999999999999999,0.0726256983240223,27.90726256983239,0.0642458100558659,0.388268156424581,0.9022346368715084,-0.053072625698324,0.0707374669214936,24.125240325927734,0.3016759776536313,0.12109375,0.16796875,0.01953125,0.2890625
G0HQ35,AcidophileMPNN_020,7,Archaea,Bottom,358,103.74851340782122,6.554183769226075,-1.5773559704970417,0.0893854748603351,0.1117318435754189,0.2486033519553072,0.0614525139664804,29.825698324022344,0.0614525139664804,0.4050279329608939,0.8547486033519553,-0.3240223463687151,0.0577884332662339,26.946441650390625,0.3016759776536313,0.09246575342465753,0.13013698630136986,0.010273972602739725,0.2226027397260274
Q8DLT5,AcidophileMPNN_020,0,Bacteria,Neutral,449,104.09086525612472,9.411433219909668,8.076862034589809,0.0712694877505568,0.1269487750556792,0.0879732739420935,0.0311804008908685,26.13964365256123,0.0601336302895322,0.3630289532293986,0.8685968819599109,-0.3296213808463252,0.0490128212845362,30.810192108154297,0.3006681514476614,0.0989399293286219,0.18021201413427562,0.028268551236749116,0.2791519434628975
Q8DLT5,AcidophileMPNN_020,1,Bacteria,Neutral,449,103.3384977728285,6.897434425354004,-0.3500245807188626,0.0690423162583518,0.0957683741648106,0.0394209354120267,0.0289532293986636,22.22004454342983,0.0556792873051224,0.3719376391982182,0.9198218262806236,-0.4565701559020044,0.0485117326409824,30.058225631713867,0.3006681514476614,0.09025270758122744,0.1407942238267148,0.010830324909747292,0.23104693140794225
Q8DLT5,AcidophileMPNN_020,2,Bacteria,Neutral,449,103.42122962138085,9.193659019470214,5.479244746503323,0.0690423162583519,0.1046770601336302,0.0265033407572383,0.0289532293986637,22.186414253897535,0.0556792873051224,0.3830734966592428,0.9220489977728284,-0.3340757238307349,0.0403949547655352,33.53818893432617,0.3006681514476614,0.08441558441558442,0.14285714285714285,0.022727272727272728,0.22727272727272727
Q8DLT5,AcidophileMPNN_020,3,Bacteria,Neutral,449,103.28732048997772,8.994000434875488,4.641066853508825,0.066815144766147,0.1046770601336302,0.0184855233853006,0.0311804008908685,16.818930957683726,0.0534521158129175,0.3808463251670378,0.8953229398663697,-0.3964365256124721,0.0440648828126771,28.910858154296875,0.3006681514476614,0.08389261744966443,0.14429530201342283,0.02348993288590604,0.22818791946308725
Q8DLT5,AcidophileMPNN_020,4,Bacteria,Neutral,449,103.7041837416481,7.966309928894043,2.1719074501045625,0.0690423162583518,0.1135857461024499,0.0044543429844097,0.0289532293986636,20.574610244988857,0.0556792873051224,0.376391982182628,0.9020044543429844,-0.3229398663697104,0.0523800817737592,32.33942794799805,0.3006681514476614,0.1033210332103321,0.17343173431734318,0.007380073800738007,0.2767527675276753
Q8DLT5,AcidophileMPNN_020,5,Bacteria,Neutral,449,104.06330489977726,7.966309928894043,2.174118972284248,0.0734966592427616,0.1180400890868597,0.0020044543429844,0.0289532293986637,18.639643652561237,0.0579064587973273,0.3719376391982182,0.8997772828507795,-0.2672605790645879,0.056963045671943,37.80840301513672,0.3006681514476614,0.11646586345381527,0.18072289156626506,0.004016064257028112,0.29718875502008035
Q8DLT5,AcidophileMPNN_020,6,Bacteria,Neutral,449,102.5718004454343,8.951000022888184,4.7257858597127225,0.0712694877505567,0.1113585746102449,0.0732739420935412,0.0334075723830734,21.32071269487749,0.0601336302895322,0.3942093541202672,0.8596881959910914,-0.2850779510022272,0.0456004663140311,33.14509582519531,0.3006681514476614,0.10309278350515463,0.16151202749140894,0.01718213058419244,0.2646048109965636
Q8DLT5,AcidophileMPNN_020,7,Bacteria,Neutral,449,103.13582605790646,7.931045722961426,1.4822494117360705,0.0712694877505567,0.0979955456570156,0.0959910913140311,0.0289532293986637,22.702227171492193,0.0579064587973273,0.3830734966592428,0.9020044543429844,-0.1937639198218263,0.0455478405170531,37.57126998901367,0.3006681514476614,0.10472972972972973,0.13175675675675674,0.0,0.23648648648648646
